vessel_type_enc,fuel_type_enc,operational_mode_enc,capacity_dwt,speed_knots,cargo_load_pct,distance_nm,wave_height_m,speed_cubed,load_ratio,speed_load_interaction,log_distance,log_capacity,fuel_consumption_mt,fuel_cost_inr_lakh,co2_emissions_t,vessel_type,fuel_type,origin_port,destination_port
6,0,2,68994,10.5,97.8,757,0.91,1157.625,0.978,10.269,6.630683385642372,11.141789317185655,153.1593,79.6429,22.7501,tanker,HFO,Port_Blair,Tuticorin
1,3,2,41157,13.1,57.8,229,0.61,2248.091,0.578,7.5718,5.438079308923196,10.625173597902494,41.6195,28.3013,6.6643,container_ship,MGO,Kolkata_SMPK,Paradip
3,3,0,18455,11.7,66.3,422,3.24,1601.6129999999996,0.6629999999999999,7.7570999999999986,6.0473721790462776,9.823144799853589,39.9075,27.1371,6.3902,general_cargo,MGO,Mormugao,Kochi
1,2,2,27197,17.6,67.9,347,1.21,5451.776000000002,0.679,11.950400000000002,5.8522024797744745,10.210898720168904,81.0819,44.595,12.5677,container_ship,LNG,Mormugao,Mumbai
6,3,2,55666,9.7,50.2,189,3.28,912.6729999999998,0.502,4.8694,5.247024072160486,10.927142790736806,26.9157,18.3027,4.3099,tanker,MGO,Kochi,Tuticorin
3,0,2,15643,10.4,78.5,1190,3.15,1124.864,0.785,8.164000000000001,7.0825485693553,9.657842735875406,102.7246,53.4168,15.2586,general_cargo,HFO,JNPA,Chennai
3,3,2,11634,10.8,84.9,24,3.44,1259.7120000000002,0.8490000000000001,9.169200000000002,3.2188758248682006,9.361773075736393,1.879,1.2778,0.3009,general_cargo,MGO,JNPA,Mumbai
0,3,2,35729,11.6,71.3,276,3.47,1560.896,0.713,8.2708,5.6240175061873385,10.483745951017456,49.8657,33.9087,7.9848,bulk_carrier,MGO,Kandla,Mumbai
0,2,2,58242,12.6,51.8,411,1.99,2000.3759999999997,0.518,6.5268,6.021023349349527,10.972379192532934,79.2005,43.5603,12.2761,bulk_carrier,LNG,Visakhapatnam,Kamarajar
0,3,2,26135,9.5,86.4,313,2.6,857.375,0.8640000000000001,8.208,5.749392985908253,10.171068953280907,29.0557,19.7579,4.6525,bulk_carrier,MGO,Visakhapatnam,Paradip
0,2,2,49332,13.9,56.8,797,0.92,2685.619,0.568,7.895199999999999,6.682108597449809,10.806348507298559,153.9563,84.676,23.8632,bulk_carrier,LNG,Chennai,Port_Blair
6,3,1,50271,14.0,89.4,359,0.78,2744.0,0.894,12.516,5.886104031450156,10.825203541055348,90.4987,61.5391,14.4911,tanker,MGO,Mormugao,JNPA
3,0,2,7328,13.0,77.9,297,0.9,2197.0,0.779,10.127,5.697093486505405,8.89959435992585,19.0018,9.8809,2.8225,general_cargo,HFO,JNPA,Kandla
3,3,2,15648,13.3,64.5,518,0.4,2352.637,0.645,8.5785,6.251903883165888,9.658162296163171,48.9894,33.3128,7.8444,general_cargo,MGO,JNPA,New_Mangalore
0,3,2,58420,11.6,79.9,345,1.09,1560.896,0.799,9.2684,5.846438775057725,10.975430693220769,70.6192,48.0211,11.3079,bulk_carrier,MGO,New_Mangalore,Kochi
0,2,2,45790,11.5,59.8,370,1.7,1520.875,0.598,6.877,5.916202062607435,10.731842844242117,48.9063,26.8985,7.5805,bulk_carrier,LNG,Chennai,Tuticorin
3,0,2,15648,11.9,75.5,22,0.66,1685.159,0.755,8.9845,3.1354942159291497,9.658162296163171,2.1614,1.1239,0.3211,general_cargo,HFO,Mumbai,JNPA
3,3,0,10004,13.4,71.7,176,3.21,2406.1040000000003,0.7170000000000001,9.607800000000001,5.176149732573829,9.210840247017833,15.4555,10.5097,2.4748,general_cargo,MGO,Mormugao,New_Mangalore
3,3,0,5602,10.5,53.8,529,1.65,1157.625,0.5379999999999999,5.648999999999999,6.272877006546167,8.631057447565285,17.8584,12.1437,2.8596,general_cargo,MGO,Mormugao,Kandla
3,0,0,16651,11.5,82.0,370,0.87,1520.875,0.82,9.43,5.916202062607435,9.720285608314866,32.7832,17.0472,4.8696,general_cargo,HFO,Chennai,Tuticorin
3,0,2,16704,10.2,96.9,359,3.38,1061.2079999999999,0.9690000000000001,9.8838,5.886104031450156,9.723463354790857,35.9719,18.7054,5.3432,general_cargo,HFO,Mormugao,JNPA
6,0,1,55468,15.6,60.2,370,1.67,3796.4159999999997,0.602,9.3912,5.916202062607435,10.923579585124024,146.0485,75.9452,21.6939,tanker,HFO,Chennai,Tuticorin
4,2,0,1902,22.0,55.5,176,1.84,10648.0,0.555,12.21,5.176149732573829,7.551186867296149,10.3441,5.6893,1.6033,passenger,LNG,Mormugao,New_Mangalore
3,3,0,16177,10.9,52.7,349,2.55,1295.0290000000002,0.527,5.744300000000001,5.857933154483459,9.691407573577898,27.6501,18.8021,4.4275,general_cargo,MGO,Mumbai,Mormugao
3,0,2,6658,15.7,51.9,290,0.39,3869.8929999999996,0.519,8.1483,5.673323267171493,8.803724602110622,25.0222,13.0116,3.7168,general_cargo,HFO,JNPA,Kandla
5,0,2,6679,15.7,51.3,491,0.41,3869.8929999999996,0.513,8.0541,6.198478716492308,8.806873266530692,35.737,18.5832,5.3083,ro_ro,HFO,Visakhapatnam,Kolkata_SMPK
3,3,2,17741,11.7,53.0,518,2.76,1601.6129999999996,0.53,6.201,6.251903883165888,9.783689989080532,50.0174,34.0118,8.009,general_cargo,MGO,JNPA,New_Mangalore
3,3,1,15643,9.3,91.9,276,2.09,804.3570000000002,0.919,8.546700000000001,5.6240175061873385,9.657842735875406,16.9091,11.4982,2.7076,general_cargo,MGO,Mumbai,Kandla
0,0,1,47170,13.1,86.0,217,3.27,2248.091,0.86,11.266,5.384495062789089,10.761534575968792,66.09,34.3668,9.8169,bulk_carrier,HFO,Paradip,Kolkata_SMPK
3,0,2,17758,10.8,89.8,286,2.87,1259.7120000000002,0.898,9.698400000000001,5.659482215759621,9.784647708654596,28.6691,14.908,4.2585,general_cargo,HFO,Kandla,JNPA
0,3,0,29708,12.3,75.0,24,1.97,1860.8670000000004,0.75,9.225000000000001,3.2188758248682006,10.299205309189412,3.5524,2.4156,0.5688,bulk_carrier,MGO,JNPA,Mumbai
0,2,0,27915,9.6,84.7,528,3.02,884.7359999999999,0.847,8.1312,6.270988431858299,10.236955280137042,51.4452,28.2949,7.974,bulk_carrier,LNG,New_Mangalore,JNPA
0,2,2,34731,13.8,97.6,700,0.79,2628.0720000000006,0.976,13.4688,6.55250788703459,10.455416731180536,121.287,66.7079,18.7995,bulk_carrier,LNG,Paradip,Chennai
3,0,2,16581,13.1,85.3,870,1.86,2248.091,0.853,11.174299999999999,6.769641976852503,9.716073048676163,115.4145,60.0156,17.1436,general_cargo,HFO,Kochi,JNPA
6,0,0,33954,14.5,55.5,282,2.21,3048.625,0.555,8.047500000000001,5.645446897643238,10.432791397547891,64.8323,33.7128,9.6301,tanker,HFO,Mumbai,Kandla
6,3,1,47959,13.6,70.2,370,1.1,2515.4559999999997,0.7020000000000001,9.5472,5.916202062607435,10.77812260914145,87.9647,59.816,14.0854,tanker,MGO,Chennai,Tuticorin
6,0,2,23117,14.4,87.3,189,1.51,2985.9840000000004,0.873,12.571200000000001,5.247024072160486,10.048366813854212,37.1863,19.3369,5.5236,tanker,HFO,Kochi,Tuticorin
1,2,0,17711,17.7,85.7,297,3.09,5545.232999999999,0.857,15.168899999999999,5.697093486505405,9.781997654948418,67.2423,36.9833,10.4226,container_ship,LNG,JNPA,Kandla
0,3,2,49115,12.1,81.9,856,3.36,1771.561,0.8190000000000001,9.9099,6.75343791859778,10.801940126280403,196.3644,133.5278,31.4429,bulk_carrier,MGO,Kolkata_SMPK,Chennai
0,3,2,63249,13.6,88.6,876,3.24,2515.4559999999997,0.8859999999999999,12.049599999999998,6.776506992372183,11.054850406589766,323.1474,219.7402,51.744,bulk_carrier,MGO,JNPA,Kochi
6,2,2,39701,13.2,66.4,419,3.32,2299.968,0.664,8.7648,6.040254711277414,10.589156843240115,85.7533,47.1643,13.2918,tanker,LNG,Kochi,Mormugao
1,3,0,21724,18.6,82.0,297,1.96,6434.856000000002,0.82,15.252,5.697093486505405,9.986218950133592,86.1675,58.5939,13.7976,container_ship,MGO,JNPA,Kandla
6,2,1,37289,13.5,60.3,507,2.07,2460.375,0.603,8.1405,6.230481447578482,10.526480473172866,85.6401,47.1021,13.2742,tanker,LNG,Mumbai,New_Mangalore
1,3,0,12578,22.1,64.2,217,0.95,10793.861000000003,0.642,14.188200000000002,5.384495062789089,9.439784035838873,52.1877,35.4876,8.3566,container_ship,MGO,Paradip,Kolkata_SMPK
5,0,0,8843,18.6,85.3,495,3.09,6434.856000000002,0.853,15.8658,6.206575926724928,9.087494541977337,94.1093,48.9368,13.9789,ro_ro,HFO,Kolkata_SMPK,Visakhapatnam
0,0,1,58242,11.3,93.9,396,1.18,1442.8970000000002,0.9390000000000001,10.610700000000001,5.983936280687191,10.972379192532934,84.7056,44.0469,12.5821,bulk_carrier,HFO,Chennai,Visakhapatnam
1,3,2,23507,17.7,81.3,364,1.32,5545.232999999999,0.813,14.390099999999999,5.8998973535824915,10.065096067732542,94.6523,64.3636,15.1562,container_ship,MGO,Tuticorin,Chennai
0,0,0,66381,14.0,89.7,761,0.8,2744.0,0.897,12.558,6.635946555686647,11.103181214377175,244.3083,127.0403,36.2893,bulk_carrier,HFO,Tuticorin,Port_Blair
5,2,0,4206,13.7,50.1,757,1.98,2571.3529999999996,0.501,6.8637,6.630683385642372,8.344505083590521,31.9287,17.5608,4.949,ro_ro,LNG,Port_Blair,Tuticorin
0,0,2,56365,14.8,60.4,229,2.38,3241.7920000000004,0.604,8.9392,5.438079308923196,10.939621418827507,88.5203,46.0306,13.1487,bulk_carrier,HFO,Kolkata_SMPK,Paradip
3,0,2,11634,11.2,97.3,853,2.01,1404.9279999999997,0.973,10.897599999999999,6.74993119378857,9.361773075736393,67.5867,35.1451,10.0393,general_cargo,HFO,Chennai,Kolkata_SMPK
1,4,2,17470,18.1,93.9,538,2.51,5929.741000000002,0.9390000000000001,16.995900000000002,6.289715570908998,9.768297642474444,288.4449,100.9557,16.6462,container_ship,Methanol,Kochi,Chennai
3,3,2,9058,13.1,54.0,856,0.37,2248.091,0.54,7.074,6.75343791859778,9.111514017669288,51.364,34.9275,8.2247,general_cargo,MGO,Kolkata_SMPK,Chennai
1,2,2,27197,16.0,56.8,700,1.62,4096.0,0.568,9.088,6.55250788703459,10.210898720168904,133.58,73.469,20.7049,container_ship,LNG,Paradip,Chennai
6,3,0,35203,14.0,69.4,850,1.92,2744.0,0.6940000000000001,9.716000000000001,6.7464121285733745,10.468914991493703,190.4691,129.519,30.4989,tanker,MGO,Kochi,Mumbai
3,3,0,15643,11.4,74.7,358,3.21,1481.544,0.747,8.5158,5.883322388488279,9.657842735875406,39.3355,26.7482,6.2986,general_cargo,MGO,JNPA,Mormugao
3,3,0,14844,9.1,84.5,757,1.8,753.5709999999999,0.845,7.6895,6.630683385642372,9.60541838719786,38.709,26.3221,6.1983,general_cargo,MGO,Port_Blair,Tuticorin
0,0,2,62925,12.0,64.2,276,1.87,1728.0,0.642,7.704000000000001,5.6240175061873385,11.049714711812085,67.1639,34.9252,9.9765,bulk_carrier,HFO,Kandla,Mumbai
6,2,2,39649,12.5,86.2,505,1.93,1953.125,0.862,10.775,6.226536669287466,10.587846227062993,89.9307,49.4619,13.9393,tanker,LNG,New_Mangalore,Mumbai
0,2,0,30900,15.1,85.8,538,1.15,3442.9509999999996,0.858,12.9558,6.289715570908998,10.33854382482173,99.4456,54.6951,15.4141,bulk_carrier,LNG,Kochi,Chennai
6,3,2,33954,13.9,97.7,22,3.07,2685.619,0.977,13.5803,3.1354942159291497,10.432791397547891,5.6121,3.8162,0.8986,tanker,MGO,Mumbai,JNPA
6,0,2,55666,14.2,78.4,18,0.67,2863.2879999999996,0.784,11.1328,2.9444389791664403,10.927142790736806,5.4064,2.8113,0.8031,tanker,HFO,Chennai,Kamarajar
3,0,0,16581,12.2,87.9,870,1.79,1815.8479999999997,0.879,10.723799999999999,6.769641976852503,9.716073048676163,92.646,48.1759,13.7615,general_cargo,HFO,Kochi,JNPA
0,0,2,56365,14.9,94.4,419,1.11,3307.949,0.9440000000000001,14.065600000000002,6.040254711277414,10.939621418827507,148.2736,77.1023,22.0244,bulk_carrier,HFO,Kochi,Mormugao
0,0,0,49332,11.1,83.2,1181,3.02,1367.6309999999999,0.8320000000000001,9.2352,7.074963197966044,10.806348507298559,254.8713,132.5331,37.8583,bulk_carrier,HFO,Chennai,Mumbai
6,2,2,42416,10.6,72.1,18,1.81,1191.0159999999998,0.721,7.6426,2.9444389791664403,10.65530450425995,1.9814,1.0897,0.3071,tanker,LNG,Chennai,Kamarajar
0,2,2,56365,11.6,79.0,358,3.11,1560.896,0.79,9.164,5.883322388488279,10.939621418827507,71.9613,39.5787,11.154,bulk_carrier,LNG,JNPA,Mormugao
6,2,0,59471,15.1,52.3,183,2.18,3442.9509999999996,0.523,7.8973,5.214935757608986,10.993260892537034,56.4182,31.03,8.7448,tanker,LNG,Tuticorin,Kochi
6,0,0,66768,11.9,87.6,757,0.78,1685.159,0.8759999999999999,10.424399999999999,6.630683385642372,11.108994179953779,179.3988,93.2874,26.6477,tanker,HFO,Port_Blair,Tuticorin
4,3,2,4149,21.8,60.5,542,1.27,10360.232000000002,0.605,13.189,6.297109319933935,8.330863613224745,64.5368,43.8851,10.334,passenger,MGO,Chennai,Kochi
0,3,2,59816,10.7,67.1,290,3.5,1225.0429999999997,0.6709999999999999,7.179699999999999,5.673323267171493,10.99904518047501,62.0414,42.1881,9.9344,bulk_carrier,MGO,JNPA,Kandla
6,0,0,28244,14.8,54.2,277,1.18,3241.7920000000004,0.542,8.021600000000001,5.627621113690637,10.248671729759362,58.5284,30.4348,8.6938,tanker,HFO,Kandla,Mumbai
0,2,2,71338,12.5,58.6,761,0.69,1953.125,0.586,7.324999999999999,6.635946555686647,11.175198441433086,151.4476,83.2962,23.4744,bulk_carrier,LNG,Tuticorin,Port_Blair
0,0,2,45319,14.7,94.6,507,1.09,3176.5229999999997,0.946,13.906199999999998,6.230481447578482,10.721503715141942,160.0432,83.2225,23.7727,bulk_carrier,HFO,Mumbai,New_Mangalore
4,1,2,3504,21.5,51.8,419,2.09,9938.375,0.518,11.137,6.040254711277414,8.16194579946869,14.5055,46.4177,1.0444,passenger,Hydrogen,Kochi,Mormugao
0,0,2,29708,15.9,62.0,419,2.99,4019.679,0.62,9.858,6.040254711277414,10.299205309189412,116.8166,60.7446,17.3518,bulk_carrier,HFO,Kochi,Mormugao
0,0,2,29708,15.9,57.2,370,3.1,4019.679,0.5720000000000001,9.094800000000001,5.916202062607435,10.299205309189412,115.2035,59.9058,17.1122,bulk_carrier,HFO,Chennai,Tuticorin
6,3,2,72064,12.7,55.9,521,3.32,2048.383,0.5589999999999999,7.099299999999999,6.257667587882639,11.185323768517204,169.4842,115.2492,27.1387,tanker,MGO,Kandla,Mormugao
3,3,2,17758,12.7,80.8,529,3.17,2048.383,0.8079999999999999,10.261599999999998,6.272877006546167,9.784647708654596,73.8246,50.2007,11.8212,general_cargo,MGO,Mormugao,Kandla
6,3,0,47959,14.0,80.3,1181,1.69,2744.0,0.8029999999999999,11.241999999999999,7.074963197966044,10.77812260914145,347.9941,236.636,55.7226,tanker,MGO,Chennai,Mumbai
0,3,2,56514,13.9,91.0,396,2.23,2685.619,0.91,12.649000000000001,5.983936280687191,10.942261368624832,137.9724,93.8212,22.0928,bulk_carrier,MGO,Chennai,Visakhapatnam
0,2,0,31987,11.1,62.9,870,0.31,1367.6309999999999,0.629,6.9818999999999996,6.769641976852503,10.37311611145178,84.1722,46.2947,13.0467,bulk_carrier,LNG,Kochi,JNPA
0,0,1,56514,10.6,84.6,495,1.69,1191.0159999999998,0.846,8.9676,6.206575926724928,10.942261368624832,87.2822,45.3867,12.9648,bulk_carrier,HFO,Kolkata_SMPK,Visakhapatnam
6,3,2,23117,13.7,62.2,859,1.16,2571.3529999999996,0.622,8.5214,6.756932389247553,10.048366813854212,116.3499,79.1179,18.6305,tanker,MGO,Mumbai,Kochi
1,2,2,12017,15.8,63.6,282,0.81,3944.3120000000004,0.636,10.0488,5.645446897643238,9.394160804893874,30.0721,16.5396,4.6612,container_ship,LNG,Mumbai,Kandla
6,0,0,47959,15.1,61.1,1179,0.65,3442.9509999999996,0.611,9.226099999999999,7.07326971745971,10.77812260914145,339.7773,176.6842,50.4702,tanker,HFO,Mumbai,Chennai
5,3,2,8727,17.0,55.6,518,3.45,4913.0,0.556,9.452000000000002,6.251903883165888,9.074291527512907,72.1858,49.0863,11.5587,ro_ro,MGO,JNPA,New_Mangalore
3,0,2,13823,14.7,62.2,370,1.15,3176.5229999999997,0.622,9.1434,5.916202062607435,9.534161491043838,44.7829,23.2871,6.652,general_cargo,HFO,Chennai,Tuticorin
0,0,2,47945,12.2,50.6,797,3.21,1815.8479999999997,0.506,6.1732,6.682108597449809,10.777830656602518,177.0714,92.0771,26.302,bulk_carrier,HFO,Chennai,Port_Blair
4,3,0,1902,18.3,85.0,276,2.47,6128.487000000001,0.85,15.555,5.6240175061873385,7.551186867296149,16.9192,11.5051,2.7092,passenger,MGO,Mumbai,Kandla
3,3,0,14844,11.8,63.1,876,0.69,1643.0320000000004,0.631,7.4458,6.776506992372183,9.60541838719786,71.3953,48.5488,11.4322,general_cargo,MGO,JNPA,Kochi
6,3,2,76931,13.9,51.2,1190,2.92,2685.619,0.512,7.1168000000000005,7.0825485693553,11.250677193775257,400.445,272.3026,64.1213,tanker,MGO,JNPA,Chennai
0,2,2,45790,9.0,53.6,757,0.38,729.0,0.536,4.824,6.630683385642372,10.731842844242117,56.5556,31.1056,8.7661,bulk_carrier,LNG,Port_Blair,Tuticorin
0,3,2,26135,11.5,99.5,358,2.44,1520.875,0.995,11.4425,5.883322388488279,10.171068953280907,48.8608,33.2253,7.8238,bulk_carrier,MGO,JNPA,Mormugao
1,4,2,17470,21.4,97.9,347,2.82,9800.343999999997,0.9790000000000001,20.9506,5.8522024797744745,9.768297642474444,280.4697,98.1644,16.1859,container_ship,Methanol,Mormugao,Mumbai
6,3,0,67954,15.1,56.8,276,3.02,3442.9509999999996,0.568,8.576799999999999,5.6240175061873385,11.126601000389448,114.2152,77.6664,18.2887,tanker,MGO,Mumbai,Kandla
1,4,2,17470,20.4,59.6,757,3.0,8489.663999999999,0.596,12.158399999999999,6.630683385642372,9.768297642474444,571.8663,200.1532,33.0024,container_ship,Methanol,Port_Blair,Tuticorin
4,1,2,1902,20.8,71.8,286,2.49,8998.912,0.718,14.9344,5.659482215759621,7.551186867296149,7.4471,23.8308,0.5362,passenger,Hydrogen,Kandla,JNPA
1,4,2,41157,12.2,72.9,528,2.41,1815.8479999999997,0.7290000000000001,8.8938,6.270988431858299,10.625173597902494,218.1217,76.3426,12.5878,container_ship,Methanol,New_Mangalore,JNPA
0,2,0,40197,12.0,61.1,282,1.43,1728.0,0.611,7.332,5.645446897643238,10.601572522125696,39.4029,21.6716,6.1075,bulk_carrier,LNG,Mumbai,Kandla
3,0,0,14985,12.6,72.6,528,0.49,2000.3759999999997,0.726,9.147599999999999,6.270988431858299,9.614871710924255,50.6904,26.359,7.5295,general_cargo,HFO,New_Mangalore,JNPA
6,3,0,37289,13.7,64.0,529,1.4,2571.3529999999996,0.64,8.767999999999999,6.272877006546167,10.526480473172866,93.6592,63.6882,14.9972,tanker,MGO,Mormugao,Kandla
4,2,2,2268,14.4,81.2,277,3.43,2985.9840000000004,0.812,11.692800000000002,5.627621113690637,7.727094484779841,11.3893,6.2641,1.7653,passenger,LNG,Kandla,Mumbai
6,3,2,35203,13.4,58.3,411,2.0,2406.1040000000003,0.583,7.8122,6.021023349349527,10.468914991493703,72.2539,49.1326,11.5697,tanker,MGO,Visakhapatnam,Kamarajar
0,0,0,35729,13.6,65.6,419,2.32,2515.4559999999997,0.6559999999999999,8.921599999999998,6.040254711277414,10.483745951017456,93.7843,48.7678,13.9306,bulk_carrier,HFO,Kochi,Mormugao
6,0,2,54273,14.1,92.0,521,2.3,2803.221,0.92,12.972,6.257667587882639,10.901800569887673,172.8243,89.8686,25.6711,tanker,HFO,Kandla,Mormugao
6,0,2,70614,14.1,56.5,859,1.66,2803.221,0.565,7.966499999999999,6.756932389247553,11.164997865503164,290.9415,151.2896,43.2162,tanker,HFO,Mumbai,Kochi
6,3,2,45552,12.4,87.6,406,2.15,1906.6240000000003,0.8759999999999999,10.8624,6.008813185442595,10.726631762209768,91.54,62.2472,14.6578,tanker,MGO,Visakhapatnam,Chennai
1,4,2,16607,19.8,54.9,183,3.43,7762.392000000001,0.5489999999999999,10.870199999999999,5.214935757608986,9.717639785965615,111.3605,38.9762,6.4266,container_ship,Methanol,Tuticorin,Kochi
0,2,2,45319,15.0,66.6,491,2.22,3375.0,0.6659999999999999,9.989999999999998,6.198478716492308,10.721503715141942,118.1833,65.0008,18.3184,bulk_carrier,LNG,Visakhapatnam,Kolkata_SMPK
6,2,2,37289,11.7,54.9,538,2.25,1601.6129999999996,0.5489999999999999,6.4232999999999985,6.289715570908998,10.526480473172866,71.8381,39.5109,11.1349,tanker,LNG,Kochi,Chennai
3,0,1,9058,12.7,50.8,1181,1.17,2048.383,0.508,6.4516,7.074963197966044,9.111514017669288,77.4886,40.2941,11.5101,general_cargo,HFO,Chennai,Mumbai
1,3,2,31457,12.2,89.9,419,3.13,1815.8479999999997,0.899,10.9678,6.040254711277414,10.356408601800588,79.5196,54.0734,12.7331,container_ship,MGO,Kochi,Mormugao
6,3,2,39701,10.8,79.6,290,3.21,1259.7120000000002,0.7959999999999999,8.5968,5.673323267171493,10.589156843240115,46.7807,31.8109,7.4908,tanker,MGO,Kandla,JNPA
0,2,2,26135,12.3,73.8,518,2.92,1860.8670000000004,0.738,9.0774,6.251903883165888,10.171068953280907,67.1414,36.9278,10.4069,bulk_carrier,LNG,JNPA,New_Mangalore
1,2,2,38751,15.5,73.2,370,3.43,3723.875,0.732,11.346,5.916202062607435,10.564937646352819,105.308,57.9194,16.3227,container_ship,LNG,Chennai,Tuticorin
0,2,2,29708,14.2,67.7,518,2.61,2863.2879999999996,0.677,9.6134,6.251903883165888,10.299205309189412,93.2339,51.2787,14.4513,bulk_carrier,LNG,JNPA,New_Mangalore
4,2,2,1902,21.7,53.0,396,2.4,10218.312999999998,0.53,11.501,5.983936280687191,7.551186867296149,24.5286,13.4907,3.8019,passenger,LNG,Chennai,Visakhapatnam
6,3,0,27184,13.0,92.3,345,1.5,2197.0,0.9229999999999999,11.998999999999999,5.846438775057725,10.210420629580021,63.4337,43.1349,10.1573,tanker,MGO,New_Mangalore,Kochi
1,2,2,16607,18.3,81.6,364,2.08,6128.487000000001,0.816,14.9328,5.8998973535824915,9.717639785965615,73.0441,40.1743,11.3218,container_ship,LNG,Tuticorin,Chennai
3,0,2,16581,11.2,70.4,311,2.42,1404.9279999999997,0.7040000000000001,7.8848,5.7430031878094825,9.716073048676163,27.2281,14.1586,4.0444,general_cargo,HFO,Paradip,Visakhapatnam
1,2,2,38751,17.4,88.6,290,1.98,5268.0239999999985,0.8859999999999999,15.416399999999998,5.673323267171493,10.564937646352819,98.7739,54.3257,15.31,container_ship,LNG,JNPA,Kandla
3,3,2,14985,11.1,64.3,276,1.38,1367.6309999999999,0.643,7.1373,5.6240175061873385,9.614871710924255,19.1873,13.0474,3.0724,general_cargo,MGO,Mumbai,Kandla
4,1,1,3808,18.8,81.7,411,0.91,6644.6720000000005,0.8170000000000001,15.359600000000002,6.021023349349527,8.245121966478605,11.385,36.432,0.8197,passenger,Hydrogen,Visakhapatnam,Kamarajar
6,3,2,66768,16.0,74.5,528,0.41,4096.0,0.745,11.92,6.270988431858299,11.108994179953779,221.1764,150.4,35.4159,tanker,MGO,New_Mangalore,JNPA
6,3,2,27184,9.5,93.1,853,2.28,857.375,0.9309999999999999,8.8445,6.74993119378857,10.210420629580021,88.7134,60.3251,14.2052,tanker,MGO,Chennai,Kolkata_SMPK
6,3,2,76931,13.2,98.7,217,1.58,2299.968,0.987,13.0284,5.384495062789089,11.250677193775257,74.0568,50.3586,11.8583,tanker,MGO,Paradip,Kolkata_SMPK
6,3,1,35987,12.5,99.2,345,3.17,1953.125,0.992,12.4,5.846438775057725,10.49094082853701,78.4673,53.3577,12.5646,tanker,MGO,New_Mangalore,Kochi
6,0,2,23117,13.7,80.1,419,0.56,2571.3529999999996,0.8009999999999999,10.9737,6.040254711277414,10.048366813854212,72.8091,37.8608,10.815,tanker,HFO,Kochi,Mormugao
3,3,0,6658,12.3,97.7,189,3.49,1860.8670000000004,0.977,12.017100000000001,5.247024072160486,8.803724602110622,12.5395,8.5269,2.0079,general_cargo,MGO,Kochi,Tuticorin
4,2,2,3081,19.5,66.8,276,1.05,7414.875,0.6679999999999999,13.025999999999998,5.6240175061873385,8.033334015880062,16.8719,9.2796,2.6152,passenger,LNG,Kandla,Mumbai
1,3,2,12017,15.8,60.9,1196,3.2,3944.3120000000004,0.609,9.6222,7.087573705557973,9.394160804893874,166.4523,113.1876,26.6532,container_ship,MGO,Chennai,JNPA
0,3,2,44373,10.9,75.9,282,0.44,1295.0290000000002,0.759,8.273100000000001,5.645446897643238,10.700408991312528,38.6897,26.309,6.1952,bulk_carrier,MGO,Mumbai,Kandla
1,2,2,13324,15.1,78.4,313,1.7,3442.9509999999996,0.784,11.8384,5.749392985908253,9.497397249034046,38.5026,21.1764,5.9679,container_ship,LNG,Visakhapatnam,Paradip
1,3,2,33073,12.1,66.4,528,2.47,1771.561,0.664,8.0344,6.270988431858299,10.406502754210141,91.7549,62.3933,14.6923,container_ship,MGO,New_Mangalore,JNPA
1,2,1,26077,19.8,69.9,521,2.87,7762.392000000001,0.6990000000000001,13.840200000000001,6.257667587882639,10.168847325983418,165.2251,90.8738,25.6099,container_ship,LNG,Kandla,Mormugao
1,4,2,30177,18.2,80.4,542,2.31,6028.567999999999,0.804,14.6328,6.297109319933935,10.314868461073596,446.8681,156.4038,25.7888,container_ship,Methanol,Chennai,Kochi
3,0,1,7216,11.3,60.5,370,0.79,1442.8970000000002,0.605,6.8365,5.916202062607435,8.884194633072273,14.9009,7.7484,2.2134,general_cargo,HFO,Chennai,Tuticorin
0,3,2,26135,11.3,97.4,859,1.45,1442.8970000000002,0.9740000000000001,11.006200000000002,6.756932389247553,10.171068953280907,104.5749,71.1109,16.7451,bulk_carrier,MGO,Mumbai,Kochi
6,0,0,70614,13.5,73.9,217,2.91,2460.375,0.7390000000000001,9.976500000000001,5.384495062789089,11.164997865503164,90.3989,47.0075,13.4278,tanker,HFO,Paradip,Kolkata_SMPK
1,4,0,27264,16.2,87.4,797,2.23,4251.527999999999,0.8740000000000001,14.158800000000001,6.682108597449809,10.213359107360162,442.2373,154.7831,25.5215,container_ship,Methanol,Chennai,Port_Blair
1,4,2,27197,17.8,94.3,183,1.42,5639.752,0.943,16.7854,5.214935757608986,10.210898720168904,122.8151,42.9853,7.0877,container_ship,Methanol,Tuticorin,Kochi
4,1,2,2268,17.7,89.6,290,1.64,5545.232999999999,0.8959999999999999,15.859199999999998,5.673323267171493,7.727094484779841,5.9644,19.0862,0.4294,passenger,Hydrogen,JNPA,Kandla
0,3,1,58490,10.4,63.0,859,3.22,1124.864,0.63,6.5520000000000005,6.756932389247553,10.976628175230568,156.7006,106.5564,25.0917,bulk_carrier,MGO,Mumbai,Kochi
6,2,0,35987,13.0,78.7,406,2.53,2197.0,0.787,10.231,6.008813185442595,10.49094082853701,71.1454,39.13,11.0275,tanker,LNG,Visakhapatnam,Chennai
0,0,0,29708,16.2,78.2,217,0.52,4251.527999999999,0.782,12.6684,5.384495062789089,10.299205309189412,54.9149,28.5557,8.157,bulk_carrier,HFO,Paradip,Kolkata_SMPK
6,2,0,23117,14.9,79.8,358,1.52,3307.949,0.7979999999999999,11.8902,5.883322388488279,10.048366813854212,55.9113,30.7512,8.6663,tanker,LNG,JNPA,Mormugao
0,3,1,40297,13.6,85.8,348,3.15,2515.4559999999997,0.858,11.6688,5.855071922202427,10.604057118911712,88.0336,59.8628,14.0964,bulk_carrier,MGO,Kochi,New_Mangalore
6,3,2,72064,14.2,85.8,529,1.83,2863.2879999999996,0.858,12.183599999999998,6.272877006546167,11.185323768517204,196.2721,133.465,31.4281,tanker,MGO,Mormugao,Kandla
1,0,2,9661,16.1,95.5,788,1.44,4173.281000000001,0.955,15.3755,6.670766320845874,9.175955945114351,102.9547,53.5364,15.2928,container_ship,HFO,Port_Blair,Chennai
3,0,2,11634,9.7,78.2,859,2.02,912.6729999999998,0.782,7.5854,6.756932389247553,9.361773075736393,46.0446,23.9432,6.8394,general_cargo,HFO,Mumbai,Kochi
3,0,1,19799,13.4,88.7,290,1.46,2406.1040000000003,0.887,11.8858,5.673323267171493,9.893437216682626,46.0243,23.9326,6.8364,general_cargo,HFO,JNPA,Kandla
0,0,0,30900,11.2,91.0,358,0.93,1404.9279999999997,0.91,10.192,5.883322388488279,10.33854382482173,46.8529,24.3635,6.9595,bulk_carrier,HFO,JNPA,Mormugao
1,2,2,16607,21.0,98.3,761,1.18,9261.0,0.983,20.643,6.635946555686647,9.717639785965615,202.4595,111.3527,31.3812,container_ship,LNG,Tuticorin,Port_Blair
0,2,2,45319,13.9,52.7,17,0.32,2685.619,0.527,7.3253,2.8903717578961645,10.721503715141942,2.9395,1.6167,0.4556,bulk_carrier,LNG,Kamarajar,Chennai
0,3,0,62925,11.8,95.3,348,1.96,1643.0320000000004,0.953,11.2454,5.855071922202427,11.049714711812085,82.4856,56.0902,13.208,bulk_carrier,MGO,Kochi,New_Mangalore
0,2,1,30900,13.2,93.2,856,2.67,2299.968,0.932,12.3024,6.75343791859778,10.33854382482173,132.2311,72.7271,20.4958,bulk_carrier,LNG,Kolkata_SMPK,Chennai
3,3,0,14088,13.8,76.4,495,3.15,2628.0720000000006,0.764,10.5432,6.206575926724928,9.553149630053277,68.8798,46.8382,11.0294,general_cargo,MGO,Kolkata_SMPK,Visakhapatnam
1,0,2,13324,11.3,76.4,757,0.54,1442.8970000000002,0.764,8.6332,6.630683385642372,9.497397249034046,58.1846,30.256,8.6427,container_ship,HFO,Port_Blair,Tuticorin
0,0,2,42726,15.1,62.2,853,3.4,3442.9509999999996,0.622,9.392199999999999,6.74993119378857,10.662586317888776,293.0654,152.394,43.5316,bulk_carrier,HFO,Chennai,Kolkata_SMPK
3,3,2,15643,11.3,99.3,22,3.44,1442.8970000000002,0.993,11.2209,3.1354942159291497,9.657842735875406,2.5064,1.7043,0.4013,general_cargo,MGO,Mumbai,JNPA
5,0,2,4651,16.1,76.1,24,2.22,4173.281000000001,0.7609999999999999,12.252099999999999,3.2188758248682006,8.445052513638554,1.9942,1.037,0.2962,ro_ro,HFO,JNPA,Mumbai
0,2,2,27915,9.2,61.4,290,0.97,778.6879999999999,0.614,5.6488,5.673323267171493,10.236955280137042,19.6226,10.7924,3.0415,bulk_carrier,LNG,JNPA,Kandla
3,3,1,16581,13.6,55.1,542,2.66,2515.4559999999997,0.551,7.493600000000001,6.297109319933935,9.716073048676163,68.2342,46.3992,10.926,general_cargo,MGO,Chennai,Kochi
0,0,1,38293,12.2,54.3,17,1.04,1815.8479999999997,0.5429999999999999,6.624599999999999,2.8903717578961645,10.55304850493315,2.5289,1.315,0.3756,bulk_carrier,HFO,Kamarajar,Chennai
6,3,1,55620,13.4,66.3,757,1.93,2406.1040000000003,0.6629999999999999,8.8842,6.630683385642372,10.926316106770527,199.6196,135.7413,31.9641,tanker,MGO,Port_Blair,Tuticorin
3,0,0,10004,12.9,71.5,17,0.7,2146.6890000000003,0.715,9.2235,2.8903717578961645,9.210840247017833,1.3117,0.6821,0.1948,general_cargo,HFO,Kamarajar,Chennai
6,0,2,42416,11.3,79.2,495,1.6,1442.8970000000002,0.792,8.9496,6.206575926724928,10.65530450425995,83.4822,43.4107,12.4004,tanker,HFO,Kolkata_SMPK,Visakhapatnam
6,0,1,67954,10.8,68.8,189,2.89,1259.7120000000002,0.688,7.4304,5.247024072160486,11.126601000389448,41.7917,21.7317,6.2077,tanker,HFO,Kochi,Tuticorin
1,3,2,33687,17.5,85.4,22,2.43,5359.375,0.8540000000000001,14.945000000000002,3.1354942159291497,10.424896969841763,7.718,5.2482,1.2358,container_ship,MGO,Mumbai,JNPA
6,3,2,25705,15.6,73.1,870,1.03,3796.4159999999997,0.731,11.403599999999999,6.769641976852503,10.154479706670077,168.0902,114.3014,26.9155,tanker,MGO,Kochi,JNPA
1,2,2,27197,19.1,90.5,761,2.98,6967.871000000002,0.905,17.285500000000003,6.635946555686647,10.210898720168904,275.4859,151.5172,42.7003,container_ship,LNG,Tuticorin,Port_Blair
0,2,2,41291,13.0,87.3,24,1.17,2197.0,0.873,11.349,3.2188758248682006,10.62842405558548,4.1208,2.2664,0.6387,bulk_carrier,LNG,JNPA,Mumbai
3,3,2,13823,12.8,78.7,1181,2.98,2097.1520000000005,0.787,10.0736,7.074963197966044,9.534161491043838,130.5963,88.8055,20.9117,general_cargo,MGO,Chennai,Mumbai
6,0,2,68263,13.1,66.8,313,1.05,2248.091,0.6679999999999999,8.750799999999998,5.749392985908253,11.13113782021642,88.7864,46.1689,13.1882,tanker,HFO,Visakhapatnam,Paradip
0,0,2,66381,11.4,78.6,276,0.5,1481.544,0.7859999999999999,8.9604,5.6240175061873385,11.103181214377175,58.613,30.4788,8.7063,bulk_carrier,HFO,Kandla,Mumbai
3,3,2,14985,13.1,66.9,297,0.77,2248.091,0.669,8.7639,5.697093486505405,9.614871710924255,28.8373,19.6093,4.6176,general_cargo,MGO,JNPA,Kandla
1,2,2,12017,20.1,76.6,229,2.88,8120.6010000000015,0.7659999999999999,15.3966,5.438079308923196,9.394160804893874,47.7823,26.2803,7.4063,container_ship,LNG,Kolkata_SMPK,Paradip
0,3,1,58242,11.6,82.6,853,1.58,1560.896,0.826,9.5816,6.74993119378857,10.972379192532934,181.4925,123.4149,29.0615,bulk_carrier,MGO,Chennai,Kolkata_SMPK
6,2,2,47233,14.1,64.5,422,3.49,2803.221,0.645,9.0945,6.0473721790462776,10.762869251237097,115.3834,63.4609,17.8844,tanker,LNG,Mormugao,Kochi
0,2,2,45319,12.3,72.5,797,2.43,1860.8670000000004,0.725,8.9175,6.682108597449809,10.721503715141942,142.8003,78.5402,22.134,bulk_carrier,LNG,Chennai,Port_Blair
1,4,0,37761,15.9,83.8,505,0.74,4019.679,0.838,13.3242,6.226536669287466,10.539058584958477,267.0515,93.468,15.4115,container_ship,Methanol,New_Mangalore,Mumbai
1,4,0,26077,18.1,85.6,349,2.75,5929.741000000002,0.856,15.4936,5.857933154483459,10.168847325983418,274.5464,96.0912,15.8441,container_ship,Methanol,Mumbai,Mormugao
0,0,2,60013,12.6,67.0,297,2.74,2000.3759999999997,0.67,8.442,5.697093486505405,11.002333147319582,90.8997,47.2678,13.5021,bulk_carrier,HFO,JNPA,Kandla
6,0,0,25705,15.2,100.0,349,2.15,3511.8079999999995,1.0,15.2,5.857933154483459,10.154479706670077,89.7946,46.6932,13.338,tanker,HFO,Mumbai,Mormugao
6,3,2,55666,13.6,97.7,348,0.92,2515.4559999999997,0.977,13.287199999999999,5.855071922202427,10.927142790736806,95.7567,65.1146,15.333,tanker,MGO,Kochi,New_Mangalore
3,0,0,10004,14.0,89.9,370,3.28,2744.0,0.899,12.586,5.916202062607435,9.210840247017833,44.1133,22.9389,6.5525,general_cargo,HFO,Chennai,Tuticorin
6,3,2,66768,12.0,76.7,24,0.37,1728.0,0.767,9.204,3.2188758248682006,11.108994179953779,5.3344,3.6274,0.8542,tanker,MGO,JNPA,Mumbai
3,0,1,5817,13.4,67.9,18,0.32,2406.1040000000003,0.679,9.098600000000001,2.9444389791664403,8.668711839055147,1.0252,0.5331,0.1523,general_cargo,HFO,Chennai,Kamarajar
6,2,2,33954,14.8,66.3,411,1.13,3241.7920000000004,0.6629999999999999,9.812399999999998,6.021023349349527,10.432791397547891,73.275,40.3013,11.3576,tanker,LNG,Visakhapatnam,Kamarajar
1,3,2,12017,15.5,70.1,17,1.13,3723.875,0.701,10.865499999999999,2.8903717578961645,9.394160804893874,1.9053,1.2956,0.3051,container_ship,MGO,Kamarajar,Chennai
0,3,2,26135,11.5,76.3,1196,1.17,1520.875,0.763,8.7745,7.087573705557973,10.171068953280907,132.7359,90.2604,21.2543,bulk_carrier,MGO,Chennai,JNPA
4,2,2,2268,19.0,56.5,282,3.13,6859.0,0.565,10.735,5.645446897643238,7.727094484779841,17.5518,9.6535,2.7205,passenger,LNG,Mumbai,Kandla
0,2,2,62925,12.4,67.2,358,0.32,1906.6240000000003,0.672,8.3328,5.883322388488279,11.049714711812085,71.946,39.5703,11.1516,bulk_carrier,LNG,JNPA,Mormugao
3,3,2,9058,12.0,52.0,700,0.86,1728.0,0.52,6.24,6.55250788703459,9.111514017669288,41.3846,28.1415,6.6267,general_cargo,MGO,Paradip,Chennai
1,3,2,34470,21.4,82.9,290,2.22,9800.343999999997,0.8290000000000001,17.7406,5.673323267171493,10.44787366982408,160.8532,109.3802,25.7566,container_ship,MGO,JNPA,Kandla
0,2,2,49115,14.4,63.8,347,0.93,2985.9840000000004,0.638,9.1872,5.8522024797744745,10.801940126280403,67.7571,37.2664,10.5023,bulk_carrier,LNG,Mormugao,Mumbai
2,1,2,884,16.6,56.8,856,2.41,4574.296000000001,0.568,9.4288,6.75343791859778,6.785587645007929,8.1909,26.2109,0.5897,ferry,Hydrogen,Kolkata_SMPK,Chennai
0,0,2,41493,9.7,99.4,505,1.27,912.6729999999998,0.9940000000000001,9.6418,6.226536669287466,10.633304117453084,71.6688,37.2678,10.6456,bulk_carrier,HFO,New_Mangalore,Mumbai
1,3,2,33073,14.1,80.3,538,2.8,2803.221,0.8029999999999999,11.322299999999998,6.289715570908998,10.406502754210141,138.6367,94.273,22.1992,container_ship,MGO,Kochi,Chennai
3,3,0,17758,14.4,78.5,505,1.23,2985.9840000000004,0.785,11.304,6.226536669287466,9.784647708654596,76.7824,52.212,12.2948,general_cargo,MGO,New_Mangalore,Mumbai
0,3,0,40297,12.3,99.4,870,3.11,1860.8670000000004,0.9940000000000001,12.226200000000002,6.769641976852503,10.604057118911712,204.3567,138.9625,32.7226,bulk_carrier,MGO,Kochi,JNPA
0,2,2,62925,13.2,75.7,419,3.03,2299.968,0.757,9.9924,6.040254711277414,11.049714711812085,103.0853,56.6969,15.9782,bulk_carrier,LNG,Kochi,Mormugao
6,3,2,68263,10.8,72.4,757,3.21,1259.7120000000002,0.7240000000000001,7.819200000000001,6.630683385642372,11.13113782021642,185.9156,126.4226,29.7697,tanker,MGO,Port_Blair,Tuticorin
6,2,2,68263,14.9,77.3,406,0.37,3307.949,0.773,11.517700000000001,6.008813185442595,11.13113782021642,116.4673,64.057,18.0524,tanker,LNG,Visakhapatnam,Chennai
6,2,0,28632,13.6,81.4,1190,3.22,2515.4559999999997,0.8140000000000001,11.070400000000001,7.0825485693553,10.262315177792935,198.1076,108.9592,30.7067,tanker,LNG,JNPA,Chennai
4,2,2,4545,19.2,62.0,22,2.57,7077.887999999999,0.62,11.904,3.1354942159291497,8.422003004412488,2.0154,1.1085,0.3124,passenger,LNG,Mumbai,JNPA
6,2,2,35987,12.6,80.6,17,2.67,2000.3759999999997,0.8059999999999999,10.1556,2.8903717578961645,10.49094082853701,2.9863,1.6425,0.4629,tanker,LNG,Kamarajar,Chennai
0,2,2,41493,9.4,96.6,1190,3.22,830.5840000000001,0.966,9.080400000000001,7.0825485693553,10.633304117453084,143.7282,79.0505,22.2779,bulk_carrier,LNG,JNPA,Chennai
6,0,0,47233,12.6,59.4,217,1.48,2000.3759999999997,0.594,7.484399999999999,5.384495062789089,10.762869251237097,45.6598,23.7431,6.7823,tanker,HFO,Paradip,Kolkata_SMPK
3,3,1,6658,14.8,99.2,1179,2.5,3241.7920000000004,0.992,14.681600000000001,7.07326971745971,8.803724602110622,102.9134,69.9811,16.479,general_cargo,MGO,Mumbai,Chennai
1,0,2,17711,21.7,72.8,1190,2.41,10218.312999999998,0.728,15.7976,7.0825485693553,9.781997654948418,440.3391,228.9763,65.4075,container_ship,HFO,JNPA,Chennai
1,3,2,35698,19.8,53.6,24,2.82,7762.392000000001,0.536,10.612800000000002,3.2188758248682006,10.482877956170928,10.7625,7.3185,1.7234,container_ship,MGO,JNPA,Mumbai
0,3,2,42726,13.3,64.0,396,1.59,2352.637,0.64,8.512,5.983936280687191,10.662586317888776,93.8161,63.7949,15.0223,bulk_carrier,MGO,Chennai,Visakhapatnam
0,3,2,63697,13.9,98.5,290,1.77,2685.619,0.985,13.6915,5.673323267171493,11.061908443893099,104.7451,71.2267,16.7723,bulk_carrier,MGO,Kandla,JNPA
0,0,2,49332,10.0,69.6,276,3.28,1000.0,0.696,6.959999999999999,5.6240175061873385,10.806348507298559,50.4337,26.2255,7.4914,bulk_carrier,HFO,Kandla,Mumbai
6,0,0,28244,14.3,63.8,358,1.66,2924.2070000000003,0.638,9.1234,5.883322388488279,10.248671729759362,74.8771,38.9361,11.1222,tanker,HFO,JNPA,Mormugao
3,3,2,19799,12.3,82.9,406,1.54,1860.8670000000004,0.8290000000000001,10.196700000000002,6.008813185442595,9.893437216682626,47.4425,32.2609,7.5967,general_cargo,MGO,Visakhapatnam,Chennai
6,2,0,25705,11.9,95.1,419,2.05,1685.159,0.951,11.3169,6.040254711277414,10.154479706670077,51.2474,28.1861,7.9433,tanker,LNG,Kamarajar,Visakhapatnam
3,0,2,18455,8.7,65.7,276,2.02,658.5029999999998,0.657,5.7158999999999995,5.6240175061873385,9.823144799853589,14.7385,7.664,2.1892,general_cargo,HFO,Kandla,Mumbai
3,3,2,16704,10.4,51.8,297,0.8,1124.864,0.518,5.3872,5.697093486505405,9.723463354790857,19.6131,13.3369,3.1406,general_cargo,MGO,JNPA,Kandla
1,3,2,27264,17.0,69.2,419,2.57,4913.0,0.6920000000000001,11.764000000000001,6.040254711277414,10.213359107360162,120.542,81.9686,19.3018,container_ship,MGO,Kamarajar,Visakhapatnam
0,0,2,47945,12.4,88.5,358,3.17,1906.6240000000003,0.885,10.974,5.883322388488279,10.777830656602518,99.7592,51.8748,14.8181,bulk_carrier,HFO,JNPA,Mormugao
0,3,1,62925,10.9,58.5,1181,2.81,1295.0290000000002,0.585,6.3765,7.074963197966044,11.049714711812085,232.4138,158.0414,37.2153,bulk_carrier,MGO,Chennai,Mumbai
4,2,2,4149,23.4,76.8,176,2.93,12812.903999999997,0.768,17.9712,5.176149732573829,8.330863613224745,24.1668,13.2917,3.7459,passenger,LNG,Mormugao,New_Mangalore
6,0,2,37289,11.6,97.9,229,1.66,1560.896,0.9790000000000001,11.3564,5.438079308923196,10.526480473172866,42.079,21.8811,6.2504,tanker,HFO,Kolkata_SMPK,Paradip
3,3,2,11634,13.6,53.1,761,0.68,2515.4559999999997,0.531,7.2216000000000005,6.635946555686647,9.361773075736393,64.9274,44.1506,10.3965,general_cargo,MGO,Tuticorin,Port_Blair
1,3,2,30177,17.1,51.7,850,1.02,5000.211000000001,0.517,8.840700000000002,6.7464121285733745,10.314868461073596,214.1585,145.6278,34.2921,container_ship,MGO,Kochi,Mumbai
1,0,2,13324,15.4,92.8,169,3.17,3652.264,0.9279999999999999,14.2912,5.135798437050262,9.497397249034046,30.3398,15.7767,4.5066,container_ship,HFO,New_Mangalore,Mormugao
1,0,2,12017,22.5,88.5,1196,2.02,11390.625,0.885,19.9125,7.087573705557973,9.394160804893874,374.1098,194.5371,55.5699,container_ship,HFO,Chennai,JNPA
0,2,2,70130,12.3,50.7,853,3.37,1860.8670000000004,0.507,6.2361,6.74993119378857,11.158120200662147,212.6882,116.9785,32.9667,bulk_carrier,LNG,Chennai,Kolkata_SMPK
3,3,2,17741,9.4,88.2,217,2.66,830.5840000000001,0.882,8.2908,5.384495062789089,9.783689989080532,14.6056,9.9318,2.3387,general_cargo,MGO,Paradip,Kolkata_SMPK
1,2,2,9661,19.4,60.3,347,3.11,7301.383999999998,0.603,11.698199999999998,5.8522024797744745,9.175955945114351,61.7831,33.9807,9.5764,container_ship,LNG,Mormugao,Mumbai
5,3,0,8843,15.9,59.9,870,1.2,4019.679,0.599,9.5241,6.769641976852503,9.087494541977337,76.837,52.2491,12.3035,ro_ro,MGO,Kochi,JNPA
4,2,0,3808,25.7,58.1,282,2.22,16974.592999999997,0.581,14.9317,5.645446897643238,8.245121966478605,38.1483,20.9815,5.913,passenger,LNG,Mumbai,Kandla
1,0,2,12017,19.8,85.8,348,0.73,7762.392000000001,0.858,16.9884,5.855071922202427,9.394160804893874,75.4839,39.2516,11.2123,container_ship,HFO,Kochi,New_Mangalore
6,2,0,27184,11.1,61.2,788,3.23,1367.6309999999999,0.612,6.7932,6.670766320845874,10.210420629580021,85.603,47.0816,13.2685,tanker,LNG,Port_Blair,Chennai
1,0,2,30177,21.8,57.7,276,0.45,10360.232000000002,0.5770000000000001,12.578600000000002,5.6240175061873385,10.314868461073596,120.1133,62.4589,17.8415,container_ship,HFO,Kandla,Mumbai
3,0,2,13823,12.7,74.5,282,1.07,2048.383,0.745,9.4615,5.645446897643238,9.534161491043838,27.6525,14.3793,4.1075,general_cargo,HFO,Mumbai,Kandla
0,3,0,59816,12.6,97.8,422,2.02,2000.3759999999997,0.978,12.322799999999999,6.0473721790462776,10.99904518047501,111.7851,76.0139,17.8996,bulk_carrier,MGO,Mormugao,Kochi
6,2,1,23323,12.7,74.1,345,2.13,2048.383,0.741,9.410699999999999,5.846438775057725,10.057238152342046,39.4205,21.6813,6.1102,tanker,LNG,New_Mangalore,Kochi
2,3,0,884,19.4,50.2,505,0.98,7301.383999999998,0.502,9.7388,6.226536669287466,6.785587645007929,15.6741,10.6584,2.5098,ferry,MGO,New_Mangalore,Mumbai
0,0,2,63249,11.0,90.7,347,1.43,1331.0,0.907,9.977,5.8522024797744745,11.054850406589766,71.9702,37.4245,10.6904,bulk_carrier,HFO,Mormugao,Mumbai
5,3,1,6851,17.4,74.0,507,1.18,5268.0239999999985,0.74,12.876,6.230481447578482,8.832295859444011,53.5023,36.3816,8.5671,ro_ro,MGO,Mumbai,New_Mangalore
6,3,0,72064,15.7,77.5,24,2.76,3869.8929999999996,0.775,12.1675,3.2188758248682006,11.185323768517204,11.465,7.7962,1.8358,tanker,MGO,JNPA,Mumbai
0,3,1,32714,11.6,51.0,313,0.81,1560.896,0.51,5.9159999999999995,5.749392985908253,10.395588967303839,37.8737,25.7541,6.0645,bulk_carrier,MGO,Visakhapatnam,Paradip
1,3,2,26077,20.6,55.4,406,3.18,8741.816000000003,0.5539999999999999,11.4124,6.008813185442595,10.168847325983418,160.1448,108.8985,25.6432,container_ship,MGO,Visakhapatnam,Chennai
3,3,0,16651,11.2,83.1,788,0.38,1404.9279999999997,0.831,9.307199999999998,6.670766320845874,9.720285608314866,61.7471,41.988,9.8873,general_cargo,MGO,Port_Blair,Chennai
1,2,0,36763,20.4,76.6,491,2.65,8489.663999999999,0.7659999999999999,15.626399999999997,6.198478716492308,10.512274384478,206.8494,113.7672,32.0617,container_ship,LNG,Visakhapatnam,Kolkata_SMPK
6,0,2,27184,12.4,79.2,311,2.23,1906.6240000000003,0.792,9.8208,5.7430031878094825,10.210420629580021,52.1428,27.1143,7.7452,tanker,HFO,Paradip,Visakhapatnam
2,1,2,1735,14.2,75.6,406,3.09,2863.2879999999996,0.7559999999999999,10.735199999999997,6.008813185442595,7.459338895220296,4.8946,15.6627,0.3524,ferry,Hydrogen,Visakhapatnam,Chennai
1,2,2,36763,16.8,53.0,370,1.43,4741.6320000000005,0.53,8.904000000000002,5.916202062607435,10.512274384478,85.7466,47.1606,13.2907,container_ship,LNG,Chennai,Tuticorin
5,0,2,6679,13.5,89.0,297,2.77,2460.375,0.89,12.015,5.697093486505405,8.806873266530692,24.6013,12.7927,3.6542,ro_ro,HFO,JNPA,Kandla
6,0,2,47959,11.2,54.4,870,1.55,1404.9279999999997,0.544,6.0928,6.769641976852503,10.77812260914145,146.4103,76.1334,21.7476,tanker,HFO,Kochi,JNPA
5,2,1,11514,15.6,91.1,358,0.71,3796.4159999999997,0.9109999999999999,14.211599999999999,5.883322388488279,9.351405812254786,38.5169,21.1843,5.9701,ro_ro,LNG,JNPA,Mormugao
0,2,2,58242,12.3,82.4,518,3.42,1860.8670000000004,0.8240000000000001,10.135200000000001,6.251903883165888,10.972379192532934,131.1577,72.1368,20.3294,bulk_carrier,LNG,JNPA,New_Mangalore
0,3,2,26135,8.9,55.6,876,0.32,704.969,0.556,4.9484,6.776506992372183,10.171068953280907,52.6292,35.7879,8.4273,bulk_carrier,MGO,JNPA,Kochi
0,3,2,62925,12.0,61.1,507,2.49,1728.0,0.611,7.332,6.230481447578482,11.049714711812085,125.5758,85.3915,20.1078,bulk_carrier,MGO,Mumbai,New_Mangalore
0,3,2,59816,13.8,94.7,529,3.22,2628.0720000000006,0.9470000000000001,13.068600000000002,6.272877006546167,10.99904518047501,188.1097,127.9146,30.1211,bulk_carrier,MGO,Mormugao,Kandla
1,3,2,33073,14.5,64.8,1179,3.13,3048.625,0.648,9.396,7.07326971745971,10.406502754210141,280.1708,190.5162,44.8624,container_ship,MGO,Mumbai,Chennai
0,0,2,35729,14.2,82.5,529,3.34,2863.2879999999996,0.825,11.714999999999998,6.272877006546167,10.483745951017456,155.3347,80.774,23.0733,bulk_carrier,HFO,Mormugao,Kandla
1,4,2,23507,16.7,99.1,290,3.19,4657.463,0.991,16.549699999999998,5.673323267171493,10.065096067732542,178.801,62.5803,10.3186,container_ship,Methanol,Kandla,JNPA
3,3,2,15648,12.6,92.3,406,0.81,2000.3759999999997,0.9229999999999999,11.6298,6.008813185442595,9.658162296163171,42.8405,29.1315,6.8598,general_cargo,MGO,Visakhapatnam,Chennai
1,3,2,18598,19.5,57.3,538,3.49,7414.875,0.573,11.173499999999999,6.289715570908998,9.830863094815127,153.1351,104.1318,24.5208,container_ship,MGO,Kochi,Chennai
3,0,0,16704,14.1,91.1,542,2.9,2803.221,0.9109999999999999,12.845099999999999,6.297109319933935,9.723463354790857,79.2306,41.1999,11.7688,general_cargo,HFO,Chennai,Kochi
6,3,1,37289,12.8,85.2,364,1.59,2097.1520000000005,0.852,10.9056,5.8998973535824915,10.526480473172866,73.535,50.0038,11.7748,tanker,MGO,Tuticorin,Chennai
3,0,0,7216,13.8,78.7,507,3.17,2628.0720000000006,0.787,10.860600000000002,6.230481447578482,8.884194633072273,43.4219,22.5794,6.4498,general_cargo,HFO,Mumbai,New_Mangalore
3,3,0,10749,10.8,66.1,22,3.17,1259.7120000000002,0.6609999999999999,7.1388,3.1354942159291497,9.28266103355581,1.4557,0.9899,0.2331,general_cargo,MGO,Mumbai,JNPA
6,0,2,37289,13.4,70.2,505,2.89,2406.1040000000003,0.7020000000000001,9.4068,6.226536669287466,10.526480473172866,117.8606,61.2875,17.5069,tanker,HFO,New_Mangalore,Mumbai
1,2,2,19734,22.5,92.2,419,1.32,11390.625,0.922,20.745,6.040254711277414,9.890148988096948,124.5232,68.4878,19.3011,container_ship,LNG,Kamarajar,Visakhapatnam
6,2,2,72064,13.0,52.8,1179,3.33,2197.0,0.528,6.864000000000001,7.07326971745971,11.185323768517204,320.2557,176.1407,49.6396,tanker,LNG,Mumbai,Chennai
6,0,2,47767,14.4,75.4,276,2.55,2985.9840000000004,0.754,10.8576,5.6240175061873385,10.774111238226828,90.5273,47.0742,13.4468,tanker,HFO,Kandla,Mumbai
0,3,2,60844,9.7,74.8,411,3.34,912.6729999999998,0.748,7.255599999999999,6.021023349349527,11.016084925770901,75.5122,51.3483,12.0914,bulk_carrier,MGO,Visakhapatnam,Kamarajar
6,0,2,37083,9.7,95.7,700,1.35,912.6729999999998,0.9570000000000001,9.2829,6.55250788703459,10.520940888726873,81.0455,42.1436,12.0384,tanker,HFO,Paradip,Chennai
0,0,0,47170,9.3,69.3,761,1.31,804.3570000000002,0.693,6.4449,6.635946555686647,10.761534575968792,85.0438,44.2228,12.6323,bulk_carrier,HFO,Tuticorin,Port_Blair
0,0,0,30900,12.3,76.4,411,0.43,1860.8670000000004,0.764,9.397200000000002,6.021023349349527,10.33854382482173,63.5477,33.0448,9.4393,bulk_carrier,HFO,Visakhapatnam,Kamarajar
0,0,1,56514,13.0,57.1,542,2.06,2197.0,0.5710000000000001,7.423000000000001,6.297109319933935,10.942261368624832,137.3053,71.3988,20.3952,bulk_carrier,HFO,Chennai,Kochi
0,2,0,60844,12.8,96.8,358,0.77,2097.1520000000005,0.968,12.3904,5.883322388488279,11.016084925770901,70.3217,38.6769,10.8999,bulk_carrier,LNG,JNPA,Mormugao
5,3,1,4651,20.2,75.6,1196,3.47,8242.408,0.7559999999999999,15.271199999999997,7.087573705557973,8.445052513638554,164.7841,112.0532,26.3861,ro_ro,MGO,Chennai,JNPA
6,3,1,55666,11.4,73.4,505,1.99,1481.544,0.7340000000000001,8.367600000000001,6.226536669287466,10.927142790736806,99.5951,67.7246,15.9477,tanker,MGO,New_Mangalore,Mumbai
0,0,0,59816,14.4,99.8,495,2.44,2985.9840000000004,0.998,14.3712,6.206575926724928,10.99904518047501,216.4826,112.5709,32.1561,bulk_carrier,HFO,Kolkata_SMPK,Visakhapatnam
3,3,2,14844,8.6,91.7,290,1.89,636.0559999999999,0.917,7.8862,5.673323267171493,9.60541838719786,15.0654,10.2445,2.4123,general_cargo,MGO,JNPA,Kandla
5,3,2,6851,14.0,71.2,359,1.61,2744.0,0.7120000000000001,9.968000000000002,5.886104031450156,8.832295859444011,24.5398,16.687,3.9294,ro_ro,MGO,Mormugao,JNPA
0,3,2,34473,11.3,65.9,419,2.96,1442.8970000000002,0.659,7.446700000000001,6.040254711277414,10.447960695714336,66.931,45.5131,10.7173,bulk_carrier,MGO,Kochi,Mormugao
0,2,2,27915,11.6,77.6,313,2.36,1560.896,0.7759999999999999,9.001599999999998,5.749392985908253,10.236955280137042,38.0728,20.94,5.9013,bulk_carrier,LNG,Visakhapatnam,Paradip
6,0,2,47233,10.7,73.2,290,1.49,1225.0429999999997,0.732,7.832399999999999,5.673323267171493,10.762869251237097,46.9932,24.4364,6.9803,tanker,HFO,Kandla,JNPA
0,3,2,41291,11.5,61.8,757,1.18,1520.875,0.618,7.107,6.630683385642372,10.62842405558548,113.7585,77.3558,18.2156,bulk_carrier,MGO,Port_Blair,Tuticorin
6,2,0,23117,16.5,88.5,850,1.7,4492.125,0.885,14.602500000000001,6.7464121285733745,10.048366813854212,160.1005,88.0553,24.8156,tanker,LNG,Kochi,Mumbai
3,0,2,9258,12.8,92.8,282,1.56,2097.1520000000005,0.9279999999999999,11.8784,5.645446897643238,9.133351330448047,21.872,11.3735,3.2489,general_cargo,HFO,Mumbai,Kandla
0,0,2,56514,12.2,57.6,17,2.4,1815.8479999999997,0.5760000000000001,7.027200000000001,2.8903717578961645,10.942261368624832,3.9425,2.0501,0.5856,bulk_carrier,HFO,Kamarajar,Chennai
4,2,2,4545,26.9,69.8,505,2.66,19465.108999999997,0.698,18.7762,6.226536669287466,8.422003004412488,97.0422,53.3732,15.0415,passenger,LNG,New_Mangalore,Mumbai
6,0,1,22608,11.7,75.4,419,1.77,1601.6129999999996,0.754,8.8218,6.040254711277414,10.026103336076316,52.3275,27.2103,7.7727,tanker,HFO,Kamarajar,Visakhapatnam
0,0,0,26135,11.2,77.1,286,2.36,1404.9279999999997,0.7709999999999999,8.635199999999998,5.659482215759621,10.171068953280907,37.8308,19.672,5.6193,bulk_carrier,HFO,Kandla,JNPA
0,2,2,38293,15.9,63.4,1179,3.19,4019.679,0.634,10.0806,7.07326971745971,10.55304850493315,306.5164,168.584,47.51,bulk_carrier,LNG,Mumbai,Chennai
3,0,2,15643,9.4,51.4,370,1.41,830.5840000000001,0.514,4.8316,5.916202062607435,9.657842735875406,20.3605,10.5875,3.0243,general_cargo,HFO,Chennai,Tuticorin
0,2,2,40197,12.5,62.7,1190,1.2,1953.125,0.627,7.8375,7.0825485693553,10.601572522125696,173.6123,95.4868,26.9099,bulk_carrier,LNG,JNPA,Chennai
5,2,2,6851,16.4,98.9,419,2.51,4410.943999999999,0.9890000000000001,16.2196,6.040254711277414,8.832295859444011,43.4582,23.902,6.736,ro_ro,LNG,Kamarajar,Visakhapatnam
0,2,2,60844,10.1,97.6,370,2.49,1030.301,0.976,9.8576,5.916202062607435,11.016084925770901,57.1399,31.4269,8.8567,bulk_carrier,LNG,Chennai,Tuticorin
0,3,2,29708,12.3,85.3,396,2.74,1860.8670000000004,0.853,10.491900000000001,5.983936280687191,10.299205309189412,66.6337,45.3109,10.6697,bulk_carrier,MGO,Chennai,Visakhapatnam
3,3,0,16651,10.0,68.9,359,3.39,1000.0,0.6890000000000001,6.890000000000001,5.886104031450156,9.720285608314866,27.4066,18.6365,4.3885,general_cargo,MGO,Mormugao,JNPA
5,2,2,4206,13.9,85.6,411,1.9,2685.619,0.856,11.8984,6.021023349349527,8.344505083590521,18.7008,10.2854,2.8986,ro_ro,LNG,Visakhapatnam,Kamarajar
6,3,2,71643,12.4,86.8,757,1.08,1906.6240000000003,0.868,10.7632,6.630683385642372,11.17946468934515,204.0819,138.7757,32.6786,tanker,MGO,Port_Blair,Tuticorin
6,0,2,76931,12.8,90.2,282,1.43,2097.1520000000005,0.902,11.5456,5.645446897643238,11.250677193775257,90.8997,47.2679,13.5022,tanker,HFO,Mumbai,Kandla
0,0,2,42343,13.5,89.1,700,1.39,2460.375,0.8909999999999999,12.0285,6.55250788703459,10.653582013537823,179.6568,93.4216,26.686,bulk_carrier,HFO,Paradip,Chennai
4,1,2,2268,16.7,85.1,406,1.1,4657.463,0.851,14.211699999999999,6.008813185442595,7.727094484779841,7.144,22.8607,0.5144,passenger,Hydrogen,Visakhapatnam,Chennai
1,0,2,36763,21.3,83.0,311,3.41,9663.597000000002,0.83,17.679,5.7430031878094825,10.512274384478,189.9956,98.7977,28.2218,container_ship,HFO,Paradip,Visakhapatnam
1,2,0,23507,19.2,62.7,850,3.46,7077.887999999999,0.627,12.0384,6.7464121285733745,10.065096067732542,266.3566,146.4961,41.2853,container_ship,LNG,Kochi,Mumbai
6,3,2,35987,10.2,90.2,528,0.89,1061.2079999999999,0.902,9.2004,6.270988431858299,10.49094082853701,56.718,38.5683,9.082,tanker,MGO,New_Mangalore,JNPA
1,3,0,23507,22.3,80.2,311,1.38,11089.567000000001,0.802,17.884600000000002,5.7430031878094825,10.065096067732542,128.2431,87.2053,20.5349,container_ship,MGO,Paradip,Visakhapatnam
3,0,2,16704,13.3,66.4,229,3.1,2352.637,0.664,8.8312,5.438079308923196,9.723463354790857,32.1046,16.6944,4.7688,general_cargo,HFO,Kolkata_SMPK,Paradip
5,3,2,6679,12.8,63.8,290,1.92,2097.1520000000005,0.638,8.166400000000001,5.673323267171493,8.806873266530692,17.0951,11.6247,2.7374,ro_ro,MGO,JNPA,Kandla
0,3,2,58242,14.0,77.3,276,2.99,2744.0,0.773,10.822000000000001,5.6240175061873385,10.972379192532934,93.429,63.5317,14.9603,bulk_carrier,MGO,Kandla,Mumbai
1,0,0,30177,22.5,59.8,229,1.08,11390.625,0.598,13.455,5.438079308923196,10.314868461073596,110.5333,57.4773,16.4185,container_ship,HFO,Kolkata_SMPK,Paradip
6,0,2,22608,12.5,51.9,507,0.71,1953.125,0.519,6.4875,6.230481447578482,10.026103336076316,54.3156,28.2441,8.068,tanker,HFO,Mumbai,New_Mangalore
0,2,2,35729,12.3,84.7,297,0.41,1860.8670000000004,0.847,10.4181,5.697093486505405,10.483745951017456,41.2815,22.7048,6.3986,bulk_carrier,LNG,JNPA,Kandla
3,0,0,18455,8.8,77.1,313,0.7,681.4720000000002,0.7709999999999999,6.7848,5.749392985908253,9.823144799853589,17.3798,9.0375,2.5816,general_cargo,HFO,Visakhapatnam,Paradip
1,0,0,33687,21.3,63.7,406,0.39,9663.597000000002,0.637,13.568100000000001,6.008813185442595,10.424896969841763,171.3651,89.1098,25.4544,container_ship,HFO,Visakhapatnam,Chennai
0,2,0,40297,10.3,68.0,850,1.25,1092.7270000000003,0.68,7.004000000000001,6.7464121285733745,10.604057118911712,92.0884,50.6486,14.2737,bulk_carrier,LNG,Kochi,Mumbai
1,3,2,19734,20.9,95.5,277,0.63,9129.328999999998,0.955,19.9595,5.627621113690637,9.890148988096948,88.3808,60.099,14.152,container_ship,MGO,Kandla,Mumbai
0,3,2,32714,13.7,79.2,419,0.54,2571.3529999999996,0.792,10.8504,6.040254711277414,10.395588967303839,74.5266,50.6781,11.9336,bulk_carrier,MGO,Kamarajar,Visakhapatnam
1,3,2,38751,15.8,97.3,411,2.42,3944.3120000000004,0.973,15.3734,6.021023349349527,10.564937646352819,135.2619,91.9781,21.6588,container_ship,MGO,Visakhapatnam,Kamarajar
2,2,1,1735,13.7,91.4,528,1.93,2571.3529999999996,0.914,12.5218,6.270988431858299,7.459338895220296,12.6542,6.9598,1.9614,ferry,LNG,New_Mangalore,JNPA
1,0,0,23507,20.0,93.7,290,3.18,8000.0,0.937,18.740000000000002,5.673323267171493,10.065096067732542,139.7868,72.6891,20.7638,container_ship,HFO,JNPA,Kandla
3,0,2,9258,11.0,96.5,1181,1.67,1331.0,0.965,10.615,7.074963197966044,9.133351330448047,72.9385,37.928,10.8342,general_cargo,HFO,Chennai,Mumbai
6,2,2,59471,13.3,92.3,876,0.92,2352.637,0.9229999999999999,12.2759,6.776506992372183,10.993260892537034,217.7377,119.7557,33.7493,tanker,LNG,JNPA,Kochi
3,3,2,17758,10.2,84.6,538,1.25,1061.2079999999999,0.846,8.629199999999999,6.289715570908998,9.784647708654596,40.0717,27.2487,6.4165,general_cargo,MGO,Kochi,Chennai
0,2,2,48674,12.0,65.3,282,0.99,1728.0,0.653,7.836,5.645446897643238,10.7929208302404,44.3841,24.4113,6.8795,bulk_carrier,LNG,Mumbai,Kandla
1,0,2,36763,21.8,58.4,183,1.46,10360.232000000002,0.584,12.7312,5.214935757608986,10.512274384478,102.306,53.1991,15.1964,container_ship,HFO,Tuticorin,Kochi
1,2,1,12578,18.4,96.6,169,1.62,6229.503999999999,0.966,17.774399999999996,5.135798437050262,9.439784035838873,29.8738,16.4306,4.6304,container_ship,LNG,New_Mangalore,Mormugao
1,2,0,27197,17.2,80.7,359,3.14,5088.447999999999,0.807,13.8804,5.886104031450156,10.210898720168904,94.9814,52.2398,14.7221,container_ship,LNG,Mormugao,JNPA
3,3,2,16704,11.5,62.8,1196,0.64,1520.875,0.628,7.222,7.087573705557973,9.723463354790857,86.2425,58.6449,13.8096,general_cargo,MGO,Chennai,JNPA
6,2,0,76931,13.2,84.6,797,2.57,2299.968,0.846,11.1672,6.682108597449809,11.250677193775257,246.001,135.3006,38.1302,tanker,LNG,Chennai,Port_Blair
6,2,2,35203,15.4,54.4,521,0.44,3652.264,0.544,8.377600000000001,6.257667587882639,10.468914991493703,96.988,53.3434,15.0331,tanker,LNG,Kandla,Mormugao
5,3,0,8727,17.1,50.7,419,2.8,5000.211000000001,0.507,8.6697,6.040254711277414,9.074291527512907,53.2763,36.2279,8.5309,ro_ro,MGO,Kamarajar,Visakhapatnam
0,3,1,60844,14.0,72.2,529,1.57,2744.0,0.722,10.108,6.272877006546167,11.016084925770901,158.2214,107.5905,25.3352,bulk_carrier,MGO,Mormugao,Kandla
3,3,1,16651,13.3,88.4,348,0.95,2352.637,0.884,11.757200000000001,5.855071922202427,9.720285608314866,43.0254,29.2573,6.8894,general_cargo,MGO,Kochi,New_Mangalore
6,2,0,28632,16.7,78.1,538,3.32,4657.463,0.7809999999999999,13.042699999999998,6.289715570908998,10.262315177792935,157.9047,86.8476,24.4752,tanker,LNG,Kochi,Chennai
4,2,2,4149,16.9,67.0,311,0.73,4826.808999999998,0.67,11.323,5.7430031878094825,8.330863613224745,16.7722,9.2247,2.5997,passenger,LNG,Paradip,Visakhapatnam
0,3,0,40197,10.8,94.9,347,1.19,1259.7120000000002,0.9490000000000001,10.249200000000002,5.8522024797744745,10.601572522125696,51.0772,34.7325,8.1787,bulk_carrier,MGO,Mormugao,Mumbai
0,2,2,58490,13.0,77.3,345,2.91,2197.0,0.773,10.049,5.846438775057725,10.976628175230568,85.1186,46.8152,13.1934,bulk_carrier,LNG,New_Mangalore,Kochi
2,2,2,884,17.9,83.8,229,1.46,5735.338999999999,0.838,15.000199999999998,5.438079308923196,6.785587645007929,5.9914,3.2953,0.9287,ferry,LNG,Kolkata_SMPK,Paradip
3,3,2,14985,14.1,85.5,345,1.36,2803.221,0.855,12.0555,5.846438775057725,9.614871710924255,43.1541,29.3448,6.9101,general_cargo,MGO,New_Mangalore,Kochi
0,3,2,33063,14.4,70.7,495,1.08,2985.9840000000004,0.7070000000000001,10.180800000000001,6.206575926724928,10.406200356191569,112.0111,76.1675,17.9358,bulk_carrier,MGO,Kolkata_SMPK,Visakhapatnam
1,3,2,23507,22.6,98.1,422,2.19,11543.176000000001,0.981,22.1706,6.0473721790462776,10.065096067732542,193.3193,131.4571,30.9552,container_ship,MGO,Mormugao,Kochi
5,0,2,6851,16.0,50.1,538,3.07,4096.0,0.501,8.016,6.289715570908998,8.832295859444011,55.7026,28.9653,8.274,ro_ro,HFO,Kochi,Chennai
0,3,0,45790,8.9,91.9,276,0.85,704.969,0.919,8.1791,5.6240175061873385,10.731842844242117,29.0498,19.7539,4.6516,bulk_carrier,MGO,Kandla,Mumbai
0,2,2,41291,13.8,60.5,183,2.59,2628.0720000000006,0.605,8.349,5.214935757608986,10.62842405558548,34.4785,18.9632,5.3442,bulk_carrier,LNG,Tuticorin,Kochi
5,3,0,6851,18.6,69.7,290,2.7,6434.856000000002,0.6970000000000001,12.964200000000002,5.673323267171493,8.832295859444011,39.7598,27.0367,6.3665,ro_ro,MGO,Kandla,JNPA
6,2,0,68263,13.7,78.9,370,1.27,2571.3529999999996,0.789,10.8093,5.916202062607435,11.13113782021642,93.3156,51.3236,14.4639,tanker,LNG,Chennai,Tuticorin
6,2,1,39701,14.0,61.7,521,2.04,2744.0,0.617,8.638,6.257667587882639,10.589156843240115,101.8571,56.0214,15.7879,tanker,LNG,Kandla,Mormugao
0,3,2,47170,9.6,70.6,18,0.7,884.7359999999999,0.706,6.7776,2.9444389791664403,10.761534575968792,2.0897,1.421,0.3346,bulk_carrier,MGO,Chennai,Kamarajar
3,0,2,5602,11.4,61.4,290,1.74,1481.544,0.614,6.9996,5.673323267171493,8.631057447565285,11.9689,6.2238,1.7778,general_cargo,HFO,Kandla,JNPA
3,3,2,15648,12.5,98.9,757,3.47,1953.125,0.9890000000000001,12.3625,6.630683385642372,9.658162296163171,96.3719,65.5329,15.4315,general_cargo,MGO,Port_Blair,Tuticorin
6,0,1,76931,12.1,78.9,217,0.7,1771.561,0.789,9.5469,5.384495062789089,11.250677193775257,57.3079,29.8001,8.5125,tanker,HFO,Paradip,Kolkata_SMPK
0,0,2,58420,12.0,55.1,406,1.39,1728.0,0.551,6.612,6.008813185442595,10.975430693220769,89.617,46.6009,13.3116,bulk_carrier,HFO,Visakhapatnam,Chennai
1,0,2,12017,22.4,52.2,18,3.05,11239.423999999997,0.522,11.6928,2.9444389791664403,9.394160804893874,5.6954,2.9616,0.846,container_ship,HFO,Chennai,Kamarajar
6,3,0,28632,17.1,60.0,349,0.87,5000.211000000001,0.6,10.26,5.857933154483459,10.262315177792935,81.3737,55.3341,13.03,tanker,MGO,Mumbai,Mormugao
1,3,2,17470,22.2,51.3,538,1.13,10941.047999999999,0.513,11.3886,6.289715570908998,9.768297642474444,144.9493,98.5655,23.21,container_ship,MGO,Kochi,Chennai
3,0,2,16581,11.9,63.0,406,3.33,1685.159,0.63,7.497,6.008813185442595,9.716073048676163,51.2334,26.6414,7.6102,general_cargo,HFO,Visakhapatnam,Chennai
3,3,0,11634,13.6,79.1,422,1.37,2515.4559999999997,0.7909999999999999,10.757599999999998,6.0473721790462776,9.361773075736393,39.8561,27.1022,6.382,general_cargo,MGO,Mormugao,Kochi
0,3,2,58095,12.8,85.5,700,0.93,2097.1520000000005,0.855,10.944,6.55250788703459,10.969852093654117,167.5917,113.9624,26.8356,bulk_carrier,MGO,Paradip,Chennai
0,3,2,63697,11.7,84.9,1179,2.25,1601.6129999999996,0.8490000000000001,9.933300000000001,7.07326971745971,11.061908443893099,278.795,189.5806,44.6421,bulk_carrier,MGO,Mumbai,Chennai
1,4,2,18598,22.9,91.2,411,1.13,12008.988999999998,0.912,20.8848,6.021023349349527,9.830863094815127,345.498,120.9243,19.9387,container_ship,Methanol,Visakhapatnam,Kamarajar
6,2,2,56969,9.8,88.5,529,1.34,941.1920000000002,0.885,8.673,6.272877006546167,10.950280092474442,69.1645,38.0405,10.7205,tanker,LNG,Mormugao,Kandla
1,3,2,23507,19.4,80.2,217,2.17,7301.383999999998,0.802,15.5588,5.384495062789089,10.065096067732542,73.3647,49.888,11.7475,container_ship,MGO,Paradip,Kolkata_SMPK
3,0,2,11634,13.1,54.6,396,1.94,2248.091,0.546,7.1526000000000005,5.983936280687191,9.361773075736393,36.4396,18.9486,5.4127,general_cargo,HFO,Chennai,Visakhapatnam
6,3,2,55620,14.8,98.7,853,3.09,3241.7920000000004,0.987,14.6076,6.74993119378857,10.926316106770527,331.6655,225.5326,53.1079,tanker,MGO,Chennai,Kolkata_SMPK
5,2,2,11514,14.6,69.6,505,2.07,3112.136,0.696,10.161599999999998,6.226536669287466,9.351405812254786,46.832,25.7576,7.259,ro_ro,LNG,New_Mangalore,Mumbai
6,2,2,47767,13.6,84.4,495,3.42,2515.4559999999997,0.8440000000000001,11.4784,6.206575926724928,10.774111238226828,141.1618,77.639,21.8801,tanker,LNG,Kolkata_SMPK,Visakhapatnam
6,3,2,42416,15.7,84.5,757,2.2,3869.8929999999996,0.845,13.266499999999999,6.630683385642372,10.65530450425995,259.6625,176.5705,41.5785,tanker,MGO,Port_Blair,Tuticorin
3,3,2,17380,12.1,78.6,797,2.03,1771.561,0.7859999999999999,9.510599999999998,6.682108597449809,9.76313293456348,84.7245,57.6126,13.5665,general_cargo,MGO,Chennai,Port_Blair
0,2,1,48674,12.6,75.5,217,0.41,2000.3759999999997,0.755,9.513,5.384495062789089,10.7929208302404,36.8783,20.2831,5.7161,bulk_carrier,LNG,Paradip,Kolkata_SMPK
0,2,0,40197,10.2,81.2,229,2.87,1061.2079999999999,0.812,8.2824,5.438079308923196,10.601572522125696,27.5366,15.1451,4.2682,bulk_carrier,LNG,Kolkata_SMPK,Paradip
3,0,2,17758,10.7,96.2,396,3.19,1225.0429999999997,0.9620000000000001,10.2934,5.983936280687191,9.784647708654596,43.0338,22.3776,6.3922,general_cargo,HFO,Chennai,Visakhapatnam
0,2,2,56514,11.5,60.1,406,0.37,1520.875,0.601,6.9115,6.008813185442595,10.942261368624832,53.676,29.5218,8.3198,bulk_carrier,LNG,Visakhapatnam,Chennai
6,0,2,39701,13.7,65.0,422,1.49,2571.3529999999996,0.65,8.905,6.0473721790462776,10.589156843240115,96.7907,50.3312,14.3772,tanker,HFO,Mormugao,Kochi
6,2,2,66768,16.2,71.4,370,3.41,4251.527999999999,0.7140000000000001,11.5668,5.916202062607435,11.108994179953779,169.9043,93.4473,26.3352,tanker,LNG,Chennai,Tuticorin
0,3,2,56514,10.5,53.1,761,3.03,1157.625,0.531,5.5755,6.635946555686647,10.942261368624832,123.2009,83.7766,19.7275,bulk_carrier,MGO,Tuticorin,Port_Blair
6,2,2,27184,10.9,89.2,18,1.35,1295.0290000000002,0.892,9.722800000000001,2.9444389791664403,10.210420629580021,1.8106,0.9959,0.2807,tanker,LNG,Chennai,Kamarajar
3,3,2,11634,9.9,84.9,297,0.82,970.2990000000001,0.8490000000000001,8.405100000000001,5.697093486505405,9.361773075736393,15.2058,10.3399,2.4348,general_cargo,MGO,JNPA,Kandla
0,0,2,70130,10.7,96.2,1179,2.25,1225.0429999999997,0.9620000000000001,10.2934,7.07326971745971,11.158120200662147,289.1536,150.3599,42.9506,bulk_carrier,HFO,Mumbai,Chennai
1,0,2,23507,24.3,76.0,297,2.44,14348.907000000001,0.76,18.468,5.697093486505405,10.065096067732542,151.9828,79.0311,22.5754,container_ship,HFO,JNPA,Kandla
0,0,2,56365,15.0,68.2,359,3.32,3375.0,0.682,10.23,5.886104031450156,10.939621418827507,156.6182,81.4415,23.2639,bulk_carrier,HFO,Mormugao,JNPA
6,2,2,67954,10.9,69.6,311,0.47,1295.0290000000002,0.696,7.586399999999999,5.7430031878094825,11.126601000389448,47.354,26.0447,7.3399,tanker,LNG,Paradip,Visakhapatnam
2,5,2,884,18.6,84.4,345,0.94,6434.856000000002,0.8440000000000001,15.698400000000003,5.846438775057725,6.785587645007929,127.2867,15.2744,0.3758,ferry,Shore_Power,New_Mangalore,Kochi
0,2,0,47170,12.5,78.4,518,1.47,1953.125,0.784,9.8,6.251903883165888,10.761534575968792,94.4541,51.9498,14.6404,bulk_carrier,LNG,JNPA,New_Mangalore
6,3,0,28073,14.1,98.2,277,3.29,2803.221,0.982,13.8462,5.627621113690637,10.24259916009427,71.4799,48.6063,11.4457,tanker,MGO,Kandla,Mumbai
3,3,0,10749,12.3,74.4,277,0.8,1860.8670000000004,0.7440000000000001,9.151200000000001,5.627621113690637,9.28266103355581,21.4962,14.6174,3.4421,general_cargo,MGO,Kandla,Mumbai
1,4,2,17470,19.5,71.1,348,2.69,7414.875,0.711,13.8645,5.855071922202427,9.768297642474444,205.6961,71.9936,11.8707,container_ship,Methanol,Kochi,New_Mangalore
6,0,2,70614,14.4,79.7,169,1.56,2985.9840000000004,0.797,11.4768,5.135798437050262,11.164997865503164,65.4345,34.0259,9.7196,tanker,HFO,New_Mangalore,Mormugao
4,2,2,1902,19.9,95.7,406,1.42,7880.598999999998,0.9570000000000001,19.0443,6.008813185442595,7.551186867296149,27.2965,15.0131,4.231,passenger,LNG,Visakhapatnam,Chennai
6,0,2,28073,10.6,84.4,1181,1.63,1191.0159999999998,0.8440000000000001,8.9464,7.074963197966044,10.24259916009427,136.0992,70.7716,20.216,tanker,HFO,Chennai,Mumbai
0,2,2,58420,11.4,85.2,1181,1.56,1481.544,0.852,9.7128,7.074963197966044,10.975430693220769,195.2965,107.4131,30.271,bulk_carrier,LNG,Chennai,Mumbai
6,0,2,45552,15.0,56.0,313,2.51,3375.0,0.56,8.4,5.749392985908253,10.726631762209768,103.3983,53.7671,15.3587,tanker,HFO,Visakhapatnam,Paradip
1,0,2,17470,23.8,65.8,692,0.4,13481.272,0.6579999999999999,15.6604,6.541029999189903,9.768297642474444,241.3164,125.4845,35.8449,container_ship,HFO,Chennai,Paradip
3,3,2,7216,14.0,95.9,419,3.09,2744.0,0.9590000000000001,13.426000000000002,6.040254711277414,8.884194633072273,36.4748,24.8029,5.8405,general_cargo,MGO,Kochi,Mormugao
3,3,2,16704,12.4,53.2,757,3.3,1906.6240000000003,0.532,6.596800000000001,6.630683385642372,9.723463354790857,90.0169,61.2115,14.414,general_cargo,MGO,Port_Blair,Tuticorin
1,0,2,31457,15.9,78.4,183,2.86,4019.679,0.784,12.4656,5.214935757608986,10.356408601800588,55.3085,28.7604,8.2155,container_ship,HFO,Tuticorin,Kochi
3,0,0,10004,11.4,79.2,313,0.98,1481.544,0.792,9.0288,5.749392985908253,9.210840247017833,20.3252,10.5691,3.0191,general_cargo,HFO,Visakhapatnam,Paradip
6,3,2,50271,12.2,70.0,529,2.65,1815.8479999999997,0.7,8.54,6.272877006546167,10.825203541055348,122.1925,83.0909,19.5661,tanker,MGO,Mormugao,Kandla
1,3,2,17470,19.4,91.6,521,1.93,7301.383999999998,0.9159999999999999,17.7704,6.257667587882639,9.768297642474444,146.9002,99.8921,23.5224,container_ship,MGO,Kandla,Mormugao
4,1,0,3504,15.3,52.5,419,3.19,3581.5770000000007,0.525,8.0325,6.040254711277414,8.16194579946869,8.7063,27.8602,0.6269,passenger,Hydrogen,Kochi,Mormugao
2,1,0,932,14.6,89.8,411,2.46,3112.136,0.898,13.1108,6.021023349349527,6.838405200847344,3.1694,10.1422,0.2282,ferry,Hydrogen,Visakhapatnam,Kamarajar
0,0,2,70130,10.4,58.6,348,3.18,1124.864,0.586,6.0944,5.855071922202427,11.158120200662147,82.1661,42.7264,12.2049,bulk_carrier,HFO,Kochi,New_Mangalore
6,3,2,23323,14.3,56.0,692,2.72,2924.2070000000003,0.56,8.008000000000001,6.541029999189903,10.057238152342046,114.8049,78.0674,18.3831,tanker,MGO,Chennai,Paradip
0,3,2,56365,12.1,77.4,692,0.96,1771.561,0.774,9.3654,6.541029999189903,10.939621418827507,142.6823,97.024,22.847,bulk_carrier,MGO,Chennai,Paradip
6,3,2,68263,14.4,91.8,217,1.61,2985.9840000000004,0.9179999999999999,13.219199999999999,5.384495062789089,11.13113782021642,80.6073,54.813,12.9072,tanker,MGO,Paradip,Kolkata_SMPK
0,3,2,45790,11.0,55.4,189,1.3,1331.0,0.5539999999999999,6.093999999999999,5.247024072160486,10.731842844242117,27.5393,18.7268,4.4097,bulk_carrier,MGO,Kochi,Tuticorin
6,0,2,27184,12.2,71.5,189,2.11,1815.8479999999997,0.715,8.722999999999999,5.247024072160486,10.210420629580021,28.7592,14.9548,4.2719,tanker,HFO,Kochi,Tuticorin
6,2,2,59471,12.6,85.1,505,0.49,2000.3759999999997,0.851,10.7226,6.226536669287466,10.993260892537034,106.9641,58.8302,16.5794,tanker,LNG,New_Mangalore,Mumbai
0,2,2,33529,16.4,89.8,345,1.91,4410.943999999999,0.898,14.7272,5.846438775057725,10.420195839460273,92.8082,51.0445,14.3853,bulk_carrier,LNG,New_Mangalore,Kochi
1,4,0,18598,23.2,96.6,169,2.94,12487.168,0.966,22.411199999999997,5.135798437050262,9.830863094815127,169.3932,59.2876,9.7757,container_ship,Methanol,New_Mangalore,Mormugao
4,1,2,2268,17.3,84.3,358,1.9,5177.717000000001,0.843,14.5839,5.883322388488279,7.727094484779841,7.0703,22.625,0.5091,passenger,Hydrogen,JNPA,Mormugao
6,2,2,33954,10.6,91.4,311,3.32,1191.0159999999998,0.914,9.6884,5.7430031878094825,10.432791397547891,38.1059,20.9582,5.9064,tanker,LNG,Paradip,Visakhapatnam
0,0,2,47945,11.4,92.1,419,2.4,1481.544,0.9209999999999999,10.4994,6.040254711277414,10.777830656602518,85.348,44.381,12.6775,bulk_carrier,HFO,Kochi,Mormugao
0,0,2,49115,13.5,89.5,311,1.05,2460.375,0.895,12.0825,5.7430031878094825,10.801940126280403,77.1188,40.1018,11.4552,bulk_carrier,HFO,Paradip,Visakhapatnam
4,3,0,3081,18.4,94.1,176,2.36,6229.503999999999,0.941,17.3144,5.176149732573829,8.033334015880062,14.8598,10.1047,2.3794,passenger,MGO,Mormugao,New_Mangalore
0,0,0,31987,10.8,89.9,419,3.3,1259.7120000000002,0.899,9.709200000000001,6.040254711277414,10.37311611145178,68.2806,35.5059,10.1423,bulk_carrier,HFO,Kochi,Mormugao
5,2,2,6679,14.1,70.6,507,3.06,2803.221,0.706,9.9546,6.230481447578482,8.806873266530692,35.6663,19.6165,5.5283,ro_ro,LNG,Mumbai,New_Mangalore
5,0,2,8727,18.2,55.5,1181,2.84,6028.567999999999,0.555,10.101,7.074963197966044,9.074291527512907,176.8384,91.956,26.2674,ro_ro,HFO,Chennai,Mumbai
6,2,0,35987,14.2,59.9,17,0.55,2863.2879999999996,0.599,8.505799999999999,2.8903717578961645,10.49094082853701,3.0061,1.6534,0.4659,tanker,LNG,Kamarajar,Chennai
0,0,2,31987,11.9,77.6,290,3.24,1685.159,0.7759999999999999,9.234399999999999,5.673323267171493,10.37311611145178,53.9302,28.0437,8.0107,bulk_carrier,HFO,Kandla,JNPA
1,3,2,12017,19.9,75.2,850,1.55,7880.598999999998,0.752,14.964799999999999,6.7464121285733745,9.394160804893874,179.3065,121.9284,28.7114,container_ship,MGO,Kochi,Mumbai
0,2,2,58095,11.7,72.4,1179,2.87,1601.6129999999996,0.7240000000000001,8.4708,7.07326971745971,10.969852093654117,244.5593,134.5076,37.9067,bulk_carrier,LNG,Mumbai,Chennai
6,0,0,39701,11.8,89.7,521,1.74,1643.0320000000004,0.897,10.5846,6.257667587882639,10.589156843240115,96.0643,49.9534,14.2693,tanker,HFO,Kandla,Mormugao
0,0,0,40197,8.6,58.7,422,2.95,636.0559999999999,0.5870000000000001,5.0482000000000005,6.0473721790462776,10.601572522125696,43.3556,22.5449,6.44,bulk_carrier,HFO,Mormugao,Kochi
0,2,2,27915,13.5,53.2,217,2.86,2460.375,0.532,7.182,5.384495062789089,10.236955280137042,31.1884,17.1536,4.8342,bulk_carrier,LNG,Paradip,Kolkata_SMPK
6,2,2,28632,17.1,70.2,507,3.14,5000.211000000001,0.7020000000000001,12.004200000000003,6.230481447578482,10.262315177792935,149.2731,82.1002,23.1373,tanker,LNG,Mumbai,New_Mangalore
1,0,0,17711,24.0,77.8,1190,0.32,13824.0,0.778,18.672,7.0825485693553,9.781997654948418,457.6113,237.9579,67.9731,container_ship,HFO,JNPA,Chennai
3,0,2,17758,11.0,79.9,276,2.48,1331.0,0.799,8.789,5.6240175061873385,9.784647708654596,28.051,14.5865,4.1667,general_cargo,HFO,Kandla,Mumbai
0,3,2,56365,14.7,93.0,358,1.22,3176.5229999999997,0.93,13.671,5.883322388488279,10.939621418827507,116.5335,79.2428,18.6599,bulk_carrier,MGO,JNPA,Mormugao
3,0,2,14088,15.7,69.7,349,2.1,3869.8929999999996,0.6970000000000001,10.9429,5.857933154483459,9.553149630053277,53.4712,27.805,7.9426,general_cargo,HFO,Mumbai,Mormugao
0,2,2,33529,11.6,80.9,348,1.47,1560.896,0.809,9.384400000000001,5.855071922202427,10.420195839460273,43.8928,24.141,6.8034,bulk_carrier,LNG,Kochi,New_Mangalore
3,3,0,14088,11.4,91.7,18,2.93,1481.544,0.917,10.453800000000001,2.9444389791664403,9.553149630053277,1.639,1.1145,0.2624,general_cargo,MGO,Chennai,Kamarajar
0,2,0,35729,12.6,51.9,528,0.93,2000.3759999999997,0.519,6.5394,6.270988431858299,10.483745951017456,70.9699,39.0334,11.0003,bulk_carrier,LNG,New_Mangalore,JNPA
1,3,2,35698,18.0,55.6,370,3.34,5832.0,0.556,10.008000000000001,5.916202062607435,10.482877956170928,155.5237,105.7561,24.9032,container_ship,MGO,Chennai,Tuticorin
6,0,2,47767,10.2,65.7,297,3.42,1061.2079999999999,0.657,6.7014,5.697093486505405,10.774111238226828,54.0267,28.0939,8.0251,tanker,HFO,JNPA,Kandla
3,0,2,10004,15.0,77.6,518,2.68,3375.0,0.7759999999999999,11.639999999999999,6.251903883165888,9.210840247017833,68.8383,35.7959,10.2252,general_cargo,HFO,JNPA,New_Mangalore
6,3,2,35987,13.3,85.5,876,2.83,2352.637,0.855,11.371500000000001,6.776506992372183,10.49094082853701,198.7578,135.1553,31.8261,tanker,MGO,JNPA,Kochi
0,3,2,40297,13.7,65.0,276,3.1,2571.3529999999996,0.65,8.905,5.6240175061873385,10.604057118911712,75.322,51.219,12.0609,bulk_carrier,MGO,Kandla,Mumbai
0,2,2,49332,11.0,70.8,24,1.48,1331.0,0.708,7.787999999999999,3.2188758248682006,10.806348507298559,3.2557,1.7906,0.5046,bulk_carrier,LNG,JNPA,Mumbai
0,2,0,31987,12.1,89.7,419,2.31,1771.561,0.897,10.8537,6.040254711277414,10.37311611145178,59.0034,32.4519,9.1455,bulk_carrier,LNG,Kochi,Mormugao
6,3,2,25705,16.4,76.2,870,0.37,4410.943999999999,0.762,12.496799999999999,6.769641976852503,10.154479706670077,191.6045,130.2911,30.6807,tanker,MGO,Kochi,JNPA
0,3,2,62925,11.2,79.2,529,1.46,1404.9279999999997,0.792,8.8704,6.272877006546167,11.049714711812085,104.6912,71.19,16.7637,bulk_carrier,MGO,Mormugao,Kandla
6,3,2,66768,12.9,57.0,17,1.7,2146.6890000000003,0.57,7.353,2.8903717578961645,11.108994179953779,4.2744,2.9066,0.6844,tanker,MGO,Kamarajar,Chennai
0,2,2,49115,13.3,52.2,311,3.09,2352.637,0.522,6.9426000000000005,5.7430031878094825,10.801940126280403,69.4897,38.2193,10.7709,bulk_carrier,LNG,Paradip,Visakhapatnam
6,0,2,54273,13.7,82.5,529,1.67,2571.3529999999996,0.825,11.302499999999998,6.272877006546167,10.901800569887673,163.1117,84.8181,24.2285,tanker,HFO,Mormugao,Kandla
0,2,2,27915,9.4,64.9,859,3.46,830.5840000000001,0.649,6.1006,6.756932389247553,10.236955280137042,73.39,40.3645,11.3755,bulk_carrier,LNG,Mumbai,Kochi
6,2,0,37083,13.1,63.0,507,0.82,2248.091,0.63,8.253,6.230481447578482,10.520940888726873,75.9546,41.775,11.773,tanker,LNG,Mumbai,New_Mangalore
6,0,2,55620,14.9,53.5,528,0.67,3307.949,0.535,7.971500000000001,6.270988431858299,10.926316106770527,156.5581,81.4102,23.255,tanker,HFO,New_Mangalore,JNPA
6,3,2,37289,12.1,86.3,370,3.3,1771.561,0.863,10.4423,5.916202062607435,10.526480473172866,75.201,51.1367,12.0416,tanker,MGO,Chennai,Tuticorin
1,2,1,21724,21.2,67.2,761,0.46,9528.127999999999,0.672,14.246400000000001,6.635946555686647,9.986218950133592,209.0299,114.9665,32.3996,container_ship,LNG,Tuticorin,Port_Blair
3,0,2,7216,15.7,75.4,229,1.95,3869.8929999999996,0.754,11.8378,5.438079308923196,8.884194633072273,23.6264,12.2857,3.5094,general_cargo,HFO,Kolkata_SMPK,Paradip
1,3,2,33073,12.5,73.9,788,1.13,1953.125,0.7390000000000001,9.2375,6.670766320845874,10.406502754210141,124.8213,84.8785,19.987,container_ship,MGO,Port_Blair,Chennai
3,0,2,7328,11.9,99.5,22,0.48,1685.159,0.995,11.8405,3.1354942159291497,8.89959435992585,1.203,0.6255,0.1787,general_cargo,HFO,Mumbai,JNPA
6,0,2,50271,13.7,84.2,349,1.09,2571.3529999999996,0.8420000000000001,11.535400000000001,5.857933154483459,10.825203541055348,102.5728,53.3379,15.2361,tanker,HFO,Mumbai,Mormugao
5,0,2,8727,20.0,99.0,538,0.68,8000.0,0.99,19.8,6.289715570908998,9.074291527512907,93.2292,48.4792,13.8482,ro_ro,HFO,Kochi,Chennai
6,0,2,68263,11.6,74.5,850,2.1,1560.896,0.745,8.642,6.7464121285733745,11.13113782021642,221.6873,115.2774,32.9292,tanker,HFO,Kochi,Mumbai
6,3,2,33954,15.2,96.2,692,0.54,3511.8079999999995,0.9620000000000001,14.6224,6.541029999189903,10.432791397547891,173.058,117.6795,27.7109,tanker,MGO,Chennai,Paradip
6,0,2,37289,15.0,79.8,422,3.15,3375.0,0.7979999999999999,11.969999999999999,6.0473721790462776,10.526480473172866,141.459,73.5587,21.0122,tanker,HFO,Mormugao,Kochi
5,3,2,8727,14.8,56.4,542,2.63,3241.7920000000004,0.564,8.347199999999999,6.297109319933935,9.074291527512907,53.657,36.4867,8.5918,ro_ro,MGO,Chennai,Kochi
5,2,0,11514,17.3,84.7,700,0.73,5177.717000000001,0.847,14.6531,6.55250788703459,9.351405812254786,82.4287,45.3358,12.7764,ro_ro,LNG,Paradip,Chennai
0,0,2,48674,10.3,56.4,290,2.8,1092.7270000000003,0.564,5.8092,5.673323267171493,10.7929208302404,46.6053,24.2348,6.9227,bulk_carrier,HFO,JNPA,Kandla
0,2,2,34731,13.7,75.3,276,1.35,2571.3529999999996,0.753,10.316099999999999,5.6240175061873385,10.455416731180536,46.6585,25.6622,7.2321,bulk_carrier,LNG,Mumbai,Kandla
6,0,2,55666,11.9,57.5,1190,1.45,1685.159,0.575,6.842499999999999,7.0825485693553,10.927142790736806,249.8946,129.9452,37.1191,tanker,HFO,JNPA,Chennai
5,2,2,8843,17.2,77.5,850,0.97,5088.447999999999,0.775,13.33,6.7464121285733745,9.087494541977337,98.4647,54.1556,15.262,ro_ro,LNG,Kochi,Mumbai
3,0,0,6658,11.9,51.9,876,0.41,1685.159,0.519,6.176100000000001,6.776506992372183,8.803724602110622,36.6566,19.0614,5.4449,general_cargo,HFO,JNPA,Kochi
3,0,2,13823,11.0,89.3,518,2.59,1331.0,0.893,9.823,6.251903883165888,9.534161491043838,45.2483,23.5291,6.7211,general_cargo,HFO,JNPA,New_Mangalore
4,2,2,3504,15.5,76.6,757,0.43,3723.875,0.7659999999999999,11.873,6.630683385642372,8.16194579946869,35.1578,19.3368,5.4495,passenger,LNG,Port_Blair,Tuticorin
1,0,1,12578,22.3,87.5,276,1.92,11089.567000000001,0.875,19.5125,5.6240175061873385,9.439784035838873,88.3049,45.9185,13.1167,container_ship,HFO,Mumbai,Kandla
1,2,2,27197,13.8,68.2,176,1.01,2628.0720000000006,0.682,9.411600000000002,5.176149732573829,10.210898720168904,24.0201,13.211,3.7231,container_ship,LNG,Mormugao,New_Mangalore
1,3,2,16607,17.5,88.2,364,1.18,5359.375,0.882,15.435,5.8998973535824915,9.717639785965615,77.1577,52.4672,12.3549,container_ship,MGO,Tuticorin,Chennai
6,0,0,37289,14.7,50.4,176,2.41,3176.5229999999997,0.504,7.408799999999999,5.176149732573829,10.526480473172866,45.6202,23.7225,6.7764,tanker,HFO,Mormugao,New_Mangalore
3,3,0,14844,10.9,70.1,700,2.52,1295.0290000000002,0.701,7.640899999999999,6.55250788703459,9.60541838719786,52.5094,35.7064,8.4081,general_cargo,MGO,Paradip,Chennai
0,2,2,49332,13.3,70.7,276,2.82,2352.637,0.7070000000000001,9.403100000000002,5.6240175061873385,10.806348507298559,70.3515,38.6933,10.9045,bulk_carrier,LNG,Kandla,Mumbai
0,3,2,66381,11.4,63.5,286,0.83,1481.544,0.635,7.239000000000001,5.659482215759621,11.103181214377175,54.8286,37.2835,8.7794,bulk_carrier,MGO,Kandla,JNPA
5,2,2,11514,13.1,63.5,505,2.43,2248.091,0.635,8.3185,6.226536669287466,9.351405812254786,39.5319,21.7426,6.1274,ro_ro,LNG,New_Mangalore,Mumbai
3,3,2,15648,15.6,99.2,1190,2.11,3796.4159999999997,0.992,15.4752,7.0825485693553,9.658162296163171,213.2278,144.9949,34.1431,general_cargo,MGO,JNPA,Chennai
1,3,2,37761,18.5,87.6,277,2.46,6331.625,0.8759999999999999,16.206,5.627621113690637,10.539058584958477,119.3155,81.1345,19.1054,container_ship,MGO,Kandla,Mumbai
0,2,2,58490,13.4,93.3,217,1.06,2406.1040000000003,0.9329999999999999,12.5022,5.384495062789089,10.976628175230568,47.2477,25.9862,7.3234,bulk_carrier,LNG,Paradip,Kolkata_SMPK
3,3,2,14844,9.5,86.3,507,1.04,857.375,0.863,8.1985,6.230481447578482,9.60541838719786,25.4389,17.2985,4.0734,general_cargo,MGO,Mumbai,New_Mangalore
0,2,2,34731,11.3,90.9,1190,3.13,1442.8970000000002,0.909,10.271700000000001,7.0825485693553,10.455416731180536,184.7346,101.604,28.6339,bulk_carrier,LNG,JNPA,Chennai
0,3,2,47170,11.6,79.6,276,1.83,1560.896,0.7959999999999999,9.2336,5.6240175061873385,10.761534575968792,49.1821,33.4438,7.8753,bulk_carrier,MGO,Mumbai,Kandla
1,2,2,9661,16.4,58.9,411,1.2,4410.943999999999,0.589,9.6596,6.021023349349527,9.175955945114351,39.5023,21.7262,6.1228,container_ship,LNG,Visakhapatnam,Kamarajar
6,3,0,37289,14.2,51.2,876,2.82,2863.2879999999996,0.512,7.2703999999999995,6.776506992372183,10.526480473172866,199.926,135.9497,32.0131,tanker,MGO,JNPA,Kochi
3,3,1,9058,13.3,99.6,297,2.18,2352.637,0.996,13.2468,5.697093486505405,9.111514017669288,25.0078,17.0053,4.0044,general_cargo,MGO,JNPA,Kandla
3,0,2,6658,16.0,89.6,17,2.78,4096.0,0.8959999999999999,14.335999999999999,2.8903717578961645,8.803724602110622,1.9383,1.0079,0.2879,general_cargo,HFO,Kamarajar,Chennai
0,0,0,47945,12.0,82.0,491,2.66,1728.0,0.82,9.84,6.198478716492308,10.777830656602518,115.3616,59.988,17.1357,bulk_carrier,HFO,Visakhapatnam,Kolkata_SMPK
1,0,2,34898,22.9,58.9,183,3.34,12008.988999999998,0.589,13.4881,5.214935757608986,10.460213454484876,117.3367,61.0151,17.4291,container_ship,HFO,Tuticorin,Kochi
4,1,2,4545,19.9,78.4,22,1.55,7880.598999999998,0.784,15.6016,3.1354942159291497,8.422003004412488,0.9334,2.9868,0.0672,passenger,Hydrogen,Mumbai,JNPA
1,3,2,38751,13.1,84.7,349,0.87,2248.091,0.847,11.095699999999999,5.857933154483459,10.564937646352819,68.9242,46.8685,11.0365,container_ship,MGO,Mumbai,Mormugao
0,2,2,30900,14.4,88.9,788,2.21,2985.9840000000004,0.889,12.8016,6.670766320845874,10.33854382482173,162.9075,89.5991,25.2507,bulk_carrier,LNG,Port_Blair,Chennai
6,2,2,28244,17.5,69.5,1196,0.78,5359.375,0.695,12.1625,7.087573705557973,10.248671729759362,268.7431,147.8087,41.6552,tanker,LNG,Chennai,JNPA
0,2,2,63697,12.3,59.2,1190,3.12,1860.8670000000004,0.5920000000000001,7.281600000000002,7.0825485693553,11.061908443893099,293.5815,161.4698,45.5051,bulk_carrier,LNG,JNPA,Chennai
6,0,2,70614,12.9,69.4,876,3.03,2146.6890000000003,0.6940000000000001,8.9526,6.776506992372183,11.164997865503164,280.7312,145.9802,41.6995,tanker,HFO,JNPA,Kochi
3,0,2,18455,10.5,54.5,217,1.6,1157.625,0.545,5.7225,5.384495062789089,9.823144799853589,16.7733,8.7221,2.4915,general_cargo,HFO,Paradip,Kolkata_SMPK
3,3,2,19799,15.0,50.8,757,2.78,3375.0,0.508,7.62,6.630683385642372,9.893437216682626,132.5598,90.1407,21.2261,general_cargo,MGO,Port_Blair,Tuticorin
3,3,0,5817,14.6,84.5,359,0.85,3112.136,0.845,12.337,5.886104031450156,8.668711839055147,22.9373,15.5974,3.6728,general_cargo,MGO,Mormugao,JNPA
0,0,2,63249,13.4,51.2,856,1.9,2406.1040000000003,0.512,6.8608,6.75343791859778,11.054850406589766,254.0903,132.1269,37.7423,bulk_carrier,HFO,Kolkata_SMPK,Chennai
2,5,0,2604,13.1,88.8,700,0.42,2248.091,0.888,11.6328,6.55250788703459,7.865187954187467,273.4581,32.815,0.8072,ferry,Shore_Power,Paradip,Chennai
3,3,2,16177,11.4,69.7,359,0.68,1481.544,0.6970000000000001,7.945800000000001,5.886104031450156,9.691407573577898,26.8847,18.2816,4.3049,general_cargo,MGO,Mormugao,JNPA
6,2,0,47959,12.3,58.8,297,0.9,1860.8670000000004,0.588,7.2324,5.697093486505405,10.77812260914145,45.2455,24.885,7.013,tanker,LNG,JNPA,Kandla
0,2,2,58242,15.3,61.9,17,1.6,3581.5770000000007,0.619,9.4707,2.8903717578961645,10.972379192532934,5.2315,2.8773,0.8109,bulk_carrier,LNG,Kamarajar,Chennai
6,3,2,67954,11.7,68.4,528,1.9,1601.6129999999996,0.684,8.0028,6.270988431858299,11.126601000389448,130.2032,88.5381,20.8488,tanker,MGO,New_Mangalore,JNPA
6,2,0,66768,12.4,76.8,505,1.0,1906.6240000000003,0.768,9.523200000000001,6.226536669287466,11.108994179953779,103.5317,56.9424,16.0474,tanker,LNG,New_Mangalore,Mumbai
1,3,2,17470,19.8,87.4,1179,0.32,7762.392000000001,0.8740000000000001,17.305200000000003,7.07326971745971,9.768297642474444,290.9987,197.8791,46.5962,container_ship,MGO,Mumbai,Chennai
0,3,2,56514,12.9,98.1,411,1.52,2146.6890000000003,0.981,12.6549,6.021023349349527,10.942261368624832,102.2768,69.5482,16.3771,bulk_carrier,MGO,Visakhapatnam,Kamarajar
3,0,1,10749,11.9,57.1,406,3.38,1685.159,0.5710000000000001,6.794900000000001,6.008813185442595,9.28266103355581,34.9952,18.1975,5.1982,general_cargo,HFO,Visakhapatnam,Chennai
0,2,2,27915,9.3,71.9,277,3.29,804.3570000000002,0.7190000000000001,6.686700000000001,5.627621113690637,10.236955280137042,22.4824,12.3653,3.4848,bulk_carrier,LNG,Kandla,Mumbai
1,0,0,23507,22.9,89.3,518,2.53,12008.988999999998,0.893,20.4497,6.251903883165888,10.065096067732542,289.2111,150.3898,42.9591,container_ship,HFO,JNPA,New_Mangalore
0,3,1,38293,12.0,64.8,797,1.9,1728.0,0.648,7.776,6.682108597449809,10.55304850493315,121.1135,82.3572,19.3933,bulk_carrier,MGO,Chennai,Port_Blair
1,3,2,8659,14.6,68.6,1196,2.45,3112.136,0.6859999999999999,10.0156,7.087573705557973,9.06647000155648,118.0527,80.2758,18.9032,container_ship,MGO,Chennai,JNPA
4,2,2,1902,18.6,68.8,422,2.56,6434.856000000002,0.688,12.7968,6.0473721790462776,7.551186867296149,20.1528,11.0841,3.1237,passenger,LNG,Mormugao,Kochi
1,2,2,27264,14.8,75.3,856,1.32,3241.7920000000004,0.753,11.144400000000001,6.75343791859778,10.213359107360162,141.6886,77.9287,21.9617,container_ship,LNG,Kolkata_SMPK,Chennai
3,0,2,14985,12.2,91.4,538,0.48,1815.8479999999997,0.914,11.1508,6.289715570908998,9.614871710924255,54.9231,28.56,8.1582,general_cargo,HFO,Kochi,Chennai
4,1,2,2268,13.1,95.9,297,2.59,2248.091,0.9590000000000001,12.5629,5.697093486505405,7.727094484779841,3.7841,12.1092,0.2725,passenger,Hydrogen,JNPA,Kandla
0,2,2,35729,12.6,91.3,853,2.21,2000.3759999999997,0.9129999999999999,11.503799999999998,6.74993119378857,10.483745951017456,131.2742,72.2008,20.3475,bulk_carrier,LNG,Chennai,Kolkata_SMPK
0,3,2,26135,12.9,51.6,507,1.54,2146.6890000000003,0.516,6.6564000000000005,6.230481447578482,10.171068953280907,68.1147,46.318,10.9069,bulk_carrier,MGO,Mumbai,New_Mangalore
3,3,2,19799,12.3,71.4,189,3.29,1860.8670000000004,0.7140000000000001,8.782200000000001,5.247024072160486,9.893437216682626,27.0138,18.3694,4.3256,general_cargo,MGO,Kochi,Tuticorin
1,0,2,35698,24.0,82.1,276,3.1,13824.0,0.821,19.704,5.6240175061873385,10.482877956170928,239.7247,124.6568,35.6085,container_ship,HFO,Kandla,Mumbai
6,3,2,59471,10.3,85.3,24,0.68,1092.7270000000003,0.853,8.7859,3.2188758248682006,10.993260892537034,4.0357,2.7442,0.6462,tanker,MGO,JNPA,Mumbai
1,0,2,36763,16.9,72.4,853,2.49,4826.808999999998,0.7240000000000001,12.2356,6.74993119378857,10.512274384478,311.5926,162.0282,46.2837,container_ship,HFO,Chennai,Kolkata_SMPK
6,0,0,76931,16.6,82.5,788,1.55,4574.296000000001,0.825,13.695,6.670766320845874,11.250677193775257,442.4123,230.0544,65.7155,tanker,HFO,Port_Blair,Chennai
1,4,0,31457,13.5,99.6,411,3.21,2460.375,0.996,13.446,6.021023349349527,10.356408601800588,215.273,75.3456,12.4234,container_ship,Methanol,Visakhapatnam,Kamarajar
1,0,2,8659,16.3,91.3,313,0.37,4330.747,0.9129999999999999,14.8819,5.749392985908253,9.06647000155648,34.0089,17.6846,5.0516,container_ship,HFO,Visakhapatnam,Paradip
6,3,2,55468,16.0,69.9,359,3.14,4096.0,0.6990000000000001,11.184000000000001,5.886104031450156,10.923579585124024,161.9555,110.1298,25.9331,tanker,MGO,Mormugao,JNPA
0,3,2,58490,12.3,68.0,788,0.44,1860.8670000000004,0.68,8.364,6.670766320845874,10.976628175230568,149.5166,101.6713,23.9413,bulk_carrier,MGO,Port_Blair,Chennai
6,2,2,68994,11.1,80.4,856,1.28,1367.6309999999999,0.804,8.9244,6.75343791859778,11.141789317185655,140.4211,77.2316,21.7653,tanker,LNG,Kolkata_SMPK,Chennai
1,0,1,38751,18.0,69.6,229,0.59,5832.0,0.696,12.527999999999999,5.438079308923196,10.564937646352819,78.8722,41.0136,11.7156,container_ship,HFO,Kolkata_SMPK,Paradip
6,3,1,28073,14.7,91.8,347,3.27,3176.5229999999997,0.9179999999999999,13.494599999999998,5.8522024797744745,10.24259916009427,88.2011,59.9768,14.1232,tanker,MGO,Mormugao,Mumbai
0,0,0,35729,13.5,92.9,700,3.23,2460.375,0.929,12.541500000000001,6.55250788703459,10.483745951017456,177.3376,92.2156,26.3416,bulk_carrier,HFO,Paradip,Chennai
1,0,2,17711,18.1,80.2,528,1.45,5929.741000000002,0.802,14.516200000000001,6.270988431858299,9.781997654948418,133.826,69.5895,19.8784,container_ship,HFO,New_Mangalore,JNPA
0,0,0,40297,11.1,66.1,396,2.42,1367.6309999999999,0.6609999999999999,7.337099999999999,5.983936280687191,10.604057118911712,61.1506,31.7983,9.0833,bulk_carrier,HFO,Chennai,Visakhapatnam
3,0,2,17758,10.8,90.9,1179,2.5,1259.7120000000002,0.909,9.817200000000001,7.07326971745971,9.784647708654596,114.0564,59.3093,16.9418,general_cargo,HFO,Mumbai,Chennai
1,4,2,9661,16.1,55.9,282,0.96,4173.281000000001,0.5589999999999999,8.9999,5.645446897643238,9.175955945114351,63.1445,22.1006,3.6441,container_ship,Methanol,Mumbai,Kandla
0,3,2,56514,10.6,91.0,505,1.99,1191.0159999999998,0.91,9.646,6.226536669287466,10.942261368624832,89.8133,61.0731,14.3814,bulk_carrier,MGO,New_Mangalore,Mumbai
1,0,2,27264,14.5,61.1,406,1.01,3048.625,0.611,8.8595,6.008813185442595,10.213359107360162,77.1273,40.1062,11.4564,container_ship,HFO,Visakhapatnam,Chennai
6,3,2,39701,12.6,77.8,411,3.4,2000.3759999999997,0.778,9.8028,6.021023349349527,10.589156843240115,91.2709,62.0642,14.6148,tanker,MGO,Visakhapatnam,Kamarajar
0,0,2,40197,11.5,86.5,290,2.63,1520.875,0.865,9.9475,5.673323267171493,10.601572522125696,59.7777,31.0844,8.8793,bulk_carrier,HFO,Kandla,JNPA
6,3,2,56969,13.5,69.1,422,3.45,2460.375,0.691,9.3285,6.0473721790462776,10.950280092474442,151.5289,103.0396,24.2636,tanker,MGO,Mormugao,Kochi
1,4,2,35698,19.7,92.3,788,0.8,7645.373,0.9229999999999999,18.1831,6.670766320845874,10.482877956170928,758.8092,265.5832,43.7909,container_ship,Methanol,Port_Blair,Chennai
0,3,2,64303,12.5,80.5,1179,3.37,1953.125,0.805,10.0625,7.07326971745971,11.071377116688982,339.9963,231.1975,54.4419,bulk_carrier,MGO,Mumbai,Chennai
1,0,2,27264,20.2,62.9,364,2.25,8242.408,0.629,12.7058,5.8998973535824915,10.213359107360162,151.5826,78.8229,22.5159,container_ship,HFO,Tuticorin,Chennai
5,2,2,6679,12.7,86.7,358,1.64,2048.383,0.867,11.0109,5.883322388488279,8.806873266530692,19.4742,10.7108,3.0185,ro_ro,LNG,JNPA,Mormugao
3,0,2,19799,13.0,81.3,788,1.31,2197.0,0.813,10.568999999999999,6.670766320845874,9.893437216682626,103.5933,53.8685,15.3877,general_cargo,HFO,Port_Blair,Chennai
6,2,0,35987,14.0,61.4,345,2.46,2744.0,0.614,8.596,5.846438775057725,10.49094082853701,64.9422,35.7182,10.066,tanker,LNG,New_Mangalore,Kochi
6,3,2,39701,13.0,68.4,419,0.66,2197.0,0.684,8.892000000000001,6.040254711277414,10.589156843240115,71.4657,48.5967,11.4434,tanker,MGO,Kochi,Mormugao
3,0,2,10749,13.2,98.6,692,1.8,2299.968,0.986,13.015199999999998,6.541029999189903,9.28266103355581,67.2752,34.9831,9.993,general_cargo,HFO,Chennai,Paradip
3,0,2,17741,9.5,70.4,411,1.34,857.375,0.7040000000000001,6.688000000000001,6.021023349349527,9.783689989080532,27.8816,14.4985,4.1415,general_cargo,HFO,Visakhapatnam,Kamarajar
6,0,2,37289,14.3,74.6,290,1.57,2924.2070000000003,0.746,10.6678,5.673323267171493,10.526480473172866,65.2953,33.9535,9.6989,tanker,HFO,Kandla,JNPA
0,2,2,64303,10.1,58.6,286,2.47,1030.301,0.586,5.9186,5.659482215759621,11.071377116688982,41.0806,22.5943,6.3675,bulk_carrier,LNG,Kandla,JNPA
5,0,0,8727,19.7,99.9,870,1.86,7645.373,0.9990000000000001,19.680300000000003,6.769641976852503,9.074291527512907,181.8302,94.5517,27.0089,ro_ro,HFO,Kochi,JNPA
6,3,0,33954,12.3,55.0,22,1.58,1860.8670000000004,0.55,6.765000000000001,3.1354942159291497,10.432791397547891,3.0521,2.0754,0.4887,tanker,MGO,Mumbai,JNPA
6,0,2,28244,17.6,87.3,370,2.25,5451.776000000002,0.873,15.3648,5.916202062607435,10.248671729759362,128.3789,66.757,19.0693,tanker,HFO,Chennai,Tuticorin
0,3,2,58490,11.0,76.0,419,1.13,1331.0,0.76,8.36,6.040254711277414,10.976628175230568,66.904,45.4947,10.713,bulk_carrier,MGO,Kamarajar,Visakhapatnam
0,3,2,47170,11.6,62.3,529,1.24,1560.896,0.623,7.2268,6.272877006546167,10.761534575968792,77.4043,52.6349,12.3944,bulk_carrier,MGO,Mormugao,Kandla
3,3,2,10749,12.8,67.6,277,0.39,2097.1520000000005,0.6759999999999999,8.6528,5.627621113690637,9.28266103355581,21.4099,14.5587,3.4283,general_cargo,MGO,Kandla,Mumbai
1,4,2,17470,19.9,62.3,290,2.68,7880.598999999998,0.623,12.397699999999999,5.673323267171493,9.768297642474444,191.5487,67.0421,11.0543,container_ship,Methanol,Kandla,JNPA
6,2,1,39701,11.1,50.3,18,2.68,1367.6309999999999,0.503,5.5832999999999995,2.9444389791664403,10.589156843240115,2.3901,1.3146,0.3705,tanker,LNG,Chennai,Kamarajar
6,0,2,59471,14.3,58.1,24,3.43,2924.2070000000003,0.581,8.3083,3.2188758248682006,10.993260892537034,8.353,4.3435,1.2407,tanker,HFO,JNPA,Mumbai
1,0,0,17711,16.9,91.3,542,3.49,4826.808999999998,0.9129999999999999,15.429699999999997,6.297109319933935,9.781997654948418,145.1417,75.4737,21.5592,container_ship,HFO,Chennai,Kochi
1,2,1,41157,14.3,53.3,17,2.84,2924.2070000000003,0.5329999999999999,7.621899999999999,2.8903717578961645,10.625173597902494,3.8105,2.0958,0.5906,container_ship,LNG,Kamarajar,Chennai
3,3,1,15648,12.8,68.0,286,2.49,2097.1520000000005,0.68,8.704,5.659482215759621,9.658162296163171,32.505,22.1034,5.2049,general_cargo,MGO,Kandla,JNPA
0,0,2,63697,11.1,74.7,495,0.39,1367.6309999999999,0.747,8.2917,6.206575926724928,11.061908443893099,96.2683,50.0595,14.2996,bulk_carrier,HFO,Kolkata_SMPK,Visakhapatnam
0,0,2,42343,12.5,68.2,1181,2.3,1953.125,0.682,8.525,7.074963197966044,10.653582013537823,234.4306,121.9039,34.8221,bulk_carrier,HFO,Chennai,Mumbai
1,2,2,27264,16.0,85.2,538,2.79,4096.0,0.852,13.632,6.289715570908998,10.213359107360162,134.6353,74.0494,20.8685,container_ship,LNG,Kochi,Chennai
3,0,2,17741,12.4,69.6,419,1.68,1906.6240000000003,0.696,8.6304,6.040254711277414,9.783689989080532,54.7508,28.4704,8.1326,general_cargo,HFO,Kamarajar,Visakhapatnam
5,3,2,8843,20.5,92.5,183,0.78,8615.125,0.925,18.962500000000002,5.214935757608986,9.087494541977337,31.8015,21.625,5.0922,ro_ro,MGO,Tuticorin,Kochi
0,2,1,66381,14.8,93.6,276,0.51,3241.7920000000004,0.9359999999999999,13.8528,5.6240175061873385,11.103181214377175,84.3312,46.3821,13.0713,bulk_carrier,LNG,Mumbai,Kandla
0,2,2,48674,12.0,80.0,313,0.44,1728.0,0.8,9.600000000000001,5.749392985908253,10.7929208302404,51.3679,28.2523,7.962,bulk_carrier,LNG,Visakhapatnam,Paradip
3,0,2,13823,15.1,97.5,700,3.47,3442.9509999999996,0.975,14.7225,6.55250788703459,9.534161491043838,124.6669,64.8268,18.5179,general_cargo,HFO,Paradip,Chennai
1,3,2,38751,15.0,55.1,521,3.09,3375.0,0.551,8.265,6.257667587882639,10.564937646352819,142.397,96.83,22.8013,container_ship,MGO,Kandla,Mormugao
1,0,2,16607,17.0,93.3,396,2.55,4913.0,0.9329999999999999,15.860999999999999,5.983936280687191,9.717639785965615,90.9833,47.3113,13.5146,container_ship,HFO,Chennai,Visakhapatnam
6,0,2,68263,12.6,55.1,757,3.29,2000.3759999999997,0.551,6.9426000000000005,6.630683385642372,11.13113782021642,242.171,125.9289,35.9718,tanker,HFO,Port_Blair,Tuticorin
0,0,2,70130,11.4,62.2,870,2.12,1481.544,0.622,7.0908,6.769641976852503,11.158120200662147,209.5973,108.9906,31.1334,bulk_carrier,HFO,Kochi,JNPA
0,2,2,30900,15.7,96.4,290,1.4,3869.8929999999996,0.9640000000000001,15.1348,5.673323267171493,10.33854382482173,64.0466,35.2256,9.9272,bulk_carrier,LNG,Kandla,JNPA
1,2,0,27264,15.4,78.6,505,0.85,3652.264,0.7859999999999999,12.104399999999998,6.226536669287466,10.213359107360162,86.4793,47.5636,13.4043,container_ship,LNG,New_Mangalore,Mumbai
0,3,2,38293,13.0,88.8,406,0.61,2197.0,0.888,11.544,6.008813185442595,10.55304850493315,71.9869,48.9511,11.5269,bulk_carrier,MGO,Visakhapatnam,Chennai
1,3,2,19734,22.1,73.5,538,2.0,10793.861000000003,0.735,16.2435,6.289715570908998,9.890148988096948,198.5514,135.015,31.793,container_ship,MGO,Kochi,Chennai
1,0,2,19734,16.9,80.1,542,2.3,4826.808999999998,0.8009999999999999,13.536899999999997,6.297109319933935,9.890148988096948,136.0304,70.7358,20.2058,container_ship,HFO,Chennai,Kochi
3,0,2,6658,14.9,91.4,24,1.65,3307.949,0.914,13.6186,3.2188758248682006,8.803724602110622,2.2238,1.1564,0.3303,general_cargo,HFO,JNPA,Mumbai
4,2,2,4149,19.0,52.7,358,0.31,6859.0,0.527,10.013,5.883322388488279,8.330863613224745,24.8342,13.6588,3.8493,passenger,LNG,JNPA,Mormugao
0,2,2,47945,12.9,70.0,286,2.97,2146.6890000000003,0.7,9.03,5.659482215759621,10.777830656602518,58.3478,32.0913,9.0439,bulk_carrier,LNG,Kandla,JNPA
0,3,2,26135,12.1,75.3,229,1.41,1771.561,0.753,9.1113,5.438079308923196,10.171068953280907,26.8388,18.2504,4.2976,bulk_carrier,MGO,Kolkata_SMPK,Paradip
3,0,2,17758,15.1,82.4,876,2.24,3442.9509999999996,0.8240000000000001,12.442400000000001,6.776506992372183,9.784647708654596,165.444,86.0309,24.5749,general_cargo,HFO,JNPA,Kochi
3,0,2,5817,12.4,81.5,286,1.94,1906.6240000000003,0.815,10.106,5.659482215759621,8.668711839055147,16.334,8.4937,2.4262,general_cargo,HFO,Kandla,JNPA
0,3,2,41291,13.3,88.3,1196,2.77,2352.637,0.883,11.7439,7.087573705557973,10.62842405558548,305.2476,207.5684,48.8778,bulk_carrier,MGO,Chennai,JNPA
2,1,1,1735,14.1,98.4,347,2.14,2803.221,0.9840000000000001,13.874400000000001,5.8522024797744745,7.459338895220296,4.3546,13.9348,0.3135,ferry,Hydrogen,Mormugao,Mumbai
0,0,2,33063,11.4,58.6,17,1.79,1481.544,0.586,6.6804,2.8903717578961645,10.406200356191569,2.301,1.1965,0.3418,bulk_carrier,HFO,Kamarajar,Chennai
3,0,0,14844,12.4,73.9,507,1.95,1906.6240000000003,0.7390000000000001,9.1636,6.230481447578482,9.60541838719786,52.9002,27.5081,7.8577,general_cargo,HFO,Mumbai,New_Mangalore
1,0,2,36763,16.8,81.5,347,3.0,4741.6320000000005,0.815,13.692,5.8522024797744745,10.512274384478,135.6346,70.53,20.147,container_ship,HFO,Mormugao,Mumbai
6,0,0,28073,14.5,83.5,518,2.11,3048.625,0.835,12.1075,6.251903883165888,10.24259916009427,127.0797,66.0814,18.8763,tanker,HFO,JNPA,New_Mangalore
1,4,0,33687,19.2,83.1,521,1.98,7077.887999999999,0.831,15.955199999999998,6.257667587882639,10.424896969841763,487.8001,170.73,28.1509,container_ship,Methanol,Kandla,Mormugao
6,2,2,68263,13.8,74.5,1181,0.71,2628.0720000000006,0.745,10.281,7.074963197966044,11.13113782021642,275.3954,151.4675,42.6863,tanker,LNG,Chennai,Mumbai
6,3,2,55620,13.3,62.3,788,3.38,2352.637,0.623,8.2859,6.670766320845874,10.926316106770527,223.3044,151.847,35.7566,tanker,MGO,Port_Blair,Chennai
1,3,2,17470,19.8,86.8,345,1.99,7762.392000000001,0.868,17.1864,5.846438775057725,9.768297642474444,109.4605,74.4331,17.5274,container_ship,MGO,New_Mangalore,Kochi
1,3,2,37761,17.7,60.2,189,2.23,5545.232999999999,0.602,10.655399999999998,5.247024072160486,10.539058584958477,66.4408,45.1798,10.6388,container_ship,MGO,Kochi,Tuticorin
0,0,2,58490,11.7,84.4,788,2.97,1601.6129999999996,0.8440000000000001,9.8748,6.670766320845874,10.976628175230568,194.1897,100.9786,28.8447,bulk_carrier,HFO,Port_Blair,Chennai
6,2,0,23117,14.3,88.6,313,2.08,2924.2070000000003,0.8859999999999999,12.669799999999999,5.749392985908253,10.048366813854212,48.6474,26.7561,7.5403,tanker,LNG,Visakhapatnam,Paradip
0,3,0,30900,13.9,58.9,189,2.1,2685.619,0.589,8.1871,5.247024072160486,10.33854382482173,34.6,23.528,5.5403,bulk_carrier,MGO,Kochi,Tuticorin
1,3,2,23507,22.5,64.1,422,2.04,11390.625,0.6409999999999999,14.422499999999998,6.0473721790462776,10.065096067732542,179.2588,121.896,28.7038,container_ship,MGO,Mormugao,Kochi
6,0,2,28632,13.7,97.1,505,1.1,2571.3529999999996,0.971,13.3027,6.226536669287466,10.262315177792935,103.5339,53.8376,15.3788,tanker,HFO,New_Mangalore,Mumbai
1,0,1,23507,17.7,60.2,757,0.87,5545.232999999999,0.602,10.655399999999998,6.630683385642372,10.065096067732542,169.2459,88.0078,25.1396,container_ship,HFO,Port_Blair,Tuticorin
0,3,1,29708,16.0,51.3,276,1.18,4096.0,0.513,8.208,5.6240175061873385,10.299205309189412,59.8854,40.7221,9.5892,bulk_carrier,MGO,Mumbai,Kandla
2,3,2,1735,11.5,81.0,700,2.08,1520.875,0.81,9.315000000000001,6.55250788703459,7.459338895220296,15.0382,10.226,2.408,ferry,MGO,Paradip,Chennai
1,0,1,36763,17.5,51.0,788,0.56,5359.375,0.51,8.925,6.670766320845874,10.512274384478,221.8643,115.3694,32.9555,container_ship,HFO,Port_Blair,Chennai
6,2,2,47959,14.6,66.1,349,2.6,3112.136,0.6609999999999999,9.650599999999999,5.857933154483459,10.77812260914145,101.699,55.9345,15.7633,tanker,LNG,Mumbai,Mormugao
6,3,2,37289,16.7,81.9,521,2.7,4657.463,0.8190000000000001,13.6773,6.257667587882639,10.526480473172866,188.5684,128.2265,30.1945,tanker,MGO,Kandla,Mormugao
6,0,0,55666,14.1,95.2,183,1.57,2803.221,0.9520000000000001,13.423200000000001,5.214935757608986,10.927142790736806,64.9077,33.752,9.6413,tanker,HFO,Tuticorin,Kochi
0,3,2,56365,13.0,54.1,217,0.81,2197.0,0.541,7.033,5.384495062789089,10.939621418827507,44.2849,30.1137,7.0911,bulk_carrier,MGO,Paradip,Kolkata_SMPK
4,1,2,2268,14.2,84.5,22,2.34,2863.2879999999996,0.845,11.998999999999999,3.1354942159291497,7.727094484779841,0.3077,0.9847,0.0222,passenger,Hydrogen,Mumbai,JNPA
2,5,0,2604,13.0,81.3,692,2.13,2197.0,0.813,10.568999999999999,6.541029999189903,7.865187954187467,290.4121,34.8494,0.8573,ferry,Shore_Power,Chennai,Paradip
0,0,2,60013,12.0,71.8,538,1.1,1728.0,0.718,8.616,6.289715570908998,11.002333147319582,127.9115,66.514,18.9998,bulk_carrier,HFO,Kochi,Chennai
1,0,2,19734,24.2,94.2,277,1.45,14172.488,0.9420000000000001,22.796400000000002,5.627621113690637,9.890148988096948,138.0231,71.772,20.5018,container_ship,HFO,Kandla,Mumbai
3,3,2,7328,13.7,51.6,183,1.94,2571.3529999999996,0.516,7.0691999999999995,5.214935757608986,8.89959435992585,12.1114,8.2357,1.9393,general_cargo,MGO,Tuticorin,Kochi
0,2,2,64303,11.0,54.1,1181,2.91,1331.0,0.541,5.9510000000000005,7.074963197966044,11.071377116688982,206.4446,113.5445,31.9989,bulk_carrier,LNG,Chennai,Mumbai
3,0,0,10004,16.2,74.7,411,3.24,4251.527999999999,0.747,12.1014,6.021023349349527,9.210840247017833,56.2495,29.2497,8.3552,general_cargo,HFO,Visakhapatnam,Kamarajar
3,3,1,10004,12.2,85.4,18,0.58,1815.8479999999997,0.8540000000000001,10.418800000000001,2.9444389791664403,9.210840247017833,1.3473,0.9161,0.2157,general_cargo,MGO,Chennai,Kamarajar
1,3,2,38751,15.2,79.9,1196,1.18,3511.8079999999995,0.799,12.1448,7.087573705557973,10.564937646352819,307.6801,209.2225,49.2673,container_ship,MGO,Chennai,JNPA
0,3,2,31987,11.3,57.4,290,3.24,1442.8970000000002,0.574,6.4862,5.673323267171493,10.37311611145178,37.7847,25.6936,6.0503,bulk_carrier,MGO,JNPA,Kandla
3,0,2,16177,10.9,51.0,419,1.46,1295.0290000000002,0.51,5.559,6.040254711277414,9.691407573577898,31.0524,16.1473,4.6125,general_cargo,HFO,Kochi,Mormugao
0,0,2,29708,14.9,83.8,1190,0.75,3307.949,0.838,12.4862,7.0825485693553,10.299205309189412,254.2574,132.2138,37.7671,bulk_carrier,HFO,JNPA,Chennai
0,2,2,30900,14.1,62.3,495,2.89,2803.221,0.623,8.7843,6.206575926724928,10.33854382482173,89.4287,49.1858,13.8614,bulk_carrier,LNG,Kolkata_SMPK,Visakhapatnam
0,3,2,44373,9.8,82.7,521,1.64,941.1920000000002,0.8270000000000001,8.104600000000001,6.257667587882639,10.700408991312528,61.8198,42.0375,9.8989,bulk_carrier,MGO,Kandla,Mormugao
6,0,0,59471,11.0,84.1,422,0.68,1331.0,0.841,9.251,6.0473721790462776,10.993260892537034,78.229,40.6791,11.6201,tanker,HFO,Mormugao,Kochi
6,3,0,47767,10.5,61.2,345,2.94,1157.625,0.612,6.426,5.846438775057725,10.774111238226828,53.3384,36.2701,8.5408,tanker,MGO,New_Mangalore,Kochi
6,0,2,55666,12.0,88.7,542,0.74,1728.0,0.887,10.644,6.297109319933935,10.927142790736806,126.0667,65.5547,18.7258,tanker,HFO,Chennai,Kochi
3,0,2,18455,12.3,81.9,189,1.88,1860.8670000000004,0.8190000000000001,10.0737,5.247024072160486,9.823144799853589,23.0181,11.9694,3.4191,general_cargo,HFO,Kochi,Tuticorin
1,2,2,17711,20.9,76.5,422,0.92,9129.328999999998,0.765,15.988499999999998,6.0473721790462776,9.781997654948418,107.1853,58.9519,16.6137,container_ship,LNG,Mormugao,Kochi
4,1,1,4149,18.0,97.2,507,1.92,5832.0,0.972,17.496,6.230481447578482,8.330863613224745,16.8642,53.9655,1.2142,passenger,Hydrogen,Mumbai,New_Mangalore
1,0,2,18598,24.1,84.7,297,2.33,13997.521000000002,0.847,20.4127,5.697093486505405,9.830863094815127,164.3226,85.4477,24.4083,container_ship,HFO,JNPA,Kandla
0,3,0,59816,11.8,50.5,518,0.53,1643.0320000000004,0.505,5.9590000000000005,6.251903883165888,10.99904518047501,89.6124,60.9364,14.3492,bulk_carrier,MGO,JNPA,New_Mangalore
6,0,0,39649,13.9,97.5,370,2.68,2685.619,0.975,13.5525,5.916202062607435,10.587846227062993,107.1929,55.7403,15.9223,tanker,HFO,Chennai,Tuticorin
0,0,0,47945,11.1,68.0,491,3.34,1367.6309999999999,0.68,7.548,6.198478716492308,10.777830656602518,102.488,53.2937,15.2235,bulk_carrier,HFO,Visakhapatnam,Kolkata_SMPK
6,2,2,47767,11.3,66.1,1190,2.36,1442.8970000000002,0.6609999999999999,7.4693,7.0825485693553,10.774111238226828,178.919,98.4054,27.7324,tanker,LNG,JNPA,Chennai
6,2,2,33954,14.3,80.5,870,1.25,2924.2070000000003,0.805,11.511500000000002,6.769641976852503,10.432791397547891,153.9078,84.6493,23.8557,tanker,LNG,Kochi,JNPA
1,4,2,35698,17.0,93.2,359,1.89,4913.0,0.932,15.844000000000001,5.886104031450156,10.482877956170928,259.3742,90.781,14.9685,container_ship,Methanol,Mormugao,JNPA
3,3,2,14088,11.7,72.9,277,3.02,1601.6129999999996,0.7290000000000001,8.529300000000001,5.627621113690637,9.553149630053277,24.519,16.673,3.9261,general_cargo,MGO,Kandla,Mumbai
3,3,1,17380,13.2,91.0,297,1.66,2299.968,0.91,12.012,5.697093486505405,9.76313293456348,36.183,24.6045,5.7938,general_cargo,MGO,JNPA,Kandla
3,3,0,16704,11.7,68.0,396,2.73,1601.6129999999996,0.68,7.956,5.983936280687191,9.723463354790857,39.0542,26.5568,6.2536,general_cargo,MGO,Chennai,Visakhapatnam
0,3,0,48674,12.6,98.3,277,3.49,2000.3759999999997,0.983,12.3858,5.627621113690637,10.7929208302404,79.7724,54.2452,12.7736,bulk_carrier,MGO,Kandla,Mumbai
1,0,2,26077,17.0,98.3,757,3.27,4913.0,0.983,16.711,6.630683385642372,10.168847325983418,274.2951,142.6335,40.7435,container_ship,HFO,Port_Blair,Tuticorin
0,3,2,33063,12.7,85.0,169,1.59,2048.383,0.85,10.795,5.135798437050262,10.406200356191569,29.002,19.7213,4.6439,bulk_carrier,MGO,New_Mangalore,Mormugao
0,0,2,41291,9.6,97.9,850,1.23,884.7359999999999,0.9790000000000001,9.3984,6.7464121285733745,10.62842405558548,107.7416,56.0257,16.0038,bulk_carrier,HFO,Kochi,Mumbai
0,3,2,70130,13.8,54.8,348,0.79,2628.0720000000006,0.5479999999999999,7.562399999999999,5.855071922202427,11.158120200662147,92.0601,62.6009,14.7411,bulk_carrier,MGO,Kochi,New_Mangalore
0,2,2,45790,11.7,52.9,286,2.06,1601.6129999999996,0.529,6.1893,5.659482215759621,10.731842844242117,41.933,23.0632,6.4996,bulk_carrier,LNG,Kandla,JNPA
3,0,1,5602,9.6,61.0,396,0.51,884.7359999999999,0.61,5.856,5.983936280687191,8.631057447565285,12.2221,6.3555,1.8155,general_cargo,HFO,Chennai,Visakhapatnam
0,3,1,49332,11.2,65.4,311,0.71,1404.9279999999997,0.654,7.3248,5.7430031878094825,10.806348507298559,48.2367,32.801,7.7239,bulk_carrier,MGO,Paradip,Visakhapatnam
3,3,0,17380,12.1,90.7,282,1.59,1771.561,0.907,10.9747,5.645446897643238,9.76313293456348,28.0791,19.0938,4.4962,general_cargo,MGO,Mumbai,Kandla
6,2,0,71643,9.5,74.4,277,1.15,857.375,0.7440000000000001,7.068000000000001,5.627621113690637,11.17946468934515,32.9538,18.1246,5.1078,tanker,LNG,Kandla,Mumbai
1,0,2,41892,17.0,99.4,189,1.84,4913.0,0.9940000000000001,16.898000000000003,5.247024072160486,10.64287402751427,71.4314,37.1443,10.6103,container_ship,HFO,Kochi,Tuticorin
1,0,1,38751,16.9,62.0,189,1.1,4826.808999999998,0.62,10.478,5.247024072160486,10.564937646352819,63.6635,33.105,9.4565,container_ship,HFO,Kochi,Tuticorin
6,2,2,55468,13.1,99.7,856,0.86,2248.091,0.997,13.060699999999999,6.75343791859778,10.923579585124024,180.8115,99.4463,28.0258,tanker,LNG,Kolkata_SMPK,Chennai
3,0,2,9058,9.6,59.0,22,2.29,884.7359999999999,0.59,5.664,3.1354942159291497,9.111514017669288,0.9849,0.5121,0.1463,general_cargo,HFO,Mumbai,JNPA
6,3,2,45552,14.1,82.2,297,2.87,2803.221,0.8220000000000001,11.590200000000001,5.697093486505405,10.726631762209768,91.5162,62.231,14.654,tanker,MGO,JNPA,Kandla
1,3,0,21825,17.0,91.9,276,0.73,4913.0,0.919,15.623000000000001,5.6240175061873385,9.990857198673035,61.3006,41.6844,9.8158,container_ship,MGO,Kandla,Mumbai
5,3,2,4651,15.5,80.2,521,1.7,3723.875,0.802,12.431000000000001,6.257667587882639,8.445052513638554,32.8188,22.3168,5.2551,ro_ro,MGO,Kandla,Mormugao
6,0,2,68263,11.9,94.1,788,0.42,1685.159,0.941,11.197899999999999,6.670766320845874,11.13113782021642,221.0928,114.9683,32.8409,tanker,HFO,Port_Blair,Chennai
1,4,2,35698,20.5,62.5,311,2.39,8615.125,0.625,12.8125,5.7430031878094825,10.482877956170928,309.1993,108.2198,17.8439,container_ship,Methanol,Paradip,Visakhapatnam
1,3,0,31457,14.0,87.2,290,2.61,2744.0,0.872,12.208,5.673323267171493,10.356408601800588,65.0777,44.2528,10.4206,container_ship,MGO,Kandla,JNPA
6,0,2,47959,11.2,82.9,311,2.52,1404.9279999999997,0.8290000000000001,9.2848,5.7430031878094825,10.77812260914145,64.6115,33.598,9.5973,tanker,HFO,Paradip,Visakhapatnam
0,0,2,58420,12.2,83.0,297,1.02,1815.8479999999997,0.83,10.126,5.697093486505405,10.975430693220769,71.0427,36.9422,10.5526,bulk_carrier,HFO,JNPA,Kandla
0,3,2,34473,10.4,60.8,521,3.19,1124.864,0.608,6.3232,6.257667587882639,10.447960695714336,60.4532,41.1082,9.6801,bulk_carrier,MGO,Kandla,Mormugao
6,0,2,50271,11.8,52.2,870,0.91,1643.0320000000004,0.522,6.1596,6.769641976852503,10.825203541055348,138.4342,71.9858,20.5629,tanker,HFO,Kochi,JNPA
0,0,2,47945,10.3,70.2,422,0.46,1092.7270000000003,0.7020000000000001,7.230600000000001,6.0473721790462776,10.777830656602518,61.9993,32.2396,9.2093,bulk_carrier,HFO,Mormugao,Kochi
0,0,2,62925,14.2,61.2,176,3.08,2863.2879999999996,0.612,8.690399999999999,5.176149732573829,11.049714711812085,69.2868,36.0291,10.2918,bulk_carrier,HFO,Mormugao,New_Mangalore
6,0,2,42416,14.6,65.5,217,1.52,3112.136,0.655,9.563,5.384495062789089,10.65530450425995,58.3383,30.3359,8.6655,tanker,HFO,Paradip,Kolkata_SMPK
3,0,2,16177,15.1,58.7,229,0.39,3442.9509999999996,0.5870000000000001,8.863700000000001,5.438079308923196,9.691407573577898,30.8865,16.061,4.5879,general_cargo,HFO,Kolkata_SMPK,Paradip
4,3,2,3081,25.7,95.6,859,2.01,16974.592999999997,0.956,24.5692,6.756932389247553,8.033334015880062,125.0974,85.0663,20.0312,passenger,MGO,Mumbai,Kochi
3,3,2,10004,11.2,95.5,692,1.89,1404.9279999999997,0.955,10.696,6.541029999189903,9.210840247017833,48.8587,33.2239,7.8235,general_cargo,MGO,Chennai,Paradip
6,0,2,28632,13.0,85.5,358,2.57,2197.0,0.855,11.115,5.883322388488279,10.262315177792935,75.5166,39.2686,11.2172,tanker,HFO,JNPA,Mormugao
0,2,2,56365,10.9,73.6,348,3.02,1295.0290000000002,0.736,8.0224,5.855071922202427,10.939621418827507,65.43,35.9865,10.1416,bulk_carrier,LNG,Kochi,New_Mangalore
0,2,0,49115,11.5,82.0,370,0.97,1520.875,0.82,9.43,5.916202062607435,10.801940126280403,56.414,31.0277,8.7442,bulk_carrier,LNG,Chennai,Tuticorin
0,0,2,31987,10.7,68.9,189,0.42,1225.0429999999997,0.6890000000000001,7.3723,5.247024072160486,10.37311611145178,20.9848,10.9121,3.1171,bulk_carrier,HFO,Kochi,Tuticorin
5,3,2,4651,16.5,55.3,359,0.6,4492.125,0.5529999999999999,9.1245,5.886104031450156,8.445052513638554,24.532,16.6818,3.9282,ro_ro,MGO,Mormugao,JNPA
2,2,2,884,16.6,75.0,850,0.79,4574.296000000001,0.75,12.450000000000001,6.7464121285733745,6.785587645007929,17.5393,9.6466,2.7186,ferry,LNG,Kochi,Mumbai
2,2,2,884,13.5,71.2,797,0.3,2460.375,0.7120000000000001,9.612000000000002,6.682108597449809,6.785587645007929,10.2379,5.6308,1.5869,ferry,LNG,Chennai,Port_Blair
1,4,2,35698,23.6,52.2,788,2.93,13144.256000000003,0.522,12.3192,6.670766320845874,10.482877956170928,1124.5578,393.5952,64.8982,container_ship,Methanol,Port_Blair,Chennai
3,3,2,17741,10.1,91.4,521,3.06,1030.301,0.914,9.2314,6.257667587882639,9.783689989080532,46.5133,31.629,7.4479,general_cargo,MGO,Kandla,Mormugao
6,0,2,54273,11.5,56.1,870,2.37,1520.875,0.561,6.4515,6.769641976852503,10.901800569887673,184.6545,96.0203,27.4284,tanker,HFO,Kochi,JNPA
0,3,2,47170,12.4,88.7,183,0.43,1906.6240000000003,0.887,10.998800000000001,5.214935757608986,10.761534575968792,35.4283,24.0912,5.673,bulk_carrier,MGO,Tuticorin,Kochi
6,2,0,59471,12.9,50.5,419,3.17,2146.6890000000003,0.505,6.5145,6.040254711277414,10.993260892537034,95.4267,52.4847,14.7911,tanker,LNG,Kochi,Mormugao
2,1,2,536,20.2,84.6,422,3.25,8242.408,0.846,17.089199999999998,6.0473721790462776,6.285998094508865,5.317,17.0143,0.3828,ferry,Hydrogen,Mormugao,Kochi
0,3,2,32714,14.0,75.1,290,2.22,2744.0,0.7509999999999999,10.514,5.673323267171493,10.395588967303839,66.8078,45.4293,10.6976,bulk_carrier,MGO,JNPA,Kandla
0,2,0,26135,10.1,92.9,229,0.64,1030.301,0.929,9.3829,5.438079308923196,10.171068953280907,17.5487,9.6518,2.7201,bulk_carrier,LNG,Kolkata_SMPK,Paradip
5,2,2,4206,14.0,66.3,349,1.28,2744.0,0.6629999999999999,9.281999999999998,5.857933154483459,8.344505083590521,13.3078,7.3193,2.0627,ro_ro,LNG,Mumbai,Mormugao
3,0,2,5602,13.0,60.2,359,2.01,2197.0,0.602,7.826,5.886104031450156,8.631057447565285,21.318,11.0854,3.1666,general_cargo,HFO,Mormugao,JNPA
6,0,0,28632,12.2,98.6,856,2.43,1815.8479999999997,0.986,12.0292,6.75343791859778,10.262315177792935,148.7552,77.3527,22.0959,tanker,HFO,Kolkata_SMPK,Chennai
0,3,0,40197,8.8,84.0,290,1.9,681.4720000000002,0.84,7.392,5.673323267171493,10.601572522125696,29.3691,19.971,4.7027,bulk_carrier,MGO,JNPA,Kandla
1,2,0,34898,17.7,64.2,521,1.17,5545.232999999999,0.642,11.3634,6.257667587882639,10.460213454484876,138.4718,76.1595,21.4631,container_ship,LNG,Kandla,Mormugao
6,3,2,59471,11.5,89.3,1196,2.13,1520.875,0.893,10.2695,7.087573705557973,10.993260892537034,268.962,182.8941,43.0675,tanker,MGO,Chennai,JNPA
3,3,2,14088,15.0,62.1,290,2.32,3375.0,0.621,9.315,5.673323267171493,9.553149630053277,40.3625,27.4465,6.463,general_cargo,MGO,JNPA,Kandla
4,2,0,3808,24.1,74.3,297,2.48,13997.521000000002,0.743,17.9063,5.697093486505405,8.245121966478605,38.6517,21.2584,5.991,passenger,LNG,JNPA,Kandla
5,2,2,7575,13.7,72.3,290,1.37,2571.3529999999996,0.723,9.9051,5.673323267171493,8.932740634865914,19.751,10.8631,3.0614,ro_ro,LNG,JNPA,Kandla
3,3,2,7216,16.4,50.8,18,0.33,4410.943999999999,0.508,8.331199999999999,2.9444389791664403,8.884194633072273,1.4057,0.9559,0.2251,general_cargo,MGO,Chennai,Kamarajar
0,0,1,49332,10.7,76.7,217,2.61,1225.0429999999997,0.767,8.2069,5.384495062789089,10.806348507298559,43.8258,22.7894,6.5098,bulk_carrier,HFO,Paradip,Kolkata_SMPK
6,3,2,50271,15.3,55.5,217,2.57,3581.5770000000007,0.555,8.4915,5.384495062789089,10.825203541055348,65.767,44.7215,10.5309,tanker,MGO,Paradip,Kolkata_SMPK
3,0,2,17741,9.1,64.1,859,0.34,753.5709999999999,0.6409999999999999,5.833099999999999,6.756932389247553,9.783689989080532,49.1905,25.579,7.3067,general_cargo,HFO,Mumbai,Kochi
4,1,2,3081,26.9,91.6,528,2.91,19465.108999999997,0.9159999999999999,24.640399999999996,6.270988431858299,8.033334015880062,38.5563,123.38,2.7761,passenger,Hydrogen,New_Mangalore,JNPA
0,3,2,49332,11.2,67.3,396,1.48,1404.9279999999997,0.6729999999999999,7.5375999999999985,5.983936280687191,10.806348507298559,64.6536,43.9644,10.3527,bulk_carrier,MGO,Chennai,Visakhapatnam
6,2,0,23323,11.1,58.3,277,1.49,1367.6309999999999,0.583,6.471299999999999,5.627621113690637,10.057238152342046,22.8843,12.5864,3.5471,tanker,LNG,Kandla,Mumbai
0,3,2,62925,14.1,60.1,176,0.42,2803.221,0.601,8.4741,5.176149732573829,11.049714711812085,49.9131,33.9409,7.9923,bulk_carrier,MGO,Mormugao,New_Mangalore
6,3,2,55666,14.2,59.1,396,1.32,2863.2879999999996,0.591,8.392199999999999,5.983936280687191,10.927142790736806,98.5685,67.0266,15.7833,tanker,MGO,Chennai,Visakhapatnam
1,3,2,13324,11.5,58.1,521,3.29,1520.875,0.581,6.6815,6.257667587882639,9.497397249034046,47.8979,32.5706,7.6697,container_ship,MGO,Kandla,Mormugao
2,1,2,1735,11.8,86.3,700,0.84,1643.0320000000004,0.863,10.1834,6.55250788703459,7.459338895220296,5.0997,16.3192,0.3672,ferry,Hydrogen,Paradip,Chennai
0,2,2,40197,12.7,60.7,422,0.71,2048.383,0.607,7.708899999999999,6.0473721790462776,10.601572522125696,60.5006,33.2753,9.3776,bulk_carrier,LNG,Mormugao,Kochi
1,4,2,16607,18.7,78.8,507,2.7,6539.2029999999995,0.7879999999999999,14.735599999999998,6.230481447578482,9.717639785965615,265.9955,93.0984,15.3506,container_ship,Methanol,Mumbai,New_Mangalore
0,2,2,35729,14.3,97.1,348,3.17,2924.2070000000003,0.971,13.8853,5.855071922202427,10.483745951017456,78.9653,43.4309,12.2396,bulk_carrier,LNG,Kochi,New_Mangalore
0,0,2,31987,9.0,75.0,406,2.3,729.0,0.75,6.75,6.008813185442595,10.37311611145178,37.0441,19.2629,5.5025,bulk_carrier,HFO,Visakhapatnam,Chennai
3,3,0,17758,12.5,81.8,345,1.67,1953.125,0.818,10.225,5.846438775057725,9.784647708654596,39.3895,26.7848,6.3072,general_cargo,MGO,New_Mangalore,Kochi
2,2,2,932,11.7,84.5,282,1.62,1601.6129999999996,0.845,9.8865,5.645446897643238,6.838405200847344,3.0989,1.7044,0.4803,ferry,LNG,Mumbai,Kandla
0,0,0,58490,9.7,69.4,495,2.66,912.6729999999998,0.6940000000000001,6.7318,6.206575926724928,10.976628175230568,76.927,40.002,11.4267,bulk_carrier,HFO,Kolkata_SMPK,Visakhapatnam
1,0,2,35698,22.7,53.5,297,2.13,11697.082999999999,0.535,12.1445,5.697093486505405,10.482877956170928,168.9962,87.878,25.1025,container_ship,HFO,JNPA,Kandla
6,3,1,71643,14.0,61.0,290,0.64,2744.0,0.61,8.54,5.673323267171493,11.17946468934515,85.8994,58.4116,13.7546,tanker,MGO,JNPA,Kandla
1,3,2,12017,21.0,58.5,853,2.69,9261.0,0.585,12.285,6.74993119378857,9.394160804893874,215.0921,146.2627,34.4416,container_ship,MGO,Chennai,Kolkata_SMPK
1,3,2,35698,22.0,85.7,370,1.95,10648.0,0.857,18.854,5.916202062607435,10.482877956170928,201.5819,137.0757,32.2783,container_ship,MGO,Chennai,Tuticorin
0,0,2,31987,11.9,90.5,359,2.53,1685.159,0.905,10.7695,5.886104031450156,10.37311611145178,65.8114,34.2219,9.7756,bulk_carrier,HFO,Mormugao,JNPA
0,2,2,29708,13.9,83.4,24,0.63,2685.619,0.8340000000000001,11.592600000000001,3.2188758248682006,10.299205309189412,3.7369,2.0553,0.5792,bulk_carrier,LNG,JNPA,Mumbai
6,0,2,47767,13.5,51.8,538,3.41,2460.375,0.518,6.993,6.289715570908998,10.774111238226828,153.794,79.9729,22.8444,tanker,HFO,Kochi,Chennai
0,2,2,41493,13.1,88.6,276,3.3,2248.091,0.8859999999999999,11.606599999999998,5.6240175061873385,10.633304117453084,59.2984,32.6141,9.1913,bulk_carrier,LNG,Kandla,Mumbai
3,0,2,16704,11.3,97.4,1181,3.05,1442.8970000000002,0.9740000000000001,11.006200000000002,7.074963197966044,9.723463354790857,126.6928,65.8803,18.8188,general_cargo,HFO,Chennai,Mumbai
0,0,2,66381,11.7,66.3,1181,3.05,1601.6129999999996,0.6629999999999999,7.7570999999999986,7.074963197966044,11.103181214377175,324.5636,168.7731,48.2104,bulk_carrier,HFO,Chennai,Mumbai
0,3,2,58420,12.4,72.5,757,1.3,1906.6240000000003,0.725,8.99,6.630683385642372,10.975430693220769,184.4378,125.4177,29.5331,bulk_carrier,MGO,Port_Blair,Tuticorin
6,2,2,27184,9.9,56.3,411,0.82,970.2990000000001,0.563,5.5737,6.021023349349527,10.210420629580021,26.6891,14.679,4.1368,tanker,LNG,Visakhapatnam,Kamarajar
1,0,2,35698,17.2,69.2,18,3.11,5088.447999999999,0.6920000000000001,11.9024,2.9444389791664403,10.482877956170928,7.6569,3.9816,1.1373,container_ship,HFO,Chennai,Kamarajar
3,3,2,18455,12.0,77.8,495,0.97,1728.0,0.778,9.336,6.206575926724928,9.823144799853589,49.4454,33.6229,7.9174,general_cargo,MGO,Kolkata_SMPK,Visakhapatnam
0,2,2,33529,11.2,50.4,518,2.94,1404.9279999999997,0.504,5.6448,6.251903883165888,10.420195839460273,56.9977,31.3488,8.8346,bulk_carrier,LNG,JNPA,New_Mangalore
1,3,2,12017,18.9,96.0,797,0.33,6751.268999999998,0.96,18.144,6.682108597449809,9.394160804893874,152.8014,103.905,24.4673,container_ship,MGO,Chennai,Port_Blair
1,2,2,33687,17.9,94.9,297,0.44,5735.338999999999,0.9490000000000001,16.987099999999998,5.697093486505405,10.424896969841763,92.8161,51.0488,14.3865,container_ship,LNG,JNPA,Kandla
6,2,0,50271,13.5,74.4,528,2.83,2460.375,0.7440000000000001,10.044000000000002,6.270988431858299,10.825203541055348,134.1695,73.7932,20.7963,tanker,LNG,New_Mangalore,JNPA
0,0,1,32714,13.2,68.8,359,2.03,2299.968,0.688,9.081599999999998,5.886104031450156,10.395588967303839,64.9199,33.7584,9.6431,bulk_carrier,HFO,Mormugao,JNPA
0,0,2,62925,15.2,91.3,22,3.16,3511.8079999999995,0.9129999999999999,13.877599999999997,3.1354942159291497,11.049714711812085,10.912,5.6743,1.6209,bulk_carrier,HFO,Mumbai,JNPA
6,2,2,68263,15.3,59.5,345,1.0,3581.5770000000007,0.595,9.1035,5.846438775057725,11.13113782021642,100.5851,55.3218,15.5907,tanker,LNG,New_Mangalore,Kochi
0,0,2,62925,14.2,63.4,507,2.41,2863.2879999999996,0.634,9.002799999999999,6.230481447578482,11.049714711812085,161.5095,83.9849,23.9905,bulk_carrier,HFO,Mumbai,New_Mangalore
0,2,2,62925,10.7,52.2,788,0.58,1225.0429999999997,0.522,5.5854,6.670766320845874,11.049714711812085,108.631,59.7471,16.8378,bulk_carrier,LNG,Port_Blair,Chennai
1,0,2,30177,18.1,61.0,277,3.34,5929.741000000002,0.61,11.041,5.627621113690637,10.314868461073596,120.7425,62.7861,17.935,container_ship,HFO,Kandla,Mumbai
1,0,2,41157,12.0,96.0,189,0.62,1728.0,0.96,11.52,5.247024072160486,10.625173597902494,36.9278,19.2024,5.4852,container_ship,HFO,Kochi,Tuticorin
0,3,2,29708,15.6,82.6,761,2.76,3796.4159999999997,0.826,12.885599999999998,6.635946555686647,10.299205309189412,205.2424,139.5648,32.8644,bulk_carrier,MGO,Tuticorin,Port_Blair
0,3,2,45790,11.0,75.6,276,0.96,1331.0,0.7559999999999999,8.315999999999999,5.6240175061873385,10.731842844242117,41.0354,27.904,6.5708,bulk_carrier,MGO,Kandla,Mumbai
3,3,0,16704,9.8,70.9,18,0.31,941.1920000000002,0.7090000000000001,6.948200000000001,2.9444389791664403,9.723463354790857,0.9774,0.6647,0.1565,general_cargo,MGO,Chennai,Kamarajar
6,0,0,55666,12.8,50.0,364,0.49,2097.1520000000005,0.5,6.4,5.8998973535824915,10.927142790736806,81.5545,42.4084,12.114,tanker,HFO,Tuticorin,Chennai
0,3,0,45790,11.6,83.2,692,2.56,1560.896,0.8320000000000001,9.651200000000001,6.541029999189903,10.731842844242117,140.3949,95.4685,22.4807,bulk_carrier,MGO,Chennai,Paradip
0,2,0,62925,10.8,53.2,396,1.46,1259.7120000000002,0.532,5.7456000000000005,5.983936280687191,11.049714711812085,57.2231,31.4727,8.8696,bulk_carrier,LNG,Chennai,Visakhapatnam
0,2,2,42343,11.8,63.8,870,2.8,1643.0320000000004,0.638,7.5284,6.769641976852503,10.653582013537823,144.1953,79.3074,22.3503,bulk_carrier,LNG,Kochi,JNPA
0,2,2,47945,11.5,50.2,419,1.05,1520.875,0.502,5.773,6.040254711277414,10.777830656602518,50.4823,27.7652,7.8247,bulk_carrier,LNG,Kochi,Mormugao
6,3,1,70614,16.2,52.4,359,1.54,4251.527999999999,0.524,8.4888,5.886104031450156,11.164997865503164,151.5797,103.0742,24.2717,tanker,MGO,Mormugao,JNPA
3,0,2,18455,12.6,95.5,396,1.31,2000.3759999999997,0.955,12.033,5.983936280687191,9.823144799853589,46.9024,24.3892,6.9668,general_cargo,HFO,Chennai,Visakhapatnam
1,4,0,41892,18.0,70.5,521,1.5,5832.0,0.705,12.69,6.257667587882639,10.64287402751427,421.2674,147.4436,24.3113,container_ship,Methanol,Kandla,Mormugao
0,0,2,71338,10.6,62.2,700,1.26,1191.0159999999998,0.622,6.5931999999999995,6.55250788703459,11.175198441433086,138.4769,72.008,20.5692,bulk_carrier,HFO,Paradip,Chennai
0,2,0,34731,11.1,89.5,276,1.01,1367.6309999999999,0.895,9.9345,5.6240175061873385,10.455416731180536,30.3933,16.7163,4.711,bulk_carrier,LNG,Mumbai,Kandla
3,3,2,17741,10.1,59.4,692,0.73,1030.301,0.594,5.9994,6.541029999189903,9.783689989080532,45.5108,30.9473,7.2874,general_cargo,MGO,Chennai,Paradip
3,3,2,7328,10.7,99.2,797,2.45,1225.0429999999997,0.992,10.6144,6.682108597449809,8.89959435992585,38.1012,25.9088,6.101,general_cargo,MGO,Chennai,Port_Blair
0,2,2,62925,11.5,59.3,359,3.15,1520.875,0.593,6.8195,5.886104031450156,11.049714711812085,71.1157,39.1136,11.0229,bulk_carrier,LNG,Mormugao,JNPA
1,4,2,41892,13.2,65.3,876,2.71,2299.968,0.653,8.6196,6.776506992372183,10.64287402751427,414.2962,145.0037,23.909,container_ship,Methanol,JNPA,Kochi
0,2,1,59816,12.9,87.0,419,1.66,2146.6890000000003,0.87,11.223,6.040254711277414,10.99904518047501,93.5295,51.4412,14.4971,bulk_carrier,LNG,Kamarajar,Visakhapatnam
3,0,0,19799,11.7,78.6,1179,2.26,1601.6129999999996,0.7859999999999999,9.1962,7.07326971745971,9.893437216682626,142.6704,74.1886,21.1921,general_cargo,HFO,Mumbai,Chennai
3,0,2,15643,11.1,56.2,24,2.55,1367.6309999999999,0.562,6.238200000000001,3.2188758248682006,9.657842735875406,2.0485,1.0652,0.3043,general_cargo,HFO,JNPA,Mumbai
0,3,0,58095,12.4,78.6,396,3.5,1906.6240000000003,0.7859999999999999,9.7464,5.983936280687191,10.969852093654117,124.5725,84.7093,19.9472,bulk_carrier,MGO,Chennai,Visakhapatnam
3,0,2,6658,14.0,98.7,542,1.64,2744.0,0.987,13.818,6.297109319933935,8.803724602110622,48.3487,25.1413,7.1817,general_cargo,HFO,Chennai,Kochi
1,3,2,41892,13.9,79.0,700,1.0,2685.619,0.79,10.981000000000002,6.55250788703459,10.64287402751427,159.7279,108.615,25.5764,container_ship,MGO,Paradip,Chennai
3,0,2,5602,10.6,94.4,692,1.54,1191.0159999999998,0.9440000000000001,10.006400000000001,6.541029999189903,8.631057447565285,27.5553,14.3287,4.093,general_cargo,HFO,Chennai,Paradip
3,0,1,16177,10.2,59.4,358,3.28,1061.2079999999999,0.594,6.058799999999999,5.883322388488279,9.691407573577898,33.1048,17.2145,4.9174,general_cargo,HFO,JNPA,Mormugao
1,0,1,17470,22.3,88.6,297,3.42,11089.567000000001,0.8859999999999999,19.7578,5.697093486505405,9.768297642474444,138.2457,71.8878,20.5349,container_ship,HFO,JNPA,Kandla
0,0,2,45319,12.8,91.9,521,2.04,2097.1520000000005,0.919,11.763200000000001,6.257667587882639,10.721503715141942,133.988,69.6738,19.9024,bulk_carrier,HFO,Kandla,Mormugao
0,0,2,58095,11.3,74.6,189,2.09,1442.8970000000002,0.746,8.4298,5.247024072160486,10.969852093654117,39.4824,20.5308,5.8647,bulk_carrier,HFO,Kochi,Tuticorin
3,3,0,13823,13.8,74.3,217,2.41,2628.0720000000006,0.743,10.253400000000001,5.384495062789089,9.534161491043838,24.8181,16.8763,3.974,general_cargo,MGO,Paradip,Kolkata_SMPK
5,3,2,4651,19.5,59.7,419,2.47,7414.875,0.597,11.641499999999999,6.040254711277414,8.445052513638554,42.4653,28.8764,6.7998,ro_ro,MGO,Kamarajar,Visakhapatnam
0,2,2,31987,12.5,71.8,359,1.89,1953.125,0.718,8.975,5.886104031450156,10.37311611145178,53.2997,29.3148,8.2615,bulk_carrier,LNG,Mormugao,JNPA
0,2,2,26135,9.2,62.2,22,2.62,778.6879999999999,0.622,5.7223999999999995,3.1354942159291497,10.171068953280907,1.5313,0.8422,0.2373,bulk_carrier,LNG,Mumbai,JNPA
6,0,2,28244,13.3,76.1,277,0.35,2352.637,0.7609999999999999,10.1213,5.627621113690637,10.248671729759362,47.1454,24.5156,7.0029,tanker,HFO,Kandla,Mumbai
6,2,2,22608,13.5,88.2,495,1.29,2460.375,0.882,11.907,6.206575926724928,10.026103336076316,63.4057,34.8731,9.8279,tanker,LNG,Kolkata_SMPK,Visakhapatnam
3,0,2,9258,11.5,59.7,507,2.49,1520.875,0.597,6.8655,6.230481447578482,9.133351330448047,34.467,17.9229,5.1197,general_cargo,HFO,Mumbai,New_Mangalore
6,3,1,47233,13.0,72.0,370,0.47,2197.0,0.72,9.36,5.916202062607435,10.762869251237097,76.5758,52.0716,12.2617,tanker,MGO,Chennai,Tuticorin
1,2,2,41892,17.5,96.4,189,0.79,5359.375,0.9640000000000001,16.87,5.247024072160486,10.64287402751427,61.2242,33.6733,9.4898,container_ship,LNG,Kochi,Tuticorin
1,0,2,17470,18.1,89.1,542,2.45,5929.741000000002,0.8909999999999999,16.1271,6.297109319933935,9.768297642474444,144.3716,75.0732,21.4448,container_ship,HFO,Chennai,Kochi
0,0,2,56365,12.5,51.2,217,0.72,1953.125,0.512,6.4,5.384495062789089,10.939621418827507,45.44,23.6288,6.7496,bulk_carrier,HFO,Paradip,Kolkata_SMPK
4,2,2,4149,20.3,54.2,176,0.36,8365.427000000001,0.542,11.002600000000001,5.176149732573829,8.330863613224745,13.3336,7.3335,2.0667,passenger,LNG,Mormugao,New_Mangalore
0,2,2,41291,10.3,71.2,276,1.14,1092.7270000000003,0.7120000000000001,7.3336000000000015,5.6240175061873385,10.62842405558548,30.345,16.6898,4.7035,bulk_carrier,LNG,Mumbai,Kandla
2,2,2,1735,14.5,71.3,276,2.25,3048.625,0.713,10.3385,5.6240175061873385,7.459338895220296,7.6059,4.1832,1.1789,ferry,LNG,Mumbai,Kandla
5,0,1,4651,17.5,74.7,396,1.25,5359.375,0.747,13.0725,5.983936280687191,8.445052513638554,36.1632,18.8049,5.3716,ro_ro,HFO,Chennai,Visakhapatnam
1,2,2,12578,19.8,65.2,183,1.52,7762.392000000001,0.652,12.909600000000001,5.214935757608986,9.439784035838873,30.7662,16.9214,4.7688,container_ship,LNG,Tuticorin,Kochi
6,2,2,55666,12.1,51.8,542,3.01,1771.561,0.518,6.2678,6.297109319933935,10.927142790736806,114.7822,63.1302,17.7912,tanker,LNG,Chennai,Kochi
6,2,2,42416,13.1,94.8,286,2.83,2248.091,0.948,12.4188,5.659482215759621,10.65530450425995,59.1634,32.5399,9.1703,tanker,LNG,Kandla,JNPA
1,3,2,17711,22.9,76.4,189,0.86,12008.988999999998,0.764,17.4956,5.247024072160486,9.781997654948418,63.279,43.0297,10.1325,container_ship,MGO,Kochi,Tuticorin
6,2,0,39701,14.1,50.8,419,2.56,2803.221,0.508,7.1628,6.040254711277414,10.589156843240115,83.8993,46.1446,13.0044,tanker,LNG,Kamarajar,Visakhapatnam
6,2,2,47233,11.7,60.0,1179,1.8,1601.6129999999996,0.6,7.02,7.07326971745971,10.762869251237097,176.1387,96.8763,27.3015,tanker,LNG,Mumbai,Chennai
1,3,2,27197,17.9,91.7,276,1.57,5735.338999999999,0.917,16.4143,5.6240175061873385,10.210898720168904,89.7593,61.0363,14.3727,container_ship,MGO,Mumbai,Kandla
1,2,2,36763,20.3,59.8,529,3.17,8365.427000000001,0.598,12.1394,6.272877006546167,10.512274384478,245.3061,134.9184,38.0224,container_ship,LNG,Mormugao,Kandla
1,3,2,37761,18.2,63.1,856,2.33,6028.567999999999,0.631,11.4842,6.75343791859778,10.539058584958477,331.7861,225.6145,53.1272,container_ship,MGO,Kolkata_SMPK,Chennai
0,2,1,49115,15.8,81.8,169,1.11,3944.3120000000004,0.818,12.9244,5.135798437050262,10.801940126280403,45.066,24.7863,6.9852,bulk_carrier,LNG,New_Mangalore,Mormugao
0,3,2,40197,12.3,93.4,491,1.4,1860.8670000000004,0.934,11.4882,6.198478716492308,10.601572522125696,95.8395,65.1708,15.3463,bulk_carrier,MGO,Visakhapatnam,Kolkata_SMPK
0,3,2,62925,14.5,68.3,348,0.47,3048.625,0.6829999999999999,9.9035,5.855071922202427,11.049714711812085,101.489,69.0125,16.2509,bulk_carrier,MGO,Kochi,New_Mangalore
0,2,0,41291,13.0,79.2,359,0.57,2197.0,0.792,10.296000000000001,5.886104031450156,10.62842405558548,58.3218,32.077,9.0399,bulk_carrier,LNG,Mormugao,JNPA
0,2,1,33529,14.0,89.1,183,0.82,2744.0,0.8909999999999999,12.473999999999998,5.214935757608986,10.420195839460273,31.2407,17.1824,4.8423,bulk_carrier,LNG,Tuticorin,Kochi
0,3,1,44373,9.5,82.7,700,2.2,857.375,0.8270000000000001,7.8565000000000005,6.55250788703459,10.700408991312528,95.6951,65.0726,15.3232,bulk_carrier,MGO,Paradip,Chennai
3,0,2,7216,15.1,51.0,359,1.84,3442.9509999999996,0.51,7.701,5.886104031450156,8.884194633072273,30.0836,15.6434,4.4686,general_cargo,HFO,Mormugao,JNPA
6,2,2,37083,12.6,55.5,859,1.93,2000.3759999999997,0.555,6.993,6.756932389247553,10.520940888726873,133.7187,73.5453,20.7264,tanker,LNG,Mumbai,Kochi
3,3,2,7328,12.2,85.9,183,0.8,1815.8479999999997,0.8590000000000001,10.479800000000001,5.214935757608986,8.89959435992585,10.6189,7.2209,1.7004,general_cargo,MGO,Tuticorin,Kochi
0,0,2,64303,11.0,97.8,538,3.26,1331.0,0.978,10.758,6.289715570908998,11.071377116688982,137.018,71.2494,20.3525,bulk_carrier,HFO,Kochi,Chennai
0,2,2,66381,14.1,62.2,176,3.0,2803.221,0.622,8.770199999999999,5.176149732573829,11.103181214377175,50.9036,27.997,7.8901,bulk_carrier,LNG,Mormugao,New_Mangalore
6,0,2,23323,12.1,96.2,876,0.99,1771.561,0.9620000000000001,11.6402,6.776506992372183,10.057238152342046,107.8593,56.0869,16.0213,tanker,HFO,JNPA,Kochi
3,3,0,17380,12.8,96.0,348,1.56,2097.1520000000005,0.96,12.288,5.855071922202427,9.76313293456348,44.1857,30.0463,7.0752,general_cargo,MGO,Kochi,New_Mangalore
6,0,2,59471,12.0,75.9,347,2.89,1728.0,0.759,9.108,5.8522024797744745,10.993260892537034,95.9107,49.8735,14.2465,tanker,HFO,Mormugao,Mumbai
6,2,1,39649,12.3,58.7,313,2.96,1860.8670000000004,0.5870000000000001,7.220100000000001,5.749392985908253,10.587846227062993,54.212,29.8166,8.4029,tanker,LNG,Visakhapatnam,Paradip
2,2,2,884,16.5,71.2,757,1.58,4492.125,0.7120000000000001,11.748000000000001,6.630683385642372,6.785587645007929,16.8829,9.2856,2.6168,ferry,LNG,Port_Blair,Tuticorin
1,2,0,9661,18.9,71.1,1190,1.14,6751.268999999998,0.711,13.437899999999999,7.0825485693553,9.175955945114351,154.092,84.7506,23.8843,container_ship,LNG,JNPA,Chennai
0,2,2,60844,12.1,73.5,1196,1.68,1771.561,0.735,8.8935,7.087573705557973,11.016084925770901,230.1828,126.6005,35.6783,bulk_carrier,LNG,Chennai,JNPA
5,3,0,4206,18.4,56.9,276,2.14,6229.503999999999,0.569,10.469599999999998,5.6240175061873385,8.344505083590521,23.06,15.6808,3.6925,ro_ro,MGO,Mumbai,Kandla
1,3,2,33073,14.4,90.1,349,1.76,2985.9840000000004,0.9009999999999999,12.9744,5.857933154483459,10.406502754210141,74.3798,50.5782,11.9101,container_ship,MGO,Mumbai,Mormugao
3,3,0,14985,10.6,94.9,419,2.64,1191.0159999999998,0.9490000000000001,10.0594,6.040254711277414,9.614871710924255,34.5172,23.4717,5.5271,general_cargo,MGO,Kamarajar,Visakhapatnam
1,3,1,16607,17.2,55.9,277,1.49,5088.447999999999,0.5589999999999999,9.614799999999999,5.627621113690637,9.717639785965615,47.7585,32.4758,7.6473,container_ship,MGO,Kandla,Mumbai
3,3,2,14985,14.1,60.2,313,0.92,2803.221,0.602,8.488199999999999,5.749392985908253,9.614871710924255,34.3703,23.3718,5.5035,general_cargo,MGO,Visakhapatnam,Paradip
6,3,0,28244,14.0,65.1,529,2.47,2744.0,0.6509999999999999,9.113999999999999,6.272877006546167,10.248671729759362,95.4794,64.926,15.2886,tanker,MGO,Mormugao,Kandla
6,3,2,23117,14.5,72.0,505,3.2,3048.625,0.72,10.44,6.226536669287466,10.048366813854212,97.0485,65.993,15.5399,tanker,MGO,New_Mangalore,Mumbai
6,0,2,55620,12.6,53.2,286,3.04,2000.3759999999997,0.532,6.7032,5.659482215759621,10.926316106770527,82.9127,43.1146,12.3158,tanker,HFO,Kandla,JNPA
1,2,2,17711,18.9,99.5,700,2.33,6751.268999999998,0.995,18.8055,6.55250788703459,9.781997654948418,174.3358,95.8847,27.022,container_ship,LNG,Paradip,Chennai
1,2,0,30177,23.3,77.4,358,1.29,12649.337000000001,0.774,18.034200000000002,5.883322388488279,10.314868461073596,165.1112,90.8111,25.5922,container_ship,LNG,JNPA,Mormugao
3,3,2,19799,14.5,98.9,176,2.34,3048.625,0.9890000000000001,14.340500000000002,5.176149732573829,9.893437216682626,33.5294,22.8,5.3689,general_cargo,MGO,Mormugao,New_Mangalore
6,3,0,27184,10.7,61.6,18,2.62,1225.0429999999997,0.616,6.5912,2.9444389791664403,10.210420629580021,1.9515,1.327,0.3125,tanker,MGO,Chennai,Kamarajar
6,2,0,28632,12.5,66.8,757,1.16,1953.125,0.6679999999999999,8.35,6.630683385642372,10.262315177792935,87.3155,48.0235,13.5339,tanker,LNG,Port_Blair,Tuticorin
3,3,0,16704,12.1,56.6,277,2.55,1771.561,0.5660000000000001,6.8486,5.627621113690637,9.723463354790857,25.1324,17.09,4.0243,general_cargo,MGO,Kandla,Mumbai
1,3,2,41157,13.3,81.2,521,1.24,2352.637,0.812,10.799600000000002,6.257667587882639,10.625173597902494,107.3872,73.0233,17.1954,container_ship,MGO,Kandla,Mormugao
0,3,1,40197,9.3,89.8,419,1.24,804.3570000000002,0.898,8.351400000000002,6.040254711277414,10.601572522125696,44.5332,30.2826,7.1309,bulk_carrier,MGO,Kochi,Mormugao
1,0,2,12578,21.1,74.3,538,2.7,9393.931000000002,0.743,15.6773,6.289715570908998,9.439784035838873,163.6955,85.1217,24.3152,container_ship,HFO,Kochi,Chennai
1,2,2,41892,17.6,90.7,229,3.01,5451.776000000002,0.907,15.963200000000002,5.438079308923196,10.64287402751427,86.4608,47.5534,13.4014,container_ship,LNG,Kolkata_SMPK,Paradip
4,2,0,4545,26.9,93.7,859,1.84,19465.108999999997,0.937,25.2053,6.756932389247553,8.422003004412488,151.6527,83.409,23.5062,passenger,LNG,Mumbai,Kochi
0,3,2,58095,10.3,61.2,521,2.78,1092.7270000000003,0.612,6.3036,6.257667587882639,10.969852093654117,86.6294,58.908,13.8715,bulk_carrier,MGO,Kandla,Mormugao
6,3,2,70614,15.1,93.9,1179,3.01,3442.9509999999996,0.9390000000000001,14.1789,7.07326971745971,11.164997865503164,585.081,397.8551,93.6861,tanker,MGO,Mumbai,Chennai
2,2,2,884,17.6,59.1,1196,2.1,5451.776000000002,0.591,10.4016,7.087573705557973,6.785587645007929,30.6647,16.8656,4.753,ferry,LNG,Chennai,JNPA
6,0,2,47767,13.4,83.9,22,2.96,2406.1040000000003,0.8390000000000001,11.242600000000001,3.1354942159291497,10.774111238226828,6.8208,3.5468,1.0132,tanker,HFO,Mumbai,JNPA
0,2,2,47170,11.8,64.8,422,1.92,1643.0320000000004,0.648,7.646400000000001,6.0473721790462776,10.761534575968792,65.1576,35.8367,10.0994,bulk_carrier,LNG,Mormugao,Kochi
5,0,2,4206,15.9,58.7,1196,1.19,4019.679,0.5870000000000001,9.333300000000001,7.087573705557973,8.344505083590521,75.1794,39.0933,11.1671,ro_ro,HFO,Chennai,JNPA
3,0,0,17380,13.9,86.0,757,2.26,2685.619,0.86,11.954,6.630683385642372,9.76313293456348,119.3547,62.0644,17.7288,general_cargo,HFO,Port_Blair,Tuticorin
0,2,2,30900,13.9,51.8,788,2.57,2685.619,0.518,7.200200000000001,6.670766320845874,10.33854382482173,141.6671,77.9169,21.9584,bulk_carrier,LNG,Port_Blair,Chennai
3,0,1,9058,11.2,69.5,347,2.61,1404.9279999999997,0.695,7.783999999999999,5.8522024797744745,9.111514017669288,22.1568,11.5215,3.2912,general_cargo,HFO,Mormugao,Mumbai
1,3,2,16607,19.7,51.4,229,2.92,7645.373,0.514,10.1258,5.438079308923196,9.717639785965615,60.0365,40.8248,9.6133,container_ship,MGO,Kolkata_SMPK,Paradip
0,0,2,44373,13.1,71.2,1179,0.81,2248.091,0.7120000000000001,9.327200000000001,7.07326971745971,10.700408991312528,245.2953,127.5536,36.4359,bulk_carrier,HFO,Mumbai,Chennai
0,3,0,60844,12.9,58.9,406,2.36,2146.6890000000003,0.589,7.5981,6.008813185442595,11.016084925770901,113.2733,77.0259,18.1379,bulk_carrier,MGO,Visakhapatnam,Chennai
0,2,2,40197,12.4,95.0,370,0.89,1906.6240000000003,0.95,11.78,5.916202062607435,10.601572522125696,56.4302,31.0366,8.7467,bulk_carrier,LNG,Chennai,Tuticorin
1,3,2,30177,22.7,81.8,286,1.24,11697.082999999999,0.818,18.5686,5.659482215759621,10.314868461073596,135.9793,92.4659,21.7737,container_ship,MGO,Kandla,JNPA
3,3,2,5602,12.5,51.7,313,1.27,1953.125,0.517,6.4625,5.749392985908253,8.631057447565285,14.1762,9.6398,2.27,general_cargo,MGO,Visakhapatnam,Paradip
6,2,0,25705,12.0,66.8,859,3.13,1728.0,0.6679999999999999,8.015999999999998,6.756932389247553,10.154479706670077,100.6352,55.3493,15.5985,tanker,LNG,Mumbai,Kochi
0,0,0,63697,11.9,81.1,347,1.13,1685.159,0.8109999999999999,9.6509,5.8522024797744745,11.061908443893099,89.2331,46.4012,13.2546,bulk_carrier,HFO,Mormugao,Mumbai
0,3,0,62925,11.1,51.5,169,0.86,1367.6309999999999,0.515,5.7165,5.135798437050262,11.049714711812085,29.0185,19.7326,4.6466,bulk_carrier,MGO,New_Mangalore,Mormugao
3,3,2,14088,15.8,57.3,313,2.09,3944.3120000000004,0.573,9.0534,5.749392985908253,9.553149630053277,47.5818,32.3556,7.619,general_cargo,MGO,Visakhapatnam,Paradip
6,3,2,37289,16.4,93.4,797,0.63,4410.943999999999,0.934,15.317599999999999,6.682108597449809,10.526480473172866,247.8717,168.5528,39.6905,tanker,MGO,Chennai,Port_Blair
3,3,2,17758,11.6,64.7,406,1.03,1560.896,0.647,7.5052,6.008813185442595,9.784647708654596,33.6735,22.898,5.392,general_cargo,MGO,Visakhapatnam,Chennai
6,3,2,68263,13.7,65.1,870,2.55,2571.3529999999996,0.6509999999999999,8.918699999999998,6.769641976852503,11.13113782021642,282.7469,192.2679,45.2748,tanker,MGO,Kochi,JNPA
0,3,2,58420,13.3,63.3,757,1.44,2352.637,0.633,8.4189,6.630683385642372,10.975430693220769,181.8865,123.6828,29.1246,bulk_carrier,MGO,Port_Blair,Tuticorin
1,2,2,27264,14.9,71.5,542,1.2,3307.949,0.715,10.6535,6.297109319933935,10.213359107360162,90.9234,50.0079,14.0931,container_ship,LNG,Chennai,Kochi
3,0,2,19799,13.6,71.7,277,2.73,2515.4559999999997,0.7170000000000001,9.7512,5.627621113690637,9.893437216682626,45.0328,23.4171,6.6891,general_cargo,HFO,Kandla,Mumbai
1,2,0,8659,15.9,66.5,359,0.55,4019.679,0.665,10.573500000000001,5.886104031450156,9.06647000155648,31.6242,17.3933,4.9017,container_ship,LNG,Mormugao,JNPA
5,2,0,8727,18.5,88.8,518,2.33,6331.625,0.888,16.428,6.251903883165888,9.074291527512907,67.195,36.9573,10.4152,ro_ro,LNG,JNPA,New_Mangalore
6,0,0,76931,12.9,95.3,419,2.56,2146.6890000000003,0.953,12.2937,6.040254711277414,11.250677193775257,154.8861,80.5408,23.0066,tanker,HFO,Kamarajar,Visakhapatnam
0,3,0,26135,10.6,71.0,538,2.24,1191.0159999999998,0.71,7.526,6.289715570908998,10.171068953280907,53.5271,36.3984,8.571,bulk_carrier,MGO,Kochi,Chennai
0,3,2,40297,11.4,81.5,505,2.5,1481.544,0.815,9.291,6.226536669287466,10.604057118911712,92.1502,62.6621,14.7555,bulk_carrier,MGO,New_Mangalore,Mumbai
3,3,2,5602,12.4,65.0,521,0.97,1906.6240000000003,0.65,8.06,6.257667587882639,8.631057447565285,25.0168,17.0114,4.0058,general_cargo,MGO,Kandla,Mormugao
1,3,2,21724,16.1,52.6,286,2.52,4173.281000000001,0.526,8.4686,5.659482215759621,9.986218950133592,55.9678,38.0581,8.9618,container_ship,MGO,Kandla,JNPA
1,4,2,41892,17.6,63.1,876,3.49,5451.776000000002,0.631,11.1056,6.776506992372183,10.64287402751427,867.5461,303.6411,50.0661,container_ship,Methanol,JNPA,Kochi
4,3,0,3081,22.7,66.8,406,2.79,11697.082999999999,0.6679999999999999,15.163599999999997,6.008813185442595,8.033334015880062,46.2059,31.42,7.3987,passenger,MGO,Visakhapatnam,Chennai
1,4,0,8659,16.9,94.7,1196,1.04,4826.808999999998,0.9470000000000001,16.0043,7.087573705557973,9.06647000155648,318.2695,111.3943,18.3673,container_ship,Methanol,Chennai,JNPA
2,5,0,1735,12.4,53.0,406,1.23,1906.6240000000003,0.53,6.572000000000001,6.008813185442595,7.459338895220296,104.7665,12.572,0.3093,ferry,Shore_Power,Visakhapatnam,Chennai
6,0,2,35987,12.8,98.1,422,1.26,2097.1520000000005,0.981,12.5568,6.0473721790462776,10.49094082853701,86.6072,45.0358,12.8646,tanker,HFO,Mormugao,Kochi
0,3,2,40297,10.5,58.1,169,1.3,1157.625,0.581,6.100499999999999,5.135798437050262,10.604057118911712,20.3537,13.8405,3.2591,bulk_carrier,MGO,New_Mangalore,Mormugao
1,4,1,41892,12.9,83.9,348,0.38,2146.6890000000003,0.8390000000000001,10.823100000000002,5.855071922202427,10.64287402751427,150.1527,52.5534,8.6653,container_ship,Methanol,Kochi,New_Mangalore
1,0,1,36763,22.6,79.8,491,2.4,11543.176000000001,0.7979999999999999,18.0348,6.198478716492308,10.512274384478,334.9409,174.1693,49.7518,container_ship,HFO,Visakhapatnam,Kolkata_SMPK
5,0,2,4651,18.6,80.9,419,2.87,6434.856000000002,0.809,15.047400000000001,6.040254711277414,8.445052513638554,50.7288,26.379,7.5352,ro_ro,HFO,Kamarajar,Visakhapatnam
0,2,2,56365,13.3,85.9,495,1.48,2352.637,0.8590000000000001,11.424700000000001,6.206575926724928,10.939621418827507,111.2944,61.2119,17.2506,bulk_carrier,LNG,Kolkata_SMPK,Visakhapatnam
0,3,0,63697,14.1,94.8,528,1.45,2803.221,0.948,13.3668,6.270988431858299,11.061908443893099,181.5264,123.4379,29.0669,bulk_carrier,MGO,New_Mangalore,JNPA
6,3,2,28244,16.0,75.3,349,1.54,4096.0,0.753,12.048,5.857933154483459,10.248671729759362,92.3005,62.7643,14.7796,tanker,MGO,Mumbai,Mormugao
5,0,1,8843,20.1,96.5,529,1.82,8120.6010000000015,0.965,19.3965,6.272877006546167,9.087494541977337,106.3737,55.3143,15.8006,ro_ro,HFO,Mormugao,Kandla
1,4,2,34470,22.7,98.0,528,2.92,11697.082999999999,0.98,22.246,6.270988431858299,10.44787366982408,808.3762,282.9317,46.6514,container_ship,Methanol,New_Mangalore,JNPA
1,0,1,21724,23.2,68.2,1181,2.72,12487.168,0.682,15.8224,7.074963197966044,9.986218950133592,604.2198,314.1943,89.7502,container_ship,HFO,Chennai,Mumbai
1,3,2,33687,21.3,77.8,22,1.87,9663.597000000002,0.778,16.5714,3.1354942159291497,10.424896969841763,11.5274,7.8386,1.8458,container_ship,MGO,Mumbai,JNPA
1,4,2,21724,23.4,84.5,24,2.02,12812.903999999997,0.845,19.773,3.2188758248682006,9.986218950133592,23.9991,8.3997,1.385,container_ship,Methanol,JNPA,Mumbai
6,0,0,55468,16.2,80.1,856,1.59,4251.527999999999,0.8009999999999999,12.976199999999999,6.75343791859778,10.923579585124024,370.3104,192.5614,55.0055,tanker,HFO,Kolkata_SMPK,Chennai
3,3,2,10749,12.5,80.4,692,1.19,1953.125,0.804,10.05,6.541029999189903,9.28266103355581,54.8593,37.3043,8.7843,general_cargo,MGO,Chennai,Paradip
6,2,2,35203,13.6,78.9,406,1.38,2515.4559999999997,0.789,10.7304,6.008813185442595,10.468914991493703,68.2509,37.538,10.5789,tanker,LNG,Visakhapatnam,Chennai
6,2,0,22608,13.0,61.1,358,0.68,2197.0,0.611,7.943,5.883322388488279,10.026103336076316,31.2217,17.172,4.8394,tanker,LNG,JNPA,Mormugao
6,0,0,47767,13.2,85.8,282,2.09,2299.968,0.858,11.3256,5.645446897643238,10.774111238226828,76.832,39.9526,11.4125,tanker,HFO,Mumbai,Kandla
4,3,0,1902,19.5,88.2,1190,2.04,7414.875,0.882,17.199,7.0825485693553,7.551186867296149,78.2704,53.2239,12.533,passenger,MGO,JNPA,Chennai
3,3,2,14844,8.6,94.0,757,3.4,636.0559999999999,0.94,8.084,6.630683385642372,9.60541838719786,41.3656,28.1286,6.6237,general_cargo,MGO,Port_Blair,Tuticorin
0,3,0,70130,12.8,66.9,282,3.13,2097.1520000000005,0.669,8.5632,5.645446897643238,11.158120200662147,84.8808,57.7189,13.5915,bulk_carrier,MGO,Mumbai,Kandla
5,2,2,7575,17.2,64.4,345,3.42,5088.447999999999,0.644,11.0768,5.846438775057725,8.932740634865914,37.6686,20.7177,5.8386,ro_ro,LNG,New_Mangalore,Kochi
2,5,1,1735,11.1,84.3,491,1.68,1367.6309999999999,0.843,9.357299999999999,6.198478716492308,7.459338895220296,112.8812,13.5457,0.3332,ferry,Shore_Power,Visakhapatnam,Kolkata_SMPK
6,3,0,59471,14.2,62.1,349,2.59,2863.2879999999996,0.621,8.8182,5.857933154483459,10.993260892537034,116.3461,79.1153,18.6299,tanker,MGO,Mumbai,Mormugao
0,3,2,56514,13.8,68.9,313,1.14,2628.0720000000006,0.6890000000000001,9.5082,5.749392985908253,10.942261368624832,87.799,59.7033,14.0588,bulk_carrier,MGO,Visakhapatnam,Paradip
1,3,2,12578,23.4,95.6,311,1.96,12812.903999999997,0.956,22.370399999999997,5.7430031878094825,9.439784035838873,98.0968,66.7058,15.7078,container_ship,MGO,Paradip,Visakhapatnam
6,3,2,50271,17.1,66.4,757,2.66,5000.211000000001,0.664,11.354400000000002,6.630683385642372,10.825203541055348,323.0343,219.6633,51.7259,tanker,MGO,Port_Blair,Tuticorin
1,4,2,17470,23.1,94.3,850,1.74,12326.391000000001,0.943,21.7833,6.7464121285733745,9.768297642474444,662.0259,231.7091,38.2055,container_ship,Methanol,Kochi,Mumbai
1,2,0,17711,19.5,93.6,761,1.64,7414.875,0.9359999999999999,18.252,6.635946555686647,9.781997654948418,174.9034,96.1969,27.11,container_ship,LNG,Tuticorin,Port_Blair
6,0,2,55666,10.5,62.8,761,3.29,1157.625,0.628,6.594,6.635946555686647,10.927142790736806,145.9446,75.8912,21.6785,tanker,HFO,Tuticorin,Port_Blair
0,0,0,59816,10.8,64.1,277,1.01,1259.7120000000002,0.6409999999999999,6.9228,5.627621113690637,10.99904518047501,46.8663,24.3705,6.9615,bulk_carrier,HFO,Kandla,Mumbai
2,1,2,1735,12.7,70.9,297,1.54,2048.383,0.7090000000000001,9.0043,5.697093486505405,7.459338895220296,2.7141,8.685,0.1954,ferry,Hydrogen,JNPA,Kandla
3,0,2,15648,13.0,97.8,22,1.31,2197.0,0.978,12.714,3.1354942159291497,9.658162296163171,2.6062,1.3552,0.3871,general_cargo,HFO,Mumbai,JNPA
0,2,2,66381,11.3,87.6,1196,2.4,1442.8970000000002,0.8759999999999999,9.8988,7.087573705557973,11.103181214377175,252.8905,139.0898,39.198,bulk_carrier,LNG,Chennai,JNPA
0,3,0,32714,11.9,99.9,870,2.64,1685.159,0.9990000000000001,11.888100000000001,6.769641976852503,10.395588967303839,151.6404,103.1155,24.2814,bulk_carrier,MGO,Kochi,JNPA
6,2,2,56969,12.4,77.6,286,1.06,1906.6240000000003,0.7759999999999999,9.622399999999999,5.659482215759621,10.950280092474442,53.9655,29.681,8.3647,tanker,LNG,Kandla,JNPA
3,0,2,19799,14.7,52.6,1196,2.45,3176.5229999999997,0.526,7.7322,7.087573705557973,9.893437216682626,198.1108,103.0176,29.4272,general_cargo,HFO,Chennai,JNPA
0,0,0,42343,14.4,54.7,505,2.43,2985.9840000000004,0.547,7.876800000000001,6.226536669287466,10.653582013537823,129.6194,67.4021,19.2535,bulk_carrier,HFO,New_Mangalore,Mumbai
0,0,2,32714,14.4,72.5,518,1.67,2985.9840000000004,0.725,10.44,6.251903883165888,10.395588967303839,132.5766,68.9398,19.6928,bulk_carrier,HFO,JNPA,New_Mangalore
0,0,2,27915,11.6,55.3,528,1.66,1560.896,0.5529999999999999,6.414799999999999,6.270988431858299,10.236955280137042,66.0063,34.3233,9.8045,bulk_carrier,HFO,New_Mangalore,JNPA
3,0,2,16177,12.0,72.1,364,2.44,1728.0,0.721,8.652,5.8998973535824915,9.691407573577898,39.1695,20.3681,5.8182,general_cargo,HFO,Tuticorin,Chennai
0,0,2,70130,12.9,53.9,297,3.35,2146.6890000000003,0.539,6.953100000000001,5.697093486505405,11.158120200662147,103.4204,53.7786,15.362,bulk_carrier,HFO,JNPA,Kandla
5,0,2,8843,15.8,89.5,521,1.07,3944.3120000000004,0.895,14.141000000000002,6.257667587882639,9.087494541977337,59.9359,31.1667,8.9028,ro_ro,HFO,Kandla,Mormugao
6,0,1,67954,15.6,89.1,345,3.28,3796.4159999999997,0.8909999999999999,13.899599999999998,5.846438775057725,11.126601000389448,203.9912,106.0754,30.3007,tanker,HFO,New_Mangalore,Kochi
0,3,2,63249,11.0,66.3,396,1.24,1331.0,0.6629999999999999,7.292999999999999,5.983936280687191,11.054850406589766,69.2023,47.0576,11.081,bulk_carrier,MGO,Chennai,Visakhapatnam
1,3,2,30177,17.2,84.1,276,0.7,5088.447999999999,0.841,14.4652,5.6240175061873385,10.314868461073596,74.9439,50.9619,12.0004,container_ship,MGO,Mumbai,Kandla
0,3,2,58095,10.6,57.3,876,1.04,1191.0159999999998,0.573,6.073799999999999,6.776506992372183,10.969852093654117,133.5653,90.8244,21.3871,bulk_carrier,MGO,JNPA,Kochi
0,2,2,58490,9.8,95.3,419,3.1,941.1920000000002,0.953,9.3394,6.040254711277414,10.976628175230568,63.4821,34.9151,9.8397,bulk_carrier,LNG,Kamarajar,Visakhapatnam
1,4,2,41157,16.3,62.5,359,3.28,4330.747,0.625,10.1875,5.886104031450156,10.625173597902494,269.0873,94.1806,15.529,container_ship,Methanol,Mormugao,JNPA
0,0,2,40297,10.1,94.2,528,2.63,1030.301,0.9420000000000001,9.5142,6.270988431858299,10.604057118911712,79.7165,41.4526,11.841,bulk_carrier,HFO,New_Mangalore,JNPA
1,3,2,31457,16.5,97.8,406,2.16,4492.125,0.978,16.137,6.008813185442595,10.356408601800588,127.5228,86.7155,20.4196,container_ship,MGO,Visakhapatnam,Chennai
0,2,2,41291,12.8,96.0,24,2.22,2097.1520000000005,0.96,12.288,3.2188758248682006,10.62842405558548,4.7385,2.6062,0.7345,bulk_carrier,LNG,JNPA,Mumbai
0,3,2,66381,14.5,53.3,406,1.57,3048.625,0.5329999999999999,7.728499999999999,6.008813185442595,11.103181214377175,127.3743,86.6146,20.3958,bulk_carrier,MGO,Visakhapatnam,Chennai
0,3,2,31987,9.9,67.7,311,1.61,970.2990000000001,0.677,6.702300000000001,5.7430031878094825,10.37311611145178,31.5258,21.4375,5.0481,bulk_carrier,MGO,Paradip,Visakhapatnam
0,0,2,44373,12.2,80.5,364,0.35,1815.8479999999997,0.805,9.821,5.8998973535824915,10.700408991312528,66.6785,34.6728,9.9044,bulk_carrier,HFO,Tuticorin,Chennai
5,3,2,8727,14.2,86.8,692,0.68,2863.2879999999996,0.868,12.3256,6.541029999189903,9.074291527512907,57.7571,39.2748,9.2484,ro_ro,MGO,Chennai,Paradip
3,0,2,7216,11.9,75.4,396,2.37,1685.159,0.754,8.9726,5.983936280687191,8.884194633072273,22.0564,11.4693,3.2762,general_cargo,HFO,Chennai,Visakhapatnam
6,0,2,23117,15.3,88.7,370,1.3,3581.5770000000007,0.887,13.571100000000001,5.916202062607435,10.048366813854212,82.2209,42.7548,12.213,tanker,HFO,Chennai,Tuticorin
1,4,2,30177,23.2,68.8,495,1.97,12487.168,0.688,15.961599999999999,6.206575926724928,10.314868461073596,572.0149,200.2052,33.011,container_ship,Methanol,Kolkata_SMPK,Visakhapatnam
3,0,2,13823,13.6,53.8,22,1.84,2515.4559999999997,0.5379999999999999,7.316799999999999,3.1354942159291497,9.534161491043838,2.5647,1.3336,0.381,general_cargo,HFO,Mumbai,JNPA
0,0,1,58242,14.1,83.7,1181,2.69,2803.221,0.8370000000000001,11.8017,7.074963197966044,10.972379192532934,423.833,220.3932,62.9557,bulk_carrier,HFO,Chennai,Mumbai
6,0,2,39701,10.9,91.3,870,2.67,1295.0290000000002,0.9129999999999999,9.951699999999999,6.769641976852503,10.589156843240115,161.4251,83.9411,23.9779,tanker,HFO,Kochi,JNPA
3,0,2,16651,12.3,56.9,24,2.84,1860.8670000000004,0.569,6.9986999999999995,3.2188758248682006,9.720285608314866,2.6756,1.3913,0.3974,general_cargo,HFO,JNPA,Mumbai
5,2,2,6679,17.1,73.2,17,1.06,5000.211000000001,0.732,12.5172,2.8903717578961645,8.806873266530692,1.5891,0.874,0.2463,ro_ro,LNG,Kamarajar,Chennai
0,2,2,30900,13.6,89.0,349,1.07,2515.4559999999997,0.89,12.104,5.857933154483459,10.33854382482173,51.3466,28.2406,7.9587,bulk_carrier,LNG,Mumbai,Mormugao
0,3,2,41291,9.7,61.5,491,1.43,912.6729999999998,0.615,5.9655,6.198478716492308,10.62842405558548,57.7799,39.2903,9.252,bulk_carrier,MGO,Visakhapatnam,Kolkata_SMPK
0,2,2,34473,12.6,77.2,529,1.22,2000.3759999999997,0.772,9.7272,6.272877006546167,10.447960695714336,77.9685,42.8827,12.0851,bulk_carrier,LNG,Mormugao,Kandla
0,3,2,60013,11.8,84.2,290,0.46,1643.0320000000004,0.8420000000000001,9.9356,5.673323267171493,11.002333147319582,57.3268,38.9823,9.1795,bulk_carrier,MGO,JNPA,Kandla
0,2,2,58490,14.2,60.2,276,0.5,2863.2879999999996,0.602,8.548399999999999,5.6240175061873385,10.976628175230568,68.1389,37.4764,10.5615,bulk_carrier,LNG,Mumbai,Kandla
6,0,2,67954,11.2,70.4,419,1.28,1404.9279999999997,0.7040000000000001,7.8848,6.040254711277414,11.126601000389448,95.7004,49.7642,14.2152,tanker,HFO,Kochi,Mormugao
3,0,1,18455,8.8,93.1,290,1.21,681.4720000000002,0.9309999999999999,8.1928,5.673323267171493,9.823144799853589,17.0998,8.8919,2.54,general_cargo,HFO,JNPA,Kandla
0,3,2,44373,11.2,61.4,183,2.97,1404.9279999999997,0.614,6.876799999999999,5.214935757608986,10.700408991312528,30.3893,20.6647,4.8661,bulk_carrier,MGO,Tuticorin,Kochi
3,3,0,19799,13.0,92.5,169,2.63,2197.0,0.925,12.025,5.135798437050262,9.893437216682626,25.1192,17.0811,4.0222,general_cargo,MGO,New_Mangalore,Mormugao
0,3,0,44373,12.2,75.0,856,3.46,1815.8479999999997,0.75,9.149999999999999,6.75343791859778,10.700408991312528,199.9437,135.9617,32.016,bulk_carrier,MGO,Kolkata_SMPK,Chennai
1,0,2,18598,21.1,63.0,286,3.1,9393.931000000002,0.63,13.293000000000001,5.659482215759621,9.830863094815127,108.4473,56.3926,16.1087,container_ship,HFO,Kandla,JNPA
0,2,2,49332,11.8,79.3,396,2.09,1643.0320000000004,0.7929999999999999,9.3574,5.983936280687191,10.806348507298559,69.2198,38.0709,10.7291,bulk_carrier,LNG,Chennai,Visakhapatnam
3,3,2,9058,11.1,50.7,542,2.52,1367.6309999999999,0.507,5.6277,6.297109319933935,9.111514017669288,27.1191,18.441,4.3424,general_cargo,MGO,Chennai,Kochi
3,0,2,19799,12.2,75.6,507,3.05,1815.8479999999997,0.7559999999999999,9.223199999999999,6.230481447578482,9.893437216682626,70.3403,36.5769,10.4483,general_cargo,HFO,Mumbai,New_Mangalore
1,0,1,8659,12.1,91.5,276,3.38,1771.561,0.915,11.0715,5.6240175061873385,9.06647000155648,24.7271,12.8581,3.6729,container_ship,HFO,Mumbai,Kandla
0,2,2,31987,10.8,70.8,24,0.64,1259.7120000000002,0.708,7.6464,3.2188758248682006,10.37311611145178,2.2718,1.2495,0.3521,bulk_carrier,LNG,JNPA,Mumbai
5,3,2,4651,19.2,60.9,761,2.26,7077.887999999999,0.609,11.6928,6.635946555686647,8.445052513638554,81.9735,55.742,13.126,ro_ro,MGO,Tuticorin,Port_Blair
0,3,2,49115,11.6,84.8,538,1.95,1560.896,0.848,9.8368,6.289715570908998,10.801940126280403,113.4896,77.173,18.1725,bulk_carrier,MGO,Kochi,Chennai
6,3,2,39649,15.1,52.7,347,1.64,3442.9509999999996,0.527,7.9577,5.8522024797744745,10.587846227062993,84.2035,57.2584,13.4831,tanker,MGO,Mormugao,Mumbai
0,3,2,60844,11.9,57.9,538,1.96,1685.159,0.579,6.8900999999999994,6.289715570908998,11.016084925770901,117.1699,79.6755,18.7618,bulk_carrier,MGO,Kochi,Chennai
6,2,2,72064,15.2,73.0,1181,3.12,3511.8079999999995,0.73,11.096,7.074963197966044,11.185323768517204,460.8907,253.4899,71.4381,tanker,LNG,Chennai,Mumbai
0,0,0,58242,15.1,58.6,370,2.86,3442.9509999999996,0.586,8.8486,5.916202062607435,10.972379192532934,144.7499,75.27,21.501,bulk_carrier,HFO,Chennai,Tuticorin
1,0,2,21724,19.3,56.4,1181,3.37,7189.057000000001,0.564,10.8852,7.074963197966044,9.986218950133592,394.2544,205.0123,58.5621,container_ship,HFO,Chennai,Mumbai
3,0,2,11634,13.4,65.0,396,2.21,2406.1040000000003,0.65,8.71,5.983936280687191,9.361773075736393,39.2104,20.3894,5.8243,general_cargo,HFO,Chennai,Visakhapatnam
1,3,2,17470,20.2,76.7,757,1.37,8242.408,0.767,15.4934,6.630683385642372,9.768297642474444,209.2357,142.2803,33.5039,container_ship,MGO,Port_Blair,Tuticorin
1,0,2,16607,19.1,58.4,370,1.23,6967.871000000002,0.584,11.1544,5.916202062607435,9.717639785965615,82.7608,43.0356,12.2932,container_ship,HFO,Chennai,Tuticorin
3,3,0,5602,10.9,93.6,850,2.48,1295.0290000000002,0.9359999999999999,10.202399999999999,6.7464121285733745,8.631057447565285,40.9244,27.8286,6.553,general_cargo,MGO,Kochi,Mumbai
6,2,2,35203,11.6,98.9,518,2.82,1560.896,0.9890000000000001,11.4724,6.251903883165888,10.468914991493703,78.6014,43.2308,12.1832,tanker,LNG,JNPA,New_Mangalore
0,0,2,34473,11.4,70.8,411,2.46,1481.544,0.708,8.0712,6.021023349349527,10.447960695714336,60.9495,31.6937,9.0534,bulk_carrier,HFO,Visakhapatnam,Kamarajar
5,0,2,4651,16.8,57.8,521,0.54,4741.6320000000005,0.578,9.7104,6.257667587882639,8.445052513638554,40.136,20.8707,5.9618,ro_ro,HFO,Kandla,Mormugao
3,0,1,17758,14.0,88.4,311,1.93,2744.0,0.884,12.376,5.7430031878094825,9.784647708654596,45.6624,23.7445,6.7827,general_cargo,HFO,Paradip,Visakhapatnam
6,2,2,23323,13.1,55.3,176,2.38,2248.091,0.5529999999999999,7.244299999999999,5.176149732573829,10.057238152342046,24.7607,13.6184,3.8379,tanker,LNG,Mormugao,New_Mangalore
1,3,2,34470,21.7,57.9,364,0.54,10218.312999999998,0.579,12.5643,5.8998973535824915,10.44787366982408,161.1135,109.5572,25.7983,container_ship,MGO,Tuticorin,Chennai
6,2,2,72064,11.0,86.1,183,3.01,1331.0,0.861,9.471,5.214935757608986,11.185323768517204,40.705,22.3877,6.3093,tanker,LNG,Tuticorin,Kochi
6,3,2,35987,10.7,87.8,422,3.02,1225.0429999999997,0.878,9.394599999999999,6.0473721790462776,10.49094082853701,69.4644,47.2358,11.123,tanker,MGO,Mormugao,Kochi
6,3,0,66768,12.4,52.5,542,1.2,1906.6240000000003,0.525,6.510000000000001,6.297109319933935,11.108994179953779,121.2158,82.4268,19.4097,tanker,MGO,Chennai,Kochi
5,2,2,8843,20.3,77.2,692,2.98,8365.427000000001,0.772,15.671600000000002,6.541029999189903,9.087494541977337,125.4369,68.9903,19.4427,ro_ro,LNG,Chennai,Paradip
6,0,2,56969,10.0,87.5,396,0.37,1000.0,0.875,8.75,5.983936280687191,10.950280092474442,64.3053,33.4387,9.5518,tanker,HFO,Chennai,Visakhapatnam
1,0,2,13324,11.3,74.6,1179,1.66,1442.8970000000002,0.746,8.4298,7.07326971745971,9.497397249034046,92.2429,47.9663,13.7017,container_ship,HFO,Mumbai,Chennai
0,2,0,42343,14.5,86.7,18,1.68,3048.625,0.867,12.5715,2.9444389791664403,10.653582013537823,3.9908,2.1949,0.6186,bulk_carrier,LNG,Chennai,Kamarajar
2,2,2,536,17.3,67.1,419,0.42,5177.717000000001,0.6709999999999999,11.6083,6.040254711277414,6.285998094508865,6.6232,3.6428,1.0266,ferry,LNG,Kamarajar,Visakhapatnam
6,2,0,22608,9.7,57.6,359,3.04,912.6729999999998,0.5760000000000001,5.5872,5.886104031450156,10.026103336076316,24.9382,13.716,3.8654,tanker,LNG,Mormugao,JNPA
5,3,2,4651,20.1,56.2,176,2.54,8120.6010000000015,0.562,11.296200000000002,5.176149732573829,8.445052513638554,19.7442,13.4261,3.1615,ro_ro,MGO,Mormugao,New_Mangalore
0,3,2,30900,16.3,93.5,348,1.05,4330.747,0.935,15.2405,5.855071922202427,10.33854382482173,104.8288,71.2836,16.7857,bulk_carrier,MGO,Kochi,New_Mangalore
6,2,2,42416,10.7,58.5,22,2.52,1225.0429999999997,0.585,6.259499999999999,3.1354942159291497,10.65530450425995,2.6137,1.4375,0.4051,tanker,LNG,Mumbai,JNPA
0,0,2,38293,16.6,76.7,189,1.56,4574.296000000001,0.767,12.7322,5.247024072160486,10.55304850493315,63.173,32.85,9.3837,bulk_carrier,HFO,Kochi,Tuticorin
0,2,2,49115,13.8,94.3,176,1.27,2628.0720000000006,0.943,13.0134,5.176149732573829,10.801940126280403,37.9082,20.8495,5.8758,bulk_carrier,LNG,Mormugao,New_Mangalore
2,2,2,2604,14.4,65.3,422,1.17,2985.9840000000004,0.653,9.4032,6.0473721790462776,7.865187954187467,11.9039,6.5471,1.8451,ferry,LNG,Mormugao,Kochi
1,0,2,34470,17.4,67.7,505,3.46,5268.0239999999985,0.677,11.7798,6.226536669287466,10.44787366982408,217.9763,113.3477,32.378,container_ship,HFO,New_Mangalore,Mumbai
1,0,2,37761,17.7,70.2,290,0.48,5545.232999999999,0.7020000000000001,12.425400000000002,5.673323267171493,10.539058584958477,90.8426,47.2381,13.4937,container_ship,HFO,JNPA,Kandla
0,3,2,33063,13.7,53.8,290,2.62,2571.3529999999996,0.5379999999999999,7.370599999999999,5.673323267171493,10.406200356191569,58.5651,39.8242,9.3777,bulk_carrier,MGO,JNPA,Kandla
1,4,2,21825,15.2,52.5,797,0.49,3511.8079999999995,0.525,7.9799999999999995,6.682108597449809,9.990857198673035,240.9348,84.3272,13.9043,container_ship,Methanol,Chennai,Port_Blair
1,3,0,38751,15.0,58.2,217,2.83,3375.0,0.5820000000000001,8.73,5.384495062789089,10.564937646352819,62.8695,42.7512,10.067,container_ship,MGO,Paradip,Kolkata_SMPK
3,0,2,15648,11.4,71.4,396,3.01,1481.544,0.7140000000000001,8.139600000000002,5.983936280687191,9.658162296163171,42.9236,22.3203,6.3758,general_cargo,HFO,Chennai,Visakhapatnam
0,2,0,31987,10.5,63.8,853,2.39,1157.625,0.638,6.699,6.74993119378857,10.37311611145178,84.5616,46.5089,13.1071,bulk_carrier,LNG,Chennai,Kolkata_SMPK
6,3,2,68994,12.1,55.6,521,2.55,1771.561,0.556,6.727600000000001,6.257667587882639,11.141789317185655,136.2235,92.632,21.8128,tanker,MGO,Kandla,Mormugao
3,0,2,7328,14.2,79.6,290,3.02,2863.2879999999996,0.7959999999999999,11.303199999999999,5.673323267171493,8.89959435992585,27.1277,14.1064,4.0295,general_cargo,HFO,Kandla,JNPA
6,2,0,56969,10.5,57.7,859,1.68,1157.625,0.5770000000000001,6.0585,6.756932389247553,10.950280092474442,106.6651,58.6658,16.5331,tanker,LNG,Mumbai,Kochi
6,0,1,55666,12.3,91.6,297,3.48,1860.8670000000004,0.9159999999999999,11.2668,5.697093486505405,10.927142790736806,85.6532,44.5396,12.7228,tanker,HFO,JNPA,Kandla
6,3,2,27184,13.3,53.4,229,1.37,2352.637,0.534,7.102200000000001,5.438079308923196,10.210420629580021,35.0302,23.8205,5.6092,tanker,MGO,Kolkata_SMPK,Paradip
1,2,0,27264,17.0,88.2,277,1.37,4913.0,0.882,14.994,5.627621113690637,10.213359107360162,64.3997,35.4198,9.982,container_ship,LNG,Kandla,Mumbai
1,2,2,27197,19.2,88.8,491,0.99,7077.887999999999,0.888,17.049599999999998,6.198478716492308,10.210898720168904,129.3958,71.1677,20.0563,container_ship,LNG,Visakhapatnam,Kolkata_SMPK
3,3,2,7216,12.3,95.1,359,2.45,1860.8670000000004,0.951,11.6973,5.886104031450156,8.884194633072273,23.6984,16.1149,3.7947,general_cargo,MGO,Mormugao,JNPA
3,0,0,11634,11.0,73.8,348,2.58,1331.0,0.738,8.118,5.855071922202427,9.361773075736393,23.5592,12.2508,3.4995,general_cargo,HFO,Kochi,New_Mangalore
1,4,2,41892,14.1,99.7,347,0.91,2803.221,0.997,14.057699999999999,5.8522024797744745,10.64287402751427,198.7022,69.5458,11.4671,container_ship,Methanol,Mormugao,Mumbai
0,0,2,47945,12.0,54.6,297,0.31,1728.0,0.546,6.5520000000000005,5.697093486505405,10.777830656602518,47.686,24.7967,7.0832,bulk_carrier,HFO,JNPA,Kandla
0,0,2,30900,15.4,92.9,788,0.76,3652.264,0.929,14.306600000000001,6.670766320845874,10.33854382482173,203.7599,105.9551,30.2663,bulk_carrier,HFO,Port_Blair,Chennai
4,3,2,2268,14.7,62.0,277,2.82,3176.5229999999997,0.62,9.113999999999999,5.627621113690637,7.727094484779841,11.8837,8.0809,1.9029,passenger,MGO,Kandla,Mumbai
3,3,2,7328,14.7,65.1,1181,0.97,3176.5229999999997,0.6509999999999999,9.569699999999997,7.074963197966044,8.89959435992585,80.5764,54.7919,12.9023,general_cargo,MGO,Chennai,Mumbai
1,2,2,18598,21.9,83.9,359,1.94,10503.458999999997,0.8390000000000001,18.374100000000002,5.886104031450156,9.830863094815127,103.8071,57.0939,16.0901,container_ship,LNG,Mormugao,JNPA
5,0,1,6679,15.2,88.7,788,2.57,3511.8079999999995,0.887,13.4824,6.670766320845874,8.806873266530692,78.0612,40.5918,11.5951,ro_ro,HFO,Port_Blair,Chennai
1,3,2,12578,22.3,53.8,528,1.6,11089.567000000001,0.5379999999999999,11.997399999999999,6.270988431858299,9.439784035838873,117.9557,80.2099,18.8877,container_ship,MGO,New_Mangalore,JNPA
4,3,2,3081,23.5,67.5,495,1.38,12977.875,0.675,15.8625,6.206575926724928,8.033334015880062,57.4715,39.0806,9.2026,passenger,MGO,Kolkata_SMPK,Visakhapatnam
0,0,2,56365,12.6,78.1,761,2.1,2000.3759999999997,0.7809999999999999,9.840599999999998,6.635946555686647,10.939621418827507,215.6926,112.1601,32.0388,bulk_carrier,HFO,Tuticorin,Port_Blair
5,2,2,4651,20.4,57.3,419,3.48,8489.663999999999,0.573,11.689199999999998,6.040254711277414,8.445052513638554,46.2596,25.4428,7.1702,ro_ro,LNG,Kochi,Mormugao
0,3,0,34473,10.1,69.4,700,2.61,1030.301,0.6940000000000001,7.0094,6.55250788703459,10.447960695714336,81.1909,55.2098,13.0007,bulk_carrier,MGO,Paradip,Chennai
0,3,2,27915,11.3,83.5,870,1.71,1442.8970000000002,0.835,9.4355,6.769641976852503,10.236955280137042,109.4114,74.3998,17.5195,bulk_carrier,MGO,Kochi,JNPA
3,3,1,16651,12.4,50.3,290,0.99,1906.6240000000003,0.503,6.2372000000000005,5.673323267171493,9.720285608314866,24.0506,16.3544,3.8511,general_cargo,MGO,JNPA,Kandla
1,3,1,38751,14.2,70.2,347,1.75,2863.2879999999996,0.7020000000000001,9.9684,5.8522024797744745,10.564937646352819,77.6134,52.7771,12.4279,container_ship,MGO,Mormugao,Mumbai
6,3,2,37083,13.5,92.1,345,0.94,2460.375,0.9209999999999999,12.433499999999999,5.846438775057725,10.520940888726873,72.1207,49.0421,11.5483,tanker,MGO,New_Mangalore,Kochi
0,3,2,45319,11.8,87.3,495,0.94,1643.0320000000004,0.873,10.301400000000001,6.206575926724928,10.721503715141942,89.5025,60.8617,14.3316,bulk_carrier,MGO,Kolkata_SMPK,Visakhapatnam
5,3,0,4651,21.8,86.6,505,2.0,10360.232000000002,0.866,18.878800000000002,6.226536669287466,8.445052513638554,76.2805,51.8707,12.2144,ro_ro,MGO,New_Mangalore,Mumbai
4,1,2,3081,25.3,60.3,290,1.91,16194.277000000002,0.603,15.2559,5.673323267171493,8.033334015880062,14.6713,46.9482,1.0563,passenger,Hydrogen,JNPA,Kandla
6,3,2,76931,14.7,54.0,217,1.78,3176.5229999999997,0.54,7.938,5.384495062789089,11.250677193775257,82.5214,56.1146,13.2137,tanker,MGO,Paradip,Kolkata_SMPK
4,1,2,4545,19.9,67.6,364,3.0,7880.598999999998,0.6759999999999999,13.452399999999997,5.8998973535824915,8.422003004412488,16.5852,53.0726,1.1941,passenger,Hydrogen,Tuticorin,Chennai
6,0,2,56969,13.0,78.9,1181,3.45,2197.0,0.789,10.257,7.074963197966044,10.950280092474442,375.3637,195.1891,55.7562,tanker,HFO,Chennai,Mumbai
0,3,2,48674,10.6,52.3,189,0.47,1191.0159999999998,0.523,5.5438,5.247024072160486,10.7929208302404,25.8285,17.5633,4.1358,bulk_carrier,MGO,Kochi,Tuticorin
3,3,1,14985,13.8,59.0,495,3.05,2628.0720000000006,0.59,8.142,6.206575926724928,9.614871710924255,63.3864,43.1028,10.1498,general_cargo,MGO,Kolkata_SMPK,Visakhapatnam
0,3,2,35729,13.5,95.4,311,2.93,2460.375,0.9540000000000001,12.879000000000001,5.7430031878094825,10.483745951017456,72.2274,49.1146,11.5654,bulk_carrier,MGO,Paradip,Visakhapatnam
0,0,2,38293,15.1,79.0,856,1.66,3442.9509999999996,0.79,11.929,6.75343791859778,10.55304850493315,265.3952,138.0055,39.4215,bulk_carrier,HFO,Kolkata_SMPK,Chennai
0,2,0,48674,13.3,64.5,700,0.79,2352.637,0.645,8.5785,6.55250788703459,10.7929208302404,130.7735,71.9254,20.2699,bulk_carrier,LNG,Paradip,Chennai
4,2,2,4545,27.2,55.7,1179,2.29,20123.647999999997,0.557,15.150400000000001,7.07326971745971,8.422003004412488,209.3627,115.1495,32.4512,passenger,LNG,Mumbai,Chennai
1,4,2,26077,22.1,67.3,169,1.26,10793.861000000003,0.6729999999999999,14.873299999999999,5.135798437050262,10.168847325983418,156.76,54.866,9.0466,container_ship,Methanol,New_Mangalore,Mormugao
6,2,2,28073,13.1,53.5,276,0.77,2248.091,0.535,7.008500000000001,5.6240175061873385,10.24259916009427,31.7677,17.4722,4.924,tanker,LNG,Kandla,Mumbai
5,3,2,8727,18.7,50.6,358,1.01,6539.2029999999995,0.506,9.4622,5.883322388488279,9.074291527512907,46.4281,31.5711,7.4343,ro_ro,MGO,JNPA,Mormugao
0,3,2,58420,11.4,82.4,176,1.02,1481.544,0.8240000000000001,9.393600000000001,5.176149732573829,10.975430693220769,34.9684,23.7785,5.5993,bulk_carrier,MGO,Mormugao,New_Mangalore
1,2,2,33073,14.1,97.4,505,0.44,2803.221,0.9740000000000001,13.733400000000001,6.226536669287466,10.406502754210141,90.7192,49.8955,14.0615,container_ship,LNG,New_Mangalore,Mumbai
0,3,2,45319,14.5,81.9,521,0.33,3048.625,0.8190000000000001,11.8755,6.257667587882639,10.721503715141942,133.0316,90.4615,21.3017,bulk_carrier,MGO,Kandla,Mormugao
0,0,2,49332,10.7,85.8,542,2.3,1225.0429999999997,0.858,9.1806,6.297109319933935,10.806348507298559,98.4322,51.1847,14.621,bulk_carrier,HFO,Chennai,Kochi
3,3,2,16177,13.5,86.8,189,1.87,2460.375,0.868,11.718,5.247024072160486,9.691407573577898,25.5213,17.3545,4.0866,general_cargo,MGO,Kochi,Tuticorin
1,3,2,30177,22.2,70.5,1179,2.55,10941.047999999999,0.705,15.650999999999998,7.07326971745971,10.314868461073596,659.7596,448.6365,105.644,container_ship,MGO,Mumbai,Chennai
1,3,0,31457,15.7,80.5,217,1.96,3869.8929999999996,0.805,12.6385,5.384495062789089,10.356408601800588,54.1501,36.822,8.6708,container_ship,MGO,Paradip,Kolkata_SMPK
5,3,0,6679,14.9,96.7,876,3.49,3307.949,0.9670000000000001,14.408300000000002,6.776506992372183,8.806873266530692,97.7832,66.4926,15.6575,ro_ro,MGO,JNPA,Kochi
1,4,0,18598,21.7,61.9,229,0.45,10218.312999999998,0.619,13.4323,5.438079308923196,9.830863094815127,138.6246,48.5186,8.0,container_ship,Methanol,Kolkata_SMPK,Paradip
6,0,2,72064,15.0,82.7,176,2.53,3375.0,0.8270000000000001,12.405000000000001,5.176149732573829,11.185323768517204,80.903,42.0695,12.0172,tanker,HFO,Mormugao,New_Mangalore
1,3,2,17711,17.9,62.3,22,0.59,5735.338999999999,0.623,11.1517,3.1354942159291497,9.781997654948418,4.2897,2.917,0.6869,container_ship,MGO,Mumbai,JNPA
2,5,1,884,16.1,63.3,419,3.06,4173.281000000001,0.633,10.191300000000002,6.040254711277414,6.785587645007929,131.2143,15.7457,0.3873,ferry,Shore_Power,Kochi,Mormugao
1,2,2,31457,15.5,50.8,876,3.22,3723.875,0.508,7.8740000000000006,6.776506992372183,10.356408601800588,202.1044,111.1574,31.3262,container_ship,LNG,JNPA,Kochi
1,2,2,8659,14.5,74.1,419,2.76,3048.625,0.741,10.7445,6.040254711277414,9.06647000155648,36.4722,20.0597,5.6532,container_ship,LNG,Kamarajar,Visakhapatnam
4,2,0,2268,13.3,56.3,491,1.1,2352.637,0.563,7.4879,6.198478716492308,7.727094484779841,11.0414,6.0728,1.7114,passenger,LNG,Visakhapatnam,Kolkata_SMPK
3,0,2,19799,12.1,61.2,850,2.05,1771.561,0.612,7.4052,6.7464121285733745,9.893437216682626,88.811,46.1817,13.1919,general_cargo,HFO,Kochi,Mumbai
0,0,2,42343,14.9,99.8,406,2.98,3307.949,0.998,14.8702,6.008813185442595,10.653582013537823,156.377,81.316,23.2281,bulk_carrier,HFO,Visakhapatnam,Chennai
1,2,2,9661,16.0,89.2,521,0.85,4096.0,0.892,14.272,6.257667587882639,9.175955945114351,49.2109,27.066,7.6277,container_ship,LNG,Kandla,Mormugao
1,2,2,30177,21.0,84.4,24,0.31,9261.0,0.8440000000000001,17.724,3.2188758248682006,10.314868461073596,8.4562,4.6509,1.3107,container_ship,LNG,JNPA,Mumbai
6,2,0,56969,9.8,52.4,24,2.28,941.1920000000002,0.524,5.1352,3.2188758248682006,10.950280092474442,2.8161,1.5488,0.4365,tanker,LNG,JNPA,Mumbai
2,5,1,1735,13.5,97.5,189,1.31,2460.375,0.975,13.1625,5.247024072160486,7.459338895220296,62.4412,7.4929,0.1843,ferry,Shore_Power,Kochi,Tuticorin
0,2,2,63697,13.5,50.6,788,1.86,2460.375,0.506,6.831,6.670766320845874,11.061908443893099,187.2898,103.0094,29.0299,bulk_carrier,LNG,Port_Blair,Chennai
6,0,2,54273,14.4,51.7,290,0.82,2985.9840000000004,0.517,7.444800000000001,5.673323267171493,10.901800569887673,73.3285,38.1308,10.8921,tanker,HFO,Kandla,JNPA
0,2,2,49115,15.6,55.1,396,1.65,3796.4159999999997,0.551,8.595600000000001,5.983936280687191,10.801940126280403,98.6905,54.2798,15.297,bulk_carrier,LNG,Chennai,Visakhapatnam
0,3,2,45790,9.7,85.7,229,2.28,912.6729999999998,0.857,8.312899999999999,5.438079308923196,10.731842844242117,30.1405,20.4955,4.8262,bulk_carrier,MGO,Kolkata_SMPK,Paradip
1,0,1,19734,23.9,92.6,856,3.24,13651.918999999998,0.9259999999999999,22.131399999999996,6.75343791859778,9.890148988096948,483.3286,251.3309,71.7932,container_ship,HFO,Kolkata_SMPK,Chennai
6,3,2,35987,13.4,89.7,853,2.44,2406.1040000000003,0.897,12.0198,6.74993119378857,10.49094082853701,213.4916,145.1743,34.1853,tanker,MGO,Chennai,Kolkata_SMPK
2,1,2,2604,13.6,86.6,406,2.7,2515.4559999999997,0.866,11.7776,6.008813185442595,7.865187954187467,5.6239,17.9964,0.4049,ferry,Hydrogen,Visakhapatnam,Chennai
5,2,0,4206,14.8,87.4,22,2.59,3241.7920000000004,0.8740000000000001,12.935200000000002,3.1354942159291497,8.344505083590521,1.2328,0.678,0.1911,ro_ro,LNG,Mumbai,JNPA
1,3,0,31457,12.6,81.8,277,3.14,2000.3759999999997,0.818,10.306799999999999,5.627621113690637,10.356408601800588,53.9833,36.7086,8.6441,container_ship,MGO,Kandla,Mumbai
5,3,2,8727,20.4,68.0,700,2.61,8489.663999999999,0.68,13.872,6.55250788703459,9.074291527512907,130.1388,88.4944,20.8385,ro_ro,MGO,Paradip,Chennai
1,3,2,33073,13.4,59.2,229,2.32,2406.1040000000003,0.5920000000000001,7.932800000000001,5.438079308923196,10.406502754210141,42.7477,29.0684,6.845,container_ship,MGO,Kolkata_SMPK,Paradip
6,0,2,35987,12.0,71.9,692,3.04,1728.0,0.7190000000000001,8.628,6.541029999189903,10.49094082853701,146.3834,76.1194,21.7436,tanker,HFO,Chennai,Paradip
0,3,0,45790,12.1,83.0,692,2.72,1771.561,0.83,10.043,6.541029999189903,10.731842844242117,152.3656,103.6086,24.3975,bulk_carrier,MGO,Chennai,Paradip
4,1,2,3504,16.7,74.4,277,0.87,4657.463,0.7440000000000001,12.424800000000001,5.627621113690637,8.16194579946869,6.047,19.3504,0.4354,passenger,Hydrogen,Kandla,Mumbai
0,3,2,63697,10.2,86.0,189,1.25,1061.2079999999999,0.86,8.771999999999998,5.247024072160486,11.061908443893099,32.7141,22.2456,5.2383,bulk_carrier,MGO,Kochi,Tuticorin
4,3,2,3808,23.8,61.3,788,3.31,13481.272,0.613,14.5894,6.670766320845874,8.245121966478605,131.9324,89.714,21.1257,passenger,MGO,Port_Blair,Chennai
1,4,2,18598,17.0,73.4,183,1.1,4913.0,0.7340000000000001,12.478000000000002,5.214935757608986,9.830863094815127,78.0502,27.3176,4.5043,container_ship,Methanol,Tuticorin,Kochi
3,0,2,14844,9.5,72.6,290,0.93,857.375,0.726,6.897,5.673323267171493,9.60541838719786,16.5628,8.6127,2.4602,general_cargo,HFO,Kandla,JNPA
3,0,2,16704,10.6,96.9,189,2.43,1191.0159999999998,0.9690000000000001,10.2714,5.247024072160486,9.723463354790857,17.2718,8.9814,2.5655,general_cargo,HFO,Kochi,Tuticorin
1,0,2,16607,20.2,68.1,1196,0.76,8242.408,0.6809999999999999,13.756199999999998,7.087573705557973,9.717639785965615,320.2178,166.5133,47.5648,container_ship,HFO,Chennai,JNPA
1,4,2,34470,21.6,80.9,788,1.96,10077.696000000002,0.809,17.474400000000003,6.670766320845874,10.44787366982408,844.8513,295.698,48.7564,container_ship,Methanol,Port_Blair,Chennai
2,2,1,884,19.7,58.7,761,1.12,7645.373,0.5870000000000001,11.5639,6.635946555686647,6.785587645007929,18.5079,10.1793,2.8687,ferry,LNG,Tuticorin,Port_Blair
1,0,2,17711,20.2,97.8,358,0.47,8242.408,0.978,19.755599999999998,5.883322388488279,9.781997654948418,105.643,54.9344,15.6921,container_ship,HFO,JNPA,Mormugao
3,3,2,9058,11.3,52.7,507,3.5,1442.8970000000002,0.527,5.955100000000001,6.230481447578482,9.111514017669288,32.9757,22.4235,5.2802,general_cargo,MGO,Mumbai,New_Mangalore
0,2,2,45790,9.7,72.5,282,1.33,912.6729999999998,0.725,7.032499999999999,5.645446897643238,10.731842844242117,28.7557,15.8156,4.4571,bulk_carrier,LNG,Mumbai,Kandla
0,0,2,49115,13.8,95.2,419,1.83,2628.0720000000006,0.9520000000000001,13.1376,6.040254711277414,10.801940126280403,116.8017,60.7369,17.3496,bulk_carrier,HFO,Kamarajar,Visakhapatnam
5,3,0,8727,17.8,88.5,538,0.79,5639.752,0.885,15.753,6.289715570908998,9.074291527512907,69.0751,46.971,11.0606,ro_ro,MGO,Kochi,Chennai
6,0,2,27184,11.8,76.6,757,2.61,1643.0320000000004,0.7659999999999999,9.0388,6.630683385642372,10.210420629580021,113.493,59.0163,16.8581,tanker,HFO,Port_Blair,Tuticorin
4,1,2,2268,18.8,52.7,297,0.69,6644.6720000000005,0.527,9.9076,5.697093486505405,7.727094484779841,5.3875,17.2399,0.3879,passenger,Hydrogen,JNPA,Kandla
5,2,2,11514,14.8,77.0,495,2.55,3241.7920000000004,0.77,11.396,6.206575926724928,9.351405812254786,52.904,29.0972,8.2001,ro_ro,LNG,Kolkata_SMPK,Visakhapatnam
1,0,1,38751,14.7,96.1,419,2.08,3176.5229999999997,0.961,14.1267,6.040254711277414,10.564937646352819,119.3782,62.0767,17.7323,container_ship,HFO,Kochi,Mormugao
1,0,0,35698,19.3,75.5,700,0.67,7189.057000000001,0.755,14.5715,6.55250788703459,10.482877956170928,303.4843,157.8118,45.0793,container_ship,HFO,Paradip,Chennai
3,0,2,17380,10.7,71.8,276,0.84,1225.0429999999997,0.718,7.682599999999999,5.6240175061873385,9.76313293456348,19.4378,10.1077,2.8873,general_cargo,HFO,Kandla,Mumbai
1,4,2,37761,18.3,85.3,176,0.8,6128.487000000001,0.853,15.6099,5.176149732573829,10.539058584958477,129.0606,45.1712,7.4481,container_ship,Methanol,Mormugao,New_Mangalore
6,0,2,22608,14.4,71.5,277,3.47,2985.9840000000004,0.715,10.296,5.627621113690637,10.026103336076316,59.305,30.8386,8.8091,tanker,HFO,Kandla,Mumbai
0,3,0,45790,12.4,93.8,183,1.34,1906.6240000000003,0.938,11.6312,5.214935757608986,10.731842844242117,37.097,25.2259,5.9402,bulk_carrier,MGO,Tuticorin,Kochi
0,0,2,34731,12.8,57.6,347,0.53,2097.1520000000005,0.5760000000000001,7.372800000000002,5.8522024797744745,10.455416731180536,58.0909,30.2073,8.6288,bulk_carrier,HFO,Mormugao,Mumbai
0,2,2,71338,11.4,64.6,422,1.55,1481.544,0.6459999999999999,7.364399999999999,6.0473721790462776,11.175198441433086,89.4544,49.1999,13.8654,bulk_carrier,LNG,Mormugao,Kochi
3,3,2,13823,10.9,93.3,876,2.25,1295.0290000000002,0.9329999999999999,10.169699999999999,6.776506992372183,9.534161491043838,70.87,48.1916,11.3481,general_cargo,MGO,JNPA,Kochi
1,3,2,16607,17.1,80.0,276,2.25,5000.211000000001,0.8,13.680000000000001,5.6240175061873385,9.717639785965615,57.1818,38.8836,9.1562,container_ship,MGO,Mumbai,Kandla
6,0,0,68263,12.2,50.9,1179,1.75,1815.8479999999997,0.509,6.2097999999999995,7.07326971745971,11.13113782021642,297.9952,154.9575,44.2639,tanker,HFO,Mumbai,Chennai
4,3,0,3504,16.4,81.6,876,1.28,4410.943999999999,0.816,13.382399999999999,6.776506992372183,8.16194579946869,54.7933,37.2595,8.7738,passenger,MGO,JNPA,Kochi
1,2,1,31457,13.8,69.6,870,2.59,2628.0720000000006,0.696,9.6048,6.769641976852503,10.356408601800588,161.1198,88.6159,24.9736,container_ship,LNG,Kochi,JNPA
1,0,2,41157,17.9,90.9,359,1.26,5735.338999999999,0.909,16.2711,5.886104031450156,10.625173597902494,149.2246,77.5968,22.1657,container_ship,HFO,Mormugao,JNPA
4,2,0,4545,24.0,58.8,297,1.35,13824.0,0.588,14.111999999999998,5.697093486505405,8.422003004412488,36.107,19.8588,5.5966,passenger,LNG,JNPA,Kandla
6,2,0,70614,14.6,74.0,347,2.7,3112.136,0.74,10.804,5.8522024797744745,11.164997865503164,128.0964,70.453,19.8549,tanker,LNG,Mormugao,Mumbai
6,3,2,59471,13.6,92.9,853,0.79,2515.4559999999997,0.929,12.634400000000001,6.74993119378857,10.993260892537034,246.5266,167.6381,39.4751,tanker,MGO,Chennai,Kolkata_SMPK
2,2,2,536,17.4,88.6,700,0.93,5268.0239999999985,0.8859999999999999,15.416399999999998,6.55250788703459,6.285998094508865,11.8931,6.5412,1.8434,ferry,LNG,Paradip,Chennai
0,3,0,38293,15.7,76.2,313,2.56,3869.8929999999996,0.762,11.9634,5.749392985908253,10.55304850493315,108.4419,73.7405,17.3643,bulk_carrier,MGO,Visakhapatnam,Paradip
1,4,2,41157,16.3,56.0,282,3.44,4330.747,0.56,9.128000000000002,5.645446897643238,10.625173597902494,214.8341,75.1919,12.3981,container_ship,Methanol,Mumbai,Kandla
4,1,1,3808,23.3,53.5,349,0.56,12649.337000000001,0.535,12.4655,5.857933154483459,8.245121966478605,15.0478,48.1529,1.0834,passenger,Hydrogen,Mumbai,Mormugao
6,0,2,39649,11.6,80.6,277,1.96,1560.896,0.8059999999999999,9.349599999999999,5.627621113690637,10.587846227062993,54.7074,28.4479,8.1262,tanker,HFO,Kandla,Mumbai
1,3,2,13324,16.6,66.6,17,1.71,4574.296000000001,0.6659999999999999,11.0556,2.8903717578961645,9.497397249034046,2.5842,1.7573,0.4138,container_ship,MGO,Kamarajar,Chennai
1,2,2,26077,17.7,65.2,1179,2.89,5545.232999999999,0.652,11.5404,7.07326971745971,10.168847325983418,326.059,179.3324,50.5391,container_ship,LNG,Mumbai,Chennai
6,3,2,25705,13.3,50.6,419,0.86,2352.637,0.506,6.7298,6.040254711277414,10.154479706670077,54.9967,37.3978,8.8064,tanker,MGO,Kochi,Mormugao
0,3,2,27915,12.2,56.8,169,0.57,1815.8479999999997,0.568,6.929599999999999,5.135798437050262,10.236955280137042,20.1469,13.6999,3.226,bulk_carrier,MGO,New_Mangalore,Mormugao
0,0,0,32714,11.0,62.8,761,2.02,1331.0,0.628,6.908,6.635946555686647,10.395588967303839,100.5267,52.2739,14.9321,bulk_carrier,HFO,Tuticorin,Port_Blair
1,0,2,35698,22.2,81.4,1196,3.2,10941.047999999999,0.8140000000000001,18.070800000000002,7.087573705557973,10.482877956170928,844.1049,438.9345,125.3825,container_ship,HFO,Chennai,JNPA
0,0,2,70130,11.2,66.6,364,0.77,1404.9279999999997,0.6659999999999999,7.459199999999998,5.8998973535824915,11.158120200662147,74.9409,38.9693,11.1317,bulk_carrier,HFO,Tuticorin,Chennai
0,3,2,42726,14.9,93.2,529,1.89,3307.949,0.932,13.886800000000001,6.272877006546167,10.662586317888776,155.7906,105.9376,24.946,bulk_carrier,MGO,Mormugao,Kandla
2,2,0,2604,15.0,84.6,507,2.61,3375.0,0.846,12.69,6.230481447578482,7.865187954187467,21.6811,11.9246,3.3606,ferry,LNG,Mumbai,New_Mangalore
3,0,2,16177,13.8,53.3,491,1.01,2628.0720000000006,0.5329999999999999,7.3553999999999995,6.198478716492308,9.691407573577898,56.0416,29.1416,8.3244,general_cargo,HFO,Visakhapatnam,Kolkata_SMPK
3,0,2,5817,13.2,75.0,856,3.26,2299.968,0.75,9.899999999999999,6.75343791859778,8.668711839055147,63.5724,33.0576,9.443,general_cargo,HFO,Kolkata_SMPK,Chennai
6,2,1,70614,16.9,95.1,370,2.49,4826.808999999998,0.951,16.0719,5.916202062607435,11.164997865503164,189.358,104.1469,29.3505,tanker,LNG,Chennai,Tuticorin
0,0,0,40297,13.4,61.1,491,1.94,2406.1040000000003,0.611,8.1874,6.198478716492308,10.604057118911712,106.1883,55.2179,15.7731,bulk_carrier,HFO,Visakhapatnam,Kolkata_SMPK
0,2,2,40297,12.8,76.1,217,2.53,2097.1520000000005,0.7609999999999999,9.7408,5.384495062789089,10.604057118911712,40.6395,22.3517,6.2991,bulk_carrier,LNG,Paradip,Kolkata_SMPK
6,3,1,27184,10.0,88.0,18,0.38,1000.0,0.88,8.8,2.9444389791664403,10.210420629580021,1.6149,1.0981,0.2586,tanker,MGO,Chennai,Kamarajar
5,0,2,6851,18.6,50.2,1196,1.3,6434.856000000002,0.502,9.337200000000001,7.087573705557973,8.832295859444011,140.8269,73.23,20.9183,ro_ro,HFO,Chennai,JNPA
1,2,2,31457,14.5,60.1,495,2.61,3048.625,0.601,8.7145,6.206575926724928,10.356408601800588,87.9208,48.3565,13.6277,container_ship,LNG,Kolkata_SMPK,Visakhapatnam
3,0,2,16177,11.0,52.3,176,0.76,1331.0,0.523,5.753,5.176149732573829,9.691407573577898,11.7325,6.1009,1.7427,general_cargo,HFO,Mormugao,New_Mangalore
1,4,2,33687,15.4,86.8,853,1.73,3652.264,0.868,13.3672,6.74993119378857,10.424896969841763,476.9013,166.9155,27.522,container_ship,Methanol,Chennai,Kolkata_SMPK
0,0,1,59816,12.2,82.8,1181,0.43,1815.8479999999997,0.828,10.1016,7.074963197966044,10.99904518047501,261.4911,135.9754,38.8416,bulk_carrier,HFO,Chennai,Mumbai
6,3,1,55620,14.8,60.1,364,2.05,3241.7920000000004,0.601,8.8948,5.8998973535824915,10.926316106770527,117.3586,79.8038,18.792,tanker,MGO,Tuticorin,Chennai
0,0,2,47170,10.6,84.7,850,2.59,1191.0159999999998,0.847,8.9782,6.7464121285733745,10.761534575968792,162.9421,84.7299,24.2033,bulk_carrier,HFO,Kochi,Mumbai
3,0,2,15648,15.4,100.0,507,0.43,3652.264,1.0,15.4,6.230481447578482,9.658162296163171,76.8237,39.9483,11.4113,general_cargo,HFO,Mumbai,New_Mangalore
3,3,2,9058,10.2,72.7,282,3.11,1061.2079999999999,0.727,7.415399999999999,5.645446897643238,9.111514017669288,14.1444,9.6182,2.2649,general_cargo,MGO,Mumbai,Kandla
4,3,1,3081,21.1,91.7,313,2.4,9393.931000000002,0.917,19.3487,5.749392985908253,8.033334015880062,35.9541,24.4488,5.7572,passenger,MGO,Visakhapatnam,Paradip
3,0,2,19799,13.0,59.4,17,1.85,2197.0,0.594,7.7219999999999995,2.8903717578961645,9.893437216682626,2.128,1.1065,0.3161,general_cargo,HFO,Kamarajar,Chennai
3,0,2,9258,13.6,73.4,311,3.05,2515.4559999999997,0.7340000000000001,9.982400000000002,5.7430031878094825,9.133351330448047,34.0514,17.7067,5.058,general_cargo,HFO,Paradip,Visakhapatnam
3,3,2,9058,9.9,68.1,22,1.57,970.2990000000001,0.6809999999999999,6.741899999999999,3.1354942159291497,9.111514017669288,0.8993,0.6115,0.144,general_cargo,MGO,Mumbai,JNPA
1,4,2,30177,17.9,78.1,364,1.16,5735.338999999999,0.7809999999999999,13.979899999999997,5.8998973535824915,10.314868461073596,238.3264,83.4143,13.7538,container_ship,Methanol,Tuticorin,Chennai
3,0,2,15643,10.2,54.4,521,1.87,1061.2079999999999,0.544,5.5488,6.257667587882639,9.657842735875406,32.3591,16.8267,4.8066,general_cargo,HFO,Kandla,Mormugao
3,3,0,15643,11.6,72.4,491,3.33,1560.896,0.7240000000000001,8.3984,6.198478716492308,9.657842735875406,42.3147,28.774,6.7756,general_cargo,MGO,Visakhapatnam,Kolkata_SMPK
3,3,1,16581,14.5,71.0,856,0.79,3048.625,0.71,10.295,6.75343791859778,9.716073048676163,108.3583,73.6836,17.3509,general_cargo,MGO,Kolkata_SMPK,Chennai
0,2,2,60013,13.3,75.2,313,1.78,2352.637,0.752,10.0016,5.749392985908253,11.002333147319582,79.291,43.61,12.2901,bulk_carrier,LNG,Visakhapatnam,Paradip
3,0,1,15648,13.5,96.9,1190,1.06,2460.375,0.9690000000000001,13.081500000000002,7.0825485693553,9.658162296163171,146.3534,76.1038,21.7392,general_cargo,HFO,JNPA,Chennai
6,0,0,39701,13.4,58.6,282,2.29,2406.1040000000003,0.586,7.852399999999999,5.645446897643238,10.589156843240115,68.2621,35.4963,10.1396,tanker,HFO,Mumbai,Kandla
6,0,0,25705,16.3,60.7,1181,2.04,4330.747,0.607,9.8941,7.074963197966044,10.154479706670077,281.3926,146.3242,41.7978,tanker,HFO,Chennai,Mumbai
5,2,2,8843,16.3,50.6,422,0.88,4330.747,0.506,8.2478,6.0473721790462776,9.087494541977337,34.8303,19.1566,5.3987,ro_ro,LNG,Mormugao,Kochi
6,0,2,55666,13.7,89.0,359,1.11,2571.3529999999996,0.89,12.193,5.886104031450156,10.927142790736806,104.2541,54.2121,15.4858,tanker,HFO,Mormugao,JNPA
6,0,2,55468,12.8,78.2,297,1.52,2097.1520000000005,0.782,10.0096,5.697093486505405,10.923579585124024,80.576,41.8995,11.9687,tanker,HFO,JNPA,Kandla
3,3,0,17758,14.0,87.7,1181,1.44,2744.0,0.877,12.278,7.074963197966044,9.784647708654596,166.9926,113.5549,26.7397,general_cargo,MGO,Chennai,Mumbai
1,0,2,26077,15.4,68.8,176,1.02,3652.264,0.688,10.5952,5.176149732573829,10.168847325983418,40.7192,21.174,6.0484,container_ship,HFO,Mormugao,New_Mangalore
3,0,1,9258,14.3,89.6,797,2.38,2924.2070000000003,0.8959999999999999,12.8128,6.682108597449809,9.133351330448047,89.6244,46.6047,13.3127,general_cargo,HFO,Chennai,Port_Blair
0,2,2,42726,14.1,60.3,542,2.38,2803.221,0.603,8.5023,6.297109319933935,10.662586317888776,118.8251,65.3538,18.4179,bulk_carrier,LNG,Chennai,Kochi
0,2,1,56514,13.0,95.8,518,3.34,2197.0,0.958,12.453999999999999,6.251903883165888,10.942261368624832,144.982,79.7401,22.4722,bulk_carrier,LNG,JNPA,New_Mangalore
3,3,2,16581,10.4,81.9,761,0.87,1124.864,0.8190000000000001,8.517600000000002,6.635946555686647,9.716073048676163,51.4876,35.0115,8.2444,general_cargo,MGO,Tuticorin,Port_Blair
0,2,2,58095,12.3,50.5,761,1.05,1860.8670000000004,0.505,6.2115,6.635946555686647,10.969852093654117,130.2897,71.6593,20.1949,bulk_carrier,LNG,Tuticorin,Port_Blair
3,0,2,16177,15.2,72.4,692,1.13,3511.8079999999995,0.7240000000000001,11.004800000000001,6.541029999189903,9.691407573577898,99.8897,51.9426,14.8375,general_cargo,HFO,Chennai,Paradip
3,3,2,5817,15.1,85.7,396,1.91,3442.9509999999996,0.857,12.9407,5.983936280687191,8.668711839055147,28.2052,19.1796,4.5164,general_cargo,MGO,Chennai,Visakhapatnam
0,2,2,58242,12.5,92.1,176,2.36,1953.125,0.9209999999999999,11.5125,5.176149732573829,10.972379192532934,40.1556,22.0856,6.2241,bulk_carrier,LNG,Mormugao,New_Mangalore
3,3,0,7216,13.6,58.1,1179,2.43,2515.4559999999997,0.581,7.901599999999999,7.07326971745971,8.884194633072273,79.2073,53.861,12.6831,general_cargo,MGO,Mumbai,Chennai
0,2,2,45319,12.2,91.8,24,2.51,1815.8479999999997,0.9179999999999999,11.199599999999998,3.2188758248682006,10.721503715141942,4.3347,2.3841,0.6719,bulk_carrier,LNG,JNPA,Mumbai
6,3,2,50271,16.6,61.4,419,1.59,4574.296000000001,0.614,10.192400000000001,6.040254711277414,10.825203541055348,145.5735,98.99,23.31,tanker,MGO,Kamarajar,Visakhapatnam
3,0,0,19799,12.3,56.3,276,0.55,1860.8670000000004,0.563,6.9249,5.6240175061873385,9.893437216682626,26.7723,13.9216,3.9767,general_cargo,HFO,Mumbai,Kandla
6,2,0,59471,11.8,55.8,311,1.09,1643.0320000000004,0.5579999999999999,6.5844,5.7430031878094825,10.993260892537034,53.1607,29.2384,8.2399,tanker,LNG,Paradip,Visakhapatnam
5,3,2,4206,13.7,51.6,538,2.21,2571.3529999999996,0.516,7.0691999999999995,6.289715570908998,8.344505083590521,26.5784,18.0733,4.2559,ro_ro,MGO,Kochi,Chennai
3,0,2,11634,11.9,98.3,290,1.81,1685.159,0.983,11.6977,5.673323267171493,9.361773075736393,26.9014,13.9887,3.9959,general_cargo,HFO,JNPA,Kandla
3,3,2,16651,12.6,79.2,364,2.39,2000.3759999999997,0.792,9.9792,5.8998973535824915,9.720285608314866,43.2259,29.3936,6.9215,general_cargo,MGO,Tuticorin,Chennai
1,0,2,30177,23.2,60.8,297,0.3,12487.168,0.608,14.105599999999999,5.697093486505405,10.314868461073596,144.5126,75.1465,21.4658,container_ship,HFO,JNPA,Kandla
3,3,2,14844,11.2,96.0,495,1.76,1404.9279999999997,0.96,10.751999999999999,6.206575926724928,9.60541838719786,41.408,28.1575,6.6305,general_cargo,MGO,Kolkata_SMPK,Visakhapatnam
6,2,0,55620,12.5,86.8,406,0.56,1953.125,0.868,10.85,6.008813185442595,10.926316106770527,73.6403,40.5022,11.4142,tanker,LNG,Visakhapatnam,Chennai
0,0,2,41291,9.7,85.2,859,1.92,912.6729999999998,0.852,8.264399999999998,6.756932389247553,10.62842405558548,108.7529,56.5515,16.154,bulk_carrier,HFO,Mumbai,Kochi
0,3,2,26135,8.7,60.3,348,1.13,658.5029999999998,0.603,5.246099999999999,5.855071922202427,10.171068953280907,20.7343,14.0993,3.3201,bulk_carrier,MGO,Kochi,New_Mangalore
1,3,2,41892,15.7,66.4,491,0.63,3869.8929999999996,0.664,10.4248,6.198478716492308,10.64287402751427,128.172,87.157,20.5235,container_ship,MGO,Visakhapatnam,Kolkata_SMPK
0,2,2,32714,13.1,96.9,311,1.07,2248.091,0.9690000000000001,12.693900000000001,5.7430031878094825,10.395588967303839,47.8019,26.291,7.4093,bulk_carrier,LNG,Paradip,Visakhapatnam
1,0,2,37761,13.9,82.8,507,0.82,2685.619,0.828,11.5092,6.230481447578482,10.539058584958477,111.7411,58.1054,16.5979,container_ship,HFO,Mumbai,New_Mangalore
1,2,2,21724,18.8,73.6,396,1.29,6644.6720000000005,0.736,13.8368,5.983936280687191,9.986218950133592,97.312,53.5216,15.0834,container_ship,LNG,Chennai,Visakhapatnam
3,0,2,17380,13.2,83.2,229,1.33,2299.968,0.8320000000000001,10.9824,5.438079308923196,9.76313293456348,27.858,14.4861,4.138,general_cargo,HFO,Kolkata_SMPK,Paradip
1,2,2,34470,19.5,71.6,277,2.73,7414.875,0.716,13.962,5.627621113690637,10.44787366982408,104.157,57.2863,16.1443,container_ship,LNG,Kandla,Mumbai
0,3,2,59816,11.5,76.7,349,1.51,1520.875,0.767,8.820500000000001,5.857933154483459,10.99904518047501,71.8241,48.8404,11.5008,bulk_carrier,MGO,Mumbai,Mormugao
6,0,2,28632,17.2,70.5,277,0.56,5088.447999999999,0.705,12.126,5.627621113690637,10.262315177792935,71.8092,37.3408,10.6665,tanker,HFO,Kandla,Mumbai
5,3,2,6679,13.7,67.0,276,2.69,2571.3529999999996,0.67,9.179,5.6240175061873385,8.806873266530692,21.4688,14.5988,3.4377,ro_ro,MGO,Kandla,Mumbai
3,0,2,14985,11.2,71.0,528,1.43,1404.9279999999997,0.71,7.951999999999999,6.270988431858299,9.614871710924255,44.9674,23.383,6.6794,general_cargo,HFO,New_Mangalore,JNPA
3,0,2,18455,12.3,81.5,538,1.1,1860.8670000000004,0.815,10.0245,6.289715570908998,9.823144799853589,53.9484,28.0532,8.0134,general_cargo,HFO,Kochi,Chennai
6,2,2,68994,11.4,99.0,347,1.19,1481.544,0.99,11.286,5.8522024797744745,11.141789317185655,75.7596,41.6678,11.7427,tanker,LNG,Mormugao,Mumbai
2,3,2,2604,13.1,87.6,406,2.34,2248.091,0.8759999999999999,11.475599999999998,6.008813185442595,7.865187954187467,13.7971,9.382,2.2093,ferry,MGO,Visakhapatnam,Chennai
3,0,0,6658,13.8,75.2,359,2.77,2628.0720000000006,0.752,10.377600000000001,5.886104031450156,8.803724602110622,29.5977,15.3908,4.3964,general_cargo,HFO,Mormugao,JNPA
4,3,2,1902,19.6,81.6,364,2.69,7529.536000000002,0.816,15.9936,5.8998973535824915,7.551186867296149,23.4022,15.9135,3.7473,passenger,MGO,Tuticorin,Chennai
3,3,1,16651,11.9,69.6,850,2.66,1685.159,0.696,8.282399999999999,6.7464121285733745,9.720285608314866,88.5201,60.1937,14.1743,general_cargo,MGO,Kochi,Mumbai
5,2,2,8843,16.7,87.7,700,2.32,4657.463,0.877,14.6459,6.55250788703459,9.087494541977337,80.7303,44.4016,12.5132,ro_ro,LNG,Paradip,Chennai
6,0,0,23117,16.6,84.2,1181,0.93,4574.296000000001,0.8420000000000001,13.977200000000003,7.074963197966044,10.048366813854212,279.5995,145.3918,41.5314,tanker,HFO,Chennai,Mumbai
6,2,1,55666,13.3,77.9,183,1.83,2352.637,0.779,10.360700000000001,5.214935757608986,10.927142790736806,42.9054,23.598,6.6503,tanker,LNG,Tuticorin,Kochi
3,0,1,16581,14.1,88.9,521,2.76,2803.221,0.889,12.5349,6.257667587882639,9.716073048676163,88.3449,45.9394,13.1227,general_cargo,HFO,Kandla,Mormugao
0,2,2,64303,11.0,63.7,406,1.2,1331.0,0.637,7.007,6.008813185442595,11.071377116688982,67.4351,37.0893,10.4524,bulk_carrier,LNG,Visakhapatnam,Chennai
6,3,2,59471,14.0,97.6,286,1.71,2744.0,0.976,13.664,5.659482215759621,10.993260892537034,86.0483,58.5129,13.7785,tanker,MGO,Kandla,JNPA
6,2,2,55620,15.7,76.3,17,1.87,3869.8929999999996,0.763,11.979099999999999,2.8903717578961645,10.926316106770527,5.1456,2.8301,0.7976,tanker,LNG,Kamarajar,Chennai
3,0,2,14985,11.9,64.1,276,1.63,1685.159,0.6409999999999999,7.6278999999999995,5.6240175061873385,9.614871710924255,24.8904,12.943,3.6972,general_cargo,HFO,Mumbai,Kandla
5,2,2,4206,13.6,71.4,364,0.73,2515.4559999999997,0.7140000000000001,9.710400000000002,5.8998973535824915,8.344505083590521,14.1838,7.8011,2.1985,ro_ro,LNG,Tuticorin,Chennai
1,3,0,41157,16.0,63.4,411,1.81,4096.0,0.634,10.144,6.021023349349527,10.625173597902494,116.3433,79.1134,18.6295,container_ship,MGO,Visakhapatnam,Kamarajar
6,3,0,39701,11.7,97.7,24,1.34,1601.6129999999996,0.977,11.4309,3.2188758248682006,10.589156843240115,4.2357,2.8803,0.6782,tanker,MGO,JNPA,Mumbai
6,2,2,47233,10.8,72.2,856,0.52,1259.7120000000002,0.722,7.7976,6.75343791859778,10.762869251237097,107.056,58.8808,16.5937,tanker,LNG,Kolkata_SMPK,Chennai
6,3,2,70614,13.2,96.2,757,0.75,2299.968,0.9620000000000001,12.6984,6.630683385642372,11.164997865503164,225.1625,153.1105,36.0541,tanker,MGO,Port_Blair,Tuticorin
6,2,2,70614,12.7,54.7,1179,2.4,2048.383,0.547,6.9469,7.07326971745971,11.164997865503164,306.4597,168.5528,47.5012,tanker,LNG,Mumbai,Chennai
6,2,2,67954,12.2,51.7,18,0.76,1815.8479999999997,0.517,6.3073999999999995,2.9444389791664403,11.126601000389448,3.0042,1.6523,0.4657,tanker,LNG,Chennai,Kamarajar
2,5,2,1735,14.3,64.8,406,0.77,2924.2070000000003,0.648,9.2664,6.008813185442595,7.459338895220296,130.4989,15.6599,0.3852,ferry,Shore_Power,Visakhapatnam,Chennai
6,2,0,54273,15.1,64.6,518,1.94,3442.9509999999996,0.6459999999999999,9.754599999999998,6.251903883165888,10.901800569887673,145.151,79.833,22.4984,tanker,LNG,JNPA,New_Mangalore
6,3,2,39701,14.7,77.0,507,2.02,3176.5229999999997,0.77,11.318999999999999,6.230481447578482,10.589156843240115,144.108,97.9935,23.0753,tanker,MGO,Mumbai,New_Mangalore
3,0,2,15648,13.3,91.4,505,1.06,2352.637,0.914,12.156200000000002,6.226536669287466,9.658162296163171,60.1959,31.3019,8.9414,general_cargo,HFO,New_Mangalore,Mumbai
0,2,2,27915,10.3,83.2,349,1.04,1092.7270000000003,0.8320000000000001,8.569600000000001,5.857933154483459,10.236955280137042,29.7578,16.3668,4.6125,bulk_carrier,LNG,Mumbai,Mormugao
2,1,2,2604,11.4,76.1,521,2.65,1481.544,0.7609999999999999,8.6754,6.257667587882639,7.865187954187467,5.2528,16.8089,0.3782,ferry,Hydrogen,Kandla,Mormugao
3,0,2,16704,11.2,54.8,876,0.38,1404.9279999999997,0.5479999999999999,6.137599999999999,6.776506992372183,9.723463354790857,68.1704,35.4486,10.126,general_cargo,HFO,JNPA,Kochi
3,3,1,11634,13.3,83.2,24,1.7,2352.637,0.8320000000000001,11.065600000000002,3.2188758248682006,9.361773075736393,2.3353,1.588,0.3739,general_cargo,MGO,JNPA,Mumbai
6,0,1,56969,10.1,62.2,349,3.05,1030.301,0.622,6.2822,5.857933154483459,10.950280092474442,64.2647,33.4176,9.5458,tanker,HFO,Mumbai,Mormugao
6,3,2,25705,16.4,67.2,277,2.59,4410.943999999999,0.672,11.0208,5.627621113690637,10.154479706670077,71.19,48.4092,11.3993,tanker,MGO,Kandla,Mumbai
0,0,0,32714,11.3,79.0,297,3.0,1442.8970000000002,0.79,8.927000000000001,5.697093486505405,10.395588967303839,48.5934,25.2686,7.218,bulk_carrier,HFO,JNPA,Kandla
1,4,2,38751,14.5,67.0,700,3.22,3048.625,0.67,9.715,6.55250788703459,10.564937646352819,420.0044,147.0016,24.2385,container_ship,Methanol,Paradip,Chennai
3,0,2,16704,10.5,96.4,349,2.85,1157.625,0.9640000000000001,10.122000000000002,5.857933154483459,9.723463354790857,37.7285,19.6188,5.6042,general_cargo,HFO,Mumbai,Mormugao
6,3,0,28632,14.1,90.9,419,2.11,2803.221,0.909,12.8169,6.040254711277414,10.262315177792935,91.2656,62.0606,14.6139,tanker,MGO,Kamarajar,Visakhapatnam
0,3,2,49332,12.0,56.4,229,0.64,1728.0,0.564,6.767999999999999,5.438079308923196,10.806348507298559,39.4286,26.8115,6.3135,bulk_carrier,MGO,Kolkata_SMPK,Paradip
0,3,2,58095,12.7,63.5,169,2.53,2048.383,0.635,8.064499999999999,5.135798437050262,10.969852093654117,42.4762,28.8838,6.8015,bulk_carrier,MGO,New_Mangalore,Mormugao
3,0,0,7328,10.7,66.5,359,0.35,1225.0429999999997,0.665,7.1155,5.886104031450156,8.89959435992585,13.9071,7.2317,2.0657,general_cargo,HFO,Mormugao,JNPA
1,2,2,37761,18.9,79.2,870,1.91,6751.268999999998,0.792,14.9688,6.769641976852503,10.539058584958477,351.8878,193.5383,54.5426,container_ship,LNG,Kochi,JNPA
4,3,2,4149,22.3,89.0,276,2.79,11089.567000000001,0.89,19.847,5.6240175061873385,8.330863613224745,43.0735,29.29,6.8971,passenger,MGO,Mumbai,Kandla
1,4,0,17470,20.5,50.1,419,0.92,8615.125,0.501,10.2705,6.040254711277414,9.768297642474444,221.5038,77.5263,12.783,container_ship,Methanol,Kochi,Mormugao
3,0,2,10749,10.7,77.9,24,2.34,1225.0429999999997,0.779,8.3353,3.2188758248682006,9.28266103355581,1.5217,0.7913,0.226,general_cargo,HFO,JNPA,Mumbai
0,3,1,62925,11.2,81.8,1179,0.99,1404.9279999999997,0.818,9.161599999999998,7.07326971745971,11.049714711812085,238.2722,162.0251,38.1533,bulk_carrier,MGO,Mumbai,Chennai
0,0,2,62925,15.4,64.6,491,2.59,3652.264,0.6459999999999999,9.9484,6.198478716492308,11.049714711812085,208.5148,108.4277,30.9726,bulk_carrier,HFO,Visakhapatnam,Kolkata_SMPK
0,2,2,47945,11.0,68.5,422,3.35,1331.0,0.685,7.535,6.0473721790462776,10.777830656602518,64.5494,35.5022,10.0052,bulk_carrier,LNG,Mormugao,Kochi
0,0,2,45790,10.8,59.6,1181,1.19,1259.7120000000002,0.596,6.4368,7.074963197966044,10.731842844242117,170.9324,88.8849,25.3901,bulk_carrier,HFO,Chennai,Mumbai
6,3,2,56969,13.6,93.6,419,0.81,2515.4559999999997,0.9359999999999999,12.7296,6.040254711277414,10.950280092474442,127.2234,86.5119,20.3717,tanker,MGO,Kochi,Mormugao
1,2,2,19734,19.6,75.8,276,0.46,7529.536000000002,0.758,14.856800000000002,5.6240175061873385,9.890148988096948,62.5145,34.383,9.6898,container_ship,LNG,Mumbai,Kandla
6,3,2,42416,15.5,64.4,491,1.9,3723.875,0.644,9.982000000000001,6.198478716492308,10.65530450425995,122.8478,83.5365,19.671,tanker,MGO,Visakhapatnam,Kolkata_SMPK
0,0,2,26135,10.5,96.5,169,1.01,1157.625,0.965,10.1325,5.135798437050262,10.171068953280907,17.9288,9.323,2.6631,bulk_carrier,HFO,New_Mangalore,Mormugao
6,3,1,47233,13.7,52.1,1179,2.28,2571.3529999999996,0.521,7.1377,7.07326971745971,10.762869251237097,297.9687,202.6187,47.7122,tanker,MGO,Mumbai,Chennai
0,3,2,34731,10.4,62.3,853,3.28,1124.864,0.623,6.4792000000000005,6.74993119378857,10.455416731180536,113.4701,77.1597,18.1694,bulk_carrier,MGO,Chennai,Kolkata_SMPK
0,0,2,47170,12.6,78.4,277,2.11,2000.3759999999997,0.784,9.878400000000001,5.627621113690637,10.761534575968792,66.2262,34.4376,9.8372,bulk_carrier,HFO,Kandla,Mumbai
1,0,2,9661,14.7,80.7,217,3.12,3176.5229999999997,0.807,11.8629,5.384495062789089,9.175955945114351,27.7512,14.4306,4.1221,container_ship,HFO,Paradip,Kolkata_SMPK
1,3,0,18598,17.8,95.1,169,0.68,5639.752,0.951,16.9278,5.135798437050262,9.830863094815127,37.7551,25.6735,6.0455,container_ship,MGO,New_Mangalore,Mormugao
3,0,2,9058,11.2,69.8,507,2.86,1404.9279999999997,0.698,7.817599999999999,6.230481447578482,9.111514017669288,34.6659,18.0263,5.1492,general_cargo,HFO,Mumbai,New_Mangalore
6,2,1,67954,11.0,84.4,757,1.32,1331.0,0.8440000000000001,9.284,6.630683385642372,11.126601000389448,149.7789,82.3784,23.2157,tanker,LNG,Port_Blair,Tuticorin
0,0,2,58095,14.2,66.1,495,1.06,2863.2879999999996,0.6609999999999999,9.386199999999999,6.206575926724928,10.969852093654117,146.9608,76.4196,21.8294,bulk_carrier,HFO,Kolkata_SMPK,Visakhapatnam
1,4,2,27264,19.3,63.9,419,0.68,7189.057000000001,0.639,12.3327,6.040254711277414,10.213359107360162,272.3478,95.3217,15.7172,container_ship,Methanol,Kochi,Mormugao
6,2,0,55620,15.7,67.5,692,1.08,3869.8929999999996,0.675,10.5975,6.541029999189903,10.926316106770527,186.3128,102.472,28.8785,tanker,LNG,Chennai,Paradip
3,3,2,5817,10.9,94.5,189,2.75,1295.0290000000002,0.945,10.3005,5.247024072160486,8.668711839055147,8.2908,5.6377,1.3276,general_cargo,MGO,Kochi,Tuticorin
1,4,1,13324,11.4,75.4,419,1.21,1481.544,0.754,8.595600000000001,6.040254711277414,9.497397249034046,62.1211,21.7424,3.585,container_ship,Methanol,Kochi,Mormugao
0,2,2,33529,16.1,75.2,169,2.98,4173.281000000001,0.752,12.1072,5.135798437050262,10.420195839460273,43.9539,24.1746,6.8129,bulk_carrier,LNG,New_Mangalore,Mormugao
4,3,1,3504,19.3,96.2,396,0.87,7189.057000000001,0.9620000000000001,18.5666,5.983936280687191,8.16194579946869,38.5693,26.2271,6.1759,passenger,MGO,Chennai,Visakhapatnam
3,0,2,16581,13.6,53.0,856,0.55,2515.4559999999997,0.53,7.208,6.75343791859778,9.716073048676163,97.8755,50.8953,14.5383,general_cargo,HFO,Kolkata_SMPK,Chennai
6,0,2,33954,13.1,73.7,876,2.68,2248.091,0.737,9.6547,6.776506992372183,10.432791397547891,208.734,108.5417,31.0051,tanker,HFO,JNPA,Kochi
2,2,2,1735,12.1,88.2,290,1.41,1771.561,0.882,10.6722,5.673323267171493,7.459338895220296,5.3798,2.9589,0.8339,ferry,LNG,JNPA,Kandla
0,0,2,60844,12.6,91.5,538,1.94,2000.3759999999997,0.915,11.529,6.289715570908998,11.016084925770901,151.6549,78.8606,22.5267,bulk_carrier,HFO,Kochi,Chennai
3,3,2,17741,9.7,92.2,507,1.54,912.6729999999998,0.922,8.9434,6.230481447578482,9.783689989080532,34.8681,23.7103,5.5833,general_cargo,MGO,Mumbai,New_Mangalore
1,2,2,12578,20.8,95.8,406,1.26,8998.912,0.958,19.9264,6.008813185442595,9.439784035838873,85.3691,46.953,13.2322,container_ship,LNG,Visakhapatnam,Chennai
1,4,0,18598,23.3,57.5,507,2.26,12649.337000000001,0.575,13.397499999999999,6.230481447578482,9.830863094815127,422.4887,147.8711,24.3818,container_ship,Methanol,Mumbai,New_Mangalore
1,4,2,21724,19.7,86.6,529,2.17,7645.373,0.866,17.0602,6.272877006546167,9.986218950133592,427.6937,149.6928,24.6822,container_ship,Methanol,Mormugao,Kandla
3,3,2,16177,10.5,69.8,396,2.95,1157.625,0.698,7.329,5.983936280687191,9.691407573577898,36.0559,24.518,5.7734,general_cargo,MGO,Chennai,Visakhapatnam
2,2,0,932,12.0,83.5,276,1.9,1728.0,0.835,10.02,5.6240175061873385,6.838405200847344,3.4597,1.9029,0.5363,ferry,LNG,Mumbai,Kandla
5,3,2,7575,13.4,87.5,358,2.25,2406.1040000000003,0.875,11.725,5.883322388488279,8.932740634865914,27.7689,18.8829,4.4465,ro_ro,MGO,JNPA,Mormugao
0,0,2,42726,16.2,51.7,290,2.31,4251.527999999999,0.517,8.375399999999999,5.673323267171493,10.662586317888776,104.2723,54.2216,15.4885,bulk_carrier,HFO,Kandla,JNPA
6,2,0,70614,13.9,59.5,528,2.87,2685.619,0.595,8.2705,6.270988431858299,11.164997865503164,161.9768,89.0872,25.1064,tanker,LNG,New_Mangalore,JNPA
5,3,0,6679,14.3,92.0,757,2.04,2924.2070000000003,0.92,13.156,6.630683385642372,8.806873266530692,62.3373,42.3894,9.9818,ro_ro,MGO,Port_Blair,Tuticorin
5,2,2,11514,15.5,71.3,491,2.15,3723.875,0.713,11.051499999999999,6.198478716492308,9.351405812254786,56.217,30.9194,8.7136,ro_ro,LNG,Visakhapatnam,Kolkata_SMPK
0,2,1,71338,14.1,70.0,290,1.75,2803.221,0.7,9.87,5.673323267171493,11.175198441433086,92.7036,50.987,14.3691,bulk_carrier,LNG,JNPA,Kandla
6,0,2,72064,12.0,58.8,313,2.51,1728.0,0.588,7.055999999999999,5.749392985908253,11.185323768517204,83.4278,43.3825,12.3923,tanker,HFO,Visakhapatnam,Paradip
1,3,2,33687,15.9,94.6,276,1.72,4019.679,0.946,15.0414,5.6240175061873385,10.424896969841763,76.7738,52.2062,12.2934,container_ship,MGO,Kandla,Mumbai
6,3,2,37083,9.8,68.4,505,1.81,941.1920000000002,0.684,6.703200000000001,6.226536669287466,10.520940888726873,59.2485,40.289,9.4872,tanker,MGO,New_Mangalore,Mumbai
0,0,2,47945,10.0,67.6,692,0.68,1000.0,0.6759999999999999,6.76,6.541029999189903,10.777830656602518,89.0474,46.3047,13.227,bulk_carrier,HFO,Chennai,Paradip
6,2,1,42416,15.5,81.1,358,0.61,3723.875,0.8109999999999999,12.5705,5.883322388488279,10.65530450425995,78.7117,43.2914,12.2003,tanker,LNG,JNPA,Mormugao
3,3,0,15643,11.0,55.4,286,2.61,1331.0,0.5539999999999999,6.093999999999999,5.659482215759621,9.657842735875406,24.4346,16.6155,3.9126,general_cargo,MGO,Kandla,JNPA
0,3,0,56365,13.1,98.9,297,0.53,2248.091,0.9890000000000001,12.955900000000002,5.697093486505405,10.939621418827507,75.278,51.189,12.0539,bulk_carrier,MGO,JNPA,Kandla
0,3,2,45319,11.5,69.2,229,1.2,1520.875,0.6920000000000001,7.958000000000001,5.438079308923196,10.721503715141942,33.6428,22.8771,5.3871,bulk_carrier,MGO,Kolkata_SMPK,Paradip
6,0,2,59471,12.4,77.6,700,1.27,1906.6240000000003,0.7759999999999999,9.622399999999999,6.55250788703459,10.993260892537034,168.6645,87.7056,25.0533,tanker,HFO,Paradip,Chennai
4,2,0,1902,24.6,67.5,411,0.31,14886.936000000003,0.675,16.605,6.021023349349527,7.551186867296149,29.7018,16.336,4.6038,passenger,LNG,Visakhapatnam,Kamarajar
2,3,2,932,15.2,83.1,311,0.77,3511.8079999999995,0.831,12.631199999999998,5.7430031878094825,6.838405200847344,6.8722,4.6731,1.1004,ferry,MGO,Paradip,Visakhapatnam
6,0,0,35987,9.6,93.3,290,1.87,884.7359999999999,0.9329999999999999,8.9568,5.673323267171493,10.49094082853701,34.1594,17.7629,5.074,tanker,HFO,Kandla,JNPA
6,2,2,55666,11.6,71.4,521,1.2,1560.896,0.7140000000000001,8.2824,6.257667587882639,10.927142790736806,84.655,46.5602,13.1215,tanker,LNG,Kandla,Mormugao
2,5,0,932,15.8,67.8,528,0.72,3944.3120000000004,0.6779999999999999,10.712399999999999,6.270988431858299,6.838405200847344,154.5296,18.5436,0.4562,ferry,Shore_Power,New_Mangalore,JNPA
5,3,2,8727,18.3,74.6,277,2.74,6128.487000000001,0.746,13.6518,5.627621113690637,9.074291527512907,45.0974,30.6662,7.2212,ro_ro,MGO,Kandla,Mumbai
4,2,2,4545,19.6,58.7,359,2.8,7529.536000000002,0.5870000000000001,11.505200000000002,5.886104031450156,8.422003004412488,34.5466,19.0007,5.3547,passenger,LNG,Mormugao,JNPA
4,1,0,1902,20.0,85.9,542,1.46,8000.0,0.8590000000000001,17.180000000000003,6.297109319933935,7.551186867296149,14.2532,45.6102,1.0262,passenger,Hydrogen,Chennai,Kochi
0,0,2,70130,11.3,90.0,396,0.71,1442.8970000000002,0.9,10.170000000000002,5.983936280687191,11.158120200662147,87.783,45.6471,13.0392,bulk_carrier,HFO,Chennai,Visakhapatnam
1,4,1,33073,12.3,55.2,870,2.97,1860.8670000000004,0.552,6.789600000000001,6.769641976852503,10.406502754210141,308.92,108.122,17.8278,container_ship,Methanol,Kochi,JNPA
0,0,2,63249,12.9,81.4,518,0.89,2146.6890000000003,0.8140000000000001,10.5006,6.251903883165888,11.054850406589766,145.7381,75.7838,21.6478,bulk_carrier,HFO,JNPA,New_Mangalore
4,1,2,2268,18.9,59.9,411,2.28,6751.268999999998,0.599,11.3211,6.021023349349527,7.727094484779841,9.1674,29.3356,0.6601,passenger,Hydrogen,Visakhapatnam,Kamarajar
6,2,2,59471,10.9,82.7,290,2.86,1295.0290000000002,0.8270000000000001,9.0143,5.673323267171493,10.993260892537034,48.3949,26.6172,7.5012,tanker,LNG,Kandla,JNPA
0,0,0,44373,13.5,55.5,18,0.97,2460.375,0.555,7.492500000000001,2.9444389791664403,10.700408991312528,3.7522,1.9512,0.5574,bulk_carrier,HFO,Chennai,Kamarajar
1,0,2,21724,21.4,50.4,529,0.89,9800.343999999997,0.504,10.785599999999999,6.272877006546167,9.986218950133592,173.8433,90.3985,25.8225,container_ship,HFO,Mormugao,Kandla
0,3,0,38293,16.5,57.6,700,1.93,4492.125,0.5760000000000001,9.504000000000001,6.55250788703459,10.55304850493315,194.8208,132.4781,31.1957,bulk_carrier,MGO,Paradip,Chennai
5,0,0,4206,17.2,69.9,364,2.41,5088.447999999999,0.6990000000000001,12.0228,5.8998973535824915,8.344505083590521,32.6902,16.9989,4.8558,ro_ro,HFO,Tuticorin,Chennai
0,3,2,42726,13.6,94.3,797,0.41,2515.4559999999997,0.943,12.8248,6.682108597449809,10.662586317888776,183.6634,124.8911,29.4091,bulk_carrier,MGO,Chennai,Port_Blair
0,3,2,56514,13.3,57.7,870,1.21,2352.637,0.5770000000000001,7.674100000000001,6.769641976852503,10.942261368624832,207.5515,141.135,33.2342,bulk_carrier,MGO,Kochi,JNPA
4,2,0,4545,23.5,61.4,521,3.48,12977.875,0.614,14.429,6.257667587882639,8.422003004412488,76.2772,41.9525,11.823,passenger,LNG,Kandla,Mormugao
6,0,2,27184,11.7,56.5,876,0.68,1601.6129999999996,0.565,6.610499999999999,6.776506992372183,10.210420629580021,101.1708,52.6088,15.0278,tanker,HFO,JNPA,Kochi
0,0,2,41291,14.0,73.2,169,3.27,2744.0,0.732,10.248,5.135798437050262,10.62842405558548,48.2496,25.0898,7.167,bulk_carrier,HFO,New_Mangalore,Mormugao
0,0,2,45790,11.1,63.5,1181,0.89,1367.6309999999999,0.635,7.0485,7.074963197966044,10.731842844242117,195.5602,101.6913,29.0483,bulk_carrier,HFO,Chennai,Mumbai
3,3,2,16704,11.1,98.9,797,0.89,1367.6309999999999,0.9890000000000001,10.9779,6.682108597449809,9.723463354790857,64.6806,43.9828,10.357,general_cargo,MGO,Chennai,Port_Blair
4,1,2,4149,20.6,93.5,856,2.97,8741.816000000003,0.935,19.261000000000003,6.75343791859778,8.330863613224745,41.9125,134.12,3.0177,passenger,Hydrogen,Kolkata_SMPK,Chennai
0,2,2,71338,10.2,76.7,176,1.13,1061.2079999999999,0.767,7.8233999999999995,5.176149732573829,11.175198441433086,27.0188,14.8604,4.1879,bulk_carrier,LNG,Mormugao,New_Mangalore
1,4,0,9661,16.3,94.6,422,2.02,4330.747,0.946,15.4198,6.0473721790462776,9.175955945114351,121.2571,42.44,6.9977,container_ship,Methanol,Mormugao,Kochi
4,1,1,4149,20.5,69.5,229,2.95,8615.125,0.695,14.247499999999999,5.438079308923196,8.330863613224745,10.4511,33.4436,0.7525,passenger,Hydrogen,Kolkata_SMPK,Paradip
1,3,2,19734,21.3,80.6,276,1.95,9663.597000000002,0.8059999999999999,17.1678,5.6240175061873385,9.890148988096948,101.6329,69.1103,16.274,container_ship,MGO,Mumbai,Kandla
6,3,2,22608,10.6,79.1,870,1.43,1191.0159999999998,0.7909999999999999,8.384599999999999,6.769641976852503,10.026103336076316,78.8736,53.6341,12.6296,tanker,MGO,Kochi,JNPA
6,3,2,47233,10.7,86.7,17,1.76,1225.0429999999997,0.867,9.2769,2.8903717578961645,10.762869251237097,2.8879,1.9638,0.4624,tanker,MGO,Kamarajar,Chennai
3,0,2,14985,14.0,60.3,542,0.65,2744.0,0.603,8.442,6.297109319933935,9.614871710924255,62.9708,32.7448,9.3536,general_cargo,HFO,Chennai,Kochi
5,3,2,11514,13.2,56.6,349,1.3,2299.968,0.5660000000000001,7.4712000000000005,5.857933154483459,9.351405812254786,25.6723,17.4571,4.1108,ro_ro,MGO,Mumbai,Mormugao
1,2,2,36763,24.3,98.2,22,1.03,14348.907000000001,0.982,23.8626,3.1354942159291497,10.512274384478,12.9658,7.1312,2.0097,container_ship,LNG,Mumbai,JNPA
3,0,0,17741,11.8,50.7,422,1.6,1643.0320000000004,0.507,5.982600000000001,6.0473721790462776,9.783689989080532,33.1979,17.2629,4.9312,general_cargo,HFO,Mormugao,Kochi
5,0,2,4651,18.9,84.8,761,0.45,6751.268999999998,0.848,16.027199999999997,6.635946555686647,8.445052513638554,76.2216,39.6352,11.3219,ro_ro,HFO,Tuticorin,Port_Blair
4,3,2,4149,17.8,61.3,169,1.38,5639.752,0.613,10.9114,5.135798437050262,8.330863613224745,13.7985,9.383,2.2095,passenger,MGO,New_Mangalore,Mormugao
1,4,2,8659,14.4,71.4,396,2.8,2985.9840000000004,0.7140000000000001,10.281600000000001,5.983936280687191,9.06647000155648,85.3219,29.8627,4.9239,container_ship,Methanol,Chennai,Visakhapatnam
5,3,2,8727,19.6,61.1,24,2.28,7529.536000000002,0.611,11.9756,3.2188758248682006,9.074291527512907,4.1274,2.8066,0.6609,ro_ro,MGO,JNPA,Mumbai
1,4,1,37761,15.9,78.2,859,1.3,4019.679,0.782,12.433800000000002,6.756932389247553,10.539058584958477,525.2776,183.8472,30.3138,container_ship,Methanol,Mumbai,Kochi
1,4,1,16607,15.8,98.7,521,2.39,3944.3120000000004,0.987,15.5946,6.257667587882639,9.717639785965615,213.4229,74.698,12.3166,container_ship,Methanol,Kandla,Mormugao
6,2,2,39649,15.2,88.4,788,1.98,3511.8079999999995,0.884,13.4368,6.670766320845874,10.587846227062993,196.8861,108.2874,30.5173,tanker,LNG,Port_Blair,Chennai
1,2,2,16607,14.2,62.8,495,1.69,2863.2879999999996,0.628,8.9176,6.206575926724928,9.717639785965615,53.2634,29.2949,8.2558,container_ship,LNG,Kolkata_SMPK,Visakhapatnam
6,3,2,72064,14.3,94.7,850,3.39,2924.2070000000003,0.9470000000000001,13.542100000000001,6.7464121285733745,11.185323768517204,398.3241,270.8604,63.7816,tanker,MGO,Kochi,Mumbai
0,3,2,58490,10.6,97.2,422,0.86,1191.0159999999998,0.972,10.303199999999999,6.0473721790462776,10.976628175230568,73.3611,49.8855,11.7469,bulk_carrier,MGO,Mormugao,Kochi
5,2,2,7575,17.3,50.7,797,2.79,5177.717000000001,0.507,8.7711,6.682108597449809,8.932740634865914,79.175,43.5463,12.2721,ro_ro,LNG,Chennai,Port_Blair
6,3,2,67954,12.2,66.6,370,2.73,1815.8479999999997,0.6659999999999999,8.125199999999998,5.916202062607435,11.126601000389448,104.7018,71.1972,16.7654,tanker,MGO,Chennai,Tuticorin
0,2,1,26135,12.1,99.2,311,2.41,1771.561,0.992,12.0032,5.7430031878094825,10.171068953280907,38.5504,21.2027,5.9753,bulk_carrier,LNG,Paradip,Visakhapatnam
4,3,2,3504,17.0,53.3,282,1.93,4913.0,0.5329999999999999,9.060999999999998,5.645446897643238,8.16194579946869,18.1147,12.318,2.9006,passenger,MGO,Mumbai,Kandla
6,3,2,39649,11.8,74.3,788,1.52,1643.0320000000004,0.743,8.7674,6.670766320845874,10.587846227062993,121.0367,82.305,19.381,tanker,MGO,Port_Blair,Chennai
1,3,2,41892,13.2,54.8,345,0.5,2299.968,0.5479999999999999,7.233599999999999,5.846438775057725,10.64287402751427,65.2301,44.3565,10.445,container_ship,MGO,New_Mangalore,Kochi
4,1,0,4149,23.3,89.2,518,2.27,12649.337000000001,0.892,20.7836,6.251903883165888,8.330863613224745,26.984,86.3489,1.9428,passenger,Hydrogen,JNPA,New_Mangalore
2,5,2,884,19.0,86.6,18,2.66,6859.0,0.866,16.454,2.9444389791664403,6.785587645007929,8.9055,1.0687,0.0263,ferry,Shore_Power,Chennai,Kamarajar
1,3,2,12017,15.6,71.0,313,0.59,3796.4159999999997,0.71,11.075999999999999,5.749392985908253,9.394160804893874,36.5709,24.8682,5.8559,container_ship,MGO,Visakhapatnam,Paradip
3,0,2,10749,12.0,98.5,411,1.51,1728.0,0.985,11.82,6.021023349349527,9.28266103355581,31.763,16.5168,4.718,general_cargo,HFO,Visakhapatnam,Kamarajar
2,2,2,536,19.3,81.7,276,0.39,7189.057000000001,0.8170000000000001,15.768100000000002,5.6240175061873385,6.285998094508865,5.4616,3.0039,0.8465,ferry,LNG,Kandla,Mumbai
1,3,0,17470,22.0,96.8,313,3.2,10648.0,0.968,21.296,5.749392985908253,9.768297642474444,128.926,87.6697,20.6443,container_ship,MGO,Visakhapatnam,Paradip
6,0,2,28244,16.8,63.0,542,1.74,4741.6320000000005,0.63,10.584000000000001,6.297109319933935,10.248671729759362,154.9638,80.5812,23.0182,tanker,HFO,Chennai,Kochi
6,2,2,28073,14.1,71.6,761,1.09,2803.221,0.716,10.0956,6.635946555686647,10.24259916009427,111.394,61.2667,17.2661,tanker,LNG,Tuticorin,Port_Blair
1,3,2,12017,20.9,93.5,411,2.77,9129.328999999998,0.935,19.5415,6.021023349349527,9.394160804893874,128.2351,87.1999,20.5336,container_ship,MGO,Visakhapatnam,Kamarajar
3,3,2,6658,16.3,56.9,850,1.55,4330.747,0.569,9.2747,6.7464121285733745,8.803724602110622,82.4134,56.0411,13.1964,general_cargo,MGO,Kochi,Mumbai
6,0,2,47233,12.1,68.0,870,2.47,1771.561,0.68,8.228,6.769641976852503,10.762869251237097,198.4398,103.1887,29.4761,tanker,HFO,Kochi,JNPA
3,0,0,19799,11.3,80.3,859,0.67,1442.8970000000002,0.8029999999999999,9.0739,6.756932389247553,9.893437216682626,86.5492,45.0056,12.8559,general_cargo,HFO,Mumbai,Kochi
1,3,0,35698,22.1,63.7,396,1.05,10793.861000000003,0.637,14.077700000000002,5.983936280687191,10.482877956170928,189.296,128.7213,30.311,container_ship,MGO,Chennai,Visakhapatnam
3,0,0,6658,13.4,62.2,189,2.02,2406.1040000000003,0.622,8.3348,5.247024072160486,8.803724602110622,12.854,6.6841,1.9093,general_cargo,HFO,Kochi,Tuticorin
1,0,2,16607,17.9,72.6,859,1.4,5735.338999999999,0.726,12.995399999999998,6.756932389247553,9.717639785965615,194.9392,101.3684,28.9561,container_ship,HFO,Mumbai,Kochi
0,2,2,34731,10.6,98.5,850,3.37,1191.0159999999998,0.985,10.440999999999999,6.7464121285733745,10.455416731180536,118.4583,65.1521,18.361,bulk_carrier,LNG,Kochi,Mumbai
3,3,2,11634,13.1,74.9,850,1.36,2248.091,0.7490000000000001,9.811900000000001,6.7464121285733745,9.361773075736393,76.5173,52.0318,12.2523,general_cargo,MGO,Kochi,Mumbai
1,2,0,17711,17.4,88.9,495,0.64,5268.0239999999985,0.889,15.468599999999999,6.206575926724928,9.781997654948418,87.005,47.8527,13.4858,container_ship,LNG,Kolkata_SMPK,Visakhapatnam
0,0,2,42343,11.6,97.4,359,0.7,1560.896,0.9740000000000001,11.2984,5.886104031450156,10.653582013537823,64.181,33.3741,9.5334,bulk_carrier,HFO,Mormugao,JNPA
3,0,2,15648,13.4,81.6,286,1.48,2406.1040000000003,0.816,10.9344,5.659482215759621,9.658162296163171,34.5479,17.9649,5.1317,general_cargo,HFO,Kandla,JNPA
6,2,2,66768,11.7,89.8,507,2.17,1601.6129999999996,0.898,10.506599999999999,6.230481447578482,11.108994179953779,120.6208,66.3415,18.6962,tanker,LNG,Mumbai,New_Mangalore
6,3,2,47959,13.2,78.2,859,1.15,2299.968,0.782,10.3224,6.756932389247553,10.77812260914145,186.6673,126.9337,29.8901,tanker,MGO,Mumbai,Kochi
0,2,0,27915,12.6,57.4,521,1.09,2000.3759999999997,0.574,7.232399999999999,6.257667587882639,10.236955280137042,58.4735,32.1604,9.0634,bulk_carrier,LNG,Kandla,Mormugao
5,0,2,6851,14.1,56.3,521,1.73,2803.221,0.563,7.938299999999999,6.257667587882639,8.832295859444011,39.1418,20.3537,5.8141,ro_ro,HFO,Kandla,Mormugao
3,0,2,16581,14.3,97.5,370,1.42,2924.2070000000003,0.975,13.9425,5.916202062607435,9.716073048676163,58.3446,30.3392,8.6664,general_cargo,HFO,Chennai,Tuticorin
3,3,2,17741,9.2,69.7,411,3.09,778.6879999999999,0.6970000000000001,6.4124,6.021023349349527,9.783689989080532,27.0797,18.4142,4.3361,general_cargo,MGO,Visakhapatnam,Kamarajar
6,0,2,39701,15.8,59.4,850,2.79,3944.3120000000004,0.594,9.3852,6.7464121285733745,10.589156843240115,271.73,141.2996,40.3625,tanker,HFO,Kochi,Mumbai
1,2,2,41892,16.3,71.6,856,1.14,4330.747,0.716,11.6708,6.75343791859778,10.64287402751427,230.3282,126.6805,35.7009,container_ship,LNG,Kolkata_SMPK,Chennai
1,4,2,19734,23.4,65.4,505,2.11,12812.903999999997,0.654,15.3036,6.226536669287466,9.890148988096948,475.3511,166.3729,27.4325,container_ship,Methanol,New_Mangalore,Mumbai
0,2,0,49115,14.1,56.7,276,2.8,2803.221,0.5670000000000001,7.994700000000001,5.6240175061873385,10.801940126280403,65.8429,36.2136,10.2056,bulk_carrier,LNG,Kandla,Mumbai
3,0,0,6658,13.3,87.5,348,1.93,2352.637,0.875,11.637500000000001,5.855071922202427,8.803724602110622,24.541,12.7613,3.6453,general_cargo,HFO,Kochi,New_Mangalore
6,3,2,28073,12.4,55.1,692,1.63,1906.6240000000003,0.551,6.832400000000001,6.541029999189903,10.24259916009427,88.0827,59.8962,14.1042,tanker,MGO,Chennai,Paradip
3,3,0,13823,13.1,61.2,358,1.14,2248.091,0.612,8.017199999999999,5.883322388488279,9.534161491043838,34.4565,23.4304,5.5173,general_cargo,MGO,JNPA,Mormugao
2,5,2,536,15.2,80.3,1196,2.21,3511.8079999999995,0.8029999999999999,12.205599999999999,7.087573705557973,6.285998094508865,246.054,29.5265,0.7264,ferry,Shore_Power,Chennai,JNPA
1,3,1,37761,20.1,78.6,290,1.76,8120.6010000000015,0.7859999999999999,15.798599999999999,5.673323267171493,10.539058584958477,145.3962,98.8694,23.2816,container_ship,MGO,Kandla,JNPA
6,0,2,23323,10.9,95.1,422,0.65,1295.0290000000002,0.951,10.3659,6.0473721790462776,10.057238152342046,47.3964,24.6461,7.0402,tanker,HFO,Mormugao,Kochi
6,0,2,28632,12.3,90.2,422,3.45,1860.8670000000004,0.902,11.094600000000002,6.0473721790462776,10.262315177792935,86.7749,45.1229,12.8895,tanker,HFO,Mormugao,Kochi
0,0,1,58490,10.9,57.7,521,2.82,1295.0290000000002,0.5770000000000001,6.289300000000001,6.257667587882639,10.976628175230568,110.8053,57.6187,16.4589,bulk_carrier,HFO,Kandla,Mormugao
4,1,0,2268,13.6,76.5,797,3.48,2515.4559999999997,0.765,10.404,6.682108597449809,7.727094484779841,12.1185,38.7792,0.8725,passenger,Hydrogen,Chennai,Port_Blair
1,4,2,27264,13.8,53.4,290,2.84,2628.0720000000006,0.534,7.369200000000001,5.673323267171493,10.213359107360162,113.3606,39.6762,6.542,container_ship,Methanol,JNPA,Kandla
3,3,2,10749,12.6,57.2,176,1.54,2000.3759999999997,0.5720000000000001,7.2072,5.176149732573829,9.28266103355581,13.6009,9.2486,2.1778,general_cargo,MGO,Mormugao,New_Mangalore
4,1,0,4149,17.0,98.0,419,2.48,4913.0,0.98,16.66,6.040254711277414,8.330863613224745,13.6295,43.6145,0.9813,passenger,Hydrogen,Kochi,Mormugao
5,2,2,7575,19.2,92.9,700,1.2,7077.887999999999,0.929,17.8368,6.55250788703459,8.932740634865914,84.0833,46.2458,13.0329,ro_ro,LNG,Paradip,Chennai
3,0,2,14844,11.3,82.0,788,1.97,1442.8970000000002,0.82,9.266,6.670766320845874,9.60541838719786,65.8127,34.2226,9.7758,general_cargo,HFO,Port_Blair,Chennai
0,0,2,27915,12.2,75.9,797,0.43,1815.8479999999997,0.759,9.2598,6.682108597449809,10.236955280137042,105.1626,54.6845,15.6207,bulk_carrier,HFO,Chennai,Port_Blair
3,3,0,16177,10.8,89.8,856,1.79,1259.7120000000002,0.898,9.698400000000001,6.75343791859778,9.691407573577898,73.9115,50.2598,11.8351,general_cargo,MGO,Kolkata_SMPK,Chennai
6,3,2,39701,13.9,80.9,297,0.47,2685.619,0.809,11.2451,5.697093486505405,10.589156843240115,62.0877,42.2196,9.9418,tanker,MGO,JNPA,Kandla
6,3,2,50271,12.7,82.7,505,0.34,2048.383,0.8270000000000001,10.5029,6.226536669287466,10.825203541055348,109.7197,74.6094,17.5689,tanker,MGO,New_Mangalore,Mumbai
3,3,0,16581,15.1,74.3,419,2.27,3442.9509999999996,0.743,11.2193,6.040254711277414,9.716073048676163,63.1012,42.9088,10.1041,general_cargo,MGO,Kochi,Mormugao
6,0,0,28244,12.5,54.1,189,3.48,1953.125,0.541,6.7625,5.247024072160486,10.248671729759362,32.7451,17.0275,4.8639,tanker,HFO,Kochi,Tuticorin
1,3,2,38751,15.4,89.3,183,3.48,3652.264,0.893,13.7522,5.214935757608986,10.564937646352819,62.3144,42.3738,9.9781,container_ship,MGO,Tuticorin,Kochi
3,3,2,16704,13.2,65.3,853,3.16,2299.968,0.653,8.6196,6.74993119378857,9.723463354790857,115.7992,78.7434,18.5423,general_cargo,MGO,Chennai,Kolkata_SMPK
3,0,2,14844,12.5,55.0,347,2.71,1953.125,0.55,6.875000000000001,5.8522024797744745,9.60541838719786,34.3069,17.8396,5.0959,general_cargo,HFO,Mormugao,Mumbai
1,4,0,9661,15.4,92.7,856,0.75,3652.264,0.927,14.2758,6.75343791859778,9.175955945114351,199.2681,69.7438,11.4998,container_ship,Methanol,Kolkata_SMPK,Chennai
1,0,0,33687,15.5,61.5,313,2.84,3723.875,0.615,9.5325,5.749392985908253,10.424896969841763,95.7124,49.7704,14.217,container_ship,HFO,Visakhapatnam,Paradip
2,2,2,932,12.1,72.9,348,2.85,1771.561,0.7290000000000001,8.820900000000002,5.855071922202427,6.838405200847344,4.6654,2.566,0.7231,ferry,LNG,Kochi,New_Mangalore
3,0,2,5602,10.5,59.3,788,3.35,1157.625,0.593,6.2265,6.670766320845874,8.631057447565285,36.1503,18.7982,5.3697,general_cargo,HFO,Port_Blair,Chennai
0,3,2,32714,10.9,80.5,505,2.08,1295.0290000000002,0.805,8.774500000000002,6.226536669287466,10.395588967303839,64.4263,43.8099,10.3163,bulk_carrier,MGO,New_Mangalore,Mumbai
5,2,0,8843,17.4,78.9,538,3.27,5268.0239999999985,0.789,13.7286,6.289715570908998,9.087494541977337,72.8488,40.0668,11.2916,ro_ro,LNG,Kochi,Chennai
6,2,2,70614,16.7,96.3,850,0.97,4657.463,0.963,16.0821,6.7464121285733745,11.164997865503164,377.8266,207.8046,58.5631,tanker,LNG,Kochi,Mumbai
0,2,2,41291,11.8,66.5,313,2.02,1643.0320000000004,0.665,7.847000000000001,5.749392985908253,10.62842405558548,45.0067,24.7537,6.976,bulk_carrier,LNG,Visakhapatnam,Paradip
6,2,2,35987,10.2,51.4,313,2.61,1061.2079999999999,0.514,5.2428,5.749392985908253,10.49094082853701,28.3125,15.5719,4.3884,tanker,LNG,Visakhapatnam,Paradip
0,2,2,30900,12.8,69.7,313,1.31,2097.1520000000005,0.6970000000000001,8.921600000000002,5.749392985908253,10.33854382482173,42.1175,23.1646,6.5282,bulk_carrier,LNG,Visakhapatnam,Paradip
3,3,2,17380,9.8,61.0,761,0.91,941.1920000000002,0.61,5.978000000000001,6.635946555686647,9.76313293456348,46.6162,31.699,7.4644,general_cargo,MGO,Tuticorin,Port_Blair
1,2,2,12578,18.4,53.1,757,3.09,6229.503999999999,0.531,9.7704,6.630683385642372,9.439784035838873,123.9145,68.153,19.2067,container_ship,LNG,Port_Blair,Tuticorin
0,3,2,71338,12.9,56.2,419,2.77,2146.6890000000003,0.562,7.2498000000000005,6.040254711277414,11.175198441433086,122.6133,83.377,19.6335,bulk_carrier,MGO,Kamarajar,Visakhapatnam
0,2,2,58095,10.7,60.1,282,2.22,1225.0429999999997,0.601,6.430699999999999,5.645446897643238,10.969852093654117,40.368,22.2024,6.257,bulk_carrier,LNG,Mumbai,Kandla
3,3,2,17380,12.2,57.6,169,2.35,1815.8479999999997,0.5760000000000001,7.027200000000001,5.135798437050262,9.76313293456348,17.2559,11.734,2.7631,general_cargo,MGO,New_Mangalore,Mormugao
4,3,2,4149,20.8,61.9,282,2.48,8998.912,0.619,12.8752,5.645446897643238,8.330863613224745,30.2206,20.55,4.8391,passenger,MGO,Mumbai,Kandla
0,0,2,40297,13.4,50.9,169,3.2,2406.1040000000003,0.509,6.820600000000001,5.135798437050262,10.604057118911712,38.415,19.9758,5.7061,bulk_carrier,HFO,New_Mangalore,Mormugao
3,0,2,14985,14.1,91.7,347,2.89,2803.221,0.917,12.9297,5.8522024797744745,9.614871710924255,54.1267,28.1459,8.0399,general_cargo,HFO,Mormugao,Mumbai
3,0,2,17758,14.9,81.7,1190,2.04,3307.949,0.8170000000000001,12.173300000000001,7.0825485693553,9.784647708654596,196.813,102.3427,29.2344,general_cargo,HFO,JNPA,Chennai
6,2,2,42416,13.5,93.8,528,3.05,2460.375,0.938,12.662999999999998,6.270988431858299,10.65530450425995,133.9536,73.6745,20.7628,tanker,LNG,New_Mangalore,JNPA
3,3,2,13823,13.3,81.0,229,1.97,2352.637,0.81,10.773000000000001,5.438079308923196,9.534161491043838,24.7584,16.8357,3.9644,general_cargo,MGO,Kolkata_SMPK,Paradip
1,2,2,17711,23.6,97.0,358,1.66,13144.256000000003,0.97,22.892,5.883322388488279,9.781997654948418,133.8482,73.6165,20.7465,container_ship,LNG,JNPA,Mormugao
1,3,2,17711,20.2,76.0,529,1.18,8242.408,0.76,15.352,6.272877006546167,9.781997654948418,147.0953,100.0248,23.5536,container_ship,MGO,Mormugao,Kandla
1,3,1,41157,15.9,68.9,18,1.38,4019.679,0.6890000000000001,10.955100000000002,2.9444389791664403,10.625173597902494,5.8807,3.9989,0.9416,container_ship,MGO,Chennai,Kamarajar
0,3,2,58242,12.4,80.3,419,1.97,1906.6240000000003,0.8029999999999999,9.9572,6.040254711277414,10.972379192532934,104.1762,70.8398,16.6812,bulk_carrier,MGO,Kamarajar,Visakhapatnam
6,0,1,71643,13.4,58.0,1181,2.2,2406.1040000000003,0.58,7.771999999999999,7.074963197966044,11.17946468934515,387.701,201.6045,57.5887,tanker,HFO,Chennai,Mumbai
1,3,2,35698,22.0,50.5,1190,2.99,10648.0,0.505,11.11,7.0825485693553,10.482877956170928,709.9059,482.736,113.6737,container_ship,MGO,JNPA,Chennai
6,3,2,54273,11.1,81.4,788,1.71,1367.6309999999999,0.8140000000000001,9.035400000000001,6.670766320845874,10.901800569887673,142.337,96.7891,22.7917,tanker,MGO,Port_Blair,Chennai
0,0,2,70130,12.7,62.4,1196,2.34,2048.383,0.624,7.924799999999999,7.087573705557973,11.158120200662147,354.6039,184.394,52.6725,bulk_carrier,HFO,Chennai,JNPA
5,3,2,8843,19.7,65.8,529,2.77,7645.373,0.6579999999999999,12.962599999999998,6.272877006546167,9.087494541977337,93.1123,63.3163,14.9096,ro_ro,MGO,Mormugao,Kandla
0,0,2,58095,12.9,51.1,495,0.42,2146.6890000000003,0.511,6.5919,6.206575926724928,10.969852093654117,112.7418,58.6258,16.7466,bulk_carrier,HFO,Kolkata_SMPK,Visakhapatnam
5,3,2,6679,12.7,85.2,217,2.52,2048.383,0.852,10.8204,5.384495062789089,8.806873266530692,14.5877,9.9196,2.3359,ro_ro,MGO,Paradip,Kolkata_SMPK
0,2,0,60013,13.7,75.1,17,2.98,2571.3529999999996,0.7509999999999999,10.288699999999999,2.8903717578961645,11.002333147319582,4.9345,2.714,0.7649,bulk_carrier,LNG,Kamarajar,Chennai
1,0,2,27264,19.9,65.2,700,3.01,7880.598999999998,0.652,12.9748,6.55250788703459,10.213359107360162,308.4512,160.3946,45.817,container_ship,HFO,Paradip,Chennai
5,2,2,6851,16.1,82.9,850,1.62,4173.281000000001,0.8290000000000001,13.346900000000002,6.7464121285733745,8.832295859444011,70.7381,38.906,10.9644,ro_ro,LNG,Kochi,Mumbai
3,3,0,16177,12.3,92.0,1196,2.66,1860.8670000000004,0.92,11.316,7.087573705557973,9.691407573577898,135.1021,91.8694,21.6332,general_cargo,MGO,Chennai,JNPA
3,0,2,14088,12.6,75.3,1181,1.93,2000.3759999999997,0.753,9.4878,7.074963197966044,9.553149630053277,114.4176,59.4971,16.9955,general_cargo,HFO,Chennai,Mumbai
0,0,2,26135,11.3,87.3,290,0.68,1442.8970000000002,0.873,9.8649,5.673323267171493,10.171068953280907,34.0168,17.6888,5.0528,bulk_carrier,HFO,JNPA,Kandla
3,3,2,15648,16.0,62.2,370,1.87,4096.0,0.622,9.952,5.916202062607435,9.658162296163171,51.8263,35.2419,8.2987,general_cargo,MGO,Chennai,Tuticorin
5,2,2,4206,13.5,78.5,348,3.22,2460.375,0.785,10.5975,5.855071922202427,8.344505083590521,17.9915,9.8953,2.7887,ro_ro,LNG,Kochi,New_Mangalore
3,0,2,14088,15.2,72.6,348,2.96,3511.8079999999995,0.726,11.0352,5.855071922202427,9.553149630053277,59.7923,31.092,8.8815,general_cargo,HFO,Kochi,New_Mangalore
1,0,1,41157,12.7,80.6,507,2.95,2048.383,0.8059999999999999,10.236199999999998,6.230481447578482,10.625173597902494,124.193,64.5804,18.4475,container_ship,HFO,Mumbai,New_Mangalore
0,0,2,49115,12.5,71.3,1181,3.16,1953.125,0.713,8.9125,7.074963197966044,10.801940126280403,308.178,160.2526,45.7765,bulk_carrier,HFO,Chennai,Mumbai
1,0,2,16607,15.4,63.6,495,2.8,3652.264,0.636,9.7944,6.206575926724928,9.717639785965615,98.7232,51.3361,14.6642,container_ship,HFO,Kolkata_SMPK,Visakhapatnam
0,0,2,33529,12.1,73.9,347,1.43,1771.561,0.7390000000000001,8.9419,5.8522024797744745,10.420195839460273,56.0917,29.1677,8.3318,bulk_carrier,HFO,Mormugao,Mumbai
3,3,0,7216,15.9,84.8,856,0.79,4019.679,0.848,13.4832,6.75343791859778,8.884194633072273,81.3212,55.2984,13.0216,general_cargo,MGO,Kolkata_SMPK,Chennai
6,2,2,47767,14.7,74.0,495,0.85,3176.5229999999997,0.74,10.878,6.206575926724928,10.774111238226828,114.9282,63.2105,17.8139,tanker,LNG,Kolkata_SMPK,Visakhapatnam
0,3,2,45319,12.8,78.0,528,1.37,2097.1520000000005,0.78,9.984000000000002,6.270988431858299,10.721503715141942,102.9627,70.0147,16.4869,bulk_carrier,MGO,New_Mangalore,JNPA
1,3,2,41892,15.6,52.7,419,3.3,3796.4159999999997,0.527,8.2212,6.040254711277414,10.64287402751427,132.1696,89.8753,21.1637,container_ship,MGO,Kamarajar,Visakhapatnam
6,2,2,28632,13.8,83.7,24,0.34,2628.0720000000006,0.8370000000000001,11.550600000000001,3.2188758248682006,10.262315177792935,3.1703,1.7437,0.4914,tanker,LNG,JNPA,Mumbai
1,3,2,41892,18.7,81.4,1179,0.51,6539.2029999999995,0.8140000000000001,15.2218,7.07326971745971,10.64287402751427,504.2777,342.9088,80.7475,container_ship,MGO,Mumbai,Chennai
0,0,2,48674,12.6,75.4,853,1.68,2000.3759999999997,0.754,9.500399999999999,6.74993119378857,10.7929208302404,216.4665,112.5626,32.1537,bulk_carrier,HFO,Chennai,Kolkata_SMPK
0,2,2,33063,12.3,69.9,859,1.34,1860.8670000000004,0.6990000000000001,8.597700000000001,6.756932389247553,10.406200356191569,118.3796,65.1088,18.3488,bulk_carrier,LNG,Mumbai,Kochi
6,3,2,70614,14.8,79.1,507,1.83,3241.7920000000004,0.7909999999999999,11.7068,6.230481447578482,11.164997865503164,199.4577,135.6312,31.9382,tanker,MGO,Mumbai,New_Mangalore
0,2,0,64303,12.5,66.4,313,2.52,1953.125,0.664,8.3,5.749392985908253,11.071377116688982,72.9441,40.1193,11.3063,bulk_carrier,LNG,Visakhapatnam,Paradip
0,3,0,41493,11.9,60.3,757,0.49,1685.159,0.603,7.1757,6.630683385642372,10.633304117453084,118.018,80.2522,18.8976,bulk_carrier,MGO,Port_Blair,Tuticorin
1,3,0,30177,16.3,97.4,850,1.73,4330.747,0.9740000000000001,15.876200000000003,6.7464121285733745,10.314868461073596,236.8768,161.0762,37.9299,container_ship,MGO,Kochi,Mumbai
3,3,2,11634,13.1,98.7,700,2.31,2248.091,0.987,12.929699999999999,6.55250788703459,9.361773075736393,66.9523,45.5276,10.7207,general_cargo,MGO,Paradip,Chennai
6,2,0,55620,15.5,57.8,870,3.28,3723.875,0.578,8.959,6.769641976852503,10.926316106770527,310.1691,170.593,48.0762,tanker,LNG,Kochi,JNPA
2,2,2,932,16.4,97.9,176,1.65,4410.943999999999,0.9790000000000001,16.055600000000002,5.176149732573829,6.838405200847344,4.4995,2.4747,0.6974,ferry,LNG,Mormugao,New_Mangalore
6,3,2,68263,14.8,91.0,419,1.24,3241.7920000000004,0.91,13.468000000000002,6.040254711277414,11.13113782021642,158.9303,108.0726,25.4487,tanker,MGO,Kochi,Mormugao
1,4,1,33687,20.3,63.1,419,3.32,8365.427000000001,0.631,12.8093,6.040254711277414,10.424896969841763,413.7149,144.8002,23.8755,container_ship,Methanol,Kamarajar,Visakhapatnam
3,0,1,5817,13.2,63.4,176,2.88,2299.968,0.634,8.3688,5.176149732573829,8.668711839055147,12.1784,6.3328,1.809,general_cargo,HFO,Mormugao,New_Mangalore
6,2,0,55468,11.3,99.9,1181,2.98,1442.8970000000002,0.9990000000000001,11.288700000000002,7.074963197966044,10.923579585124024,234.9751,129.2363,36.4211,tanker,LNG,Chennai,Mumbai
0,3,2,42726,11.1,77.9,692,1.46,1367.6309999999999,0.779,8.6469,6.541029999189903,10.662586317888776,106.3849,72.3417,17.0349,bulk_carrier,MGO,Chennai,Paradip
6,3,0,56969,11.8,62.4,370,1.79,1643.0320000000004,0.624,7.363200000000001,5.916202062607435,10.950280092474442,71.2336,48.4389,11.4063,tanker,MGO,Chennai,Tuticorin
6,0,0,23117,15.6,62.1,176,0.43,3796.4159999999997,0.621,9.6876,5.176149732573829,10.048366813854212,36.2082,18.8283,5.3783,tanker,HFO,Mormugao,New_Mangalore
3,3,0,14088,15.7,81.7,183,3.16,3869.8929999999996,0.8170000000000001,12.8269,5.214935757608986,9.553149630053277,34.1026,23.1897,5.4607,general_cargo,MGO,Tuticorin,Kochi
6,2,2,72064,15.9,89.8,788,1.63,4019.679,0.898,14.2782,6.670766320845874,11.185323768517204,318.0473,174.926,49.2973,tanker,LNG,Port_Blair,Chennai
6,3,2,45552,15.4,85.1,1190,1.1,3652.264,0.851,13.1054,7.0825485693553,10.726631762209768,371.865,252.8682,59.5449,tanker,MGO,JNPA,Chennai
3,0,0,18455,10.8,68.5,411,1.97,1259.7120000000002,0.685,7.3980000000000015,6.021023349349527,9.823144799853589,39.9021,20.7491,5.927,general_cargo,HFO,Visakhapatnam,Kamarajar
3,0,2,14844,10.1,84.5,788,1.06,1030.301,0.845,8.5345,6.670766320845874,9.60541838719786,48.2245,25.0767,7.1632,general_cargo,HFO,Port_Blair,Chennai
0,2,2,58490,12.9,95.6,538,1.28,2146.6890000000003,0.956,12.3324,6.289715570908998,10.976628175230568,135.7424,74.6583,21.0401,bulk_carrier,LNG,Kochi,Chennai
3,0,2,15643,12.6,86.2,311,3.06,2000.3759999999997,0.862,10.8612,5.7430031878094825,9.657842735875406,38.8922,20.2239,5.777,general_cargo,HFO,Paradip,Visakhapatnam
6,3,2,50271,17.3,96.8,521,1.68,5177.717000000001,0.968,16.7464,6.257667587882639,10.825203541055348,240.4493,163.5055,38.5019,tanker,MGO,Kandla,Mormugao
2,2,2,536,21.3,91.6,757,1.57,9663.597000000002,0.9159999999999999,19.5108,6.630683385642372,6.285998094508865,22.1525,12.1839,3.4336,ferry,LNG,Port_Blair,Tuticorin
3,3,2,16581,12.3,56.1,859,0.64,1860.8670000000004,0.561,6.900300000000001,6.756932389247553,9.716073048676163,74.4692,50.6391,11.9244,general_cargo,MGO,Mumbai,Kochi
0,3,0,34731,11.6,71.8,311,2.21,1560.896,0.718,8.3288,5.7430031878094825,10.455416731180536,50.4591,34.3122,8.0798,bulk_carrier,MGO,Paradip,Visakhapatnam
5,2,2,11514,16.5,87.2,17,2.6,4492.125,0.872,14.388,2.8903717578961645,9.351405812254786,2.493,1.3712,0.3864,ro_ro,LNG,Kamarajar,Chennai
3,0,2,16581,12.8,69.7,856,1.17,2097.1520000000005,0.6970000000000001,8.921600000000002,6.75343791859778,9.716073048676163,101.6639,52.8652,15.1011,general_cargo,HFO,Kolkata_SMPK,Chennai
3,3,2,14844,10.9,75.0,286,0.65,1295.0290000000002,0.75,8.175,5.659482215759621,9.60541838719786,19.7506,13.4304,3.1626,general_cargo,MGO,Kandla,JNPA
1,4,2,35698,18.9,50.4,538,0.57,6751.268999999998,0.504,9.525599999999999,6.289715570908998,10.482877956170928,403.6024,141.2608,23.2919,container_ship,Methanol,Kochi,Chennai
0,2,2,58420,12.1,78.7,24,3.29,1771.561,0.787,9.5227,3.2188758248682006,10.975430693220769,5.6662,3.1164,0.8783,bulk_carrier,LNG,JNPA,Mumbai
0,3,2,59816,13.5,63.0,370,3.26,2460.375,0.63,8.505,5.916202062607435,10.99904518047501,117.0535,79.5964,18.7432,bulk_carrier,MGO,Chennai,Tuticorin
3,0,2,9258,12.0,95.3,788,3.47,1728.0,0.953,11.436,6.670766320845874,9.133351330448047,74.6136,38.7991,11.083,general_cargo,HFO,Port_Blair,Chennai
1,3,2,8659,13.1,69.2,189,2.53,2248.091,0.6920000000000001,9.0652,5.247024072160486,9.06647000155648,15.7244,10.6926,2.5179,container_ship,MGO,Kochi,Tuticorin
0,2,0,40297,12.5,61.0,370,1.59,1953.125,0.61,7.625,5.916202062607435,10.604057118911712,53.8723,29.6298,8.3502,bulk_carrier,LNG,Chennai,Tuticorin
5,3,2,6679,16.2,63.7,370,1.82,4251.527999999999,0.637,10.3194,5.916202062607435,8.806873266530692,33.6725,22.8973,5.3918,ro_ro,MGO,Chennai,Tuticorin
3,0,2,17741,10.9,82.0,495,3.31,1295.0290000000002,0.82,8.938,6.206575926724928,9.783689989080532,50.2447,26.1273,7.4633,general_cargo,HFO,Kolkata_SMPK,Visakhapatnam
1,3,2,18598,18.8,93.3,1179,3.36,6644.6720000000005,0.9329999999999999,17.540399999999998,7.07326971745971,9.830863094815127,410.9848,279.4697,65.8089,container_ship,MGO,Mumbai,Chennai
6,2,2,66768,14.9,74.1,176,2.21,3307.949,0.741,11.0409,5.176149732573829,11.108994179953779,52.5871,28.9229,8.151,tanker,LNG,Mormugao,New_Mangalore
3,3,2,16651,11.2,58.8,700,2.36,1404.9279999999997,0.588,6.5855999999999995,6.55250788703459,9.720285608314866,56.7495,38.5896,9.087,general_cargo,MGO,Paradip,Chennai
6,2,0,68994,13.3,68.3,313,3.22,2352.637,0.6829999999999999,9.0839,5.749392985908253,11.141789317185655,91.7228,50.4475,14.217,tanker,LNG,Visakhapatnam,Paradip
0,3,0,71338,12.5,95.5,276,0.46,1953.125,0.955,11.9375,5.6240175061873385,11.175198441433086,75.7709,51.5242,12.1328,bulk_carrier,MGO,Kandla,Mumbai
5,0,2,6851,18.9,92.6,870,2.67,6751.268999999998,0.9259999999999999,17.501399999999997,6.769641976852503,8.832295859444011,139.0647,72.3137,20.6565,ro_ro,HFO,Kochi,JNPA
6,3,2,39701,15.1,85.1,419,0.63,3442.9509999999996,0.851,12.8501,6.040254711277414,10.589156843240115,114.2118,77.664,18.2882,tanker,MGO,Kochi,Mormugao
5,3,2,11514,17.2,77.2,406,2.79,5088.447999999999,0.772,13.2784,6.008813185442595,9.351405812254786,77.2337,52.5189,12.367,ro_ro,MGO,Visakhapatnam,Chennai
0,2,0,49332,12.5,61.4,422,1.87,1953.125,0.614,7.675,6.0473721790462776,10.806348507298559,73.8354,40.6095,11.4445,bulk_carrier,LNG,Mormugao,Kochi
2,1,2,536,17.7,54.0,528,1.86,5545.232999999999,0.54,9.558,6.270988431858299,6.285998094508865,3.4703,11.105,0.2499,ferry,Hydrogen,New_Mangalore,JNPA
0,2,0,56514,13.7,57.8,276,1.35,2571.3529999999996,0.578,7.918599999999999,5.6240175061873385,10.942261368624832,62.7107,34.4909,9.7202,bulk_carrier,LNG,Mumbai,Kandla
1,3,0,33687,20.4,52.9,169,2.83,8489.663999999999,0.529,10.791599999999999,5.135798437050262,10.424896969841763,78.6087,53.4539,12.5872,container_ship,MGO,New_Mangalore,Mormugao
1,2,2,41892,17.3,59.5,538,1.3,5177.717000000001,0.595,10.2935,6.289715570908998,10.64287402751427,159.3171,87.6244,24.6942,container_ship,LNG,Kochi,Chennai
6,2,0,67954,13.3,95.8,507,3.1,2352.637,0.958,12.7414,6.230481447578482,11.126601000389448,153.9819,84.69,23.8672,tanker,LNG,Mumbai,New_Mangalore
5,0,0,7575,17.8,98.3,850,0.46,5639.752,0.983,17.4974,6.7464121285733745,8.932740634865914,102.8377,53.4756,15.2754,ro_ro,HFO,Kochi,Mumbai
3,0,2,17380,11.6,54.3,276,1.16,1560.896,0.5429999999999999,6.298799999999999,5.6240175061873385,9.76313293456348,22.9976,11.9587,3.416,general_cargo,HFO,Mumbai,Kandla
2,1,2,932,15.4,86.7,348,0.34,3652.264,0.867,13.3518,5.855071922202427,6.838405200847344,2.7994,8.9582,0.2016,ferry,Hydrogen,Kochi,New_Mangalore
0,2,2,48674,13.1,97.7,853,1.65,2248.091,0.977,12.7987,6.74993119378857,10.7929208302404,171.6266,94.3947,26.6021,bulk_carrier,LNG,Chennai,Kolkata_SMPK
5,2,0,4651,21.3,68.0,853,3.25,9663.597000000002,0.68,14.484000000000002,6.74993119378857,8.445052513638554,112.9023,62.0963,17.4999,ro_ro,LNG,Chennai,Kolkata_SMPK
6,0,2,28632,12.9,59.9,1179,1.73,2146.6890000000003,0.599,7.7271,7.07326971745971,10.262315177792935,201.1624,104.6045,29.8805,tanker,HFO,Mumbai,Chennai
3,0,2,16704,9.8,52.8,505,0.51,941.1920000000002,0.528,5.1744,6.226536669287466,9.723463354790857,30.6879,15.9577,4.5584,general_cargo,HFO,New_Mangalore,Mumbai
6,3,2,70614,13.5,80.5,521,2.17,2460.375,0.805,10.867500000000001,6.257667587882639,11.164997865503164,179.5189,122.0729,28.7455,tanker,MGO,Kandla,Mormugao
1,0,1,41892,17.1,61.8,286,2.57,5000.211000000001,0.618,10.5678,5.659482215759621,10.64287402751427,114.485,59.5322,17.0055,container_ship,HFO,Kandla,JNPA
3,0,0,16581,15.3,50.1,24,1.77,3581.5770000000007,0.501,7.6653,3.2188758248682006,9.716073048676163,3.4501,1.7941,0.5125,general_cargo,HFO,JNPA,Mumbai
3,3,2,16704,12.7,60.1,850,0.55,2048.383,0.601,7.632699999999999,6.7464121285733745,9.723463354790857,75.8257,51.5614,12.1416,general_cargo,MGO,Kochi,Mumbai
0,3,1,41291,13.4,92.2,850,2.32,2406.1040000000003,0.922,12.354800000000001,6.7464121285733745,10.62842405558548,217.2478,147.7285,34.7868,bulk_carrier,MGO,Kochi,Mumbai
6,2,2,70614,16.7,99.8,411,1.59,4657.463,0.998,16.6666,6.021023349349527,11.164997865503164,192.8715,106.0793,29.8951,tanker,LNG,Visakhapatnam,Kamarajar
3,3,2,10749,11.3,81.8,761,1.67,1442.8970000000002,0.818,9.2434,6.635946555686647,9.28266103355581,51.9221,35.307,8.314,general_cargo,MGO,Tuticorin,Port_Blair
1,2,2,33687,19.5,76.6,396,0.8,7414.875,0.7659999999999999,14.936999999999998,5.983936280687191,10.424896969841763,133.7153,73.5434,20.7259,container_ship,LNG,Chennai,Visakhapatnam
3,3,2,5817,11.9,68.6,411,3.13,1685.159,0.6859999999999999,8.1634,6.021023349349527,8.668711839055147,21.4561,14.5901,3.4357,general_cargo,MGO,Visakhapatnam,Kamarajar
1,3,2,37761,16.7,94.2,876,0.74,4657.463,0.9420000000000001,15.7314,6.776506992372183,10.539058584958477,296.5991,201.6874,47.4929,container_ship,MGO,JNPA,Kochi
3,3,2,13823,13.2,97.9,349,2.4,2299.968,0.9790000000000001,12.9228,5.857933154483459,9.534161491043838,41.8376,28.4496,6.6993,general_cargo,MGO,Mumbai,Mormugao
6,3,2,27184,11.7,63.4,1196,3.46,1601.6129999999996,0.634,7.4178,7.087573705557973,10.210420629580021,178.7474,121.5482,28.6219,tanker,MGO,Chennai,JNPA
1,4,1,30177,16.4,58.9,422,2.89,4410.943999999999,0.589,9.6596,6.0473721790462776,10.314868461073596,243.1178,85.0912,14.0303,container_ship,Methanol,Mormugao,Kochi
0,3,2,58242,13.6,86.0,692,2.29,2515.4559999999997,0.86,11.696,6.541029999189903,10.972379192532934,221.9654,150.9365,35.5422,bulk_carrier,MGO,Chennai,Paradip
1,0,2,19734,22.2,93.2,290,1.38,10941.047999999999,0.932,20.6904,5.673323267171493,9.890148988096948,125.7222,65.3755,18.6746,container_ship,HFO,JNPA,Kandla
1,0,2,21724,17.2,98.3,282,0.92,5088.447999999999,0.983,16.9076,5.645446897643238,9.986218950133592,67.0194,34.8501,9.955,container_ship,HFO,Mumbai,Kandla
6,0,2,67954,10.9,51.7,542,0.5,1295.0290000000002,0.517,5.6353,6.297109319933935,11.126601000389448,91.9491,47.8136,13.658,tanker,HFO,Chennai,Kochi
4,2,2,3808,20.1,71.4,189,2.22,8120.6010000000015,0.7140000000000001,14.351400000000003,5.247024072160486,8.245121966478605,17.3343,9.5339,2.6868,passenger,LNG,Kochi,Tuticorin
0,2,0,71338,12.2,67.1,491,1.54,1815.8479999999997,0.6709999999999999,8.1862,6.198478716492308,11.175198441433086,105.9064,58.2485,16.4155,bulk_carrier,LNG,Visakhapatnam,Kolkata_SMPK
6,2,2,23117,16.7,50.3,853,2.7,4657.463,0.503,8.4001,6.74993119378857,10.048366813854212,171.2468,94.1857,26.5433,tanker,LNG,Chennai,Kolkata_SMPK
6,2,2,76931,17.1,88.8,870,0.76,5000.211000000001,0.888,15.184800000000001,6.769641976852503,11.250677193775257,411.1219,226.1171,63.7239,tanker,LNG,Kochi,JNPA
6,3,2,39649,11.0,57.5,528,3.4,1331.0,0.575,6.324999999999999,6.270988431858299,10.587846227062993,88.3282,60.0632,14.1436,tanker,MGO,New_Mangalore,JNPA
6,3,1,66768,15.2,93.8,1181,3.24,3511.8079999999995,0.938,14.257599999999998,7.074963197966044,11.108994179953779,592.5504,402.9343,94.8821,tanker,MGO,Chennai,Mumbai
6,2,2,71643,11.1,96.3,297,0.69,1367.6309999999999,0.963,10.6893,5.697093486505405,11.17946468934515,57.2303,31.4767,8.8707,tanker,LNG,JNPA,Kandla
0,3,2,58490,11.0,80.8,788,3.2,1331.0,0.8079999999999999,8.888,6.670766320845874,10.976628175230568,162.7873,110.6954,26.0663,bulk_carrier,MGO,Port_Blair,Chennai
0,2,2,33063,13.3,55.0,311,0.46,2352.637,0.55,7.315000000000001,5.7430031878094825,10.406200356191569,41.2347,22.6791,6.3914,bulk_carrier,LNG,Paradip,Visakhapatnam
0,3,2,70130,11.6,66.7,349,0.47,1560.896,0.667,7.7372000000000005,5.857933154483459,11.158120200662147,69.3735,47.1739,11.1084,bulk_carrier,MGO,Mumbai,Mormugao
0,2,2,63249,14.7,86.9,761,1.0,3176.5229999999997,0.8690000000000001,12.7743,6.635946555686647,11.054850406589766,229.6216,126.2919,35.5914,bulk_carrier,LNG,Tuticorin,Port_Blair
4,2,0,2268,14.1,85.7,491,0.7,2803.221,0.857,12.0837,6.198478716492308,7.727094484779841,14.5146,7.983,2.2498,passenger,LNG,Visakhapatnam,Kolkata_SMPK
1,3,2,9661,20.0,94.1,411,1.3,8000.0,0.941,18.82,6.021023349349527,9.175955945114351,79.3715,53.9726,12.7094,container_ship,MGO,Visakhapatnam,Kamarajar
5,2,0,7575,17.4,67.4,169,0.3,5268.0239999999985,0.674,11.727599999999999,5.135798437050262,8.932740634865914,16.0628,8.8345,2.4897,ro_ro,LNG,New_Mangalore,Mormugao
0,2,2,26135,11.3,92.9,24,2.67,1442.8970000000002,0.929,10.497700000000002,3.2188758248682006,10.171068953280907,2.8261,1.5544,0.438,bulk_carrier,LNG,JNPA,Mumbai
2,3,2,932,16.9,78.3,22,1.6,4826.808999999998,0.7829999999999999,13.232699999999998,3.1354942159291497,6.838405200847344,0.588,0.3998,0.0942,ferry,MGO,Mumbai,JNPA
3,3,2,19799,11.0,56.2,797,1.58,1331.0,0.562,6.182,6.682108597449809,9.893437216682626,69.8442,47.4941,11.1838,general_cargo,MGO,Chennai,Port_Blair
0,3,0,71338,13.7,90.3,359,3.11,2571.3529999999996,0.903,12.3711,5.886104031450156,11.175198441433086,143.27,97.4236,22.9411,bulk_carrier,MGO,Mormugao,JNPA
0,2,2,49332,13.2,68.6,290,2.56,2299.968,0.6859999999999999,9.0552,5.673323267171493,10.806348507298559,56.5322,31.0927,8.7625,bulk_carrier,LNG,Kandla,JNPA
1,0,0,41157,12.7,58.5,183,2.27,2048.383,0.585,7.429499999999999,5.214935757608986,10.625173597902494,34.6747,18.0309,5.1505,container_ship,HFO,Tuticorin,Kochi
3,3,2,5817,13.3,86.5,870,2.84,2352.637,0.865,11.5045,6.769641976852503,8.668711839055147,57.3504,38.9983,9.1832,general_cargo,MGO,Kochi,JNPA
3,3,2,13823,13.2,87.4,700,0.99,2299.968,0.8740000000000001,11.536800000000001,6.55250788703459,9.534161491043838,72.5041,49.3028,11.6097,general_cargo,MGO,Paradip,Chennai
0,2,2,29708,13.2,83.3,411,2.25,2299.968,0.833,10.9956,6.021023349349527,10.299205309189412,63.6429,35.0036,9.8647,bulk_carrier,LNG,Visakhapatnam,Kamarajar
3,3,2,9058,13.1,83.2,24,0.72,2248.091,0.8320000000000001,10.8992,3.2188758248682006,9.111514017669288,1.6989,1.1553,0.272,general_cargo,MGO,JNPA,Mumbai
5,2,2,4651,17.8,51.0,24,0.75,5639.752,0.51,9.078000000000001,3.2188758248682006,8.445052513638554,1.593,0.8762,0.2469,ro_ro,LNG,JNPA,Mumbai
4,1,2,3808,24.0,72.5,859,2.98,13824.0,0.725,17.4,6.756932389247553,8.245121966478605,48.4457,155.0262,3.4881,passenger,Hydrogen,Mumbai,Kochi
0,2,2,47170,12.1,92.6,290,1.18,1771.561,0.9259999999999999,11.2046,5.673323267171493,10.761534575968792,49.571,27.2641,7.6835,bulk_carrier,LNG,Kandla,JNPA
4,1,0,1902,18.0,90.8,850,1.3,5832.0,0.9079999999999999,16.343999999999998,6.7464121285733745,7.551186867296149,16.3921,52.4548,1.1802,passenger,Hydrogen,Kochi,Mumbai
5,0,1,11514,18.0,94.6,24,1.19,5832.0,0.946,17.028,3.2188758248682006,9.351405812254786,4.4746,2.3268,0.6647,ro_ro,HFO,JNPA,Mumbai
1,2,1,38751,13.5,73.6,495,3.21,2460.375,0.736,9.936,6.206575926724928,10.564937646352819,88.2798,48.5539,13.6834,container_ship,LNG,Kolkata_SMPK,Visakhapatnam
0,0,2,32714,14.9,81.1,290,2.45,3307.949,0.8109999999999999,12.0839,5.673323267171493,10.395588967303839,78.725,40.937,11.6937,bulk_carrier,HFO,JNPA,Kandla
1,3,2,26077,19.6,96.2,183,3.36,7529.536000000002,0.9620000000000001,18.855200000000004,5.214935757608986,10.168847325983418,83.2599,56.6167,13.332,container_ship,MGO,Tuticorin,Kochi
6,2,2,47767,13.0,80.4,419,2.26,2197.0,0.804,10.452,6.040254711277414,10.774111238226828,86.1442,47.3793,13.3523,tanker,LNG,Kochi,Mormugao
0,3,0,41493,11.6,65.7,495,1.26,1560.896,0.657,7.6212,6.206575926724928,10.633304117453084,72.3725,49.2133,11.5886,bulk_carrier,MGO,Kolkata_SMPK,Visakhapatnam
0,0,2,41291,12.4,97.3,311,3.13,1906.6240000000003,0.973,12.0652,5.7430031878094825,10.62842405558548,81.8376,42.5555,12.1561,bulk_carrier,HFO,Paradip,Visakhapatnam
1,4,1,30177,17.8,54.8,290,2.17,5639.752,0.5479999999999999,9.754399999999999,5.673323267171493,10.314868461073596,192.5103,67.3786,11.1098,container_ship,Methanol,JNPA,Kandla
6,0,0,28244,13.9,99.2,856,3.35,2685.619,0.992,13.7888,6.75343791859778,10.248671729759362,213.8539,111.204,31.7656,tanker,HFO,Kolkata_SMPK,Chennai
3,3,2,5602,13.3,80.0,700,3.12,2352.637,0.8,10.64,6.55250788703459,8.631057447565285,48.8385,33.2102,7.8203,general_cargo,MGO,Paradip,Chennai
4,1,2,2268,13.1,54.3,24,0.37,2248.091,0.5429999999999999,7.113299999999999,3.2188758248682006,7.727094484779841,0.2077,0.6647,0.015,passenger,Hydrogen,JNPA,Mumbai
0,3,2,58095,12.0,90.6,856,2.26,1728.0,0.9059999999999999,10.872,6.75343791859778,10.969852093654117,219.515,149.2702,35.1498,bulk_carrier,MGO,Kolkata_SMPK,Chennai
6,3,1,47959,11.3,65.1,521,1.95,1442.8970000000002,0.6509999999999999,7.356299999999999,6.257667587882639,10.77812260914145,84.047,57.152,13.458,tanker,MGO,Kandla,Mormugao
0,2,2,66381,14.1,86.5,406,1.99,2803.221,0.865,12.1965,6.008813185442595,11.103181214377175,122.4965,67.3731,18.987,bulk_carrier,LNG,Visakhapatnam,Chennai
3,0,2,6658,16.7,99.0,411,1.33,4657.463,0.99,16.532999999999998,6.021023349349527,8.803724602110622,40.773,21.202,6.0564,general_cargo,HFO,Visakhapatnam,Kamarajar
2,2,2,2604,12.5,61.2,876,2.38,1953.125,0.612,7.6499999999999995,6.776506992372183,7.865187954187467,24.4607,13.4534,3.7914,ferry,LNG,JNPA,Kochi
0,2,0,27915,12.7,66.2,276,1.81,2048.383,0.662,8.407399999999999,5.6240175061873385,10.236955280137042,34.3308,18.882,5.3213,bulk_carrier,LNG,Kandla,Mumbai
2,2,2,2604,11.6,86.5,286,1.22,1560.896,0.865,10.033999999999999,5.659482215759621,7.865187954187467,6.42,3.531,0.9951,ferry,LNG,Kandla,JNPA
6,2,2,68994,14.0,88.7,348,3.23,2744.0,0.887,12.418,5.855071922202427,11.141789317185655,122.7955,67.5375,19.0333,tanker,LNG,Kochi,New_Mangalore
3,3,0,14844,9.3,63.8,276,1.97,804.3570000000002,0.638,5.933400000000001,5.6240175061873385,9.60541838719786,13.2345,8.9994,2.1192,general_cargo,MGO,Kandla,Mumbai
6,2,2,67954,13.4,96.3,859,3.14,2406.1040000000003,0.963,12.9042,6.756932389247553,11.126601000389448,261.8319,144.0076,40.5839,tanker,LNG,Mumbai,Kochi
1,4,2,34470,19.4,86.8,22,3.42,7301.383999999998,0.868,16.839199999999998,3.1354942159291497,10.44787366982408,23.9871,8.3955,1.3843,container_ship,Methanol,Mumbai,JNPA
6,3,0,76931,13.4,90.9,370,0.44,2406.1040000000003,0.909,12.1806,5.916202062607435,11.250677193775257,111.3858,75.7423,17.8356,tanker,MGO,Chennai,Tuticorin
1,3,1,31457,14.2,57.2,358,2.25,2863.2879999999996,0.5720000000000001,8.1224,5.883322388488279,10.356408601800588,71.5664,48.6651,11.4596,container_ship,MGO,JNPA,Mormugao
1,3,0,33687,21.5,59.3,518,2.74,9938.375,0.593,12.7495,6.251903883165888,10.424896969841763,271.1689,184.3948,43.4209,container_ship,MGO,JNPA,New_Mangalore
5,2,0,8843,18.7,60.6,507,0.45,6539.2029999999995,0.606,11.332199999999998,6.230481447578482,9.087494541977337,54.8878,30.1883,8.5076,ro_ro,LNG,Mumbai,New_Mangalore
5,2,0,4206,16.4,86.9,18,2.08,4410.943999999999,0.8690000000000001,14.2516,2.9444389791664403,8.344505083590521,1.127,0.6198,0.1747,ro_ro,LNG,Chennai,Kamarajar
1,0,2,8659,15.6,86.0,18,2.39,3796.4159999999997,0.86,13.416,2.9444389791664403,9.06647000155648,2.3807,1.238,0.3536,container_ship,HFO,Chennai,Kamarajar
1,0,2,33687,16.5,91.8,349,3.16,4492.125,0.9179999999999999,15.146999999999998,5.857933154483459,10.424896969841763,135.5605,70.4914,20.136,container_ship,HFO,Mumbai,Mormugao
0,2,2,26135,9.2,71.8,507,2.26,778.6879999999999,0.718,6.605599999999999,6.230481447578482,10.171068953280907,31.511,17.331,4.8842,bulk_carrier,LNG,Mumbai,New_Mangalore
0,2,2,33063,11.4,67.5,700,1.1,1481.544,0.675,7.695000000000001,6.55250788703459,10.406200356191569,75.0108,41.2559,11.6267,bulk_carrier,LNG,Paradip,Chennai
5,2,2,6851,19.2,75.6,345,0.35,7077.887999999999,0.7559999999999999,14.515199999999997,5.846438775057725,8.832295859444011,39.4163,21.679,6.1095,ro_ro,LNG,New_Mangalore,Kochi
0,2,2,70130,10.2,60.8,495,1.77,1061.2079999999999,0.608,6.201599999999999,6.206575926724928,11.158120200662147,75.6822,41.6252,11.7307,bulk_carrier,LNG,Kolkata_SMPK,Visakhapatnam
3,3,0,16704,12.0,97.6,1190,0.58,1728.0,0.976,11.712,7.0825485693553,9.723463354790857,110.1107,74.8753,17.6315,general_cargo,MGO,JNPA,Chennai
0,2,0,63249,13.4,93.2,788,2.82,2406.1040000000003,0.932,12.488800000000001,6.670766320845874,11.054850406589766,252.0783,138.6431,39.0721,bulk_carrier,LNG,Port_Blair,Chennai
6,0,0,28073,12.7,96.0,217,1.02,2048.383,0.96,12.191999999999998,5.384495062789089,10.24259916009427,34.7907,18.0912,5.1678,tanker,HFO,Paradip,Kolkata_SMPK
6,0,0,54273,15.0,54.2,521,2.62,3375.0,0.542,8.13,6.257667587882639,10.901800569887673,180.1896,93.6986,26.7652,tanker,HFO,Kandla,Mormugao
5,2,2,8843,20.4,59.1,528,2.97,8489.663999999999,0.591,12.056399999999998,6.270988431858299,9.087494541977337,83.0803,45.6942,12.8774,ro_ro,LNG,New_Mangalore,JNPA
4,1,2,4545,25.3,79.4,364,0.35,16194.277000000002,0.794,20.0882,5.8998973535824915,8.422003004412488,22.3466,71.5092,1.609,passenger,Hydrogen,Tuticorin,Chennai
6,2,2,54273,12.0,67.2,542,2.0,1728.0,0.672,8.064,6.297109319933935,10.901800569887673,102.9097,56.6004,15.951,tanker,LNG,Chennai,Kochi
0,2,2,60013,13.5,59.3,1179,2.41,2460.375,0.593,8.0055,7.07326971745971,11.002333147319582,282.9158,155.6037,43.8519,bulk_carrier,LNG,Mumbai,Chennai
5,3,2,4651,21.0,51.7,217,1.37,9261.0,0.517,10.857000000000001,5.384495062789089,8.445052513638554,24.0769,16.3723,3.8553,ro_ro,MGO,Paradip,Kolkata_SMPK
0,0,2,58242,13.5,58.2,700,2.67,2460.375,0.5820000000000001,7.857000000000001,6.55250788703459,10.972379192532934,220.4323,114.6248,32.7428,bulk_carrier,HFO,Paradip,Chennai
4,1,2,3504,22.3,74.6,297,2.68,11089.567000000001,0.746,16.6358,5.697093486505405,8.16194579946869,12.437,39.7983,0.8955,passenger,Hydrogen,JNPA,Kandla
1,4,2,33687,19.3,63.7,419,2.69,7189.057000000001,0.637,12.2941,6.040254711277414,10.424896969841763,377.1862,132.0152,21.7674,container_ship,Methanol,Kochi,Mormugao
5,2,2,8843,21.1,80.8,850,1.92,9393.931000000002,0.8079999999999999,17.0488,6.7464121285733745,9.087494541977337,145.5481,80.0515,22.56,ro_ro,LNG,Kochi,Mumbai
3,3,0,14844,11.9,67.9,282,1.79,1685.159,0.679,8.080100000000002,5.645446897643238,9.60541838719786,23.169,15.7549,3.7099,general_cargo,MGO,Mumbai,Kandla
0,2,1,33529,12.0,63.7,1179,1.47,1728.0,0.637,7.644,7.07326971745971,10.420195839460273,144.6119,79.5365,22.4148,bulk_carrier,LNG,Mumbai,Chennai
0,3,2,30900,12.6,94.4,345,0.41,2000.3759999999997,0.9440000000000001,11.894400000000001,5.846438775057725,10.33854382482173,55.7701,37.9237,8.9302,bulk_carrier,MGO,New_Mangalore,Kochi
6,2,0,68263,13.4,78.0,406,1.02,2406.1040000000003,0.78,10.452,6.008813185442595,11.13113782021642,108.0848,59.4466,16.7531,tanker,LNG,Visakhapatnam,Chennai
4,1,0,1902,20.7,59.6,290,1.32,8869.742999999999,0.596,12.3372,5.673323267171493,7.551186867296149,6.3779,20.4094,0.4592,passenger,Hydrogen,JNPA,Kandla
0,0,0,56514,11.5,65.0,507,2.96,1520.875,0.65,7.4750000000000005,6.230481447578482,10.942261368624832,121.7559,63.3131,18.0855,bulk_carrier,HFO,Mumbai,New_Mangalore
6,3,2,55620,16.4,50.3,286,2.08,4410.943999999999,0.503,8.2492,5.659482215759621,10.926316106770527,96.4019,65.5533,15.4363,tanker,MGO,Kandla,JNPA
1,0,0,13324,15.9,55.6,1181,1.63,4019.679,0.556,8.8404,7.074963197966044,9.497397249034046,174.9474,90.9727,25.9865,container_ship,HFO,Chennai,Mumbai
0,0,0,41493,11.3,88.2,853,2.79,1442.8970000000002,0.882,9.966600000000001,6.74993119378857,10.633304117453084,165.3623,85.9884,24.5628,bulk_carrier,HFO,Chennai,Kolkata_SMPK
6,3,0,33954,12.3,82.5,18,1.85,1860.8670000000004,0.825,10.1475,2.9444389791664403,10.432791397547891,2.9213,1.9865,0.4678,tanker,MGO,Chennai,Kamarajar
6,2,2,72064,11.1,83.8,311,1.21,1367.6309999999999,0.838,9.3018,5.7430031878094825,11.185323768517204,55.2293,30.3761,8.5605,tanker,LNG,Paradip,Visakhapatnam
1,2,2,18598,22.4,75.9,17,0.32,11239.423999999997,0.759,17.0016,2.8903717578961645,9.830863094815127,4.6061,2.5334,0.714,container_ship,LNG,Kamarajar,Chennai
1,4,2,12017,17.0,93.6,422,0.34,4913.0,0.9359999999999999,15.911999999999999,6.0473721790462776,9.394160804893874,129.2002,45.2201,7.4561,container_ship,Methanol,Mormugao,Kochi
6,2,2,47767,14.0,97.1,853,1.97,2744.0,0.971,13.594,6.74993119378857,10.774111238226828,197.0934,108.4014,30.5495,tanker,LNG,Chennai,Kolkata_SMPK
1,3,0,36763,19.8,95.5,876,1.84,7762.392000000001,0.955,18.909,6.776506992372183,10.512274384478,429.1154,291.7985,68.7121,container_ship,MGO,JNPA,Kochi
1,2,2,12017,15.7,72.0,521,3.16,3869.8929999999996,0.72,11.303999999999998,6.257667587882639,9.394160804893874,68.9952,37.9473,10.6943,container_ship,LNG,Kandla,Mormugao
6,3,2,68994,10.5,94.7,311,1.57,1157.625,0.9470000000000001,9.9435,5.7430031878094825,11.141789317185655,66.4476,45.1843,10.6399,tanker,MGO,Paradip,Visakhapatnam
6,2,2,50271,14.6,52.5,290,0.51,3112.136,0.525,7.665,5.673323267171493,10.825203541055348,64.0124,35.2068,9.9219,tanker,LNG,Kandla,JNPA
1,3,2,9661,13.9,58.4,217,0.97,2685.619,0.584,8.1176,5.384495062789089,9.175955945114351,15.9202,10.8257,2.5492,container_ship,MGO,Paradip,Kolkata_SMPK
1,2,2,12017,16.0,79.9,347,2.68,4096.0,0.799,12.784,5.8522024797744745,9.394160804893874,48.1439,26.4791,7.4623,container_ship,LNG,Mormugao,Mumbai
3,0,2,5817,13.3,80.7,757,0.98,2352.637,0.807,10.733100000000002,6.630683385642372,8.668711839055147,42.5219,22.1114,6.3162,general_cargo,HFO,Port_Blair,Tuticorin
5,2,2,6679,13.6,84.4,290,1.29,2515.4559999999997,0.8440000000000001,11.4784,5.673323267171493,8.806873266530692,17.0398,9.3719,2.6412,ro_ro,LNG,JNPA,Kandla
3,3,2,14985,12.5,50.2,491,2.04,1953.125,0.502,6.275,6.198478716492308,9.614871710924255,43.3751,29.4951,6.9454,general_cargo,MGO,Visakhapatnam,Kolkata_SMPK
2,3,2,1735,15.3,93.5,348,2.14,3581.5770000000007,0.935,14.305500000000002,5.855071922202427,7.459338895220296,12.8377,8.7296,2.0556,ferry,MGO,Kochi,New_Mangalore
0,0,0,30900,13.8,55.0,217,2.75,2628.0720000000006,0.55,7.590000000000001,5.384495062789089,10.33854382482173,45.6968,23.7623,6.7878,bulk_carrier,HFO,Paradip,Kolkata_SMPK
1,4,2,12578,17.1,55.3,277,2.8,5000.211000000001,0.5529999999999999,9.456299999999999,5.627621113690637,9.439784035838873,103.7741,36.3209,5.9888,container_ship,Methanol,Kandla,Mumbai
3,0,2,5817,14.5,72.9,700,3.49,3048.625,0.7290000000000001,10.570500000000001,6.55250788703459,8.668711839055147,65.7736,34.2023,9.7699,general_cargo,HFO,Paradip,Chennai
6,2,2,67954,14.9,70.8,276,3.1,3307.949,0.708,10.549199999999999,5.6240175061873385,11.126601000389448,99.2178,54.5698,15.3788,tanker,LNG,Kandla,Mumbai
6,2,2,55620,14.7,91.6,521,1.59,3176.5229999999997,0.9159999999999999,13.465199999999998,6.257667587882639,10.926316106770527,154.971,85.234,24.0205,tanker,LNG,Kandla,Mormugao
0,0,2,32714,12.1,82.2,18,2.39,1771.561,0.8220000000000001,9.946200000000001,2.9444389791664403,10.395588967303839,3.5481,1.845,0.527,bulk_carrier,HFO,Chennai,Kamarajar
3,3,2,16581,11.7,70.4,349,2.26,1601.6129999999996,0.7040000000000001,8.2368,5.857933154483459,9.716073048676163,33.1987,22.5751,5.3159,general_cargo,MGO,Mumbai,Mormugao
0,3,2,47170,10.0,88.8,282,1.1,1000.0,0.888,8.88,5.645446897643238,10.761534575968792,36.3745,24.7346,5.8245,bulk_carrier,MGO,Mumbai,Kandla
0,2,2,56514,13.0,69.2,422,1.06,2197.0,0.6920000000000001,8.996,6.0473721790462776,10.942261368624832,87.9632,48.3798,13.6343,bulk_carrier,LNG,Mormugao,Kochi
6,3,2,23323,11.8,90.5,859,1.76,1643.0320000000004,0.905,10.679,6.756932389247553,10.057238152342046,108.8089,73.9901,17.423,tanker,MGO,Mumbai,Kochi
3,0,2,10004,15.5,54.8,276,3.19,3723.875,0.5479999999999999,8.494,5.6240175061873385,9.210840247017833,34.9744,18.1867,5.1951,general_cargo,HFO,Kandla,Mumbai
6,0,1,42416,10.9,89.0,276,0.98,1295.0290000000002,0.89,9.701,5.6240175061873385,10.65530450425995,43.6981,22.723,6.4909,tanker,HFO,Kandla,Mumbai
1,0,2,38751,13.1,89.8,505,1.71,2248.091,0.898,11.7638,6.226536669287466,10.564937646352819,113.3358,58.9346,16.8348,container_ship,HFO,New_Mangalore,Mumbai
6,3,2,27184,13.3,71.5,419,2.73,2352.637,0.715,9.509500000000001,6.040254711277414,10.210420629580021,70.1624,47.7104,11.2347,tanker,MGO,Kamarajar,Visakhapatnam
1,0,0,33687,19.7,68.4,364,0.84,7645.373,0.684,13.4748,5.8998973535824915,10.424896969841763,139.5444,72.5631,20.7278,container_ship,HFO,Tuticorin,Chennai
3,0,1,14844,9.7,61.7,313,0.73,912.6729999999998,0.617,5.9849,5.749392985908253,9.60541838719786,17.6604,9.1834,2.6233,general_cargo,HFO,Visakhapatnam,Paradip
0,3,1,58095,13.6,88.6,853,1.43,2515.4559999999997,0.8859999999999999,12.049599999999998,6.74993119378857,10.969852093654117,245.9311,167.2332,39.3797,bulk_carrier,MGO,Chennai,Kolkata_SMPK
2,1,2,1735,14.3,85.6,853,1.68,2924.2070000000003,0.856,12.2408,6.74993119378857,7.459338895220296,9.3361,29.8754,0.6722,ferry,Hydrogen,Chennai,Kolkata_SMPK
0,3,2,27915,10.8,78.3,183,3.16,1259.7120000000002,0.7829999999999999,8.4564,5.214935757608986,10.236955280137042,22.9873,15.6314,3.6808,bulk_carrier,MGO,Tuticorin,Kochi
3,3,0,14088,14.5,96.5,422,2.35,3048.625,0.965,13.9925,6.0473721790462776,9.553149630053277,64.1958,43.6531,10.2793,general_cargo,MGO,Mormugao,Kochi
0,2,2,41493,10.3,73.7,876,3.01,1092.7270000000003,0.737,7.591100000000001,6.776506992372183,10.633304117453084,113.7207,62.5464,17.6267,bulk_carrier,LNG,JNPA,Kochi
0,2,2,62925,11.4,67.3,313,2.76,1481.544,0.6729999999999999,7.672199999999999,5.749392985908253,11.049714711812085,58.0033,31.9018,8.9905,bulk_carrier,LNG,Visakhapatnam,Paradip
6,2,2,28632,13.7,55.1,700,1.27,2571.3529999999996,0.551,7.5487,6.55250788703459,10.262315177792935,89.9166,49.4541,13.9371,tanker,LNG,Paradip,Chennai
6,2,2,55666,10.3,65.6,217,3.35,1092.7270000000003,0.6559999999999999,6.756799999999999,5.384495062789089,10.927142790736806,32.9272,18.1099,5.1037,tanker,LNG,Paradip,Kolkata_SMPK
3,3,0,19799,12.0,90.7,313,2.82,1728.0,0.907,10.884,5.749392985908253,9.893437216682626,38.6144,26.2578,6.1831,general_cargo,MGO,Visakhapatnam,Paradip
3,0,0,17380,11.0,93.2,411,0.4,1331.0,0.932,10.252,6.021023349349527,9.76313293456348,31.5079,16.3841,4.6802,general_cargo,HFO,Visakhapatnam,Kamarajar
0,0,2,35729,13.1,83.5,169,2.91,2248.091,0.835,10.9385,5.135798437050262,10.483745951017456,43.9262,22.8416,6.5248,bulk_carrier,HFO,New_Mangalore,Mormugao
3,3,2,9258,13.2,83.0,870,2.18,2299.968,0.83,10.956,6.769641976852503,9.133351330448047,74.6344,50.7514,11.9508,general_cargo,MGO,Kochi,JNPA
4,1,2,2268,14.3,92.3,189,0.33,2924.2070000000003,0.9229999999999999,13.1989,5.247024072160486,7.727094484779841,2.1478,6.8731,0.1546,passenger,Hydrogen,Kochi,Tuticorin
0,0,2,60013,11.0,90.0,348,1.6,1331.0,0.9,9.9,5.855071922202427,11.002333147319582,69.7982,36.2951,10.3678,bulk_carrier,HFO,Kochi,New_Mangalore
3,0,2,11634,11.9,94.5,406,0.6,1685.159,0.945,11.2455,6.008813185442595,9.361773075736393,30.9297,16.0835,4.5943,general_cargo,HFO,Visakhapatnam,Chennai
6,3,2,39701,15.7,92.4,521,3.01,3869.8929999999996,0.924,14.5068,6.257667587882639,10.589156843240115,184.9057,125.7359,29.608,tanker,MGO,Kandla,Mormugao
6,0,2,28632,16.8,90.1,1181,2.92,4741.6320000000005,0.9009999999999999,15.1368,7.074963197966044,10.262315177792935,408.1536,212.2399,60.6267,tanker,HFO,Chennai,Mumbai
0,2,2,41493,10.1,98.8,850,2.04,1030.301,0.988,9.9788,6.7464121285733745,10.633304117453084,107.6919,59.2306,16.6923,bulk_carrier,LNG,Kochi,Mumbai
0,0,2,30900,15.6,90.6,542,0.46,3796.4159999999997,0.9059999999999999,14.133599999999998,6.297109319933935,10.33854382482173,130.1492,67.6776,19.3322,bulk_carrier,HFO,Chennai,Kochi
0,3,2,34731,14.1,58.7,419,2.3,2803.221,0.5870000000000001,8.276700000000002,6.040254711277414,10.455416731180536,94.33,64.1444,15.1046,bulk_carrier,MGO,Kamarajar,Visakhapatnam
1,0,2,34898,21.0,81.3,183,0.59,9261.0,0.813,17.073,5.214935757608986,10.460213454484876,77.363,40.2287,11.4914,container_ship,HFO,Tuticorin,Kochi
6,3,2,39649,11.8,88.0,311,1.32,1643.0320000000004,0.88,10.384,5.7430031878094825,10.587846227062993,54.7052,37.1995,8.7597,tanker,MGO,Paradip,Visakhapatnam
0,3,2,27915,10.0,76.4,364,1.33,1000.0,0.764,7.640000000000001,5.8998973535824915,10.236955280137042,33.2916,22.6383,5.3308,bulk_carrier,MGO,Tuticorin,Chennai
1,4,2,38751,16.8,78.7,169,3.36,4741.6320000000005,0.787,13.2216,5.135798437050262,10.564937646352819,156.886,54.9101,9.0539,container_ship,Methanol,New_Mangalore,Mormugao
3,3,2,16651,9.9,81.6,700,1.55,970.2990000000001,0.816,8.0784,6.55250788703459,9.720285608314866,41.4304,28.1727,6.634,general_cargo,MGO,Paradip,Chennai
1,4,2,33073,14.4,82.6,290,1.77,2985.9840000000004,0.826,11.8944,5.673323267171493,10.406502754210141,154.1052,53.9368,8.8934,container_ship,Methanol,JNPA,Kandla
1,4,2,27197,14.3,68.4,18,3.47,2924.2070000000003,0.684,9.781200000000002,2.9444389791664403,10.210898720168904,8.6805,3.0382,0.5009,container_ship,Methanol,Chennai,Kamarajar
1,4,2,31457,14.9,53.3,1179,3.26,3307.949,0.5329999999999999,7.941699999999999,7.07326971745971,10.356408601800588,578.9605,202.6362,33.4118,container_ship,Methanol,Mumbai,Chennai
3,0,2,15648,14.3,57.2,542,2.86,2924.2070000000003,0.5720000000000001,8.1796,6.297109319933935,9.658162296163171,73.3078,38.1201,10.8891,general_cargo,HFO,Chennai,Kochi
0,0,0,70130,13.7,59.3,507,0.86,2571.3529999999996,0.593,8.124099999999999,6.230481447578482,11.158120200662147,161.9133,84.1949,24.0504,bulk_carrier,HFO,Mumbai,New_Mangalore
6,2,2,72064,15.1,75.0,870,2.1,3442.9509999999996,0.75,11.325,6.769641976852503,11.185323768517204,304.4885,167.4687,47.1957,tanker,LNG,Kochi,JNPA
1,0,1,26077,16.8,87.8,217,1.62,4741.6320000000005,0.878,14.7504,5.384495062789089,10.168847325983418,64.4943,33.537,9.5799,container_ship,HFO,Paradip,Kolkata_SMPK
2,1,1,536,17.7,68.1,358,0.64,5545.232999999999,0.6809999999999999,12.0537,5.883322388488279,6.285998094508865,2.3048,7.3753,0.1659,ferry,Hydrogen,JNPA,Mormugao
0,0,0,33529,12.7,97.3,282,0.41,2048.383,0.973,12.357099999999999,5.645446897643238,10.420195839460273,56.3177,29.2852,8.3654,bulk_carrier,HFO,Mumbai,Kandla
0,2,2,29708,14.5,89.9,521,1.32,3048.625,0.899,13.0355,6.257667587882639,10.299205309189412,99.9242,54.9583,15.4883,bulk_carrier,LNG,Kandla,Mormugao
6,0,2,72064,11.6,55.9,359,1.1,1560.896,0.5589999999999999,6.484399999999999,5.886104031450156,11.185323768517204,77.7338,40.4216,11.5465,tanker,HFO,Mormugao,JNPA
1,3,2,38751,13.2,59.7,358,2.38,2299.968,0.597,7.880399999999999,5.883322388488279,10.564937646352819,68.437,46.5371,10.9585,container_ship,MGO,JNPA,Mormugao
6,3,2,27184,11.3,83.6,870,1.52,1442.8970000000002,0.836,9.4468,6.769641976852503,10.210420629580021,98.5349,67.0037,15.7779,tanker,MGO,Kochi,JNPA
0,2,2,38293,12.6,52.1,277,2.1,2000.3759999999997,0.521,6.5646,5.627621113690637,10.55304850493315,38.3259,21.0793,5.9405,bulk_carrier,LNG,Kandla,Mumbai
3,3,2,15648,15.6,89.6,183,2.22,3796.4159999999997,0.8959999999999999,13.977599999999999,5.214935757608986,9.658162296163171,33.7387,22.9423,5.4024,general_cargo,MGO,Tuticorin,Kochi
1,3,2,9661,19.2,61.1,217,0.86,7077.887999999999,0.611,11.7312,5.384495062789089,9.175955945114351,35.2828,23.9923,5.6497,container_ship,MGO,Paradip,Kolkata_SMPK
0,0,1,32714,12.0,65.1,277,2.2,1728.0,0.6509999999999999,7.811999999999999,5.627621113690637,10.395588967303839,44.9163,23.3565,6.6718,bulk_carrier,HFO,Kandla,Mumbai
3,0,2,14985,11.0,79.5,542,0.61,1331.0,0.795,8.745000000000001,6.297109319933935,9.614871710924255,43.7914,22.7715,6.5047,general_cargo,HFO,Chennai,Kochi
1,0,0,17470,22.9,60.9,411,2.44,12008.988999999998,0.609,13.9461,6.021023349349527,9.768297642474444,157.7993,82.0556,23.4394,container_ship,HFO,Visakhapatnam,Kamarajar
6,3,2,55468,15.1,87.6,761,1.07,3442.9509999999996,0.8759999999999999,13.227599999999997,6.635946555686647,10.923579585124024,286.7496,194.9897,45.9158,tanker,MGO,Tuticorin,Port_Blair
0,0,2,58242,11.8,72.6,1181,1.69,1643.0320000000004,0.726,8.5668,7.074963197966044,10.972379192532934,262.1067,136.2955,38.9331,bulk_carrier,HFO,Chennai,Mumbai
3,3,2,10749,11.4,82.3,491,2.48,1481.544,0.823,9.3822,6.198478716492308,9.28266103355581,35.4011,24.0728,5.6686,general_cargo,MGO,Visakhapatnam,Kolkata_SMPK
0,3,0,60844,11.2,65.7,538,2.68,1404.9279999999997,0.657,7.3584,6.289715570908998,11.016084925770901,114.3622,77.7663,18.3123,bulk_carrier,MGO,Kochi,Chennai
1,3,1,41892,18.0,63.0,17,1.92,5832.0,0.63,11.34,2.8903717578961645,10.64287402751427,6.4598,4.3927,1.0344,container_ship,MGO,Kamarajar,Chennai
6,3,2,76931,15.6,81.1,853,2.64,3796.4159999999997,0.8109999999999999,12.651599999999998,6.74993119378857,11.250677193775257,447.953,304.608,71.7285,tanker,MGO,Chennai,Kolkata_SMPK
3,3,0,15643,9.3,97.9,396,3.15,804.3570000000002,0.9790000000000001,9.104700000000001,5.983936280687191,9.657842735875406,26.84,18.2512,4.2978,general_cargo,MGO,Chennai,Visakhapatnam
6,2,2,39649,11.6,79.1,797,0.68,1560.896,0.7909999999999999,9.1756,6.682108597449809,10.587846227062993,102.0794,56.1437,15.8223,tanker,LNG,Chennai,Port_Blair
1,4,2,13324,12.6,58.0,22,0.53,2000.3759999999997,0.58,7.307999999999999,3.1354942159291497,9.497397249034046,3.3504,1.1726,0.1933,container_ship,Methanol,Mumbai,JNPA
1,4,2,23507,18.2,58.5,286,1.28,6028.567999999999,0.585,10.646999999999998,5.659482215759621,10.065096067732542,157.3741,55.0809,9.0821,container_ship,Methanol,Kandla,JNPA
0,3,2,45790,9.3,50.9,788,1.47,804.3570000000002,0.509,4.733700000000001,6.670766320845874,10.731842844242117,85.2576,57.9752,13.6519,bulk_carrier,MGO,Port_Blair,Chennai
4,3,2,1902,17.4,65.9,297,2.7,5268.0239999999985,0.659,11.4666,5.697093486505405,7.551186867296149,15.8123,10.7524,2.5319,passenger,MGO,JNPA,Kandla
6,2,1,47233,14.1,59.2,507,2.84,2803.221,0.5920000000000001,8.3472,6.230481447578482,10.762869251237097,132.3361,72.7848,20.5121,tanker,LNG,Mumbai,New_Mangalore
1,2,2,23507,23.3,56.2,277,3.33,12649.337000000001,0.562,13.094600000000002,5.627621113690637,10.065096067732542,114.0072,62.7039,17.6711,container_ship,LNG,Kandla,Mumbai
4,1,0,3808,25.2,57.8,788,2.79,16003.007999999998,0.578,14.565599999999998,6.670766320845874,8.245121966478605,47.0774,150.6477,3.3896,passenger,Hydrogen,Port_Blair,Chennai
1,0,2,9661,14.3,86.3,396,1.94,2924.2070000000003,0.863,12.340900000000001,5.983936280687191,9.175955945114351,43.4868,22.6131,6.4595,container_ship,HFO,Chennai,Visakhapatnam
1,2,0,17711,18.1,53.9,18,3.44,5929.741000000002,0.539,9.755900000000002,2.9444389791664403,9.781997654948418,3.959,2.1775,0.6136,container_ship,LNG,Chennai,Kamarajar
6,0,0,70614,13.1,61.1,276,2.45,2248.091,0.611,8.0041,5.6240175061873385,11.164997865503164,89.2437,46.4067,13.2562,tanker,HFO,Kandla,Mumbai
3,3,0,16704,11.1,79.9,529,3.07,1367.6309999999999,0.799,8.8689,6.272877006546167,9.723463354790857,44.5292,30.2798,7.1302,general_cargo,MGO,Mormugao,Kandla
3,3,2,16177,12.3,77.2,229,2.65,1860.8670000000004,0.772,9.495600000000001,5.438079308923196,9.691407573577898,25.8419,17.5725,4.1379,general_cargo,MGO,Kolkata_SMPK,Paradip
1,3,1,8659,16.1,80.4,396,1.35,4173.281000000001,0.804,12.944400000000002,5.983936280687191,9.06647000155648,42.6387,28.9943,6.8275,container_ship,MGO,Chennai,Visakhapatnam
0,0,2,58095,11.5,63.8,692,0.62,1520.875,0.638,7.337,6.541029999189903,10.969852093654117,136.8902,71.1829,20.3335,bulk_carrier,HFO,Chennai,Paradip
0,3,2,56365,13.4,50.2,286,2.11,2406.1040000000003,0.502,6.7268,5.659482215759621,10.939621418827507,68.3902,46.5054,10.951,bulk_carrier,MGO,Kandla,JNPA
0,2,2,63249,13.3,60.2,345,3.18,2352.637,0.602,8.0066,5.846438775057725,11.054850406589766,87.1427,47.9285,13.5071,bulk_carrier,LNG,New_Mangalore,Kochi
6,0,2,42416,13.5,58.3,797,1.96,2460.375,0.583,7.8705,6.682108597449809,10.65530450425995,169.5564,88.1693,25.1857,tanker,HFO,Chennai,Port_Blair
6,2,2,59471,12.5,73.1,542,1.2,1953.125,0.731,9.1375,6.297109319933935,10.993260892537034,109.1402,60.0271,16.9167,tanker,LNG,Chennai,Kochi
6,2,2,39701,14.5,54.8,419,1.58,3048.625,0.5479999999999999,7.945999999999999,6.040254711277414,10.589156843240115,82.1872,45.2029,12.739,tanker,LNG,Kochi,Mormugao
2,5,2,932,15.4,64.5,345,2.99,3652.264,0.645,9.933,5.846438775057725,6.838405200847344,113.4913,13.619,0.335,ferry,Shore_Power,New_Mangalore,Kochi
5,0,2,8727,18.2,94.9,419,2.89,6028.567999999999,0.9490000000000001,17.2718,6.040254711277414,9.074291527512907,80.7841,42.0077,11.9996,ro_ro,HFO,Kochi,Mormugao
6,2,2,54273,11.8,93.8,347,0.47,1643.0320000000004,0.938,11.0684,5.8522024797744745,10.901800569887673,56.2631,30.9447,8.7208,tanker,LNG,Mormugao,Mumbai
6,2,2,70614,13.5,97.7,491,0.42,2460.375,0.977,13.189499999999999,6.198478716492308,11.164997865503164,134.7945,74.137,20.8931,tanker,LNG,Visakhapatnam,Kolkata_SMPK
2,1,2,2604,14.6,91.5,419,0.64,3112.136,0.915,13.359,6.040254711277414,7.865187954187467,5.787,18.5184,0.4167,ferry,Hydrogen,Kamarajar,Visakhapatnam
6,3,0,35203,14.1,56.2,422,1.8,2803.221,0.562,7.924200000000001,6.0473721790462776,10.468914991493703,86.9845,59.1494,13.9284,tanker,MGO,Mormugao,Kochi
1,0,2,26077,19.0,60.8,345,3.26,6859.0,0.608,11.552,5.846438775057725,10.168847325983418,123.5399,64.2407,18.3505,container_ship,HFO,New_Mangalore,Kochi
3,3,2,17741,9.7,64.6,169,1.54,912.6729999999998,0.6459999999999999,6.266199999999999,5.135798437050262,9.783689989080532,10.1947,6.9324,1.6324,general_cargo,MGO,New_Mangalore,Mormugao
1,4,2,18598,20.9,94.7,761,1.07,9129.328999999998,0.9470000000000001,19.7923,6.635946555686647,9.830863094815127,502.5833,175.9041,29.0041,container_ship,Methanol,Tuticorin,Port_Blair
6,0,2,23117,17.2,85.9,396,2.85,5088.447999999999,0.8590000000000001,14.7748,5.983936280687191,10.048366813854212,138.5351,72.0383,20.5779,tanker,HFO,Chennai,Visakhapatnam
0,0,2,71338,10.9,71.5,419,2.95,1295.0290000000002,0.715,7.7935,6.040254711277414,11.175198441433086,96.4241,50.1405,14.3227,bulk_carrier,HFO,Kochi,Mormugao
6,2,2,54273,11.3,77.1,183,0.35,1442.8970000000002,0.7709999999999999,8.712299999999999,5.214935757608986,10.901800569887673,27.0085,14.8547,4.1863,tanker,LNG,Tuticorin,Kochi
0,3,0,45319,15.4,86.1,411,0.42,3652.264,0.861,13.2594,6.021023349349527,10.721503715141942,121.5356,82.6442,19.4609,bulk_carrier,MGO,Visakhapatnam,Kamarajar
0,2,2,48674,13.4,90.2,17,1.0,2406.1040000000003,0.902,12.0868,2.8903717578961645,10.7929208302404,3.5735,1.9654,0.5539,bulk_carrier,LNG,Kamarajar,Chennai
0,3,1,27915,11.5,97.7,507,2.27,1520.875,0.977,11.2355,6.230481447578482,10.236955280137042,75.5108,51.3474,12.0912,bulk_carrier,MGO,Mumbai,New_Mangalore
6,0,2,71643,10.7,95.3,419,1.4,1225.0429999999997,0.953,10.197099999999999,6.040254711277414,11.17946468934515,93.7934,48.7726,13.932,tanker,HFO,Kochi,Mormugao
0,2,0,42726,16.3,63.3,491,1.37,4330.747,0.633,10.3179,6.198478716492308,10.662586317888776,131.238,72.1809,20.3419,bulk_carrier,LNG,Visakhapatnam,Kolkata_SMPK
6,0,2,35987,10.5,97.4,859,2.79,1157.625,0.9740000000000001,10.227,6.756932389247553,10.49094082853701,130.1512,67.6786,19.3325,tanker,HFO,Mumbai,Kochi
1,0,2,27264,16.9,83.7,757,2.1,4826.808999999998,0.8370000000000001,14.1453,6.630683385642372,10.213359107360162,233.796,121.5739,34.7278,container_ship,HFO,Port_Blair,Tuticorin
5,0,2,6679,12.5,94.0,853,0.44,1953.125,0.94,11.75,6.74993119378857,8.806873266530692,50.0396,26.0206,7.4328,ro_ro,HFO,Chennai,Kolkata_SMPK
5,2,2,4651,17.0,70.1,692,2.4,4913.0,0.701,11.917,6.541029999189903,8.445052513638554,51.1582,28.137,7.9295,ro_ro,LNG,Chennai,Paradip
1,3,2,19734,19.2,90.0,757,0.65,7077.887999999999,0.9,17.28,6.630683385642372,9.890148988096948,211.0166,143.4913,33.789,container_ship,MGO,Port_Blair,Tuticorin
6,3,0,55468,12.2,79.3,518,0.7,1815.8479999999997,0.7929999999999999,9.674599999999998,6.251903883165888,10.923579585124024,112.645,76.5986,18.0373,tanker,MGO,JNPA,New_Mangalore
3,0,2,19799,13.6,67.6,359,3.17,2515.4559999999997,0.6759999999999999,9.193599999999998,5.886104031450156,9.893437216682626,55.2549,28.7325,8.2075,general_cargo,HFO,Mormugao,JNPA
1,0,0,17470,23.8,70.7,189,1.25,13481.272,0.7070000000000001,16.826600000000003,5.247024072160486,9.768297642474444,75.9177,39.4772,11.2767,container_ship,HFO,Kochi,Tuticorin
0,0,2,42726,13.1,57.8,349,2.2,2248.091,0.578,7.5718,5.857933154483459,10.662586317888776,73.3816,38.1584,10.9,bulk_carrier,HFO,Mumbai,Mormugao
3,0,2,5817,15.2,58.8,169,2.85,3511.8079999999995,0.588,8.9376,5.135798437050262,8.668711839055147,14.1739,7.3704,2.1054,general_cargo,HFO,New_Mangalore,Mormugao
4,3,2,1902,19.3,54.3,364,2.23,7189.057000000001,0.5429999999999999,10.479899999999999,5.8998973535824915,7.551186867296149,22.1903,15.0894,3.5532,passenger,MGO,Tuticorin,Chennai
4,3,2,3808,18.5,63.4,491,2.13,6331.625,0.634,11.729000000000001,6.198478716492308,8.245121966478605,39.8169,27.0755,6.3757,passenger,MGO,Visakhapatnam,Kolkata_SMPK
1,2,2,27264,14.3,81.2,22,1.66,2924.2070000000003,0.812,11.611600000000001,3.1354942159291497,10.213359107360162,3.6377,2.0007,0.5638,container_ship,LNG,Mumbai,JNPA
0,2,2,42726,14.9,72.0,495,2.85,3307.949,0.72,10.728,6.206575926724928,10.662586317888776,131.7329,72.4531,20.4186,bulk_carrier,LNG,Kolkata_SMPK,Visakhapatnam
2,3,2,1735,15.4,54.8,870,3.33,3652.264,0.5479999999999999,8.4392,6.769641976852503,7.459338895220296,33.7521,22.9514,5.4045,ferry,MGO,Kochi,JNPA
1,4,2,18598,20.6,51.7,859,2.18,8741.816000000003,0.517,10.650200000000002,6.756932389247553,9.830863094815127,508.8474,178.0966,29.3656,container_ship,Methanol,Mumbai,Kochi
2,2,2,932,12.9,77.0,313,2.87,2146.6890000000003,0.77,9.933,5.749392985908253,6.838405200847344,4.508,2.4794,0.6987,ferry,LNG,Visakhapatnam,Paradip
0,3,2,56514,11.0,87.4,419,2.55,1331.0,0.8740000000000001,9.614,6.040254711277414,10.942261368624832,90.6324,61.63,14.5125,bulk_carrier,MGO,Kamarajar,Visakhapatnam
0,3,2,66381,13.5,84.0,491,2.14,2460.375,0.84,11.34,6.198478716492308,11.103181214377175,143.2314,97.3974,22.9349,bulk_carrier,MGO,Visakhapatnam,Kolkata_SMPK
4,2,2,3808,17.6,98.1,788,0.49,5451.776000000002,0.981,17.265600000000003,6.670766320845874,8.245121966478605,52.7686,29.0227,8.1791,passenger,LNG,Port_Blair,Chennai
6,3,2,23117,15.0,91.1,521,2.61,3375.0,0.9109999999999999,13.665,6.257667587882639,10.048366813854212,112.0908,76.2217,17.9485,tanker,MGO,Kandla,Mormugao
3,3,0,7328,10.4,62.5,18,3.35,1124.864,0.625,6.5,2.9444389791664403,8.89959435992585,0.8607,0.5853,0.1378,general_cargo,MGO,Chennai,Kamarajar
1,2,2,30177,18.6,99.6,358,0.45,6434.856000000002,0.996,18.5256,5.883322388488279,10.314868461073596,98.9786,54.4382,15.3417,container_ship,LNG,JNPA,Mormugao
0,3,0,58242,10.8,60.7,529,2.52,1259.7120000000002,0.607,6.5556,6.272877006546167,10.972379192532934,94.738,64.4219,15.1699,bulk_carrier,MGO,Mormugao,Kandla
6,0,2,68994,9.9,64.3,850,0.74,970.2990000000001,0.643,6.3657,6.7464121285733745,11.141789317185655,134.1628,69.7647,19.9284,tanker,HFO,Kochi,Mumbai
1,2,2,35698,16.2,77.1,538,1.84,4251.527999999999,0.7709999999999999,12.490199999999998,6.289715570908998,10.482877956170928,135.4908,74.5199,21.0011,container_ship,LNG,Kochi,Chennai
3,3,2,13823,12.1,84.4,411,2.43,1771.561,0.8440000000000001,10.2124,6.021023349349527,9.534161491043838,39.1249,26.6049,6.2649,general_cargo,MGO,Visakhapatnam,Kamarajar
1,0,2,26077,20.0,51.4,169,2.08,8000.0,0.514,10.280000000000001,5.135798437050262,10.168847325983418,61.855,32.1646,9.1879,container_ship,HFO,New_Mangalore,Mormugao
1,4,2,27264,15.1,78.2,18,0.78,3442.9509999999996,0.782,11.8082,2.9444389791664403,10.213359107360162,7.5558,2.6445,0.436,container_ship,Methanol,Chennai,Kamarajar
5,3,2,8727,13.8,80.5,788,2.7,2628.0720000000006,0.805,11.109000000000002,6.670766320845874,9.074291527512907,69.4433,47.2214,11.1196,ro_ro,MGO,Port_Blair,Chennai
6,0,0,28073,12.2,94.5,24,1.6,1815.8479999999997,0.945,11.528999999999998,3.2188758248682006,10.24259916009427,3.7865,1.969,0.5624,tanker,HFO,JNPA,Mumbai
0,0,2,56365,10.2,77.4,419,1.74,1061.2079999999999,0.774,7.8948,6.040254711277414,10.939621418827507,68.239,35.4843,10.1362,bulk_carrier,HFO,Kamarajar,Visakhapatnam
6,3,0,25705,11.9,94.1,276,2.71,1685.159,0.941,11.197899999999999,5.6240175061873385,10.154479706670077,41.8909,28.4858,6.7078,tanker,MGO,Mumbai,Kandla
1,2,2,41892,14.0,71.5,1181,1.54,2744.0,0.715,10.01,7.074963197966044,10.64287402751427,233.1048,128.2076,36.1312,container_ship,LNG,Chennai,Mumbai
0,3,0,48674,9.2,92.4,396,0.76,778.6879999999999,0.924,8.5008,5.983936280687191,10.7929208302404,45.2676,30.782,7.2485,bulk_carrier,MGO,Chennai,Visakhapatnam
0,3,0,47945,13.0,58.5,189,2.28,2197.0,0.585,7.6049999999999995,5.247024072160486,10.777830656602518,42.6979,29.0346,6.837,bulk_carrier,MGO,Kochi,Tuticorin
1,4,2,30177,16.4,80.4,538,1.02,4410.943999999999,0.804,13.185599999999999,6.289715570908998,10.314868461073596,303.7654,106.3179,17.5303,container_ship,Methanol,Kochi,Chennai
3,0,2,13823,14.3,98.4,169,2.17,2924.2070000000003,0.9840000000000001,14.071200000000003,5.135798437050262,9.534161491043838,24.2963,12.6341,3.6089,general_cargo,HFO,New_Mangalore,Mormugao
0,0,2,29708,15.6,84.7,290,3.43,3796.4159999999997,0.847,13.213199999999999,5.673323267171493,10.299205309189412,83.572,43.4575,12.4137,bulk_carrier,HFO,JNPA,Kandla
1,0,2,34898,21.8,53.1,542,2.33,10360.232000000002,0.531,11.575800000000001,6.297109319933935,10.460213454484876,295.0016,153.4008,43.8192,container_ship,HFO,Chennai,Kochi
3,0,2,16177,14.3,50.8,229,2.69,2924.2070000000003,0.508,7.2644,5.438079308923196,9.691407573577898,34.5783,17.9807,5.1362,general_cargo,HFO,Kolkata_SMPK,Paradip
3,0,2,10004,13.2,51.4,22,2.87,2299.968,0.514,6.7848,3.1354942159291497,9.210840247017833,1.9825,1.0309,0.2945,general_cargo,HFO,Mumbai,JNPA
1,4,2,34470,17.6,62.8,797,3.41,5451.776000000002,0.628,11.052800000000001,6.682108597449809,10.44787366982408,702.2074,245.7726,40.5244,container_ship,Methanol,Chennai,Port_Blair
6,2,1,28244,14.3,89.4,853,3.13,2924.2070000000003,0.894,12.7842,6.74993119378857,10.248671729759362,172.5542,94.9048,26.7459,tanker,LNG,Chennai,Kolkata_SMPK
4,2,2,1902,21.7,55.8,276,3.21,10218.312999999998,0.5579999999999999,12.1086,5.6240175061873385,7.551186867296149,19.4222,10.6822,3.0104,passenger,LNG,Mumbai,Kandla
6,0,1,28632,16.5,81.5,359,0.62,4492.125,0.815,13.4475,5.886104031450156,10.262315177792935,99.2651,51.6178,14.7447,tanker,HFO,Mormugao,JNPA
0,3,0,26135,8.7,98.8,528,1.62,658.5029999999998,0.988,8.5956,6.270988431858299,10.171068953280907,40.1483,27.3009,6.4287,bulk_carrier,MGO,New_Mangalore,JNPA
1,3,2,13324,14.7,65.1,411,0.62,3176.5229999999997,0.6509999999999999,9.569699999999997,6.021023349349527,9.497397249034046,44.4606,30.2332,7.1192,container_ship,MGO,Visakhapatnam,Kamarajar
1,2,1,26077,21.3,50.9,183,3.05,9663.597000000002,0.509,10.841700000000001,5.214935757608986,10.168847325983418,66.6531,36.6592,10.3312,container_ship,LNG,Tuticorin,Kochi
1,2,1,41157,13.4,66.1,396,2.42,2406.1040000000003,0.6609999999999999,8.857399999999998,5.983936280687191,10.625173597902494,72.6621,39.9642,11.2626,container_ship,LNG,Chennai,Visakhapatnam
6,0,0,23117,14.8,58.5,406,2.52,3241.7920000000004,0.585,8.658,6.008813185442595,10.048366813854212,76.8858,39.9806,11.4205,tanker,HFO,Visakhapatnam,Chennai
3,0,2,16651,10.5,98.2,538,0.69,1157.625,0.982,10.311,6.289715570908998,9.720285608314866,39.7988,20.6954,5.9117,general_cargo,HFO,Kochi,Chennai
1,4,2,18598,22.6,80.5,406,0.55,11543.176000000001,0.805,18.193,6.008813185442595,9.830863094815127,308.7861,108.0751,17.82,container_ship,Methanol,Visakhapatnam,Chennai
0,3,0,34473,11.8,75.7,528,1.44,1643.0320000000004,0.757,8.9326,6.270988431858299,10.447960695714336,74.8988,50.9312,11.9932,bulk_carrier,MGO,New_Mangalore,JNPA
4,3,2,4149,20.9,73.4,169,1.15,9129.328999999998,0.7340000000000001,15.3406,5.135798437050262,8.330863613224745,18.0994,12.3076,2.8982,passenger,MGO,New_Mangalore,Mormugao
3,0,2,16704,13.2,63.6,276,1.26,2299.968,0.636,8.395199999999999,5.6240175061873385,9.723463354790857,33.1368,17.2311,4.9221,general_cargo,HFO,Mumbai,Kandla
1,3,2,33687,17.2,64.5,419,0.32,5088.447999999999,0.645,11.094,6.040254711277414,10.424896969841763,122.0458,82.9912,19.5426,container_ship,MGO,Kochi,Mormugao
0,3,2,58095,13.5,97.9,870,0.31,2460.375,0.9790000000000001,13.216500000000002,6.769641976852503,10.969852093654117,247.7494,168.4696,39.6709,bulk_carrier,MGO,Kochi,JNPA
1,3,2,17711,23.4,53.6,348,3.47,12812.903999999997,0.536,12.5424,5.855071922202427,9.781997654948418,142.4834,96.8887,22.8151,container_ship,MGO,Kochi,New_Mangalore
1,3,2,26077,15.1,79.3,282,1.88,3442.9509999999996,0.7929999999999999,11.9743,5.645446897643238,10.168847325983418,64.1545,43.6251,10.2727,container_ship,MGO,Mumbai,Kandla
3,3,0,7328,15.6,66.6,282,1.84,3796.4159999999997,0.6659999999999999,10.389599999999998,5.645446897643238,8.89959435992585,25.0386,17.0262,4.0093,general_cargo,MGO,Mumbai,Kandla
0,0,2,59816,14.0,97.1,507,0.91,2744.0,0.971,13.594,6.230481447578482,10.99904518047501,169.4891,88.1343,25.1757,bulk_carrier,HFO,Mumbai,New_Mangalore
0,3,2,56514,12.7,50.2,761,3.23,2048.383,0.502,6.3754,6.635946555686647,10.942261368624832,210.599,143.2073,33.7222,bulk_carrier,MGO,Tuticorin,Port_Blair
6,0,0,68994,11.4,99.4,422,2.66,1481.544,0.9940000000000001,11.331600000000002,6.0473721790462776,11.141789317185655,114.8846,59.74,17.0649,tanker,HFO,Mormugao,Kochi
1,0,2,23507,17.0,59.9,542,2.4,4913.0,0.599,10.183,6.297109319933935,10.065096067732542,152.3845,79.2399,22.635,container_ship,HFO,Chennai,Kochi
5,0,2,6679,18.0,54.7,542,2.79,5832.0,0.547,9.846,6.297109319933935,8.806873266530692,75.3523,39.1832,11.1928,ro_ro,HFO,Chennai,Kochi
2,1,2,932,15.8,88.6,853,1.32,3944.3120000000004,0.8859999999999999,13.9988,6.74993119378857,6.838405200847344,7.4601,23.8724,0.5371,ferry,Hydrogen,Chennai,Kolkata_SMPK
0,0,0,60013,10.9,80.8,797,1.69,1295.0290000000002,0.8079999999999999,8.8072,6.682108597449809,11.002333147319582,161.2547,83.8524,23.9526,bulk_carrier,HFO,Chennai,Port_Blair
6,2,2,54273,14.4,66.9,290,3.29,2985.9840000000004,0.669,9.633600000000001,5.673323267171493,10.901800569887673,80.7578,44.4168,12.5175,tanker,LNG,JNPA,Kandla
1,0,2,37761,18.9,56.5,277,3.11,6751.268999999998,0.565,10.678499999999998,5.627621113690637,10.539058584958477,138.6744,72.1107,20.5986,container_ship,HFO,Kandla,Mumbai
6,2,2,42416,13.8,71.4,17,0.57,2628.0720000000006,0.7140000000000001,9.853200000000001,2.8903717578961645,10.65530450425995,3.0205,1.6613,0.4682,tanker,LNG,Kamarajar,Chennai
3,3,2,16177,11.7,59.6,24,3.48,1601.6129999999996,0.596,6.973199999999999,3.2188758248682006,9.691407573577898,2.2935,1.5596,0.3672,general_cargo,MGO,JNPA,Mumbai
4,1,0,3504,21.2,71.1,761,3.4,9528.127999999999,0.711,15.073199999999998,6.635946555686647,8.16194579946869,34.5227,110.4726,2.4856,passenger,Hydrogen,Tuticorin,Port_Blair
6,0,0,67954,11.0,85.1,1190,3.46,1331.0,0.851,9.361,7.0825485693553,11.126601000389448,298.6379,155.2917,44.3594,tanker,HFO,JNPA,Chennai
6,0,2,68994,13.9,82.7,229,0.61,2685.619,0.8270000000000001,11.495300000000002,5.438079308923196,11.141789317185655,84.1876,43.7776,12.5051,tanker,HFO,Kolkata_SMPK,Paradip
3,0,2,10004,13.1,95.8,419,1.04,2248.091,0.958,12.5498,6.040254711277414,9.210840247017833,33.3632,17.3489,4.9557,general_cargo,HFO,Kamarajar,Visakhapatnam
1,2,2,41157,17.7,82.7,529,3.18,5545.232999999999,0.8270000000000001,14.6379,6.272877006546167,10.625173597902494,196.0458,107.8252,30.3871,container_ship,LNG,Mormugao,Kandla
0,3,0,33063,13.6,51.6,396,1.67,2515.4559999999997,0.516,7.0176,5.983936280687191,10.406200356191569,69.0861,46.9785,11.0624,bulk_carrier,MGO,Chennai,Visakhapatnam
1,2,2,41892,16.3,96.6,507,0.58,4330.747,0.966,15.745800000000001,6.230481447578482,10.64287402751427,147.2023,80.9613,22.8164,container_ship,LNG,Mumbai,New_Mangalore
3,3,0,7328,12.2,81.5,419,1.39,1815.8479999999997,0.815,9.943,6.040254711277414,8.89959435992585,23.7551,16.1535,3.8038,general_cargo,MGO,Kamarajar,Visakhapatnam
0,0,2,60844,10.5,59.1,1181,0.47,1157.625,0.591,6.2055,7.074963197966044,11.016084925770901,172.3919,89.6438,25.6069,bulk_carrier,HFO,Chennai,Mumbai
6,2,2,55620,13.1,92.0,282,3.34,2248.091,0.92,12.052,5.645446897643238,10.926316106770527,74.9788,41.2383,11.6217,tanker,LNG,Mumbai,Kandla
0,2,2,35729,10.3,68.8,788,1.67,1092.7270000000003,0.688,7.0864,6.670766320845874,10.483745951017456,83.1343,45.7239,12.8858,bulk_carrier,LNG,Port_Blair,Chennai
1,2,0,37761,15.6,82.1,347,3.35,3796.4159999999997,0.821,12.807599999999999,5.8522024797744745,10.539058584958477,103.4991,56.9245,16.0424,container_ship,LNG,Mormugao,Mumbai
4,2,2,1902,17.9,94.9,876,0.31,5735.338999999999,0.9490000000000001,16.987099999999998,6.776506992372183,7.551186867296149,34.9137,19.2025,5.4116,passenger,LNG,JNPA,Kochi
0,0,2,38293,14.6,81.0,370,3.06,3112.136,0.81,11.826,5.916202062607435,10.55304850493315,119.7785,62.2848,17.7918,bulk_carrier,HFO,Chennai,Tuticorin
6,3,1,33954,11.0,81.8,24,1.89,1331.0,0.818,8.998,3.2188758248682006,10.432791397547891,3.0025,2.0417,0.4808,tanker,MGO,JNPA,Mumbai
0,3,0,48674,10.6,50.1,290,3.19,1191.0159999999998,0.501,5.3106,5.673323267171493,10.7929208302404,48.4402,32.9394,7.7565,bulk_carrier,MGO,Kandla,JNPA
0,0,2,71338,12.3,82.3,358,1.1,1860.8670000000004,0.823,10.1229,5.883322388488279,11.175198441433086,92.785,48.2482,13.7822,bulk_carrier,HFO,JNPA,Mormugao
3,0,0,17741,9.4,50.6,411,1.2,830.5840000000001,0.506,4.7564,6.021023349349527,9.783689989080532,21.642,11.2538,3.2147,general_cargo,HFO,Visakhapatnam,Kamarajar
6,0,0,35203,11.7,78.4,491,1.02,1601.6129999999996,0.784,9.1728,6.198478716492308,10.468914991493703,77.5718,40.3373,11.5224,tanker,HFO,Visakhapatnam,Kolkata_SMPK
1,2,2,9661,18.6,82.6,757,1.2,6434.856000000002,0.826,15.3636,6.630683385642372,9.175955945114351,112.1722,61.6947,17.3867,container_ship,LNG,Port_Blair,Tuticorin
3,3,2,9058,11.1,90.0,692,2.09,1367.6309999999999,0.9,9.99,6.541029999189903,9.111514017669288,44.6909,30.3898,7.1561,general_cargo,MGO,Chennai,Paradip
0,2,2,34731,12.7,64.9,1190,2.53,2048.383,0.649,8.2423,7.0825485693553,10.455416731180536,178.168,97.9924,27.616,bulk_carrier,LNG,JNPA,Chennai
1,3,1,38751,15.8,73.4,419,3.11,3944.3120000000004,0.7340000000000001,11.597200000000003,6.040254711277414,10.564937646352819,133.0775,90.4927,21.309,container_ship,MGO,Kochi,Mormugao
0,3,2,44373,9.4,60.4,396,2.57,830.5840000000001,0.604,5.6776,5.983936280687191,10.700408991312528,47.524,32.3163,7.6098,bulk_carrier,MGO,Chennai,Visakhapatnam
1,4,2,33687,19.6,78.9,229,0.51,7529.536000000002,0.789,15.464400000000001,5.438079308923196,10.424896969841763,198.7478,69.5617,11.4697,container_ship,Methanol,Kolkata_SMPK,Paradip
0,0,2,30900,16.4,55.4,311,2.21,4410.943999999999,0.5539999999999999,9.085599999999998,5.7430031878094825,10.33854382482173,85.1749,44.291,12.6518,bulk_carrier,HFO,Paradip,Visakhapatnam
0,3,2,42726,13.0,87.4,24,1.73,2197.0,0.8740000000000001,11.362000000000002,3.2188758248682006,10.662586317888776,5.2287,3.5555,0.8372,bulk_carrier,MGO,JNPA,Mumbai
0,2,0,58095,11.1,54.2,859,0.63,1367.6309999999999,0.542,6.0162,6.756932389247553,10.969852093654117,112.2251,61.7238,17.3949,bulk_carrier,LNG,Mumbai,Kochi
3,0,0,13823,13.0,85.7,505,1.43,2197.0,0.857,11.141,6.226536669287466,9.534161491043838,56.2176,29.2332,8.3505,general_cargo,HFO,New_Mangalore,Mumbai
3,0,2,15648,12.4,76.3,859,0.97,1906.6240000000003,0.763,9.4612,6.756932389247553,9.658162296163171,85.3758,44.3954,12.6816,general_cargo,HFO,Mumbai,Kochi
0,2,2,49332,14.7,59.1,276,2.67,3176.5229999999997,0.591,8.6877,5.6240175061873385,10.806348507298559,79.6172,43.7894,12.3407,bulk_carrier,LNG,Kandla,Mumbai
6,2,2,37083,14.1,99.7,419,2.87,2803.221,0.997,14.057699999999999,6.040254711277414,10.520940888726873,109.932,60.4626,17.0395,tanker,LNG,Kochi,Mormugao
6,0,2,47959,15.4,91.5,1181,0.65,3652.264,0.915,14.091000000000001,7.074963197966044,10.77812260914145,411.201,213.8245,61.0794,tanker,HFO,Chennai,Mumbai
3,0,2,17758,14.5,61.7,189,1.27,3048.625,0.617,8.9465,5.247024072160486,9.784647708654596,26.617,13.8409,3.9537,general_cargo,HFO,Kochi,Tuticorin
0,0,2,42726,13.9,59.5,176,1.17,2685.619,0.595,8.2705,5.176149732573829,10.662586317888776,42.6379,22.1717,6.3334,bulk_carrier,HFO,Mormugao,New_Mangalore
2,5,0,884,16.2,66.6,370,3.18,4251.527999999999,0.6659999999999999,10.789199999999997,5.916202062607435,6.785587645007929,121.237,14.5484,0.3579,ferry,Shore_Power,Chennai,Tuticorin
3,0,0,7328,15.5,85.5,876,1.66,3723.875,0.855,13.2525,6.776506992372183,8.89959435992585,93.1984,48.4632,13.8436,general_cargo,HFO,JNPA,Kochi
0,3,2,63697,13.2,88.3,491,1.66,2299.968,0.883,11.6556,6.198478716492308,11.061908443893099,146.3847,99.5416,23.4398,bulk_carrier,MGO,Visakhapatnam,Kolkata_SMPK
5,2,0,11514,14.8,67.4,411,3.33,3241.7920000000004,0.674,9.975200000000001,6.021023349349527,9.351405812254786,47.194,25.9567,7.3151,ro_ro,LNG,Visakhapatnam,Kamarajar
3,3,2,17741,9.7,51.4,349,0.43,912.6729999999998,0.514,4.985799999999999,5.857933154483459,9.783689989080532,18.636,12.6725,2.9841,general_cargo,MGO,Mumbai,Mormugao
3,0,2,16177,13.5,74.3,538,0.54,2460.375,0.743,10.0305,6.289715570908998,9.691407573577898,66.2346,34.442,9.8384,general_cargo,HFO,Kochi,Chennai
1,3,0,27264,14.1,60.4,276,2.54,2803.221,0.604,8.516399999999999,5.6240175061873385,10.213359107360162,50.5834,34.3967,8.0997,container_ship,MGO,Kandla,Mumbai
4,3,2,3081,23.1,65.6,22,0.32,12326.391000000001,0.6559999999999999,15.153599999999999,3.1354942159291497,8.033334015880062,2.2409,1.5238,0.3588,passenger,MGO,Mumbai,JNPA
1,4,1,18598,18.4,98.7,18,0.86,6229.503999999999,0.987,18.1608,2.9444389791664403,9.830863094815127,9.8584,3.4504,0.5689,container_ship,Methanol,Chennai,Kamarajar
3,3,2,16581,12.4,54.0,183,1.59,1906.6240000000003,0.54,6.696000000000001,5.214935757608986,9.716073048676163,18.0985,12.307,2.898,general_cargo,MGO,Tuticorin,Kochi
0,0,2,45790,10.6,65.4,1179,1.47,1191.0159999999998,0.654,6.9324,7.07326971745971,10.731842844242117,194.4336,101.1055,28.881,bulk_carrier,HFO,Mumbai,Chennai
0,2,2,59816,13.0,93.5,189,3.18,2197.0,0.935,12.155000000000001,5.247024072160486,10.99904518047501,55.8123,30.6968,8.6509,bulk_carrier,LNG,Kochi,Tuticorin
0,0,2,35729,13.3,96.3,189,0.37,2352.637,0.963,12.8079,5.247024072160486,10.483745951017456,37.6687,19.5877,5.5953,bulk_carrier,HFO,Kochi,Tuticorin
5,0,2,8727,19.9,90.1,1190,1.25,7880.598999999998,0.9009999999999999,17.929899999999996,7.0825485693553,9.074291527512907,227.3884,118.242,33.7761,ro_ro,HFO,JNPA,Chennai
5,2,2,7575,14.1,80.8,419,2.84,2803.221,0.8079999999999999,11.3928,6.040254711277414,8.932740634865914,32.1328,17.6731,4.9806,ro_ro,LNG,Kamarajar,Visakhapatnam
0,2,2,45790,10.5,51.3,347,3.06,1157.625,0.513,5.3865,5.8522024797744745,10.731842844242117,44.1379,24.2759,6.8414,bulk_carrier,LNG,Mormugao,Mumbai
6,3,2,28073,12.7,85.5,276,3.09,2048.383,0.855,10.8585,5.6240175061873385,10.24259916009427,55.552,37.7754,8.8953,tanker,MGO,Kandla,Mumbai
0,0,0,49115,13.5,68.3,169,0.94,2460.375,0.6829999999999999,9.2205,5.135798437050262,10.801940126280403,38.1636,19.8451,5.6688,bulk_carrier,HFO,New_Mangalore,Mormugao
6,2,2,33954,11.3,54.6,491,0.94,1442.8970000000002,0.546,6.169800000000001,6.198478716492308,10.432791397547891,52.6047,28.9326,8.1537,tanker,LNG,Visakhapatnam,Kolkata_SMPK
0,2,0,62925,11.0,68.9,176,1.86,1331.0,0.6890000000000001,7.579000000000001,5.176149732573829,11.049714711812085,30.398,16.7189,4.7117,bulk_carrier,LNG,Mormugao,New_Mangalore
0,0,2,62925,11.8,94.4,419,3.21,1643.0320000000004,0.9440000000000001,11.1392,6.040254711277414,11.049714711812085,115.6978,60.1629,17.1856,bulk_carrier,HFO,Kamarajar,Visakhapatnam
6,0,2,55620,14.8,57.0,282,0.57,3241.7920000000004,0.57,8.436,5.645446897643238,10.926316106770527,80.0031,41.6016,11.8836,tanker,HFO,Mumbai,Kandla
6,0,2,47767,14.2,62.9,229,3.29,2863.2879999999996,0.629,8.931799999999999,5.438079308923196,10.774111238226828,75.9291,39.4831,11.2784,tanker,HFO,Kolkata_SMPK,Paradip
3,3,2,17741,8.8,95.8,286,2.68,681.4720000000002,0.958,8.4304,5.659482215759621,9.783689989080532,18.7949,12.7805,3.0095,general_cargo,MGO,Kandla,JNPA
1,3,2,33073,13.6,96.7,370,3.25,2515.4559999999997,0.9670000000000001,13.151200000000001,5.916202062607435,10.406502754210141,85.0238,57.8162,13.6144,container_ship,MGO,Chennai,Tuticorin
1,4,1,8659,12.0,56.9,538,2.21,1728.0,0.569,6.827999999999999,6.289715570908998,9.06647000155648,67.0615,23.4715,3.8701,container_ship,Methanol,Kochi,Chennai
0,0,0,63249,11.0,63.8,411,0.47,1331.0,0.638,7.018,6.021023349349527,11.054850406589766,68.0524,35.3873,10.1084,bulk_carrier,HFO,Visakhapatnam,Kamarajar
1,2,2,23507,21.4,78.1,276,1.11,9800.343999999997,0.7809999999999999,16.713399999999996,5.6240175061873385,10.065096067732542,79.7436,43.859,12.3603,container_ship,LNG,Kandla,Mumbai
0,3,2,40297,11.2,77.9,286,1.29,1404.9279999999997,0.779,8.7248,5.659482215759621,10.604057118911712,46.1324,31.37,7.387,bulk_carrier,MGO,Kandla,JNPA
0,0,0,45319,15.8,66.1,538,2.33,3944.3120000000004,0.6609999999999999,10.4438,6.289715570908998,10.721503715141942,191.3458,99.4998,28.4223,bulk_carrier,HFO,Kochi,Chennai
0,3,2,58490,12.0,60.4,853,0.3,1728.0,0.604,7.247999999999999,6.74993119378857,10.976628175230568,172.2039,117.0986,27.5741,bulk_carrier,MGO,Chennai,Kolkata_SMPK
1,4,2,17470,20.0,82.0,349,2.13,8000.0,0.82,16.4,5.857933154483459,9.768297642474444,226.7234,79.3532,13.0842,container_ship,Methanol,Mumbai,Mormugao
3,3,1,19799,13.1,91.2,276,1.69,2248.091,0.912,11.9472,5.6240175061873385,9.893437216682626,39.0615,26.5618,6.2547,general_cargo,MGO,Kandla,Mumbai
0,3,2,31987,10.0,95.5,311,0.74,1000.0,0.955,9.549999999999999,5.7430031878094825,10.37311611145178,30.1013,20.4689,4.82,bulk_carrier,MGO,Paradip,Visakhapatnam
5,2,2,4206,15.0,99.2,311,0.61,3375.0,0.992,14.879999999999999,5.7430031878094825,8.344505083590521,14.9562,8.2259,2.3182,ro_ro,LNG,Paradip,Visakhapatnam
0,0,2,33063,14.5,77.5,297,3.12,3048.625,0.775,11.2375,5.697093486505405,10.406200356191569,76.8967,39.9863,11.4222,bulk_carrier,HFO,JNPA,Kandla
2,3,2,884,14.9,66.8,169,2.01,3307.949,0.6679999999999999,9.953199999999999,5.135798437050262,6.785587645007929,3.654,2.4847,0.5851,ferry,MGO,New_Mangalore,Mormugao
3,0,2,14985,11.1,85.1,419,1.77,1367.6309999999999,0.851,9.4461,6.040254711277414,9.614871710924255,37.9527,19.7354,5.6375,general_cargo,HFO,Kochi,Mormugao
6,2,0,56969,10.3,81.0,311,0.58,1092.7270000000003,0.81,8.343000000000002,5.7430031878094825,10.950280092474442,42.6287,23.4458,6.6075,tanker,LNG,Paradip,Visakhapatnam
6,0,2,37083,13.7,98.0,411,0.44,2571.3529999999996,0.98,13.425999999999998,6.021023349349527,10.520940888726873,97.0578,50.4701,14.4169,tanker,HFO,Visakhapatnam,Kamarajar
0,0,1,56514,12.5,58.7,528,2.92,1953.125,0.5870000000000001,7.337500000000001,6.270988431858299,10.942261368624832,152.8451,79.4794,22.7035,bulk_carrier,HFO,New_Mangalore,JNPA
1,0,2,16607,14.7,82.9,529,1.17,3176.5229999999997,0.8290000000000001,12.186300000000001,6.272877006546167,9.717639785965615,79.7957,41.4938,11.8528,container_ship,HFO,Mormugao,Kandla
0,2,0,45790,12.5,84.2,406,0.46,1953.125,0.8420000000000001,10.525,6.008813185442595,10.731842844242117,61.8366,34.0101,9.5847,bulk_carrier,LNG,Visakhapatnam,Chennai
0,3,2,58095,12.3,86.3,276,2.46,1860.8670000000004,0.863,10.6149,5.6240175061873385,10.969852093654117,68.2249,46.3929,10.9245,bulk_carrier,MGO,Kandla,Mumbai
6,0,2,55620,11.5,75.0,290,1.39,1520.875,0.75,8.625,5.673323267171493,10.926316106770527,60.9507,31.6944,9.0536,tanker,HFO,JNPA,Kandla
0,2,2,35729,11.6,71.3,282,0.81,1560.896,0.713,8.2708,5.645446897643238,10.483745951017456,32.2627,17.7445,5.0007,bulk_carrier,LNG,Mumbai,Kandla
5,3,2,8727,16.3,59.5,22,2.55,4330.747,0.595,9.6985,3.1354942159291497,9.074291527512907,2.7691,1.883,0.4434,ro_ro,MGO,Mumbai,JNPA
0,3,1,48674,12.7,76.0,22,1.8,2048.383,0.76,9.652,3.1354942159291497,10.7929208302404,5.1004,3.4683,0.8167,bulk_carrier,MGO,Mumbai,JNPA
6,2,2,55468,14.9,88.0,757,3.18,3307.949,0.88,13.112,6.630683385642372,10.923579585124024,243.7724,134.0748,37.7847,tanker,LNG,Port_Blair,Tuticorin
1,3,0,19734,22.3,79.6,419,1.62,11089.567000000001,0.7959999999999999,17.750799999999998,6.040254711277414,9.890148988096948,150.6853,102.466,24.1285,container_ship,MGO,Kochi,Mormugao
6,2,2,25705,14.8,60.0,859,2.25,3241.7920000000004,0.6,8.88,6.756932389247553,10.154479706670077,142.5706,78.4138,22.0984,tanker,LNG,Mumbai,Kochi
3,0,2,10004,14.4,57.3,518,0.61,2985.9840000000004,0.573,8.251199999999999,6.251903883165888,9.210840247017833,46.2829,24.0671,6.8748,general_cargo,HFO,JNPA,New_Mangalore
0,3,2,29708,16.3,89.0,528,2.69,4330.747,0.89,14.507000000000001,6.270988431858299,10.299205309189412,170.2358,115.7603,27.259,bulk_carrier,MGO,New_Mangalore,JNPA
2,2,2,884,16.5,55.0,859,2.01,4492.125,0.55,9.075000000000001,6.756932389247553,6.785587645007929,18.9047,10.3976,2.9302,ferry,LNG,Mumbai,Kochi
3,3,0,5602,9.0,81.1,297,0.43,729.0,0.8109999999999999,7.2989999999999995,5.697093486505405,8.631057447565285,6.9783,4.7452,1.1174,general_cargo,MGO,JNPA,Kandla
3,3,0,6658,13.3,51.0,422,1.88,2352.637,0.51,6.783,6.0473721790462776,8.803724602110622,24.4816,16.6475,3.9201,general_cargo,MGO,Mormugao,Kochi
1,4,2,21825,15.9,70.2,495,2.74,4019.679,0.7020000000000001,11.161800000000001,6.206575926724928,9.990857198673035,221.7459,77.611,12.797,container_ship,Methanol,Kolkata_SMPK,Visakhapatnam
0,2,2,56365,11.0,65.7,797,3.13,1331.0,0.657,7.227,6.682108597449809,10.939621418827507,131.2509,72.188,20.3439,bulk_carrier,LNG,Chennai,Port_Blair
0,2,2,70130,9.8,70.9,542,1.9,941.1920000000002,0.7090000000000001,6.948200000000001,6.297109319933935,11.158120200662147,79.2019,43.561,12.2763,bulk_carrier,LNG,Chennai,Kochi
0,3,0,41291,12.5,94.6,290,2.38,1953.125,0.946,11.825,5.673323267171493,10.62842405558548,64.5269,43.8783,10.3324,bulk_carrier,MGO,JNPA,Kandla
4,2,1,3081,19.7,65.1,183,0.46,7645.373,0.6509999999999999,12.824699999999998,5.214935757608986,8.033334015880062,10.9152,6.0034,1.6919,passenger,LNG,Tuticorin,Kochi
0,0,2,41291,13.5,54.3,169,1.77,2460.375,0.5429999999999999,7.330499999999999,5.135798437050262,10.62842405558548,35.6287,18.5269,5.2922,bulk_carrier,HFO,New_Mangalore,Mormugao
6,0,1,39649,12.0,82.6,370,1.87,1728.0,0.826,9.911999999999999,5.916202062607435,10.587846227062993,73.1775,38.0523,10.8697,tanker,HFO,Chennai,Tuticorin
1,0,2,36763,24.8,53.6,761,1.18,15252.992000000002,0.536,13.292800000000002,6.635946555686647,10.512274384478,492.7913,256.2515,73.1987,container_ship,HFO,Tuticorin,Port_Blair
0,3,2,45319,13.8,94.8,692,1.19,2628.0720000000006,0.948,13.0824,6.541029999189903,10.721503715141942,179.3602,121.9649,28.72,bulk_carrier,MGO,Chennai,Paradip
5,0,2,8843,17.4,65.2,358,1.54,5268.0239999999985,0.652,11.3448,5.883322388488279,9.087494541977337,48.0061,24.9632,7.1308,ro_ro,HFO,JNPA,Mormugao
0,3,2,42726,12.0,88.0,358,2.42,1728.0,0.88,10.56,5.883322388488279,10.662586317888776,76.3568,51.9226,12.2266,bulk_carrier,MGO,JNPA,Mormugao
1,2,1,17470,20.4,84.0,870,1.7,8489.663999999999,0.84,17.136,6.769641976852503,9.768297642474444,221.8351,122.0093,34.3844,container_ship,LNG,Kochi,JNPA
6,3,2,37289,15.1,80.4,538,1.84,3442.9509999999996,0.804,12.1404,6.289715570908998,10.526480473172866,153.1978,104.1745,24.5308,tanker,MGO,Kochi,Chennai
3,3,2,15648,11.8,56.3,521,0.37,1643.0320000000004,0.563,6.6434,6.257667587882639,9.658162296163171,39.1713,26.6365,6.2723,general_cargo,MGO,Kandla,Mormugao
1,3,2,38751,17.0,95.2,797,0.84,4913.0,0.9520000000000001,16.184,6.682108597449809,10.564937646352819,249.0001,169.3201,39.8711,container_ship,MGO,Chennai,Port_Blair
1,3,2,21825,14.6,68.9,18,1.24,3112.136,0.6890000000000001,10.0594,2.9444389791664403,9.990857198673035,2.8303,1.9246,0.4532,container_ship,MGO,Chennai,Kamarajar
0,2,2,40197,12.0,59.7,311,2.36,1728.0,0.597,7.164,5.7430031878094825,10.601572522125696,47.0664,25.8865,7.2953,bulk_carrier,LNG,Paradip,Visakhapatnam
1,0,2,17711,18.8,88.3,370,2.63,6644.6720000000005,0.883,16.6004,5.916202062607435,9.781997654948418,104.9692,54.584,15.592,container_ship,HFO,Chennai,Tuticorin
5,0,0,7575,13.5,85.8,853,2.84,2460.375,0.858,11.583,6.74993119378857,8.932740634865914,77.3358,40.2146,11.4874,ro_ro,HFO,Chennai,Kolkata_SMPK
6,2,2,70614,13.1,94.8,419,0.77,2248.091,0.948,12.4188,6.040254711277414,11.164997865503164,109.683,60.3257,17.0009,tanker,LNG,Kochi,Mormugao
6,3,2,68994,12.9,84.7,396,3.46,2146.6890000000003,0.847,10.9263,5.983936280687191,11.141789317185655,151.0985,102.747,24.1947,tanker,MGO,Chennai,Visakhapatnam
6,2,0,33954,14.1,60.7,286,3.33,2803.221,0.607,8.5587,5.659482215759621,10.432791397547891,57.9634,31.8799,8.9843,tanker,LNG,Kandla,JNPA
4,2,0,4545,26.9,73.9,1196,2.67,19465.108999999997,0.7390000000000001,19.8791,7.087573705557973,8.422003004412488,237.7252,130.7489,36.8474,passenger,LNG,Chennai,JNPA
2,3,2,1735,13.4,60.9,700,3.4,2406.1040000000003,0.609,8.1606,6.55250788703459,7.459338895220296,22.0577,14.9992,3.532,ferry,MGO,Paradip,Chennai
1,4,2,18598,24.4,75.1,1179,1.5,14526.783999999998,0.7509999999999999,18.324399999999997,7.07326971745971,9.830863094815127,957.8768,335.2569,55.2791,container_ship,Methanol,Mumbai,Chennai
6,3,0,37289,14.8,55.5,229,1.12,3241.7920000000004,0.555,8.214,5.438079308923196,10.526480473172866,53.2314,36.1974,8.5237,tanker,MGO,Kolkata_SMPK,Paradip
1,2,2,17711,24.6,62.7,870,2.99,14886.936000000003,0.627,15.4242,6.769641976852503,9.781997654948418,349.1811,192.0496,54.1231,container_ship,LNG,Kochi,JNPA
3,0,2,9258,13.1,89.7,757,1.2,2248.091,0.897,11.7507,6.630683385642372,9.133351330448047,65.3946,34.0052,9.7137,general_cargo,HFO,Port_Blair,Tuticorin
0,2,0,62925,11.0,63.9,364,0.83,1331.0,0.639,7.029,5.8998973535824915,11.049714711812085,53.0995,29.2047,8.2304,bulk_carrier,LNG,Tuticorin,Chennai
1,2,2,21724,20.7,79.2,1196,2.02,8869.742999999999,0.792,16.3944,7.087573705557973,9.986218950133592,322.3121,177.2716,49.9584,container_ship,LNG,Chennai,JNPA
3,0,2,18455,12.1,58.1,189,2.91,1771.561,0.581,7.030099999999999,5.247024072160486,9.823144799853589,23.4343,12.1858,3.4809,general_cargo,HFO,Kochi,Tuticorin
0,0,2,64303,9.6,54.5,169,0.54,884.7359999999999,0.545,5.232,5.135798437050262,11.071377116688982,22.0109,11.4457,3.2695,bulk_carrier,HFO,New_Mangalore,Mormugao
0,3,2,27915,9.9,90.4,282,3.18,970.2990000000001,0.904,8.9496,5.645446897643238,10.236955280137042,33.3686,22.6906,5.3431,bulk_carrier,MGO,Mumbai,Kandla
6,2,2,23117,16.8,70.0,797,0.65,4741.6320000000005,0.7,11.76,6.682108597449809,10.048366813854212,127.5874,70.1731,19.776,tanker,LNG,Chennai,Port_Blair
3,0,2,14088,12.5,94.7,370,3.27,1953.125,0.9470000000000001,11.8375,5.916202062607435,9.553149630053277,43.0838,22.4036,6.3996,general_cargo,HFO,Chennai,Tuticorin
0,2,0,71338,11.3,73.9,277,1.03,1442.8970000000002,0.7390000000000001,8.350700000000002,5.627621113690637,11.175198441433086,46.2105,25.4157,7.1626,bulk_carrier,LNG,Kandla,Mumbai
1,3,2,19734,17.2,60.6,700,2.0,5088.447999999999,0.606,10.4232,6.55250788703459,9.890148988096948,151.514,103.0295,24.2612,container_ship,MGO,Paradip,Chennai
6,0,2,47233,11.6,53.3,290,1.93,1560.896,0.5329999999999999,6.1827999999999985,5.673323267171493,10.762869251237097,48.9301,25.4436,7.268,tanker,HFO,Kandla,JNPA
1,4,2,33073,12.8,75.7,411,3.19,2097.1520000000005,0.757,9.6896,6.021023349349527,10.406502754210141,186.5992,65.3097,10.7686,container_ship,Methanol,Visakhapatnam,Kamarajar
1,2,2,35698,21.9,57.5,788,3.2,10503.458999999997,0.575,12.592499999999998,6.670766320845874,10.482877956170928,411.0181,226.06,63.7078,container_ship,LNG,Port_Blair,Chennai
1,2,0,12578,17.1,72.9,850,0.43,5000.211000000001,0.7290000000000001,12.465900000000003,6.7464121285733745,9.439784035838873,104.7324,57.6028,16.2335,container_ship,LNG,Kochi,Mumbai
5,3,1,8727,19.1,99.1,700,0.4,6967.871000000002,0.991,18.9281,6.55250788703459,9.074291527512907,105.1799,71.5223,16.8419,ro_ro,MGO,Paradip,Chennai
1,0,2,17711,23.0,75.3,176,3.13,12167.0,0.753,17.319,5.176149732573829,9.781997654948418,73.6093,38.2768,10.9338,container_ship,HFO,Mormugao,New_Mangalore
1,4,0,8659,14.9,68.6,853,1.35,3307.949,0.6859999999999999,10.2214,6.74993119378857,9.06647000155648,174.8015,61.1805,10.0878,container_ship,Methanol,Chennai,Kolkata_SMPK
6,0,2,22608,13.0,66.6,411,1.06,2197.0,0.6659999999999999,8.658,6.021023349349527,10.026103336076316,55.3696,28.7922,8.2245,tanker,HFO,Visakhapatnam,Kamarajar
3,3,0,17758,10.7,98.0,505,1.19,1225.0429999999997,0.98,10.485999999999999,6.226536669287466,9.784647708654596,41.1783,28.0012,6.5937,general_cargo,MGO,New_Mangalore,Mumbai
6,3,2,47233,11.6,67.1,183,0.68,1560.896,0.6709999999999999,7.783599999999999,5.214935757608986,10.762869251237097,28.8932,19.6474,4.6265,tanker,MGO,Tuticorin,Kochi
1,3,2,33073,15.7,94.0,282,2.29,3869.8929999999996,0.94,14.758,5.645446897643238,10.406502754210141,81.5532,55.4562,13.0587,container_ship,MGO,Mumbai,Kandla
1,4,2,12578,20.2,84.4,518,2.42,8242.408,0.8440000000000001,17.0488,6.251903883165888,9.439784035838873,280.8839,98.3094,16.2098,container_ship,Methanol,JNPA,New_Mangalore
4,2,2,3081,23.1,55.6,290,0.37,12326.391000000001,0.556,12.843600000000002,5.673323267171493,8.033334015880062,23.8134,13.0974,3.6911,passenger,LNG,Kandla,JNPA
0,0,1,40197,8.6,56.6,282,2.09,636.0559999999999,0.5660000000000001,4.8676,5.645446897643238,10.601572522125696,26.2618,13.6561,3.9009,bulk_carrier,HFO,Mumbai,Kandla
6,3,2,72064,11.6,70.8,358,1.68,1560.896,0.708,8.2128,5.883322388488279,11.185323768517204,79.4921,54.0546,12.7287,tanker,MGO,JNPA,Mormugao
6,2,2,22608,12.8,82.0,189,1.44,2097.1520000000005,0.82,10.496,5.247024072160486,10.026103336076316,20.4852,11.2669,3.1752,tanker,LNG,Kochi,Tuticorin
0,2,2,49115,15.7,64.7,406,2.81,3869.8929999999996,0.647,10.1579,6.008813185442595,10.801940126280403,132.775,73.0263,20.5801,bulk_carrier,LNG,Visakhapatnam,Chennai
0,2,2,45790,8.9,89.3,538,1.6,704.969,0.893,7.9477,6.289715570908998,10.731842844242117,51.5277,28.3402,7.9868,bulk_carrier,LNG,Kochi,Chennai
3,0,2,7328,10.9,99.2,507,1.08,1295.0290000000002,0.992,10.812800000000001,6.230481447578482,8.89959435992585,25.3475,13.1807,3.7651,general_cargo,HFO,Mumbai,New_Mangalore
3,0,2,10749,11.0,87.0,229,2.37,1331.0,0.87,9.57,5.438079308923196,9.28266103355581,18.0863,9.4049,2.6865,general_cargo,HFO,Kolkata_SMPK,Paradip
6,0,1,28073,15.4,55.6,700,1.48,3652.264,0.556,8.5624,6.55250788703459,10.24259916009427,152.9536,79.5358,22.7196,tanker,HFO,Paradip,Chennai
3,3,2,7328,14.7,69.3,311,3.14,3176.5229999999997,0.693,10.1871,5.7430031878094825,8.89959435992585,29.4679,20.0382,4.7185,general_cargo,MGO,Paradip,Visakhapatnam
0,0,1,42726,13.1,81.1,364,1.61,2248.091,0.8109999999999999,10.624099999999999,5.8998973535824915,10.662586317888776,81.598,42.431,12.1205,bulk_carrier,HFO,Tuticorin,Chennai
1,2,0,38751,13.7,75.5,1190,2.62,2571.3529999999996,0.755,10.343499999999999,7.0825485693553,10.564937646352819,241.7635,132.9699,37.4733,container_ship,LNG,JNPA,Chennai
3,3,2,17758,10.9,93.4,311,1.67,1295.0290000000002,0.934,10.1806,5.7430031878094825,9.784647708654596,26.8657,18.2687,4.3019,general_cargo,MGO,Paradip,Visakhapatnam
6,3,2,47233,13.6,96.8,286,1.51,2515.4559999999997,0.968,13.1648,5.659482215759621,10.762869251237097,79.2027,53.8578,12.6823,tanker,MGO,Kandla,JNPA
3,3,2,9258,12.7,71.3,277,1.38,2048.383,0.713,9.0551,5.627621113690637,9.133351330448047,20.6147,14.018,3.3009,general_cargo,MGO,Kandla,Mumbai
6,3,2,23323,12.2,58.2,700,1.87,1815.8479999999997,0.5820000000000001,7.1004000000000005,6.55250788703459,10.057238152342046,78.6134,53.4571,12.588,tanker,MGO,Paradip,Chennai
0,2,2,33063,10.6,76.5,870,1.18,1191.0159999999998,0.765,8.109,6.769641976852503,10.406200356191569,84.7564,46.616,13.1372,bulk_carrier,LNG,Kochi,JNPA
4,3,0,2268,14.3,82.8,761,1.56,2924.2070000000003,0.828,11.8404,6.635946555686647,7.727094484779841,28.4373,19.3374,4.5535,passenger,MGO,Tuticorin,Port_Blair
6,3,2,67954,15.3,59.7,286,3.1,3581.5770000000007,0.597,9.1341,5.659482215759621,11.126601000389448,130.2259,88.5536,20.8524,tanker,MGO,Kandla,JNPA
3,0,1,13823,13.0,82.7,359,1.89,2197.0,0.8270000000000001,10.751000000000001,5.886104031450156,9.534161491043838,40.3462,20.98,5.993,general_cargo,HFO,Mormugao,JNPA
0,2,2,44373,13.7,92.3,297,2.91,2571.3529999999996,0.9229999999999999,12.645099999999998,5.697093486505405,10.700408991312528,77.8568,42.8213,12.0678,bulk_carrier,LNG,JNPA,Kandla
4,1,2,4149,23.7,80.7,797,0.54,13312.052999999998,0.807,19.1259,6.682108597449809,8.330863613224745,36.5094,116.8302,2.6287,passenger,Hydrogen,Chennai,Port_Blair
0,0,2,32714,13.6,77.8,290,0.93,2515.4559999999997,0.778,10.5808,5.673323267171493,10.395588967303839,55.9365,29.087,8.3088,bulk_carrier,HFO,Kandla,JNPA
4,1,2,2268,17.2,80.2,169,1.9,5088.447999999999,0.802,13.7944,5.135798437050262,7.727094484779841,3.2821,10.5026,0.2363,passenger,Hydrogen,New_Mangalore,Mormugao
1,4,2,12017,21.4,94.7,1181,2.73,9800.343999999997,0.9470000000000001,20.2658,7.074963197966044,9.394160804893874,776.4205,271.7472,44.8072,container_ship,Methanol,Chennai,Mumbai
1,3,2,35698,23.7,99.6,176,0.71,13312.052999999998,0.996,23.6052,5.176149732573829,10.482877956170928,112.2584,76.3357,17.9754,container_ship,MGO,Mormugao,New_Mangalore
6,3,2,68263,15.8,96.7,169,3.44,3944.3120000000004,0.9670000000000001,15.278600000000003,5.135798437050262,11.13113782021642,94.4984,64.2589,15.1316,tanker,MGO,New_Mangalore,Mormugao
5,0,2,4651,22.2,83.8,348,1.69,10941.047999999999,0.838,18.6036,5.855071922202427,8.445052513638554,54.7456,28.4677,8.1319,ro_ro,HFO,Kochi,New_Mangalore
6,3,2,39701,15.1,50.1,313,0.81,3442.9509999999996,0.501,7.5651,5.749392985908253,10.589156843240115,72.8745,49.5547,11.669,tanker,MGO,Visakhapatnam,Paradip
6,3,2,28244,13.8,51.4,311,2.68,2628.0720000000006,0.514,7.0932,5.7430031878094825,10.248671729759362,49.8488,33.8972,7.982,tanker,MGO,Paradip,Visakhapatnam
1,2,2,21724,19.2,79.5,364,2.52,7077.887999999999,0.795,15.264,5.8998973535824915,9.986218950133592,95.8187,52.7003,14.8519,container_ship,LNG,Tuticorin,Chennai
3,3,2,19799,12.7,71.5,396,1.87,2048.383,0.715,9.080499999999999,5.983936280687191,9.893437216682626,46.3801,31.5385,7.4266,general_cargo,MGO,Chennai,Visakhapatnam
6,2,2,56969,13.1,56.6,313,3.21,2248.091,0.5660000000000001,7.414600000000001,5.749392985908253,10.950280092474442,82.0019,45.1011,12.7103,tanker,LNG,Visakhapatnam,Paradip
0,0,2,60844,11.4,96.5,359,3.3,1481.544,0.965,11.001,5.886104031450156,11.016084925770901,111.4798,57.9695,16.5591,bulk_carrier,HFO,Mormugao,JNPA
2,2,2,2604,13.4,93.8,22,0.81,2406.1040000000003,0.938,12.5692,3.1354942159291497,7.865187954187467,0.6354,0.3495,0.0985,ferry,LNG,Mumbai,JNPA
5,2,2,6679,13.9,99.9,24,2.5,2685.619,0.9990000000000001,13.886100000000003,3.2188758248682006,8.806873266530692,1.6671,0.9169,0.2584,ro_ro,LNG,JNPA,Mumbai
1,3,2,36763,22.6,50.7,345,2.74,11543.176000000001,0.507,11.458200000000001,5.846438775057725,10.512274384478,192.7282,131.0552,30.8606,container_ship,MGO,New_Mangalore,Kochi
3,3,2,6658,15.1,56.5,396,2.94,3442.9509999999996,0.565,8.5315,5.983936280687191,8.803724602110622,32.3652,22.0084,5.1825,general_cargo,MGO,Chennai,Visakhapatnam
3,3,2,9258,12.9,67.3,528,3.09,2146.6890000000003,0.6729999999999999,8.6817,6.270988431858299,9.133351330448047,44.2052,30.0595,7.0784,general_cargo,MGO,New_Mangalore,JNPA
6,3,2,55468,12.6,82.8,542,2.91,2000.3759999999997,0.828,10.432799999999999,6.297109319933935,10.923579585124024,150.9056,102.6158,24.1638,tanker,MGO,Chennai,Kochi
5,3,2,4206,13.4,70.3,1190,2.78,2406.1040000000003,0.703,9.4202,7.0825485693553,8.344505083590521,64.6281,43.9471,10.3486,ro_ro,MGO,JNPA,Chennai
6,0,0,55468,14.4,89.8,290,1.56,2985.9840000000004,0.898,12.9312,5.673323267171493,10.923579585124024,90.7963,47.2141,13.4868,tanker,HFO,Kandla,JNPA
3,3,2,15643,12.5,90.2,1196,3.14,1953.125,0.902,11.275,7.087573705557973,9.657842735875406,138.7015,94.3171,22.2096,general_cargo,MGO,Chennai,JNPA
6,0,2,55620,16.2,73.8,1181,1.56,4251.527999999999,0.738,11.955599999999999,7.074963197966044,10.926316106770527,456.0335,237.1374,67.7388,tanker,HFO,Chennai,Mumbai
0,3,2,30900,16.3,83.8,359,1.79,4330.747,0.838,13.6594,5.886104031450156,10.33854382482173,104.7468,71.2278,16.7726,bulk_carrier,MGO,Mormugao,JNPA
6,3,2,54273,10.6,83.5,290,0.49,1191.0159999999998,0.835,8.850999999999999,5.673323267171493,10.901800569887673,47.0858,32.0183,7.5396,tanker,MGO,Kandla,JNPA
0,0,2,63697,9.8,80.9,24,1.21,941.1920000000002,0.809,7.928200000000001,3.2188758248682006,11.061908443893099,3.8721,2.0135,0.5752,bulk_carrier,HFO,JNPA,Mumbai
3,0,2,6658,15.0,94.8,189,0.58,3375.0,0.948,14.219999999999999,5.247024072160486,8.803724602110622,15.7144,8.1715,2.3342,general_cargo,HFO,Kochi,Tuticorin
3,3,0,17741,10.1,60.3,183,0.54,1030.301,0.603,6.090299999999999,5.214935757608986,9.783689989080532,11.3195,7.6973,1.8125,general_cargo,MGO,Tuticorin,Kochi
0,0,2,38293,16.7,96.7,495,1.69,4657.463,0.9670000000000001,16.1489,6.206575926724928,10.55304850493315,186.3822,96.9188,27.685,bulk_carrier,HFO,Kolkata_SMPK,Visakhapatnam
0,0,0,35729,13.6,63.4,229,0.94,2515.4559999999997,0.634,8.6224,5.438079308923196,10.483745951017456,47.3607,24.6276,7.0349,bulk_carrier,HFO,Kolkata_SMPK,Paradip
6,3,2,71643,11.6,86.1,411,1.78,1560.896,0.861,9.987599999999999,6.021023349349527,11.17946468934515,112.463,76.4748,18.0081,tanker,MGO,Visakhapatnam,Kamarajar
6,0,2,28073,14.6,71.6,419,1.16,3112.136,0.716,10.4536,6.040254711277414,10.24259916009427,85.5858,44.5046,12.7128,tanker,HFO,Kamarajar,Visakhapatnam
6,2,0,27184,10.0,58.2,24,2.51,1000.0,0.5820000000000001,5.82,3.2188758248682006,10.210420629580021,1.8327,1.008,0.2841,tanker,LNG,JNPA,Mumbai
0,3,2,32714,15.4,98.1,538,1.16,3652.264,0.981,15.1074,6.289715570908998,10.395588967303839,138.4286,94.1314,22.1659,bulk_carrier,MGO,Kochi,Chennai
6,2,2,35203,15.6,55.1,419,1.39,3796.4159999999997,0.551,8.595600000000001,6.040254711277414,10.468914991493703,84.9323,46.7128,13.1645,tanker,LNG,Kochi,Mormugao
1,2,0,36763,23.2,78.6,761,3.02,12487.168,0.7859999999999999,18.2352,6.635946555686647,10.512274384478,430.7927,236.936,66.7729,container_ship,LNG,Tuticorin,Port_Blair
3,3,0,16177,13.1,61.1,349,3.43,2248.091,0.611,8.0041,5.857933154483459,9.691407573577898,42.3643,28.8078,6.7836,general_cargo,MGO,Mumbai,Mormugao
6,3,0,67954,12.5,61.4,495,0.89,1953.125,0.614,7.675,6.206575926724928,11.126601000389448,128.1619,87.1501,20.5219,tanker,MGO,Kolkata_SMPK,Visakhapatnam
3,3,2,14844,12.6,92.4,297,2.32,2000.3759999999997,0.924,11.6424,5.697093486505405,9.60541838719786,33.7605,22.9572,5.4059,general_cargo,MGO,JNPA,Kandla
0,2,2,40297,13.9,58.7,345,3.23,2685.619,0.5870000000000001,8.159300000000002,5.846438775057725,10.604057118911712,78.5124,43.1818,12.1694,bulk_carrier,LNG,New_Mangalore,Kochi
3,0,2,17380,13.3,79.9,1181,2.65,2352.637,0.799,10.626700000000001,7.074963197966044,9.76313293456348,173.2217,90.0753,25.7302,general_cargo,HFO,Chennai,Mumbai
1,2,2,18598,20.8,88.0,396,3.4,8998.912,0.88,18.304000000000002,5.983936280687191,9.830863094815127,133.3682,73.3525,20.6721,container_ship,LNG,Chennai,Visakhapatnam
6,0,0,23323,14.3,57.5,286,0.43,2924.2070000000003,0.575,8.2225,5.659482215759621,10.057238152342046,42.6117,22.1581,6.3295,tanker,HFO,Kandla,JNPA
3,0,2,14088,11.5,52.9,856,2.16,1520.875,0.529,6.0835,6.75343791859778,9.553149630053277,74.611,38.7977,11.0826,general_cargo,HFO,Kolkata_SMPK,Chennai
1,0,2,30177,19.8,78.4,761,2.61,7762.392000000001,0.784,15.523200000000001,6.635946555686647,10.314868461073596,337.8637,175.6891,50.1859,container_ship,HFO,Tuticorin,Port_Blair
1,2,0,41892,16.7,63.5,358,0.36,4657.463,0.635,10.6045,5.883322388488279,10.64287402751427,86.3699,47.5035,13.3873,container_ship,LNG,JNPA,Mormugao
0,3,2,31987,9.9,78.3,422,2.2,970.2990000000001,0.7829999999999999,7.7517,6.0473721790462776,10.37311611145178,45.4398,30.8991,7.2761,bulk_carrier,MGO,Mormugao,Kochi
5,0,2,6851,17.3,59.6,411,2.85,5177.717000000001,0.596,10.3108,6.021023349349527,8.832295859444011,48.2068,25.0675,7.1606,ro_ro,HFO,Visakhapatnam,Kamarajar
6,2,2,35987,10.9,52.9,290,0.83,1295.0290000000002,0.529,5.766100000000001,5.673323267171493,10.49094082853701,29.2799,16.1039,4.5384,tanker,LNG,Kandla,JNPA
6,0,2,56969,9.7,88.3,419,1.85,912.6729999999998,0.883,8.5651,6.040254711277414,10.950280092474442,69.0762,35.9196,10.2605,tanker,HFO,Kamarajar,Visakhapatnam
0,2,2,49115,13.9,51.8,757,0.45,2685.619,0.518,7.200200000000001,6.630683385642372,10.801940126280403,139.073,76.4902,21.5563,bulk_carrier,LNG,Port_Blair,Tuticorin
1,2,0,23507,24.2,63.3,290,2.16,14172.488,0.633,15.3186,5.673323267171493,10.065096067732542,131.5694,72.3632,20.3933,container_ship,LNG,Kandla,JNPA
0,0,0,48674,9.4,78.0,229,2.03,830.5840000000001,0.78,7.332000000000001,5.438079308923196,10.7929208302404,28.4995,14.8197,4.2333,bulk_carrier,HFO,Kolkata_SMPK,Paradip
6,0,0,67954,11.3,57.3,1190,2.65,1442.8970000000002,0.573,6.4749,7.0825485693553,11.126601000389448,264.8859,137.7407,39.3459,tanker,HFO,JNPA,Chennai
5,2,2,8843,16.2,52.0,359,2.53,4251.527999999999,0.52,8.424,5.886104031450156,9.087494541977337,33.6801,18.524,5.2204,ro_ro,LNG,Mormugao,JNPA
1,4,2,27264,16.3,50.8,788,1.93,4330.747,0.508,8.2804,6.670766320845874,10.213359107360162,394.8859,138.2101,22.7889,container_ship,Methanol,Port_Blair,Chennai
1,4,1,12017,17.1,74.1,411,0.94,5000.211000000001,0.741,12.671100000000001,6.021023349349527,9.394160804893874,132.3598,46.3259,7.6385,container_ship,Methanol,Visakhapatnam,Kamarajar
0,2,2,58095,12.2,99.1,518,0.75,1815.8479999999997,0.991,12.0902,6.251903883165888,10.969852093654117,107.7752,59.2764,16.7052,bulk_carrier,LNG,JNPA,New_Mangalore
1,3,2,27197,18.7,64.6,349,1.25,6539.2029999999995,0.6459999999999999,12.080199999999998,5.857933154483459,10.210898720168904,113.0092,76.8463,18.0956,container_ship,MGO,Mumbai,Mormugao
3,0,2,17380,13.8,62.4,853,0.36,2628.0720000000006,0.624,8.6112,6.74993119378857,9.76313293456348,104.6583,54.4223,15.5458,general_cargo,HFO,Chennai,Kolkata_SMPK
5,0,2,11514,15.9,53.4,276,2.83,4019.679,0.534,8.4906,5.6240175061873385,9.351405812254786,37.4877,19.4936,5.5684,ro_ro,HFO,Mumbai,Kandla
0,0,2,32714,12.1,71.2,870,3.3,1771.561,0.7120000000000001,8.615200000000002,6.769641976852503,10.395588967303839,163.4495,84.9937,24.2786,bulk_carrier,HFO,Kochi,JNPA
1,4,2,33687,17.9,64.3,542,1.95,5735.338999999999,0.643,11.509699999999999,6.297109319933935,10.424896969841763,401.6629,140.582,23.18,container_ship,Methanol,Chennai,Kochi
3,0,2,16704,13.2,54.8,229,3.08,2299.968,0.5479999999999999,7.233599999999999,5.438079308923196,9.723463354790857,33.3209,17.3269,4.9495,general_cargo,HFO,Kolkata_SMPK,Paradip
0,2,2,63697,12.2,93.0,396,3.4,1815.8479999999997,0.93,11.346,5.983936280687191,11.061908443893099,101.329,55.7309,15.706,bulk_carrier,LNG,Chennai,Visakhapatnam
6,0,2,28073,15.8,53.5,700,1.91,3944.3120000000004,0.535,8.453000000000001,6.55250788703459,10.24259916009427,147.1172,76.501,21.8526,tanker,HFO,Paradip,Chennai
0,2,2,41291,11.5,79.2,311,1.98,1520.875,0.792,9.108,5.7430031878094825,10.62842405558548,47.5317,26.1424,7.3674,bulk_carrier,LNG,Paradip,Visakhapatnam
1,2,1,17711,18.8,91.2,1181,1.64,6644.6720000000005,0.912,17.1456,7.074963197966044,9.781997654948418,271.8596,149.5228,42.1382,container_ship,LNG,Chennai,Mumbai
0,2,1,34731,13.5,67.4,505,1.16,2460.375,0.674,9.099,6.226536669287466,10.455416731180536,85.9987,47.2993,13.3298,bulk_carrier,LNG,New_Mangalore,Mumbai
0,0,2,32714,15.2,66.5,870,2.55,3511.8079999999995,0.665,10.108,6.769641976852503,10.395588967303839,237.2626,123.3766,35.2428,bulk_carrier,HFO,Kochi,JNPA
0,0,2,38293,16.3,58.2,313,3.32,4330.747,0.5820000000000001,9.486600000000001,5.749392985908253,10.55304850493315,122.3607,63.6276,18.1753,bulk_carrier,HFO,Visakhapatnam,Paradip
0,0,0,56514,12.5,59.5,345,2.19,1953.125,0.595,7.4375,5.846438775057725,10.942261368624832,81.423,42.34,12.0945,bulk_carrier,HFO,New_Mangalore,Kochi
6,2,1,37289,11.4,76.5,290,0.5,1481.544,0.765,8.721,5.673323267171493,10.526480473172866,34.8807,19.1844,5.4065,tanker,LNG,JNPA,Kandla
0,0,2,56514,11.1,61.8,700,0.69,1367.6309999999999,0.618,6.8598,6.55250788703459,10.942261368624832,129.6304,67.4078,19.2552,bulk_carrier,HFO,Paradip,Chennai
2,5,2,932,15.2,68.4,528,3.49,3511.8079999999995,0.684,10.3968,6.270988431858299,6.838405200847344,166.7528,20.0103,0.4923,ferry,Shore_Power,New_Mangalore,JNPA
1,0,2,38751,17.9,79.2,538,2.85,5735.338999999999,0.792,14.1768,6.289715570908998,10.564937646352819,244.5286,127.1549,36.322,container_ship,HFO,Kochi,Chennai
2,5,2,2604,10.4,85.9,276,2.54,1124.864,0.8590000000000001,8.933600000000002,5.6240175061873385,7.865187954187467,82.5998,9.912,0.2438,ferry,Shore_Power,Kandla,Mumbai
6,0,2,68263,11.4,84.5,797,2.6,1481.544,0.845,9.633,6.682108597449809,11.13113782021642,221.7815,115.3264,32.9432,tanker,HFO,Chennai,Port_Blair
0,2,0,63249,12.0,68.0,1190,2.24,1728.0,0.68,8.16,7.0825485693553,11.054850406589766,249.0912,137.0002,38.6091,bulk_carrier,LNG,JNPA,Chennai
1,3,2,37761,19.6,53.8,282,2.06,7529.536000000002,0.5379999999999999,10.544799999999999,5.645446897643238,10.539058584958477,116.1843,79.0053,18.604,container_ship,MGO,Mumbai,Kandla
4,3,2,1902,24.6,55.3,396,0.74,14886.936000000003,0.5529999999999999,13.6038,5.983936280687191,7.551186867296149,32.4679,22.0782,5.1989,passenger,MGO,Chennai,Visakhapatnam
1,4,2,37761,15.9,57.9,17,3.08,4019.679,0.579,9.2061,2.8903717578961645,10.539058584958477,10.9562,3.8347,0.6323,container_ship,Methanol,Kamarajar,Chennai
1,3,2,36763,19.9,95.3,169,3.14,7880.598999999998,0.953,18.964699999999997,5.135798437050262,10.512274384478,87.6747,59.6188,14.0389,container_ship,MGO,New_Mangalore,Mormugao
6,3,0,22608,10.6,93.2,176,3.16,1191.0159999999998,0.932,9.8792,5.176149732573829,10.026103336076316,20.8017,14.1452,3.3309,tanker,MGO,Mormugao,New_Mangalore
6,0,1,55620,15.4,88.8,1196,2.83,3652.264,0.888,13.6752,7.087573705557973,10.926316106770527,535.2933,278.3525,79.5119,tanker,HFO,Chennai,JNPA
5,3,2,7575,16.1,65.9,853,2.93,4173.281000000001,0.659,10.609900000000001,6.74993119378857,8.932740634865914,101.2344,68.8394,16.2102,ro_ro,MGO,Chennai,Kolkata_SMPK
6,0,0,39649,14.1,65.6,870,1.07,2803.221,0.6559999999999999,9.2496,6.769641976852503,10.587846227062993,198.4842,103.2118,29.4826,tanker,HFO,Kochi,JNPA
3,3,2,5602,10.8,77.3,276,3.31,1259.7120000000002,0.773,8.348400000000002,5.6240175061873385,8.631057447565285,12.2455,8.327,1.9608,general_cargo,MGO,Mumbai,Kandla
0,0,2,56365,14.4,92.2,521,2.68,2985.9840000000004,0.922,13.276800000000001,6.257667587882639,10.939621418827507,201.3013,104.6767,29.9011,bulk_carrier,HFO,Kandla,Mormugao
2,1,2,2604,12.7,65.5,24,0.33,2048.383,0.655,8.3185,3.2188758248682006,7.865187954187467,0.2192,0.7014,0.0158,ferry,Hydrogen,JNPA,Mumbai
0,2,2,29708,11.8,82.8,276,2.92,1643.0320000000004,0.828,9.7704,5.6240175061873385,10.299205309189412,39.4156,21.6786,6.1094,bulk_carrier,LNG,Mumbai,Kandla
3,0,1,17741,10.1,90.7,495,2.33,1030.301,0.907,9.1607,6.206575926724928,9.783689989080532,46.2086,24.0285,6.8638,general_cargo,HFO,Kolkata_SMPK,Visakhapatnam
0,0,2,45790,9.4,84.7,276,1.79,830.5840000000001,0.847,7.9618,5.6240175061873385,10.731842844242117,39.24,20.4048,5.8287,bulk_carrier,HFO,Mumbai,Kandla
0,2,2,27915,12.3,81.0,529,1.32,1860.8670000000004,0.81,9.963000000000001,6.272877006546167,10.236955280137042,68.6435,37.7539,10.6397,bulk_carrier,LNG,Mormugao,Kandla
6,3,0,28073,14.5,77.9,1196,0.31,3048.625,0.779,11.2955,7.087573705557973,10.24259916009427,222.5953,151.3648,35.6431,tanker,MGO,Chennai,JNPA
0,3,2,63697,9.7,73.5,297,1.7,912.6729999999998,0.735,7.129499999999999,5.697093486505405,11.061908443893099,45.8791,31.1978,7.3464,bulk_carrier,MGO,JNPA,Kandla
0,2,2,56365,13.1,97.3,761,1.49,2248.091,0.973,12.7463,6.635946555686647,10.939621418827507,160.9045,88.4975,24.9402,bulk_carrier,LNG,Tuticorin,Port_Blair
1,0,2,12017,22.0,98.8,282,0.32,10648.0,0.988,21.736,5.645446897643238,9.394160804893874,74.7171,38.8529,11.0984,container_ship,HFO,Mumbai,Kandla
4,3,2,3504,19.4,83.9,856,1.45,7301.383999999998,0.8390000000000001,16.276600000000002,6.75343791859778,8.16194579946869,78.1842,53.1652,12.5192,passenger,MGO,Kolkata_SMPK,Chennai
1,2,2,27197,19.4,60.2,229,0.33,7301.383999999998,0.602,11.678799999999999,5.438079308923196,10.210898720168904,61.3221,33.7271,9.5049,container_ship,LNG,Kolkata_SMPK,Paradip
0,0,2,33529,13.2,63.8,538,0.38,2299.968,0.638,8.4216,6.289715570908998,10.420195839460273,90.7851,47.2082,13.4851,bulk_carrier,HFO,Kochi,Chennai
6,0,1,28632,14.4,94.0,297,3.22,2985.9840000000004,0.94,13.536,5.697093486505405,10.262315177792935,73.2141,38.0713,10.8751,tanker,HFO,JNPA,Kandla
6,3,2,22608,13.7,96.4,700,2.56,2571.3529999999996,0.9640000000000001,13.206800000000001,6.55250788703459,10.026103336076316,131.3225,89.2993,21.028,tanker,MGO,Paradip,Chennai
6,2,2,55666,11.9,94.5,276,2.61,1685.159,0.945,11.2455,5.6240175061873385,10.927142790736806,62.0536,34.1295,9.6183,tanker,LNG,Mumbai,Kandla
0,2,2,38293,16.5,51.0,406,2.59,4492.125,0.51,8.415000000000001,6.008813185442595,10.55304850493315,99.6864,54.8275,15.4514,bulk_carrier,LNG,Visakhapatnam,Chennai
6,2,2,42416,13.5,92.2,1190,1.92,2460.375,0.922,12.447000000000001,7.0825485693553,10.65530450425995,262.1063,144.1585,40.6265,tanker,LNG,JNPA,Chennai
1,3,2,41892,14.8,66.1,529,1.0,3241.7920000000004,0.6609999999999999,9.7828,6.272877006546167,10.64287402751427,120.6403,82.0354,19.3175,container_ship,MGO,Mormugao,Kandla
1,3,2,36763,24.3,81.5,396,2.3,14348.907000000001,0.815,19.8045,5.983936280687191,10.512274384478,284.6511,193.5628,45.5798,container_ship,MGO,Chennai,Visakhapatnam
2,5,2,884,15.6,61.5,313,2.17,3796.4159999999997,0.615,9.594,5.749392985908253,6.785587645007929,84.7729,10.1727,0.2502,ferry,Shore_Power,Visakhapatnam,Paradip
6,0,2,47233,12.0,57.3,528,0.3,1728.0,0.573,6.8759999999999994,6.270988431858299,10.762869251237097,92.6048,48.1545,13.7554,tanker,HFO,New_Mangalore,JNPA
6,3,2,68994,11.9,56.6,797,2.26,1685.159,0.5660000000000001,6.735400000000001,6.682108597449809,11.141789317185655,211.9118,144.1,33.9324,tanker,MGO,Chennai,Port_Blair
3,3,2,16581,13.6,94.0,538,3.33,2515.4559999999997,0.94,12.783999999999999,6.289715570908998,9.716073048676163,81.1493,55.1815,12.994,general_cargo,MGO,Kochi,Chennai
1,2,2,37761,14.6,88.6,859,0.45,3112.136,0.8859999999999999,12.935599999999997,6.756932389247553,10.539058584958477,176.6672,97.1669,27.3834,container_ship,LNG,Mumbai,Kochi
6,2,2,45552,12.4,73.5,761,1.71,1906.6240000000003,0.735,9.114,6.635946555686647,10.726631762209768,121.8947,67.0421,18.8937,tanker,LNG,Tuticorin,Port_Blair
3,3,0,16177,12.3,86.5,276,3.26,1860.8670000000004,0.865,10.6395,5.6240175061873385,9.691407573577898,34.6326,23.5502,5.5455,general_cargo,MGO,Kandla,Mumbai
0,0,2,58490,13.9,74.3,529,3.28,2685.619,0.743,10.3277,6.272877006546167,10.976628175230568,189.8587,98.7265,28.2014,bulk_carrier,HFO,Mormugao,Kandla
0,3,1,56365,10.2,87.0,507,2.49,1061.2079999999999,0.87,8.873999999999999,6.230481447578482,10.939621418827507,83.6874,56.9074,13.4004,bulk_carrier,MGO,Mumbai,New_Mangalore
0,0,1,44373,10.8,78.2,850,0.39,1259.7120000000002,0.782,8.4456,6.7464121285733745,10.700408991312528,119.412,62.0942,17.7373,bulk_carrier,HFO,Kochi,Mumbai
1,2,0,16607,14.2,92.3,692,2.87,2863.2879999999996,0.9229999999999999,13.106599999999998,6.541029999189903,9.717639785965615,105.1102,57.8106,16.2921,container_ship,LNG,Chennai,Paradip
3,0,2,14088,13.3,62.3,521,1.22,2352.637,0.623,8.2859,6.257667587882639,9.553149630053277,50.0454,26.0236,7.4337,general_cargo,HFO,Kandla,Mormugao
0,2,1,71338,11.9,96.5,370,2.63,1685.159,0.965,11.4835,5.916202062607435,11.175198441433086,99.9255,54.959,15.4884,bulk_carrier,LNG,Chennai,Tuticorin
6,3,0,55666,10.7,82.9,419,1.7,1225.0429999999997,0.8290000000000001,8.8703,6.040254711277414,10.927142790736806,80.1008,54.4686,12.8261,tanker,MGO,Kochi,Mormugao
1,0,2,34898,15.8,77.2,507,2.1,3944.3120000000004,0.772,12.197600000000001,6.230481447578482,10.460213454484876,155.3775,80.7963,23.0796,container_ship,HFO,Mumbai,New_Mangalore
0,2,2,58242,15.0,96.5,692,1.84,3375.0,0.965,14.475,6.541029999189903,10.972379192532934,221.4275,121.7851,34.3213,bulk_carrier,LNG,Chennai,Paradip
0,0,2,41493,10.2,59.1,1181,0.84,1061.2079999999999,0.591,6.028199999999999,7.074963197966044,10.633304117453084,147.5122,76.7064,21.9113,bulk_carrier,HFO,Chennai,Mumbai
6,2,0,45552,15.5,74.8,850,1.67,3723.875,0.748,11.594,6.7464121285733745,10.726631762209768,232.6745,127.971,36.0645,tanker,LNG,Kochi,Mumbai
3,0,0,14088,10.9,62.0,276,2.29,1295.0290000000002,0.62,6.758,5.6240175061873385,9.553149630053277,21.9985,11.4392,3.2676,general_cargo,HFO,Kandla,Mumbai
0,3,2,71338,12.0,64.4,22,2.12,1728.0,0.644,7.728,3.1354942159291497,11.175198441433086,5.9241,4.0284,0.9486,bulk_carrier,MGO,Mumbai,JNPA
6,3,1,68994,9.5,97.4,856,0.49,857.375,0.9740000000000001,9.253,6.75343791859778,11.141789317185655,130.7349,88.8997,20.9339,tanker,MGO,Kolkata_SMPK,Chennai
0,2,2,71338,13.2,83.0,1190,0.61,2299.968,0.83,10.956,7.0825485693553,11.175198441433086,300.1393,165.0766,46.5216,bulk_carrier,LNG,JNPA,Chennai
5,2,2,8843,22.3,61.6,169,2.3,11089.567000000001,0.616,13.7368,5.135798437050262,9.087494541977337,30.8187,16.9503,4.7769,ro_ro,LNG,New_Mangalore,Mormugao
0,3,2,33529,15.3,60.6,542,3.38,3581.5770000000007,0.606,9.2718,6.297109319933935,10.420195839460273,146.2578,99.4553,23.4195,bulk_carrier,MGO,Chennai,Kochi
1,3,2,41892,16.3,73.5,359,2.4,4330.747,0.735,11.980500000000001,5.886104031450156,10.64287402751427,120.6571,82.0468,19.3202,container_ship,MGO,Mormugao,JNPA
1,4,2,16607,18.4,70.1,24,0.53,6229.503999999999,0.701,12.898399999999999,3.2188758248682006,9.717639785965615,10.2598,3.5909,0.5921,container_ship,Methanol,JNPA,Mumbai
0,3,2,66381,14.9,51.3,370,2.04,3307.949,0.513,7.6437,5.916202062607435,11.103181214377175,129.6365,88.1528,20.758,bulk_carrier,MGO,Chennai,Tuticorin
4,1,2,4545,26.0,86.2,856,2.79,17576.0,0.862,22.412,6.75343791859778,8.422003004412488,68.4842,219.1494,4.9309,passenger,Hydrogen,Kolkata_SMPK,Chennai
1,2,2,8659,13.4,96.1,1190,2.81,2406.1040000000003,0.961,12.8774,7.0825485693553,9.06647000155648,104.2421,57.3331,16.1575,container_ship,LNG,JNPA,Chennai
6,2,2,55666,14.1,55.5,876,2.12,2803.221,0.555,7.825500000000001,6.776506992372183,10.927142790736806,224.0633,123.2348,34.7298,tanker,LNG,JNPA,Kochi
3,0,0,6658,14.8,62.0,176,2.81,3241.7920000000004,0.62,9.176,5.176149732573829,8.803724602110622,16.7394,8.7045,2.4865,general_cargo,HFO,Mormugao,New_Mangalore
6,3,2,28073,13.7,67.4,797,2.25,2571.3529999999996,0.674,9.2338,6.682108597449809,10.24259916009427,144.5468,98.2918,23.1456,tanker,MGO,Chennai,Port_Blair
0,0,2,62925,10.5,68.7,297,2.94,1157.625,0.687,7.213500000000001,5.697093486505405,11.049714711812085,61.3444,31.8991,9.112,bulk_carrier,HFO,JNPA,Kandla
4,1,0,3081,22.2,93.4,276,1.59,10941.047999999999,0.934,20.7348,5.6240175061873385,8.033334015880062,10.8759,34.8029,0.7831,passenger,Hydrogen,Kandla,Mumbai
0,3,2,58242,12.5,68.3,853,2.47,1953.125,0.6829999999999999,8.5375,6.74993119378857,10.972379192532934,215.2828,146.3923,34.4722,bulk_carrier,MGO,Chennai,Kolkata_SMPK
6,3,2,70614,12.5,88.0,859,2.59,1953.125,0.88,11.0,6.756932389247553,11.164997865503164,263.1027,178.9098,42.1293,tanker,MGO,Mumbai,Kochi
1,0,2,17470,22.7,97.4,505,0.87,11697.082999999999,0.9740000000000001,22.1098,6.226536669287466,9.768297642474444,185.9059,96.6711,27.6143,container_ship,HFO,New_Mangalore,Mumbai
3,0,2,15643,9.5,59.7,1190,2.8,857.375,0.597,5.6715,7.0825485693553,9.657842735875406,73.774,38.3625,10.9583,general_cargo,HFO,JNPA,Chennai
6,3,2,28244,14.0,56.7,359,1.46,2744.0,0.5670000000000001,7.938000000000001,5.886104031450156,10.248671729759362,60.4506,41.1064,9.6797,tanker,MGO,Mormugao,JNPA
1,2,2,30177,23.2,94.4,757,0.31,12487.168,0.9440000000000001,21.9008,6.630683385642372,10.314868461073596,338.9135,186.4024,52.5316,container_ship,LNG,Port_Blair,Tuticorin
0,0,2,33063,13.8,94.0,277,2.27,2628.0720000000006,0.94,12.972,5.627621113690637,10.406200356191569,72.1513,37.5187,10.7173,bulk_carrier,HFO,Kandla,Mumbai
6,2,2,47959,13.2,56.7,290,2.45,2299.968,0.5670000000000001,7.4844,5.673323267171493,10.77812260914145,61.6935,33.9314,9.5625,tanker,LNG,JNPA,Kandla
0,0,0,40197,11.0,89.8,348,2.18,1331.0,0.898,9.878,5.855071922202427,10.601572522125696,59.0536,30.7079,8.7718,bulk_carrier,HFO,Kochi,New_Mangalore
0,2,2,44373,12.1,70.5,419,0.92,1771.561,0.705,8.5305,6.040254711277414,10.700408991312528,64.0346,35.219,9.9254,bulk_carrier,LNG,Kochi,Mormugao
0,0,2,26135,10.1,58.5,406,3.49,1030.301,0.585,5.908499999999999,6.008813185442595,10.171068953280907,47.26,24.5752,7.02,bulk_carrier,HFO,Visakhapatnam,Chennai
0,3,2,42343,10.8,85.8,276,1.85,1259.7120000000002,0.858,9.2664,5.6240175061873385,10.653582013537823,37.1774,25.2806,5.953,bulk_carrier,MGO,Mumbai,Kandla
0,3,2,26135,12.6,67.1,422,0.46,2000.3759999999997,0.6709999999999999,8.4546,6.0473721790462776,10.171068953280907,55.0572,37.4389,8.816,bulk_carrier,MGO,Mormugao,Kochi
0,2,2,66381,12.9,61.9,347,0.87,2146.6890000000003,0.619,7.9851,5.8522024797744745,11.103181214377175,68.2088,37.5148,10.5724,bulk_carrier,LNG,Mormugao,Mumbai
4,2,2,3808,21.5,92.1,1190,0.71,9938.375,0.9209999999999999,19.801499999999997,7.0825485693553,8.245121966478605,112.6256,61.9441,17.457,passenger,LNG,JNPA,Chennai
1,3,2,21825,14.9,62.6,505,2.24,3307.949,0.626,9.3274,6.226536669287466,9.990857198673035,93.3948,63.5084,14.9548,container_ship,MGO,New_Mangalore,Mumbai
0,0,2,33063,14.3,62.2,538,3.31,2924.2070000000003,0.622,8.8946,6.289715570908998,10.406200356191569,144.2989,75.0354,21.434,bulk_carrier,HFO,Kochi,Chennai
1,2,2,26077,21.0,83.9,542,3.41,9261.0,0.8390000000000001,17.619000000000003,6.297109319933935,10.168847325983418,246.8271,135.7549,38.2582,container_ship,LNG,Chennai,Kochi
6,0,0,72064,15.6,97.9,422,2.83,3796.4159999999997,0.9790000000000001,15.272400000000001,6.0473721790462776,11.185323768517204,231.2736,120.2623,34.3532,tanker,HFO,Mormugao,Kochi
4,2,2,3081,26.4,100.0,538,2.43,18399.744,1.0,26.4,6.289715570908998,8.033334015880062,85.5506,47.0528,13.2603,passenger,LNG,Kochi,Chennai
3,0,2,13823,15.2,93.6,529,2.7,3511.8079999999995,0.9359999999999999,14.227199999999998,6.272877006546167,9.534161491043838,92.3513,48.0227,13.7178,general_cargo,HFO,Mormugao,Kandla
5,0,2,6679,13.1,59.1,313,1.94,2248.091,0.591,7.7421,5.749392985908253,8.806873266530692,19.2156,9.9921,2.8543,ro_ro,HFO,Visakhapatnam,Paradip
0,2,0,38293,15.6,52.7,518,2.61,3796.4159999999997,0.527,8.2212,6.251903883165888,10.55304850493315,118.4843,65.1664,18.3651,bulk_carrier,LNG,JNPA,New_Mangalore
6,0,2,47767,13.9,79.6,229,1.53,2685.619,0.7959999999999999,11.0644,5.438079308923196,10.774111238226828,64.2735,33.4222,9.5471,tanker,HFO,Kolkata_SMPK,Paradip
1,0,2,17711,19.4,60.0,859,0.73,7301.383999999998,0.6,11.639999999999999,6.756932389247553,9.781997654948418,194.2809,101.026,28.8583,container_ship,HFO,Mumbai,Kochi
6,2,2,47959,12.4,73.1,528,1.94,1906.6240000000003,0.731,9.064400000000001,6.270988431858299,10.77812260914145,92.8173,51.0495,14.3867,tanker,LNG,New_Mangalore,JNPA
3,0,2,17380,11.5,69.7,538,1.15,1520.875,0.6970000000000001,8.015500000000001,6.289715570908998,9.76313293456348,55.0945,28.6491,8.1837,general_cargo,HFO,Kochi,Chennai
6,3,2,67954,13.6,81.7,495,1.93,2515.4559999999997,0.8170000000000001,11.1112,6.206575926724928,11.126601000389448,171.0743,116.3306,27.3933,tanker,MGO,Kolkata_SMPK,Visakhapatnam
5,2,2,11514,15.1,94.7,276,2.24,3442.9509999999996,0.9470000000000001,14.299700000000001,5.6240175061873385,9.351405812254786,32.8454,18.065,5.091,ro_ro,LNG,Mumbai,Kandla
3,3,1,16177,14.2,64.0,856,0.32,2863.2879999999996,0.64,9.088,6.75343791859778,9.691407573577898,97.1288,66.0476,15.5528,general_cargo,MGO,Kolkata_SMPK,Chennai
6,0,0,23323,12.3,74.5,348,3.24,1860.8670000000004,0.745,9.1635,5.855071922202427,10.057238152342046,58.6978,30.5228,8.7189,tanker,HFO,Kochi,New_Mangalore
1,4,2,17711,20.4,88.7,422,3.39,8489.663999999999,0.887,18.0948,6.0473721790462776,9.781997654948418,343.1692,120.1092,19.8043,container_ship,Methanol,Mormugao,Kochi
0,2,0,33063,13.8,70.2,1179,2.04,2628.0720000000006,0.7020000000000001,9.687600000000002,7.07326971745971,10.406200356191569,223.4728,122.91,34.6383,bulk_carrier,LNG,Mumbai,Chennai
0,3,2,26135,12.8,73.8,364,3.43,2097.1520000000005,0.738,9.4464,5.8998973535824915,10.171068953280907,63.6948,43.3124,10.1991,bulk_carrier,MGO,Tuticorin,Chennai
6,2,2,54273,13.8,74.5,528,2.1,2628.0720000000006,0.745,10.281,6.270988431858299,10.901800569887673,121.9174,67.0546,18.8972,tanker,LNG,New_Mangalore,JNPA
0,2,2,29708,11.3,85.0,169,1.27,1442.8970000000002,0.85,9.605,5.135798437050262,10.299205309189412,18.2627,10.0445,2.8307,bulk_carrier,LNG,New_Mangalore,Mormugao
0,2,2,34473,9.7,98.1,853,3.47,912.6729999999998,0.981,9.515699999999999,6.74993119378857,10.447960695714336,106.3487,58.4918,16.4841,bulk_carrier,LNG,Chennai,Kolkata_SMPK
5,3,2,8727,18.9,58.1,290,3.29,6751.268999999998,0.581,10.980899999999998,5.673323267171493,9.074291527512907,43.3548,29.4812,6.9422,ro_ro,MGO,Kandla,JNPA
4,3,0,4545,25.5,73.3,348,2.03,16581.375,0.733,18.6915,5.855071922202427,8.422003004412488,62.9972,42.8381,10.0874,passenger,MGO,Kochi,New_Mangalore
0,3,0,41291,13.6,72.7,18,2.33,2515.4559999999997,0.727,9.8872,2.9444389791664403,10.62842405558548,4.3934,2.9875,0.7035,bulk_carrier,MGO,Chennai,Kamarajar
4,3,1,1902,21.1,70.1,18,1.78,9393.931000000002,0.701,14.7911,2.9444389791664403,7.551186867296149,1.1483,0.7808,0.1839,passenger,MGO,Chennai,Kamarajar
0,0,2,45790,10.3,88.9,528,1.47,1092.7270000000003,0.889,9.1567,6.270988431858299,10.731842844242117,80.0182,41.6095,11.8858,bulk_carrier,HFO,New_Mangalore,JNPA
1,3,2,21724,16.1,81.4,313,1.93,4173.281000000001,0.8140000000000001,13.105400000000001,5.749392985908253,9.986218950133592,69.7938,47.4598,11.1757,container_ship,MGO,Visakhapatnam,Paradip
0,3,2,31987,10.4,69.7,856,2.17,1124.864,0.6970000000000001,7.248800000000001,6.75343791859778,10.37311611145178,96.8392,65.8506,15.5064,bulk_carrier,MGO,Kolkata_SMPK,Chennai
6,0,0,70614,16.9,71.2,311,2.39,4826.808999999998,0.7120000000000001,12.0328,5.7430031878094825,11.164997865503164,187.8036,97.6579,27.8962,tanker,HFO,Paradip,Visakhapatnam
4,3,2,3081,23.5,65.0,797,0.52,12977.875,0.65,15.275,6.682108597449809,8.033334015880062,81.3782,55.3372,13.0307,passenger,MGO,Chennai,Port_Blair
4,3,2,1902,24.0,63.3,538,3.42,13824.0,0.633,15.192,6.289715570908998,7.551186867296149,50.2511,34.1707,8.0465,passenger,MGO,Kochi,Chennai
0,3,2,31987,9.8,91.7,850,0.68,941.1920000000002,0.917,8.986600000000001,6.7464121285733745,10.37311611145178,86.3722,58.7331,13.8303,bulk_carrier,MGO,Kochi,Mumbai
3,0,1,14844,9.7,57.0,1190,2.49,912.6729999999998,0.57,5.528999999999999,7.0825485693553,9.60541838719786,73.094,38.0089,10.8573,general_cargo,HFO,JNPA,Chennai
0,0,2,63249,10.4,88.1,788,2.15,1124.864,0.8809999999999999,9.1624,6.670766320845874,11.054850406589766,164.1229,85.3439,24.3786,bulk_carrier,HFO,Port_Blair,Chennai
4,2,0,4149,22.5,58.6,538,3.5,11390.625,0.586,13.184999999999999,6.289715570908998,8.330863613224745,67.8659,37.3262,10.5192,passenger,LNG,Kochi,Chennai
0,0,2,48674,12.8,93.1,183,3.11,2097.1520000000005,0.9309999999999999,11.9168,5.214935757608986,10.7929208302404,58.1222,30.2236,8.6334,bulk_carrier,HFO,Tuticorin,Kochi
1,0,2,9661,19.3,79.0,176,2.29,7189.057000000001,0.79,15.247000000000002,5.176149732573829,9.175955945114351,39.7496,20.6698,5.9044,container_ship,HFO,Mormugao,New_Mangalore
6,2,2,23117,15.6,59.8,761,1.6,3796.4159999999997,0.598,9.3288,6.635946555686647,10.048366813854212,129.3297,71.1314,20.0461,tanker,LNG,Tuticorin,Port_Blair
6,3,2,68994,13.6,61.6,870,1.71,2515.4559999999997,0.616,8.3776,6.769641976852503,11.141789317185655,263.8597,179.4246,42.2505,tanker,MGO,Kochi,JNPA
3,3,0,19799,11.2,76.0,290,0.74,1404.9279999999997,0.76,8.511999999999999,5.673323267171493,9.893437216682626,25.4633,17.315,4.0773,general_cargo,MGO,Kandla,JNPA
1,2,2,41892,12.6,72.8,169,1.88,2000.3759999999997,0.728,9.172799999999999,5.135798437050262,10.64287402751427,31.3926,17.2659,4.8658,container_ship,LNG,New_Mangalore,Mormugao
0,0,1,35729,13.3,76.6,276,2.7,2352.637,0.7659999999999999,10.1878,5.6240175061873385,10.483745951017456,61.7243,32.0966,9.1685,bulk_carrier,HFO,Mumbai,Kandla
6,3,2,71643,9.8,54.6,419,1.99,941.1920000000002,0.546,5.3508000000000004,6.040254711277414,11.17946468934515,60.3513,41.0389,9.6637,tanker,MGO,Kochi,Mormugao
0,3,2,62925,11.6,87.5,528,1.23,1560.896,0.875,10.15,6.270988431858299,11.049714711812085,124.0626,84.3626,19.8655,bulk_carrier,MGO,New_Mangalore,JNPA
6,0,2,68994,9.8,85.6,189,3.11,941.1920000000002,0.856,8.3888,5.247024072160486,11.141789317185655,37.6663,19.5865,5.5949,tanker,HFO,Kochi,Tuticorin
0,0,2,64303,12.7,79.9,217,1.23,2048.383,0.799,10.1473,5.384495062789089,11.071377116688982,63.5424,33.0421,9.4385,bulk_carrier,HFO,Paradip,Kolkata_SMPK
3,3,2,15643,12.3,95.6,1190,3.2,1860.8670000000004,0.956,11.7588,7.0825485693553,9.657842735875406,150.2152,102.1463,24.0532,general_cargo,MGO,JNPA,Chennai
6,0,2,35203,11.3,53.6,542,3.27,1442.8970000000002,0.536,6.056800000000001,6.297109319933935,10.468914991493703,85.4144,44.4155,12.6874,tanker,HFO,Chennai,Kochi
6,0,2,50271,14.1,66.2,853,2.02,2803.221,0.662,9.334200000000001,6.74993119378857,10.825203541055348,251.5875,130.8255,37.3706,tanker,HFO,Chennai,Kolkata_SMPK
6,0,2,76931,16.4,85.0,1190,3.02,4410.943999999999,0.85,13.939999999999998,7.0825485693553,11.250677193775257,750.8514,390.4427,111.5307,tanker,HFO,JNPA,Chennai
3,0,1,9258,12.9,98.2,349,0.99,2146.6890000000003,0.982,12.6678,5.857933154483459,9.133351330448047,26.3443,13.6991,3.9132,general_cargo,HFO,Mumbai,Mormugao
1,4,2,19734,17.8,88.5,788,1.68,5639.752,0.885,15.753,6.670766320845874,9.890148988096948,447.5961,156.6586,25.8308,container_ship,Methanol,Port_Blair,Chennai
6,2,2,70614,17.2,59.2,359,2.77,5088.447999999999,0.5920000000000001,10.182400000000001,5.886104031450156,11.164997865503164,165.8593,91.2226,25.7082,tanker,LNG,Mormugao,JNPA
2,1,2,884,18.1,96.3,229,2.71,5929.741000000002,0.963,17.4303,5.438079308923196,6.785587645007929,3.2762,10.4837,0.2359,ferry,Hydrogen,Kolkata_SMPK,Paradip
3,3,2,14844,12.7,73.4,529,1.64,2048.383,0.7340000000000001,9.321800000000001,6.272877006546167,9.60541838719786,52.387,35.6232,8.3885,general_cargo,MGO,Mormugao,Kandla
6,0,2,54273,12.1,62.0,1181,3.27,1771.561,0.62,7.502,7.074963197966044,10.901800569887673,316.5166,164.5887,47.0151,tanker,HFO,Chennai,Mumbai
1,2,2,23507,24.6,70.8,396,1.54,14886.936000000003,0.708,17.4168,5.983936280687191,10.065096067732542,171.7312,94.4522,26.6183,container_ship,LNG,Chennai,Visakhapatnam
1,4,2,21724,19.1,70.4,290,0.57,6967.871000000002,0.7040000000000001,13.446400000000002,5.673323267171493,9.986218950133592,174.6339,61.1219,10.0781,container_ship,Methanol,Kandla,JNPA
3,3,0,15643,11.1,55.7,282,2.37,1367.6309999999999,0.557,6.1827000000000005,5.645446897643238,9.657842735875406,22.42,15.2456,3.59,general_cargo,MGO,Mumbai,Kandla
4,1,0,4149,17.5,50.5,176,0.98,5359.375,0.505,8.8375,5.176149732573829,8.330863613224745,4.2109,13.4748,0.3032,passenger,Hydrogen,Mormugao,New_Mangalore
6,3,1,22608,11.2,76.8,1179,1.07,1404.9279999999997,0.768,8.6016,7.07326971745971,10.026103336076316,116.006,78.8841,18.5755,tanker,MGO,Mumbai,Chennai
1,4,2,34898,16.2,71.9,359,3.47,4251.527999999999,0.7190000000000001,11.6478,5.886104031450156,10.460213454484876,278.6763,97.5367,16.0824,container_ship,Methanol,Mormugao,JNPA
6,2,1,47767,14.9,88.7,364,2.25,3307.949,0.887,13.2163,5.8998973535824915,10.774111238226828,103.8925,57.1409,16.1033,tanker,LNG,Tuticorin,Chennai
5,3,2,7575,18.7,71.6,1190,2.72,6539.2029999999995,0.716,13.389199999999999,7.0825485693553,8.932740634865914,183.7741,124.9664,29.4268,ro_ro,MGO,JNPA,Chennai
3,0,2,17380,10.7,52.5,788,2.89,1225.0429999999997,0.525,5.6175,6.670766320845874,9.76313293456348,64.8359,33.7147,9.6307,general_cargo,HFO,Port_Blair,Chennai
6,3,0,37289,16.3,94.4,183,2.22,4330.747,0.9440000000000001,15.387200000000002,5.214935757608986,10.526480473172866,66.6185,45.3006,10.6673,tanker,MGO,Tuticorin,Kochi
2,5,0,536,15.2,99.1,1179,2.06,3511.8079999999995,0.991,15.063199999999998,7.07326971745971,6.285998094508865,243.1106,29.1733,0.7177,ferry,Shore_Power,Mumbai,Chennai
5,3,0,8843,17.6,51.4,18,1.19,5451.776000000002,0.514,9.0464,2.9444389791664403,9.087494541977337,1.9842,1.3492,0.3177,ro_ro,MGO,Chennai,Kamarajar
3,3,2,6658,11.2,60.4,22,2.45,1404.9279999999997,0.604,6.764799999999999,3.1354942159291497,8.803724602110622,1.0479,0.7126,0.1678,general_cargo,MGO,Mumbai,JNPA
6,0,2,71643,12.5,79.7,411,3.05,1953.125,0.797,9.9625,6.021023349349527,11.17946468934515,147.8982,76.9071,21.9686,tanker,HFO,Visakhapatnam,Kamarajar
5,0,0,4206,17.3,99.4,358,1.45,5177.717000000001,0.9940000000000001,17.1962,5.883322388488279,8.344505083590521,29.0973,15.1306,4.3221,ro_ro,HFO,JNPA,Mormugao
3,3,0,17758,12.3,55.1,521,0.68,1860.8670000000004,0.551,6.777300000000001,6.257667587882639,9.784647708654596,47.457,32.2708,7.5991,general_cargo,MGO,Kandla,Mormugao
5,2,1,4651,18.8,53.0,18,0.51,6644.6720000000005,0.53,9.964,2.9444389791664403,8.445052513638554,1.3763,0.757,0.2133,ro_ro,LNG,Chennai,Kamarajar
5,3,2,8727,18.0,77.1,859,3.15,5832.0,0.7709999999999999,13.877999999999998,6.756932389247553,9.074291527512907,132.3016,89.9651,21.1848,ro_ro,MGO,Mumbai,Kochi
6,3,2,55468,14.7,92.4,217,3.28,3176.5229999999997,0.924,13.5828,5.384495062789089,10.923579585124024,93.3844,63.5014,14.9532,tanker,MGO,Paradip,Kolkata_SMPK
0,2,1,26135,11.6,63.6,419,3.41,1560.896,0.636,7.3776,6.040254711277414,10.171068953280907,55.8741,30.7307,8.6605,bulk_carrier,LNG,Kamarajar,Visakhapatnam
0,3,0,49115,12.8,50.0,345,2.04,2097.1520000000005,0.5,6.4,5.846438775057725,10.801940126280403,72.7394,49.4628,11.6474,bulk_carrier,MGO,New_Mangalore,Kochi
0,3,0,47170,9.5,96.3,505,2.11,857.375,0.963,9.1485,6.226536669287466,10.761534575968792,69.2709,47.1042,11.092,bulk_carrier,MGO,New_Mangalore,Mumbai
6,3,2,28073,11.2,54.9,870,2.01,1404.9279999999997,0.5489999999999999,6.148799999999999,6.769641976852503,10.24259916009427,103.2977,70.2424,16.5405,tanker,MGO,Kochi,JNPA
0,0,2,33063,9.9,55.9,1196,0.89,970.2990000000001,0.5589999999999999,5.5341,7.087573705557973,10.406200356191569,119.1,61.932,17.691,bulk_carrier,HFO,Chennai,JNPA
3,3,0,13823,14.7,91.0,538,2.68,3176.5229999999997,0.91,13.377,6.289715570908998,9.534161491043838,79.9605,54.3731,12.8037,general_cargo,MGO,Kochi,Chennai
6,2,1,23323,13.1,86.3,396,0.87,2248.091,0.863,11.305299999999999,5.983936280687191,10.057238152342046,46.9135,25.8024,7.2716,tanker,LNG,Chennai,Visakhapatnam
3,0,2,19799,11.8,85.8,229,3.37,1643.0320000000004,0.858,10.1244,5.438079308923196,9.893437216682626,28.9861,15.0728,4.3056,general_cargo,HFO,Kolkata_SMPK,Paradip
6,3,1,37083,13.4,72.0,700,1.86,2406.1040000000003,0.72,9.648,6.55250788703459,10.520940888726873,149.9647,101.976,24.0131,tanker,MGO,Paradip,Chennai
3,0,1,19799,15.1,80.0,282,3.37,3442.9509999999996,0.8,12.08,5.645446897643238,9.893437216682626,60.1513,31.2787,8.9348,general_cargo,HFO,Mumbai,Kandla
1,4,0,33073,13.2,94.3,521,1.64,2299.968,0.943,12.447599999999998,6.257667587882639,10.406502754210141,203.9565,71.3848,11.7703,container_ship,Methanol,Kandla,Mormugao
0,0,2,70130,12.7,67.2,495,1.57,2048.383,0.672,8.5344,6.206575926724928,11.158120200662147,145.1144,75.4595,21.5551,bulk_carrier,HFO,Kolkata_SMPK,Visakhapatnam
3,3,2,5602,11.4,89.1,297,1.64,1481.544,0.8909999999999999,10.157399999999999,5.697093486505405,8.631057447565285,13.1432,8.9374,2.1046,general_cargo,MGO,JNPA,Kandla
1,0,2,27264,14.7,69.0,370,0.97,3176.5229999999997,0.69,10.142999999999999,5.916202062607435,10.213359107360162,73.5819,38.2626,10.9298,container_ship,HFO,Chennai,Tuticorin
6,3,2,55666,12.4,91.7,169,2.62,1906.6240000000003,0.917,11.370800000000001,5.135798437050262,10.927142790736806,42.715,29.0462,6.8397,tanker,MGO,New_Mangalore,Mormugao
3,0,2,16651,10.5,61.6,761,0.48,1157.625,0.616,6.468,6.635946555686647,9.720285608314866,53.2176,27.6731,7.9049,general_cargo,HFO,Tuticorin,Port_Blair
6,0,2,37289,15.0,84.6,853,1.32,3375.0,0.846,12.69,6.74993119378857,10.526480473172866,235.8307,122.632,35.0301,tanker,HFO,Chennai,Kolkata_SMPK
1,3,1,9661,17.1,75.5,700,1.26,5000.211000000001,0.755,12.9105,6.55250788703459,9.175955945114351,91.3341,62.1072,14.6249,container_ship,MGO,Paradip,Chennai
0,0,1,66381,13.0,50.4,491,0.88,2197.0,0.504,6.552,6.198478716492308,11.103181214377175,131.1406,68.1931,19.4795,bulk_carrier,HFO,Visakhapatnam,Kolkata_SMPK
0,3,2,44373,10.0,65.2,542,3.47,1000.0,0.652,6.5200000000000005,6.297109319933935,10.700408991312528,78.2819,53.2317,12.5349,bulk_carrier,MGO,Chennai,Kochi
6,3,2,68994,11.7,97.9,495,0.57,1601.6129999999996,0.9790000000000001,11.4543,6.206575926724928,11.141789317185655,112.206,76.3001,17.967,tanker,MGO,Kolkata_SMPK,Visakhapatnam
6,3,0,68263,14.8,92.4,692,3.02,3241.7920000000004,0.924,13.675200000000002,6.541029999189903,11.13113782021642,301.0454,204.7109,48.2049,tanker,MGO,Chennai,Paradip
6,2,0,39649,10.4,67.0,422,1.88,1124.864,0.67,6.968000000000001,6.0473721790462776,10.587846227062993,44.113,24.2622,6.8375,tanker,LNG,Mormugao,Kochi
5,0,0,8727,18.5,98.6,358,1.58,6331.625,0.986,18.241,5.883322388488279,9.074291527512907,59.149,30.7575,8.7859,ro_ro,HFO,JNPA,Mormugao
0,3,0,42726,15.4,64.2,1179,0.35,3652.264,0.642,9.886800000000001,7.07326971745971,10.662586317888776,329.4145,224.0019,52.7475,bulk_carrier,MGO,Mumbai,Chennai
0,2,1,45790,12.0,89.7,491,2.65,1728.0,0.897,10.764,6.198478716492308,10.731842844242117,92.0364,50.62,14.2656,bulk_carrier,LNG,Visakhapatnam,Kolkata_SMPK
2,5,0,884,15.7,51.5,229,0.42,3869.8929999999996,0.515,8.0855,5.438079308923196,6.785587645007929,47.7727,5.7327,0.141,ferry,Shore_Power,Kolkata_SMPK,Paradip
3,3,0,6658,15.9,70.2,859,1.27,4019.679,0.7020000000000001,11.161800000000001,6.756932389247553,8.803724602110622,74.2782,50.5091,11.8938,general_cargo,MGO,Mumbai,Kochi
6,0,0,67954,11.2,68.1,700,2.08,1404.9279999999997,0.6809999999999999,7.627199999999998,6.55250788703459,11.126601000389448,163.5409,85.0413,24.2922,tanker,HFO,Paradip,Chennai
3,3,2,16177,14.9,55.0,761,1.02,3307.949,0.55,8.195,6.635946555686647,9.691407573577898,97.1216,66.0427,15.5516,general_cargo,MGO,Tuticorin,Port_Blair
0,0,0,34731,9.9,53.3,1190,2.98,970.2990000000001,0.5329999999999999,5.276699999999999,7.0825485693553,10.455416731180536,132.7212,69.015,19.7143,bulk_carrier,HFO,JNPA,Chennai
6,3,2,68263,12.2,65.5,347,0.62,1815.8479999999997,0.655,7.991,5.8522024797744745,11.13113782021642,77.7622,52.8783,12.4517,tanker,MGO,Mormugao,Mumbai
4,3,0,2268,18.8,53.1,345,0.4,6644.6720000000005,0.531,9.982800000000001,5.846438775057725,7.727094484779841,17.5651,11.9443,2.8126,passenger,MGO,New_Mangalore,Kochi
4,1,2,4149,18.1,61.5,183,3.14,5929.741000000002,0.615,11.1315,5.214935757608986,8.330863613224745,6.3722,20.3911,0.4588,passenger,Hydrogen,Tuticorin,Kochi
6,3,2,28632,15.6,89.0,229,0.75,3796.4159999999997,0.89,13.884,5.438079308923196,10.262315177792935,52.8318,35.9256,8.4597,tanker,MGO,Kolkata_SMPK,Paradip
6,0,0,37083,13.3,52.6,529,1.45,2352.637,0.526,6.995800000000001,6.272877006546167,10.520940888726873,100.7096,52.369,14.9593,tanker,HFO,Mormugao,Kandla
3,3,2,10749,12.2,89.1,411,2.7,1815.8479999999997,0.8909999999999999,10.870199999999999,6.021023349349527,9.28266103355581,36.078,24.533,5.777,general_cargo,MGO,Visakhapatnam,Kamarajar
6,0,2,54273,13.6,82.1,189,1.42,2515.4559999999997,0.821,11.1656,5.247024072160486,10.901800569887673,55.7174,28.973,8.2762,tanker,HFO,Kochi,Tuticorin
0,2,0,45790,10.5,73.2,217,0.87,1157.625,0.732,7.686,5.384495062789089,10.731842844242117,24.7043,13.5873,3.8292,bulk_carrier,LNG,Paradip,Kolkata_SMPK
3,0,2,10004,14.0,96.3,1179,1.22,2744.0,0.963,13.482,7.07326971745971,9.210840247017833,122.3142,63.6034,18.1684,general_cargo,HFO,Mumbai,Chennai
0,0,2,58242,11.4,93.4,797,1.27,1481.544,0.934,10.6476,6.682108597449809,10.972379192532934,156.8361,81.5548,23.2963,bulk_carrier,HFO,Chennai,Port_Blair
3,3,2,10749,12.0,86.9,788,2.51,1728.0,0.8690000000000001,10.428,6.670766320845874,9.28266103355581,64.662,43.9702,10.354,general_cargo,MGO,Port_Blair,Chennai
0,3,2,32714,12.6,85.8,542,1.51,2000.3759999999997,0.858,10.810799999999999,6.297109319933935,10.395588967303839,89.3675,60.7699,14.31,bulk_carrier,MGO,Chennai,Kochi
6,3,2,55468,14.7,53.8,419,3.47,3176.5229999999997,0.5379999999999999,7.908599999999998,6.040254711277414,10.923579585124024,151.525,103.037,24.2629,tanker,MGO,Kochi,Mormugao
6,2,2,59471,11.8,66.1,853,2.6,1643.0320000000004,0.6609999999999999,7.799799999999999,6.74993119378857,10.993260892537034,175.9635,96.7799,27.2743,tanker,LNG,Chennai,Kolkata_SMPK
6,0,0,33954,10.7,66.6,491,3.31,1225.0429999999997,0.6659999999999999,7.126199999999999,6.198478716492308,10.432791397547891,73.602,38.273,10.9328,tanker,HFO,Visakhapatnam,Kolkata_SMPK
6,0,2,55620,13.8,91.2,183,0.39,2628.0720000000006,0.912,12.585600000000001,5.214935757608986,10.926316106770527,54.6645,28.4255,8.1198,tanker,HFO,Tuticorin,Kochi
6,3,1,68994,11.0,95.3,18,1.39,1331.0,0.953,10.482999999999999,2.9444389791664403,11.141789317185655,4.3105,2.9312,0.6902,tanker,MGO,Chennai,Kamarajar
1,3,2,17711,19.3,90.6,1181,0.93,7189.057000000001,0.9059999999999999,17.485799999999998,7.074963197966044,9.781997654948418,323.6965,220.1136,51.8319,container_ship,MGO,Chennai,Mumbai
0,0,2,70130,10.7,75.0,507,2.69,1225.0429999999997,0.75,8.024999999999999,6.230481447578482,11.158120200662147,116.5587,60.6105,17.3135,bulk_carrier,HFO,Mumbai,New_Mangalore
1,0,2,33073,14.4,62.3,348,1.19,2985.9840000000004,0.623,8.9712,5.855071922202427,10.406502754210141,75.6422,39.3339,11.2358,container_ship,HFO,Kochi,New_Mangalore
6,0,1,66768,12.1,52.1,491,2.52,1771.561,0.521,6.3041,6.198478716492308,11.108994179953779,130.8395,68.0366,19.4348,tanker,HFO,Visakhapatnam,Kolkata_SMPK
4,1,2,3808,17.2,94.2,542,2.22,5088.447999999999,0.9420000000000001,16.2024,6.297109319933935,8.245121966478605,17.1389,54.8445,1.234,passenger,Hydrogen,Chennai,Kochi
1,3,2,12578,19.3,82.8,282,1.6,7189.057000000001,0.828,15.9804,5.645446897643238,9.439784035838873,60.5208,41.1541,9.6909,container_ship,MGO,Mumbai,Kandla
0,0,2,66381,10.6,89.1,286,1.42,1191.0159999999998,0.8909999999999999,9.4446,5.659482215759621,11.103181214377175,53.2242,27.6766,7.9059,bulk_carrier,HFO,Kandla,JNPA
0,0,2,47170,11.2,65.3,297,2.52,1404.9279999999997,0.653,7.3136,5.697093486505405,10.761534575968792,57.31,29.8012,8.5128,bulk_carrier,HFO,JNPA,Kandla
0,0,2,64303,12.0,59.6,17,2.22,1728.0,0.596,7.151999999999999,2.8903717578961645,11.071377116688982,4.1362,2.1508,0.6144,bulk_carrier,HFO,Kamarajar,Chennai
1,3,2,37761,18.3,86.8,176,0.68,6128.487000000001,0.868,15.884400000000001,5.176149732573829,10.539058584958477,67.2711,45.7444,10.7718,container_ship,MGO,Mormugao,New_Mangalore
2,2,2,536,18.5,72.5,788,1.32,6331.625,0.725,13.4125,6.670766320845874,6.285998094508865,14.974,8.2357,2.321,ferry,LNG,Port_Blair,Chennai
1,4,2,41157,13.4,55.8,542,0.68,2406.1040000000003,0.5579999999999999,7.477199999999999,6.297109319933935,10.625173597902494,237.057,82.97,13.6806,container_ship,Methanol,Chennai,Kochi
0,2,2,58490,12.4,57.3,856,1.51,1906.6240000000003,0.573,7.1052,6.75343791859778,10.976628175230568,172.3546,94.795,26.715,bulk_carrier,LNG,Kolkata_SMPK,Chennai
6,0,1,33954,10.3,67.4,347,2.45,1092.7270000000003,0.674,6.942200000000001,5.8522024797744745,10.432791397547891,46.3743,24.1146,6.8884,tanker,HFO,Mormugao,Mumbai
0,3,1,32714,10.4,77.0,358,2.46,1124.864,0.77,8.008000000000001,5.883322388488279,10.395588967303839,42.399,28.8313,6.7891,bulk_carrier,MGO,JNPA,Mormugao
3,0,2,14088,15.4,56.9,396,0.56,3652.264,0.569,8.762599999999999,5.983936280687191,9.553149630053277,52.0518,27.0669,7.7317,general_cargo,HFO,Chennai,Visakhapatnam
1,3,0,41892,14.2,97.6,700,1.28,2863.2879999999996,0.976,13.8592,6.55250788703459,10.64287402751427,198.2101,134.7829,31.7384,container_ship,MGO,Paradip,Chennai
4,2,2,4545,20.0,61.6,856,0.99,8000.0,0.616,12.32,6.75343791859778,8.422003004412488,77.1503,42.4327,11.9583,passenger,LNG,Kolkata_SMPK,Chennai
3,3,0,15643,11.0,72.9,276,3.19,1331.0,0.7290000000000001,8.019000000000002,5.6240175061873385,9.657842735875406,23.7342,16.1392,3.8004,general_cargo,MGO,Mumbai,Kandla
6,2,0,68263,12.8,55.1,788,0.47,2097.1520000000005,0.551,7.052800000000001,6.670766320845874,11.13113782021642,174.6187,96.0403,27.0659,tanker,LNG,Port_Blair,Chennai
6,2,2,76931,14.3,55.1,406,2.29,2924.2070000000003,0.551,7.879300000000001,6.008813185442595,11.250677193775257,130.864,71.9752,20.2839,tanker,LNG,Visakhapatnam,Chennai
1,3,2,9661,20.4,50.8,518,0.35,8489.663999999999,0.508,10.363199999999999,6.251903883165888,9.175955945114351,82.2355,55.9201,13.168,container_ship,MGO,JNPA,New_Mangalore
3,0,2,11634,12.9,55.1,290,3.24,2146.6890000000003,0.551,7.107900000000001,5.673323267171493,9.361773075736393,28.1971,14.6625,4.1884,general_cargo,HFO,JNPA,Kandla
0,2,1,33063,11.7,83.4,22,0.61,1601.6129999999996,0.8340000000000001,9.7578,3.1354942159291497,10.406200356191569,2.5542,1.4048,0.3959,bulk_carrier,LNG,Mumbai,JNPA
3,0,2,7216,13.8,81.7,290,2.16,2628.0720000000006,0.8170000000000001,11.274600000000001,5.673323267171493,8.884194633072273,24.5136,12.7471,3.6412,general_cargo,HFO,Kandla,JNPA
6,3,2,76931,16.7,80.6,290,0.93,4657.463,0.8059999999999999,13.460199999999999,5.673323267171493,11.250677193775257,140.0157,95.2106,22.42,tanker,MGO,Kandla,JNPA
1,2,0,12578,24.5,60.7,797,0.62,14706.125,0.607,14.8715,6.682108597449809,9.439784035838873,189.3606,104.1483,29.3509,container_ship,LNG,Chennai,Port_Blair
0,0,2,30900,11.4,74.5,286,0.52,1481.544,0.745,8.493,5.659482215759621,10.33854382482173,37.5523,19.5272,5.578,bulk_carrier,HFO,Kandla,JNPA
4,3,1,4545,27.9,81.7,276,3.0,21717.638999999996,0.8170000000000001,22.7943,5.6240175061873385,8.422003004412488,71.2765,48.468,11.4131,passenger,MGO,Mumbai,Kandla
6,0,2,47233,13.5,65.3,700,2.95,2460.375,0.653,8.8155,6.55250788703459,10.762869251237097,196.6982,102.2831,29.2174,tanker,HFO,Paradip,Chennai
0,3,2,59816,11.1,73.3,422,2.8,1367.6309999999999,0.733,8.1363,6.0473721790462776,10.99904518047501,87.3075,59.3691,13.9801,bulk_carrier,MGO,Mormugao,Kochi
6,3,0,67954,11.0,92.8,859,1.64,1331.0,0.9279999999999999,10.207999999999998,6.756932389247553,11.126601000389448,176.6106,120.0952,28.2798,tanker,MGO,Mumbai,Kochi
3,0,2,16581,13.0,81.6,870,1.07,2197.0,0.816,10.607999999999999,6.769641976852503,9.716073048676163,102.9271,53.5221,15.2887,general_cargo,HFO,Kochi,JNPA
0,2,2,49332,13.3,55.7,183,2.34,2352.637,0.557,7.408100000000001,5.214935757608986,10.806348507298559,35.59,19.5745,5.5164,bulk_carrier,LNG,Tuticorin,Kochi
1,3,2,34470,21.4,67.5,311,3.09,9800.343999999997,0.675,14.445,5.7430031878094825,10.44787366982408,164.0377,111.5456,26.2665,container_ship,MGO,Paradip,Visakhapatnam
0,2,1,64303,9.4,64.5,183,3.17,830.5840000000001,0.645,6.063000000000001,5.214935757608986,11.071377116688982,25.2213,13.8717,3.9093,bulk_carrier,LNG,Tuticorin,Kochi
3,3,2,14844,11.4,54.6,24,2.35,1481.544,0.546,6.224400000000001,3.2188758248682006,9.60541838719786,1.8607,1.2652,0.2979,general_cargo,MGO,JNPA,Mumbai
3,0,2,19799,12.3,89.7,359,2.58,1860.8670000000004,0.897,11.033100000000001,5.886104031450156,9.893437216682626,45.087,23.4453,6.6972,general_cargo,HFO,Mormugao,JNPA
6,0,2,45552,15.0,65.8,290,1.58,3375.0,0.6579999999999999,9.87,5.673323267171493,10.726631762209768,92.6856,48.1965,13.7674,tanker,HFO,JNPA,Kandla
6,3,0,67954,13.2,99.3,358,1.03,2299.968,0.993,13.1076,5.883322388488279,11.126601000389448,109.444,74.4219,17.5247,tanker,MGO,JNPA,Mormugao
5,3,2,4651,22.7,82.7,313,1.3,11697.082999999999,0.8270000000000001,18.7729,5.749392985908253,8.445052513638554,46.9087,31.8979,7.5113,ro_ro,MGO,Visakhapatnam,Paradip
3,3,2,16651,13.1,56.4,876,2.05,2248.091,0.564,7.388399999999999,6.776506992372183,9.720285608314866,95.6004,65.0083,15.308,general_cargo,MGO,JNPA,Kochi
6,0,2,50271,15.2,51.6,529,3.39,3511.8079999999995,0.516,7.8431999999999995,6.272877006546167,10.825203541055348,203.5865,105.865,30.2405,tanker,HFO,Mormugao,Kandla
6,0,0,39649,14.6,66.4,419,0.52,3112.136,0.664,9.6944,6.040254711277414,10.587846227062993,102.5413,53.3215,15.2314,tanker,HFO,Kamarajar,Visakhapatnam
3,3,2,19799,11.7,86.0,290,2.57,1601.6129999999996,0.86,10.062,5.673323267171493,9.893437216682626,37.0145,25.1698,5.9269,general_cargo,MGO,Kandla,JNPA
3,3,2,17758,14.3,82.1,692,0.7,2924.2070000000003,0.821,11.7403,6.541029999189903,9.784647708654596,96.9735,65.942,15.5279,general_cargo,MGO,Chennai,Paradip
3,0,0,17758,13.6,66.8,692,0.82,2515.4559999999997,0.6679999999999999,9.0848,6.541029999189903,9.784647708654596,81.2079,42.2281,12.0625,general_cargo,HFO,Chennai,Paradip
0,2,0,58420,13.8,81.3,538,1.03,2628.0720000000006,0.813,11.2194,6.289715570908998,10.975430693220769,124.8561,68.6709,19.3527,bulk_carrier,LNG,Kochi,Chennai
1,2,2,31457,16.1,65.5,290,0.32,4173.281000000001,0.655,10.5455,5.673323267171493,10.356408601800588,60.535,33.2942,9.3829,container_ship,LNG,JNPA,Kandla
1,3,0,33073,15.6,63.4,850,2.9,3796.4159999999997,0.634,9.8904,6.7464121285733745,10.406502754210141,226.1788,153.8016,36.2169,container_ship,MGO,Kochi,Mumbai
6,0,2,37083,11.5,84.0,542,2.14,1520.875,0.84,9.66,6.297109319933935,10.520940888726873,93.0523,48.3872,13.8219,tanker,HFO,Chennai,Kochi
2,1,0,536,15.0,95.5,282,1.37,3375.0,0.955,14.325,5.645446897643238,6.285998094508865,1.7252,5.5206,0.1242,ferry,Hydrogen,Mumbai,Kandla
3,0,2,5817,15.2,71.0,850,1.25,3511.8079999999995,0.71,10.792,6.7464121285733745,8.668711839055147,63.0472,32.7845,9.365,general_cargo,HFO,Kochi,Mumbai
0,0,2,60844,10.1,50.3,521,1.35,1030.301,0.503,5.0803,6.257667587882639,11.016084925770901,75.1143,39.0594,11.1574,bulk_carrier,HFO,Kandla,Mormugao
2,5,2,536,14.9,53.6,359,0.88,3307.949,0.536,7.986400000000001,5.886104031450156,6.285998094508865,51.835,6.2202,0.153,ferry,Shore_Power,Mormugao,JNPA
1,0,2,27197,15.3,96.1,282,1.14,3581.5770000000007,0.961,14.7033,5.645446897643238,10.210898720168904,65.8433,34.2385,9.7803,container_ship,HFO,Mumbai,Kandla
4,3,1,3081,18.6,89.4,797,2.59,6434.856000000002,0.894,16.628400000000003,6.682108597449809,8.033334015880062,65.6888,44.6684,10.5184,passenger,MGO,Chennai,Port_Blair
3,0,2,14844,10.9,84.3,419,1.61,1295.0290000000002,0.843,9.1887,6.040254711277414,9.60541838719786,33.2771,17.3041,4.9429,general_cargo,HFO,Kochi,Mormugao
6,2,2,28073,10.6,79.3,521,1.98,1191.0159999999998,0.7929999999999999,8.4058,6.257667587882639,10.24259916009427,50.0703,27.5387,7.7609,tanker,LNG,Kandla,Mormugao
0,0,2,71338,14.4,50.8,518,2.18,2985.9840000000004,0.508,7.3152,6.251903883165888,11.175198441433086,188.8881,98.2218,28.0572,bulk_carrier,HFO,JNPA,New_Mangalore
5,3,0,6851,15.3,59.2,853,2.88,3581.5770000000007,0.5920000000000001,9.057600000000003,6.74993119378857,8.832295859444011,73.1478,49.7405,11.7128,ro_ro,MGO,Chennai,Kolkata_SMPK
4,2,0,3081,24.7,51.7,1196,3.12,15069.222999999998,0.517,12.7699,7.087573705557973,8.033334015880062,138.5583,76.2071,21.4765,passenger,LNG,Chennai,JNPA
4,2,0,4545,24.6,99.7,788,0.87,14886.936000000003,0.997,24.526200000000003,6.670766320845874,8.422003004412488,113.9429,62.6686,17.6611,passenger,LNG,Port_Blair,Chennai
0,2,0,27915,10.5,80.4,313,1.55,1157.625,0.804,8.442,5.749392985908253,10.236955280137042,25.5895,14.0742,3.9664,bulk_carrier,LNG,Visakhapatnam,Paradip
0,3,2,70130,10.6,83.4,277,2.8,1191.0159999999998,0.8340000000000001,8.8404,5.627621113690637,11.158120200662147,60.2516,40.9711,9.6478,bulk_carrier,MGO,Kandla,Mumbai
3,0,2,10004,15.7,80.5,1179,2.93,3869.8929999999996,0.805,12.6385,7.07326971745971,9.210840247017833,181.6259,94.4454,26.9785,general_cargo,HFO,Mumbai,Chennai
6,0,2,39649,13.1,55.0,870,2.02,2248.091,0.55,7.205,6.769641976852503,10.587846227062993,175.7761,91.4036,26.1096,tanker,HFO,Kochi,JNPA
6,3,2,76931,14.6,64.6,359,3.09,3112.136,0.6459999999999999,9.431599999999998,5.886104031450156,11.250677193775257,165.1209,112.2822,26.44,tanker,MGO,Mormugao,JNPA
6,2,2,28632,15.6,64.0,419,2.35,3796.4159999999997,0.64,9.984,6.040254711277414,10.262315177792935,91.6529,50.4091,14.2062,tanker,LNG,Kamarajar,Visakhapatnam
0,2,1,27915,12.0,57.8,169,2.91,1728.0,0.578,6.936,5.135798437050262,10.236955280137042,20.9683,11.5326,3.2501,bulk_carrier,LNG,New_Mangalore,Mormugao
3,3,2,7328,10.5,75.5,859,3.19,1157.625,0.755,7.9275,6.756932389247553,8.89959435992585,39.1631,26.6309,6.271,general_cargo,MGO,Mumbai,Kochi
0,2,2,27915,12.5,75.1,22,0.45,1953.125,0.7509999999999999,9.3875,3.1354942159291497,10.236955280137042,2.4607,1.3534,0.3814,bulk_carrier,LNG,Mumbai,JNPA
0,0,2,49332,12.1,74.4,692,2.88,1771.561,0.7440000000000001,9.002400000000002,6.541029999189903,10.806348507298559,168.412,87.5742,25.0157,bulk_carrier,HFO,Chennai,Paradip
0,2,1,41493,10.4,70.9,396,2.08,1124.864,0.7090000000000001,7.373600000000001,5.983936280687191,10.633304117453084,46.5396,25.5968,7.2136,bulk_carrier,LNG,Chennai,Visakhapatnam
5,3,0,4206,13.0,71.4,788,2.05,2197.0,0.7140000000000001,9.282000000000002,6.670766320845874,8.344505083590521,38.2069,25.9807,6.1179,ro_ro,MGO,Port_Blair,Chennai
1,3,2,18598,22.9,74.7,189,1.74,12008.988999999998,0.747,17.106299999999997,5.247024072160486,9.830863094815127,70.9456,48.243,11.3602,container_ship,MGO,Kochi,Tuticorin
0,3,2,59816,14.0,75.1,276,0.8,2744.0,0.7509999999999999,10.514,5.6240175061873385,10.99904518047501,82.4467,56.0637,13.2018,bulk_carrier,MGO,Kandla,Mumbai
0,3,2,49115,15.5,89.7,700,2.94,3723.875,0.897,13.903500000000001,6.55250788703459,10.801940126280403,267.1173,181.6398,42.7722,bulk_carrier,MGO,Paradip,Chennai
0,0,0,47170,12.2,61.2,521,1.87,1815.8479999999997,0.612,7.466399999999999,6.257667587882639,10.761534575968792,103.583,53.8631,15.3861,bulk_carrier,HFO,Kandla,Mormugao
0,2,2,66381,10.7,94.6,396,3.25,1225.0429999999997,0.946,10.1222,5.983936280687191,11.103181214377175,78.169,42.9929,12.1162,bulk_carrier,LNG,Chennai,Visakhapatnam
1,3,2,21825,15.8,66.1,176,0.5,3944.3120000000004,0.6609999999999999,10.4438,5.176149732573829,9.990857198673035,31.1434,21.1775,4.9868,container_ship,MGO,Mormugao,New_Mangalore
1,0,2,17711,20.1,97.4,17,1.71,8120.6010000000015,0.9740000000000001,19.577400000000004,2.8903717578961645,9.781997654948418,5.3435,2.7786,0.7937,container_ship,HFO,Kamarajar,Chennai
0,3,1,31987,9.4,67.9,348,1.38,830.5840000000001,0.679,6.382600000000001,5.855071922202427,10.37311611145178,32.1899,21.8891,5.1544,bulk_carrier,MGO,Kochi,New_Mangalore
4,2,2,3808,17.3,54.9,700,2.36,5177.717000000001,0.5489999999999999,9.4977,6.55250788703459,8.245121966478605,45.9466,25.2706,7.1217,passenger,LNG,Paradip,Chennai
1,3,2,17711,18.3,76.3,229,0.36,6128.487000000001,0.763,13.962900000000001,5.438079308923196,9.781997654948418,46.2535,31.4524,7.4063,container_ship,MGO,Kolkata_SMPK,Paradip
3,0,2,17380,11.2,76.4,507,0.98,1404.9279999999997,0.764,8.556799999999999,6.230481447578482,9.76313293456348,43.7818,22.7666,6.5033,general_cargo,HFO,Mumbai,New_Mangalore
1,0,2,33687,17.8,71.6,1190,1.06,5639.752,0.716,12.7448,7.0825485693553,10.424896969841763,381.3984,198.3271,56.6525,container_ship,HFO,JNPA,Chennai
3,3,2,17758,12.3,57.3,422,1.17,1860.8670000000004,0.573,7.0479,6.0473721790462776,9.784647708654596,39.2909,26.7178,6.2915,general_cargo,MGO,Mormugao,Kochi
1,3,2,34898,22.9,58.9,521,0.48,12008.988999999998,0.589,13.4881,6.257667587882639,10.460213454484876,242.328,164.783,38.8028,container_ship,MGO,Kandla,Mormugao
1,2,2,23507,22.4,50.3,788,3.44,11239.423999999997,0.503,11.267199999999999,6.670766320845874,10.065096067732542,321.3596,176.7478,49.8107,container_ship,LNG,Port_Blair,Chennai
2,1,2,536,18.9,99.7,505,1.19,6751.268999999998,0.997,18.8433,6.226536669287466,6.285998094508865,4.1409,13.251,0.2981,ferry,Hydrogen,New_Mangalore,Mumbai
1,4,2,16607,16.6,96.8,364,1.49,4574.296000000001,0.968,16.0688,5.8998973535824915,9.717639785965615,161.7196,56.6019,9.3328,container_ship,Methanol,Tuticorin,Chennai
4,3,2,2268,15.2,71.1,359,2.04,3511.8079999999995,0.711,10.807199999999998,5.886104031450156,7.727094484779841,15.2368,10.361,2.4398,passenger,MGO,Mormugao,JNPA
3,0,1,9058,13.4,78.9,422,2.72,2406.1040000000003,0.789,10.572600000000001,6.0473721790462776,9.111514017669288,40.1065,20.8554,5.9574,general_cargo,HFO,Mormugao,Kochi
2,3,2,536,18.5,95.5,529,2.6,6331.625,0.955,17.6675,6.272877006546167,6.285998094508865,13.875,9.435,2.2217,ferry,MGO,Mormugao,Kandla
6,0,2,50271,16.2,63.7,788,2.32,4251.527999999999,0.637,10.3194,6.670766320845874,10.825203541055348,341.3587,177.5065,50.7051,tanker,HFO,Port_Blair,Chennai
2,5,2,536,18.4,79.4,282,1.59,6229.503999999999,0.794,14.6096,5.645446897643238,6.285998094508865,72.9935,8.7592,0.2155,ferry,Shore_Power,Mumbai,Kandla
6,0,2,33954,14.6,89.6,347,2.88,3112.136,0.8959999999999999,13.081599999999998,5.8522024797744745,10.432791397547891,102.6677,53.3872,15.2502,tanker,HFO,Mormugao,Mumbai
0,3,2,42726,11.5,75.9,1196,0.47,1520.875,0.759,8.7285,7.087573705557973,10.662586317888776,179.2624,121.8985,28.7044,bulk_carrier,MGO,Chennai,JNPA
3,3,2,7328,12.6,70.8,348,0.69,2000.3759999999997,0.708,8.9208,5.855071922202427,8.89959435992585,18.8529,12.82,3.0188,general_cargo,MGO,Kochi,New_Mangalore
6,3,2,50271,16.7,97.7,169,0.62,4657.463,0.977,16.3159,5.135798437050262,10.825203541055348,64.0818,43.5756,10.2611,tanker,MGO,New_Mangalore,Mormugao
1,4,2,27264,18.0,85.1,297,2.82,5832.0,0.851,15.318,5.697093486505405,10.213359107360162,201.1862,70.4152,11.6105,container_ship,Methanol,JNPA,Kandla
6,2,1,37083,10.7,90.2,297,2.58,1225.0429999999997,0.902,9.651399999999999,5.697093486505405,10.520940888726873,37.7767,20.7772,5.8554,tanker,LNG,JNPA,Kandla
0,2,2,32714,14.7,89.0,495,0.71,3176.5229999999997,0.89,13.083,6.206575926724928,10.395588967303839,92.1177,50.6647,14.2782,bulk_carrier,LNG,Kolkata_SMPK,Visakhapatnam
6,0,2,28632,12.4,70.0,850,0.32,1906.6240000000003,0.7,8.68,6.7464121285733745,10.262315177792935,108.8224,56.5876,16.1644,tanker,HFO,Kochi,Mumbai
0,0,2,60844,10.0,77.2,700,0.47,1000.0,0.772,7.720000000000001,6.55250788703459,11.016084925770901,102.2539,53.172,15.1887,bulk_carrier,HFO,Paradip,Chennai
1,2,2,12578,19.2,81.1,1196,1.54,7077.887999999999,0.8109999999999999,15.571199999999997,7.087573705557973,9.439784035838873,197.9573,108.8765,30.6834,container_ship,LNG,Chennai,JNPA
3,0,0,16651,12.2,79.0,286,0.81,1815.8479999999997,0.79,9.638,5.659482215759621,9.720285608314866,27.256,14.1731,4.0486,general_cargo,HFO,Kandla,JNPA
6,3,2,54273,13.4,89.5,290,0.67,2406.1040000000003,0.895,11.993,5.673323267171493,10.901800569887673,75.8804,51.5987,12.1503,tanker,MGO,Kandla,JNPA
3,0,0,15648,15.2,95.0,859,3.47,3511.8079999999995,0.95,14.44,6.756932389247553,9.658162296163171,168.6793,87.7132,25.0555,general_cargo,HFO,Mumbai,Kochi
3,3,2,7216,12.6,92.5,538,1.57,2000.3759999999997,0.925,11.655,6.289715570908998,8.884194633072273,32.3665,22.0092,5.1827,general_cargo,MGO,Kochi,Chennai
6,0,2,35987,10.6,58.5,313,1.99,1191.0159999999998,0.585,6.201,5.749392985908253,10.49094082853701,42.3793,22.0372,6.295,tanker,HFO,Visakhapatnam,Paradip
4,2,2,1902,23.2,88.0,856,0.73,12487.168,0.88,20.416,6.75343791859778,7.551186867296149,55.4089,30.4749,8.5884,passenger,LNG,Kolkata_SMPK,Chennai
0,2,1,40297,10.1,71.7,406,3.27,1030.301,0.7170000000000001,7.241700000000001,6.008813185442595,10.604057118911712,46.3408,25.4874,7.1828,bulk_carrier,LNG,Visakhapatnam,Chennai
2,1,0,932,12.6,59.8,419,3.28,2000.3759999999997,0.598,7.5348,6.040254711277414,6.838405200847344,2.343,7.4977,0.1687,ferry,Hydrogen,Kochi,Mormugao
1,0,0,23507,19.6,93.7,692,2.16,7529.536000000002,0.937,18.3652,6.541029999189903,10.065096067732542,253.5556,131.8489,37.6629,container_ship,HFO,Chennai,Paradip
0,0,1,48674,12.3,55.9,859,3.07,1860.8670000000004,0.5589999999999999,6.875699999999999,6.756932389247553,10.7929208302404,201.6524,104.8592,29.9532,bulk_carrier,HFO,Mumbai,Kochi
4,1,2,1902,19.8,56.0,542,1.31,7762.392000000001,0.56,11.088000000000001,6.297109319933935,7.551186867296149,10.3238,33.0362,0.7433,passenger,Hydrogen,Chennai,Kochi
0,2,0,63249,13.6,60.7,1190,2.02,2515.4559999999997,0.607,8.2552,7.0825485693553,11.054850406589766,289.5462,159.2504,44.8797,bulk_carrier,LNG,JNPA,Chennai
4,1,0,1902,19.9,96.2,345,0.42,7880.598999999998,0.9620000000000001,19.1438,5.846438775057725,7.551186867296149,7.5873,24.2792,0.5463,passenger,Hydrogen,New_Mangalore,Kochi
0,0,2,48674,9.2,84.4,311,1.4,778.6879999999999,0.8440000000000001,7.7648,5.7430031878094825,10.7929208302404,39.7366,20.663,5.9024,bulk_carrier,HFO,Paradip,Visakhapatnam
5,3,0,8727,18.8,59.4,169,1.85,6644.6720000000005,0.594,11.1672,5.135798437050262,9.074291527512907,24.0312,16.3412,3.848,ro_ro,MGO,New_Mangalore,Mormugao
1,4,2,13324,14.2,58.4,856,1.73,2863.2879999999996,0.584,8.2928,6.75343791859778,9.497397249034046,196.7597,68.8659,11.355,container_ship,Methanol,Kolkata_SMPK,Chennai
1,2,0,21724,16.7,80.3,286,0.92,4657.463,0.8029999999999999,13.410099999999998,5.659482215759621,9.986218950133592,51.5306,28.3418,7.9872,container_ship,LNG,Kandla,JNPA
5,2,2,7575,17.4,70.9,538,2.15,5268.0239999999985,0.7090000000000001,12.3366,6.289715570908998,8.932740634865914,54.9572,30.2264,8.5184,ro_ro,LNG,Kochi,Chennai
1,0,2,34470,21.6,73.8,169,0.53,10077.696000000002,0.738,15.940800000000001,5.135798437050262,10.44787366982408,78.621,40.8829,11.6783,container_ship,HFO,New_Mangalore,Mormugao
3,3,2,5817,12.9,76.4,290,2.23,2146.6890000000003,0.764,9.8556,5.673323267171493,8.668711839055147,17.428,11.851,2.7907,general_cargo,MGO,Kandla,JNPA
1,0,2,37761,19.9,73.7,17,1.76,7880.598999999998,0.737,14.666299999999998,2.8903717578961645,10.539058584958477,8.3848,4.3601,1.2455,container_ship,HFO,Kamarajar,Chennai
0,0,0,58095,14.8,97.1,507,1.2,3241.7920000000004,0.971,14.370800000000001,6.230481447578482,10.969852093654117,183.3789,95.357,27.2389,bulk_carrier,HFO,Mumbai,New_Mangalore
6,0,2,59471,15.0,79.3,290,0.36,3375.0,0.7929999999999999,11.895,5.673323267171493,10.993260892537034,96.8018,50.3369,14.3788,tanker,HFO,Kandla,JNPA
1,0,2,31457,15.2,82.0,507,0.91,3511.8079999999995,0.82,12.463999999999999,6.230481447578482,10.356408601800588,113.3605,58.9475,16.8385,container_ship,HFO,Mumbai,New_Mangalore
0,2,2,27915,10.5,59.1,290,1.01,1157.625,0.591,6.2055,5.673323267171493,10.236955280137042,24.3841,13.4113,3.7795,bulk_carrier,LNG,Kandla,JNPA
5,3,2,11514,15.7,91.7,345,1.93,3869.8929999999996,0.917,14.3969,5.846438775057725,9.351405812254786,50.0746,34.0507,8.0182,ro_ro,MGO,New_Mangalore,Kochi
3,3,0,14844,8.5,91.6,217,2.42,614.125,0.9159999999999999,7.786,5.384495062789089,9.60541838719786,11.0461,7.5114,1.7688,general_cargo,MGO,Paradip,Kolkata_SMPK
6,3,2,47767,15.2,82.7,507,1.11,3511.8079999999995,0.8270000000000001,12.570400000000001,6.230481447578482,10.774111238226828,163.6388,111.2744,26.2027,tanker,MGO,Mumbai,New_Mangalore
0,2,2,44373,12.8,78.1,856,1.27,2097.1520000000005,0.7809999999999999,9.9968,6.75343791859778,10.700408991312528,140.8725,77.4799,21.8352,bulk_carrier,LNG,Kolkata_SMPK,Chennai
3,0,2,5602,12.7,78.8,788,1.21,2048.383,0.7879999999999999,10.007599999999998,6.670766320845874,8.631057447565285,40.1344,20.8699,5.9615,general_cargo,HFO,Port_Blair,Chennai
0,0,2,58095,12.0,58.0,345,2.25,1728.0,0.58,6.959999999999999,5.846438775057725,10.969852093654117,78.6908,40.9192,11.6887,bulk_carrier,HFO,New_Mangalore,Kochi
0,2,2,45790,11.0,66.6,297,1.38,1331.0,0.6659999999999999,7.325999999999999,5.697093486505405,10.731842844242117,36.75,20.2125,5.6963,bulk_carrier,LNG,JNPA,Kandla
6,3,2,66768,15.4,73.5,411,3.48,3652.264,0.735,11.319,6.021023349349527,11.108994179953779,197.2324,134.118,31.5818,tanker,MGO,Visakhapatnam,Kamarajar
0,0,1,71338,14.1,94.4,870,1.94,2803.221,0.9440000000000001,13.310400000000001,6.769641976852503,11.175198441433086,342.2212,177.955,50.8332,bulk_carrier,HFO,Kochi,JNPA
3,3,2,18455,12.4,99.8,406,0.8,1906.6240000000003,0.998,12.3752,6.008813185442595,9.823144799853589,45.3293,30.8239,7.2584,general_cargo,MGO,Visakhapatnam,Chennai
3,0,0,6658,11.6,68.7,176,2.16,1560.896,0.687,7.969200000000001,5.176149732573829,8.803724602110622,8.656,4.5011,1.2858,general_cargo,HFO,Mormugao,New_Mangalore
1,2,2,13324,12.6,92.0,528,1.41,2000.3759999999997,0.92,11.592,6.270988431858299,9.497397249034046,38.5402,21.1971,5.9737,container_ship,LNG,New_Mangalore,JNPA
3,0,0,10004,13.3,92.3,528,2.05,2352.637,0.9229999999999999,12.2759,6.270988431858299,9.210840247017833,50.5448,26.2833,7.5079,general_cargo,HFO,New_Mangalore,JNPA
0,0,2,60013,10.1,74.3,505,1.8,1030.301,0.743,7.5043,6.226536669287466,11.002333147319582,79.3491,41.2615,11.7864,bulk_carrier,HFO,New_Mangalore,Mumbai
0,2,2,58420,10.0,70.7,176,2.29,1000.0,0.7070000000000001,7.07,5.176149732573829,10.975430693220769,23.5756,12.9666,3.6542,bulk_carrier,LNG,Mormugao,New_Mangalore
6,0,2,28244,12.5,83.1,396,2.0,1953.125,0.831,10.3875,5.983936280687191,10.248671729759362,62.1025,32.2933,9.2246,tanker,HFO,Chennai,Visakhapatnam
1,3,2,35698,19.1,81.9,538,1.86,6967.871000000002,0.8190000000000001,15.642900000000003,6.289715570908998,10.482877956170928,219.5005,149.2603,35.1475,container_ship,MGO,Kochi,Chennai
6,0,2,50271,15.5,64.8,761,2.44,3723.875,0.648,10.044,6.635946555686647,10.825203541055348,269.3467,140.0603,40.0085,tanker,HFO,Tuticorin,Port_Blair
6,3,2,28073,15.8,50.8,370,0.71,3944.3120000000004,0.508,8.0264,5.916202062607435,10.24259916009427,69.1243,47.0045,11.0685,tanker,MGO,Chennai,Tuticorin
6,0,0,27184,10.8,63.1,169,2.53,1259.7120000000002,0.631,6.814800000000001,5.135798437050262,10.210420629580021,20.4509,10.6345,3.0378,tanker,HFO,New_Mangalore,Mormugao
0,2,0,63697,12.2,62.5,850,2.84,1815.8479999999997,0.625,7.625,6.7464121285733745,11.061908443893099,207.6622,114.2142,32.1876,bulk_carrier,LNG,Kochi,Mumbai
3,3,2,11634,9.5,84.9,406,2.55,857.375,0.8490000000000001,8.0655,6.008813185442595,9.361773075736393,22.3832,15.2206,3.5841,general_cargo,MGO,Visakhapatnam,Chennai
0,0,2,42343,13.6,93.9,282,2.52,2515.4559999999997,0.9390000000000001,12.7704,5.645446897643238,10.653582013537823,76.3781,39.7166,11.3451,bulk_carrier,HFO,Mumbai,Kandla
2,5,2,1735,11.3,68.2,411,2.91,1442.8970000000002,0.682,7.706600000000001,6.021023349349527,7.459338895220296,101.0947,12.1314,0.2984,ferry,Shore_Power,Visakhapatnam,Kamarajar
6,2,2,47767,14.7,83.6,282,2.84,3176.5229999999997,0.836,12.2892,5.645446897643238,10.774111238226828,73.9335,40.6634,11.4597,tanker,LNG,Mumbai,Kandla
3,3,0,14844,10.7,89.1,348,1.2,1225.0429999999997,0.8909999999999999,9.533699999999998,5.855071922202427,9.60541838719786,26.3336,17.9069,4.2167,general_cargo,MGO,Kochi,New_Mangalore
1,0,2,23507,23.6,75.4,282,2.8,13144.256000000003,0.754,17.7944,5.645446897643238,10.065096067732542,161.0177,83.7292,23.9174,container_ship,HFO,Mumbai,Kandla
0,3,2,35729,11.0,95.0,406,1.04,1331.0,0.95,10.45,6.008813185442595,10.483745951017456,59.4445,40.4223,9.5186,bulk_carrier,MGO,Visakhapatnam,Chennai
3,3,2,9258,11.9,79.7,345,2.11,1685.159,0.797,9.484300000000001,5.846438775057725,9.133351330448047,24.2953,16.5208,3.8903,general_cargo,MGO,New_Mangalore,Kochi
6,2,2,33954,14.6,84.0,189,3.48,3112.136,0.84,12.264,5.247024072160486,10.432791397547891,45.0473,24.776,6.9823,tanker,LNG,Kochi,Tuticorin
1,2,1,37761,20.3,76.4,692,1.59,8365.427000000001,0.764,15.509200000000002,6.541029999189903,10.539058584958477,298.9488,164.4218,46.3371,container_ship,LNG,Chennai,Paradip
5,3,2,4206,15.4,56.9,505,2.25,3652.264,0.569,8.762599999999999,6.226536669287466,8.344505083590521,28.6818,19.5036,4.5927,ro_ro,MGO,New_Mangalore,Mumbai
1,2,0,33687,18.2,65.1,1196,2.31,6028.567999999999,0.6509999999999999,11.848199999999999,7.087573705557973,10.424896969841763,366.1748,201.3962,56.7571,container_ship,LNG,Chennai,JNPA
0,2,0,63697,9.7,90.9,22,1.28,912.6729999999998,0.909,8.8173,3.1354942159291497,11.061908443893099,3.2513,1.7882,0.5039,bulk_carrier,LNG,Mumbai,JNPA
0,0,1,41493,13.1,75.0,277,1.97,2248.091,0.75,9.825,5.627621113690637,10.633304117453084,61.9936,32.2367,9.2085,bulk_carrier,HFO,Kandla,Mumbai
6,0,2,39649,13.7,98.9,311,1.35,2571.3529999999996,0.9890000000000001,13.5493,5.7430031878094825,10.587846227062993,72.382,37.6386,10.7515,tanker,HFO,Paradip,Visakhapatnam
0,2,2,40297,13.0,65.3,538,2.15,2197.0,0.653,8.489,6.289715570908998,10.604057118911712,91.1467,50.1307,14.1277,bulk_carrier,LNG,Kochi,Chennai
6,3,2,39701,14.5,55.2,518,2.59,3048.625,0.552,8.004000000000001,6.251903883165888,10.589156843240115,130.5179,88.7522,20.8992,tanker,MGO,JNPA,New_Mangalore
1,4,2,34470,22.6,51.7,313,2.47,11543.176000000001,0.517,11.6842,5.749392985908253,10.44787366982408,350.819,122.7867,20.2458,container_ship,Methanol,Visakhapatnam,Paradip
1,4,0,36763,21.9,85.6,313,2.99,10503.458999999997,0.856,18.746399999999998,5.749392985908253,10.512274384478,420.8055,147.2819,24.2847,container_ship,Methanol,Visakhapatnam,Paradip
0,0,2,59816,10.2,51.1,18,2.0,1061.2079999999999,0.511,5.2122,2.9444389791664403,10.99904518047501,2.6356,1.3705,0.3915,bulk_carrier,HFO,Chennai,Kamarajar
0,3,2,33529,13.3,62.8,505,2.11,2352.637,0.628,8.352400000000001,6.226536669287466,10.420195839460273,96.2457,65.4471,15.4113,bulk_carrier,MGO,New_Mangalore,Mumbai
5,2,2,6679,14.1,75.8,700,3.27,2803.221,0.758,10.6878,6.55250788703459,8.806873266530692,53.6474,29.5061,8.3154,ro_ro,LNG,Paradip,Chennai
4,3,1,2268,16.5,82.5,313,1.35,4492.125,0.825,13.612499999999999,5.749392985908253,7.727094484779841,15.9731,10.8617,2.5577,passenger,MGO,Visakhapatnam,Paradip
0,0,2,66381,12.4,79.0,22,0.39,1906.6240000000003,0.79,9.796000000000001,3.1354942159291497,11.103181214377175,5.9174,3.0771,0.879,bulk_carrier,HFO,Mumbai,JNPA
3,3,2,16581,14.2,61.4,313,0.89,2863.2879999999996,0.614,8.7188,5.749392985908253,9.716073048676163,37.1146,25.238,5.943,general_cargo,MGO,Visakhapatnam,Paradip
0,3,0,60013,11.7,79.0,870,1.77,1601.6129999999996,0.79,9.243,6.769641976852503,11.002333147319582,209.0041,142.1228,33.4668,bulk_carrier,MGO,Kochi,JNPA
6,3,2,55666,10.9,61.9,17,3.03,1295.0290000000002,0.619,6.7471000000000005,2.8903717578961645,10.927142790736806,3.1978,2.1745,0.5121,tanker,MGO,Kamarajar,Chennai
6,2,2,67954,11.2,51.9,276,3.03,1404.9279999999997,0.519,5.8128,5.6240175061873385,11.126601000389448,46.9248,25.8086,7.2733,tanker,LNG,Mumbai,Kandla
0,0,2,62925,11.3,64.0,277,1.14,1442.8970000000002,0.64,7.232,5.627621113690637,11.049714711812085,54.9568,28.5776,8.1632,bulk_carrier,HFO,Kandla,Mumbai
0,0,1,58095,13.5,95.5,276,3.06,2460.375,0.955,12.8925,5.6240175061873385,10.969852093654117,99.0752,51.5191,14.7165,bulk_carrier,HFO,Mumbai,Kandla
5,2,2,8843,17.5,60.5,22,0.83,5359.375,0.605,10.5875,3.1354942159291497,9.087494541977337,2.2225,1.2224,0.3445,ro_ro,LNG,Mumbai,JNPA
2,5,2,1735,14.7,89.2,349,2.31,3176.5229999999997,0.892,13.1124,5.857933154483459,7.459338895220296,152.4274,18.2913,0.45,ferry,Shore_Power,Mumbai,Mormugao
3,0,2,5602,11.2,58.0,24,2.24,1404.9279999999997,0.58,6.4959999999999996,3.2188758248682006,8.631057447565285,0.9646,0.5016,0.1433,general_cargo,HFO,JNPA,Mumbai
1,4,1,35698,20.9,68.4,521,3.38,9129.328999999998,0.684,14.2956,6.257667587882639,10.482877956170928,628.2085,219.873,36.2539,container_ship,Methanol,Kandla,Mormugao
0,3,2,34731,9.7,60.8,282,3.49,912.6729999999998,0.608,5.8976,5.645446897643238,10.455416731180536,35.2863,23.9947,5.6502,bulk_carrier,MGO,Mumbai,Kandla
5,0,1,6851,16.6,89.2,276,0.8,4574.296000000001,0.892,14.807200000000002,5.6240175061873385,8.832295859444011,29.7205,15.4547,4.4147,ro_ro,HFO,Mumbai,Kandla
6,2,2,76931,16.7,87.0,518,2.38,4657.463,0.87,14.529,6.251903883165888,11.250677193775257,262.0351,144.1193,40.6154,tanker,LNG,JNPA,New_Mangalore
3,0,0,16704,12.9,71.7,411,2.81,2146.6890000000003,0.7170000000000001,9.249300000000002,6.021023349349527,9.723463354790857,56.2656,29.2581,8.3576,general_cargo,HFO,Visakhapatnam,Kamarajar
6,2,2,47233,13.8,61.4,345,0.42,2628.0720000000006,0.614,8.4732,5.846438775057725,10.762869251237097,68.3298,37.5814,10.5911,tanker,LNG,New_Mangalore,Kochi
1,3,2,34898,15.5,61.5,18,0.43,3723.875,0.615,9.5325,2.9444389791664403,10.460213454484876,3.9217,2.6668,0.628,container_ship,MGO,Chennai,Kamarajar
0,2,2,48674,13.1,98.1,345,2.25,2248.091,0.981,12.851099999999999,5.846438775057725,10.7929208302404,72.6923,39.9808,11.2673,bulk_carrier,LNG,New_Mangalore,Kochi
1,4,2,17711,18.5,94.7,290,3.11,6331.625,0.9470000000000001,17.5195,5.673323267171493,9.781997654948418,183.7664,64.3182,10.6052,container_ship,Methanol,Kandla,JNPA
6,2,2,35203,15.9,87.8,347,2.49,4019.679,0.878,13.9602,5.8522024797744745,10.468914991493703,90.9353,50.0144,14.095,tanker,LNG,Mormugao,Mumbai
5,0,0,11514,18.4,81.9,538,2.8,6229.503999999999,0.8190000000000001,15.0696,6.289715570908998,9.351405812254786,113.3385,58.936,16.8352,ro_ro,HFO,Kochi,Chennai
1,3,2,41157,14.5,86.9,297,0.43,3048.625,0.8690000000000001,12.600500000000002,5.697093486505405,10.625173597902494,71.9288,48.9116,11.5176,container_ship,MGO,JNPA,Kandla
0,2,2,58095,11.4,65.6,876,1.27,1481.544,0.6559999999999999,7.4784,6.776506992372183,10.969852093654117,139.6095,76.7852,21.6395,bulk_carrier,LNG,JNPA,Kochi
3,0,2,17380,11.3,70.6,850,2.55,1442.8970000000002,0.706,7.9778,6.7464121285733745,9.76313293456348,86.1606,44.8035,12.7982,general_cargo,HFO,Kochi,Mumbai
0,0,2,30900,13.4,82.8,411,3.28,2406.1040000000003,0.828,11.0952,6.021023349349527,10.33854382482173,94.5679,49.1753,14.047,bulk_carrier,HFO,Visakhapatnam,Kamarajar
1,4,2,12578,20.8,92.5,276,2.94,8998.912,0.925,19.240000000000002,5.6240175061873385,9.439784035838873,178.9635,62.6372,10.328,container_ship,Methanol,Kandla,Mumbai
6,3,2,68994,13.1,56.2,518,1.69,2248.091,0.562,7.3622000000000005,6.251903883165888,11.141789317185655,142.9156,97.1826,22.8844,tanker,MGO,JNPA,New_Mangalore
3,3,0,7216,14.7,73.8,217,1.25,3176.5229999999997,0.738,10.8486,5.384495062789089,8.884194633072273,15.6102,10.6149,2.4996,general_cargo,MGO,Paradip,Kolkata_SMPK
0,3,2,32714,14.5,95.7,859,3.35,3048.625,0.9570000000000001,13.876500000000002,6.756932389247553,10.395588967303839,260.2602,176.9769,41.6742,bulk_carrier,MGO,Mumbai,Kochi
3,3,2,16651,12.5,81.7,856,1.52,1953.125,0.8170000000000001,10.2125,6.75343791859778,9.720285608314866,96.2363,65.4407,15.4098,general_cargo,MGO,Kolkata_SMPK,Chennai
6,0,2,37289,14.4,51.8,529,3.05,2985.9840000000004,0.518,7.4592,6.272877006546167,10.526480473172866,141.1378,73.3916,20.9645,tanker,HFO,Mormugao,Kandla
6,2,2,68994,12.3,60.9,1179,0.99,1860.8670000000004,0.609,7.4907,7.07326971745971,11.141789317185655,231.5264,127.3395,35.8866,tanker,LNG,Mumbai,Chennai
6,2,2,47959,13.4,56.5,411,2.08,2406.1040000000003,0.565,7.571,6.021023349349527,10.77812260914145,82.8817,45.585,12.8467,tanker,LNG,Visakhapatnam,Kamarajar
6,3,0,35987,14.0,99.6,347,2.9,2744.0,0.996,13.943999999999999,5.8522024797744745,10.49094082853701,97.2658,66.1408,15.5747,tanker,MGO,Mormugao,Mumbai
6,2,0,22608,12.3,94.7,419,1.52,1860.8670000000004,0.9470000000000001,11.648100000000001,6.040254711277414,10.026103336076316,46.4589,25.5524,7.2011,tanker,LNG,Kamarajar,Visakhapatnam
0,0,2,27915,10.6,54.7,491,2.91,1191.0159999999998,0.547,5.7982000000000005,6.198478716492308,10.236955280137042,53.1809,27.6541,7.8994,bulk_carrier,HFO,Visakhapatnam,Kolkata_SMPK
5,3,2,8727,20.1,62.2,788,3.39,8120.6010000000015,0.622,12.5022,6.670766320845874,9.074291527512907,150.086,102.0585,24.0325,ro_ro,MGO,Port_Blair,Chennai
0,0,2,59816,11.5,88.9,347,1.69,1520.875,0.889,10.2235,5.8522024797744745,10.99904518047501,84.5486,43.9653,12.5588,bulk_carrier,HFO,Mormugao,Mumbai
0,0,0,44373,12.5,75.1,313,1.09,1953.125,0.7509999999999999,9.3875,5.749392985908253,10.700408991312528,67.7675,35.2391,10.0661,bulk_carrier,HFO,Visakhapatnam,Paradip
0,2,0,38293,11.6,99.7,286,3.05,1560.896,0.997,11.565199999999999,5.659482215759621,10.55304850493315,45.8188,25.2003,7.1019,bulk_carrier,LNG,Kandla,JNPA
3,0,0,9058,12.6,57.0,853,3.2,2000.3759999999997,0.57,7.1819999999999995,6.74993119378857,9.111514017669288,72.4086,37.6525,10.7555,general_cargo,HFO,Chennai,Kolkata_SMPK
3,3,2,18455,9.7,65.4,290,3.39,912.6729999999998,0.654,6.3438,5.673323267171493,9.823144799853589,24.2264,16.474,3.8793,general_cargo,MGO,Kandla,JNPA
4,3,2,1902,18.5,93.9,757,3.23,6331.625,0.9390000000000001,17.3715,6.630683385642372,7.551186867296149,48.1117,32.7159,7.7039,passenger,MGO,Port_Blair,Tuticorin
4,1,2,4149,24.5,96.5,348,1.98,14706.125,0.965,23.6425,5.855071922202427,8.330863613224745,20.9978,67.1929,1.5118,passenger,Hydrogen,Kochi,New_Mangalore
2,5,0,1735,13.8,66.7,358,1.38,2628.0720000000006,0.667,9.204600000000001,5.883322388488279,7.459338895220296,116.9125,14.0295,0.3451,ferry,Shore_Power,JNPA,Mormugao
6,0,1,25705,12.5,62.5,183,0.32,1953.125,0.625,7.8125,5.214935757608986,10.154479706670077,23.8034,12.3778,3.5357,tanker,HFO,Tuticorin,Kochi
3,3,0,5602,9.8,98.3,347,0.39,941.1920000000002,0.983,9.6334,5.8522024797744745,8.631057447565285,10.9493,7.4455,1.7533,general_cargo,MGO,Mormugao,Mumbai
0,3,2,30900,15.3,59.5,229,2.56,3581.5770000000007,0.595,9.1035,5.438079308923196,10.33854382482173,49.9042,33.9349,7.9909,bulk_carrier,MGO,Kolkata_SMPK,Paradip
6,3,0,47959,14.9,78.0,692,2.62,3307.949,0.78,11.622,6.541029999189903,10.77812260914145,241.0386,163.9062,38.5963,tanker,MGO,Chennai,Paradip
6,0,2,55468,15.3,64.5,542,0.47,3581.5770000000007,0.645,9.868500000000001,6.297109319933935,10.923579585124024,168.7319,87.7406,25.0633,tanker,HFO,Chennai,Kochi
1,3,2,34898,21.2,78.1,229,0.84,9528.127999999999,0.7809999999999999,16.557199999999998,5.438079308923196,10.460213454484876,106.3431,72.3133,17.0282,container_ship,MGO,Kolkata_SMPK,Paradip
3,3,2,10004,13.7,78.4,290,0.57,2571.3529999999996,0.784,10.7408,5.673323267171493,9.210840247017833,25.9193,17.6251,4.1503,general_cargo,MGO,JNPA,Kandla
1,0,0,33073,12.9,60.4,347,1.05,2146.6890000000003,0.604,7.7916,5.8522024797744745,10.406502754210141,57.4996,29.8998,8.5409,container_ship,HFO,Mormugao,Mumbai
3,3,2,5817,14.2,51.6,1181,0.48,2863.2879999999996,0.516,7.3271999999999995,7.074963197966044,8.668711839055147,63.6544,43.285,10.1927,general_cargo,MGO,Chennai,Mumbai
1,0,1,27197,13.6,79.6,359,3.49,2515.4559999999997,0.7959999999999999,10.825599999999998,5.886104031450156,10.210898720168904,81.4762,42.3676,12.1024,container_ship,HFO,Mormugao,JNPA
6,3,2,72064,15.4,99.3,491,2.75,3652.264,0.993,15.292200000000001,6.198478716492308,11.185323768517204,280.4255,190.6893,44.9031,tanker,MGO,Visakhapatnam,Kolkata_SMPK
1,4,2,26077,15.7,87.1,22,2.31,3869.8929999999996,0.871,13.6747,3.1354942159291497,10.168847325983418,11.914,4.1699,0.6876,container_ship,Methanol,Mumbai,JNPA
5,2,2,4651,17.0,70.3,18,0.93,4913.0,0.703,11.950999999999999,2.9444389791664403,8.445052513638554,1.1488,0.6318,0.1781,ro_ro,LNG,Chennai,Kamarajar
6,3,2,66768,11.7,62.1,853,1.31,1601.6129999999996,0.621,7.2657,6.74993119378857,11.108994179953779,174.5592,118.7002,27.9513,tanker,MGO,Chennai,Kolkata_SMPK
2,1,0,884,19.7,65.0,359,1.22,7645.373,0.65,12.805,5.886104031450156,6.785587645007929,4.4448,14.2233,0.32,ferry,Hydrogen,Mormugao,JNPA
6,0,1,37083,10.7,78.3,859,1.85,1225.0429999999997,0.7829999999999999,8.378099999999998,6.756932389247553,10.520940888726873,120.9406,62.8891,17.9644,tanker,HFO,Mumbai,Kochi
6,3,1,55666,14.3,78.1,24,0.52,2924.2070000000003,0.7809999999999999,11.168299999999999,3.2188758248682006,10.927142790736806,6.3784,4.3373,1.0213,tanker,MGO,JNPA,Mumbai
0,3,2,26135,9.6,59.5,491,0.79,884.7359999999999,0.595,5.712,6.198478716492308,10.171068953280907,34.8851,23.7219,5.586,bulk_carrier,MGO,Visakhapatnam,Kolkata_SMPK
6,2,2,76931,13.7,66.2,276,1.18,2571.3529999999996,0.662,9.0694,5.6240175061873385,11.250677193775257,75.7285,41.6507,11.7379,tanker,LNG,Mumbai,Kandla
0,0,2,71338,13.9,81.8,876,2.59,2685.619,0.818,11.370199999999999,6.776506992372183,11.175198441433086,370.4721,192.6455,55.0296,bulk_carrier,HFO,JNPA,Kochi
0,0,2,44373,9.2,52.5,757,2.56,778.6879999999999,0.525,4.83,6.630683385642372,10.700408991312528,88.6846,46.116,13.1731,bulk_carrier,HFO,Port_Blair,Tuticorin
0,3,0,47945,13.7,98.9,528,1.81,2571.3529999999996,0.9890000000000001,13.5493,6.270988431858299,10.777830656602518,143.0726,97.2893,22.9095,bulk_carrier,MGO,New_Mangalore,JNPA
5,2,2,7575,18.2,85.4,22,3.06,6028.567999999999,0.8540000000000001,15.542800000000002,3.1354942159291497,8.932740634865914,2.5346,1.394,0.3929,ro_ro,LNG,Mumbai,JNPA
5,0,2,8727,16.6,62.1,396,0.79,4574.296000000001,0.621,10.3086,5.983936280687191,9.074291527512907,43.4304,22.5838,6.4511,ro_ro,HFO,Chennai,Visakhapatnam
6,0,2,76931,16.8,65.7,419,1.67,4741.6320000000005,0.657,11.037600000000001,6.040254711277414,11.250677193775257,224.923,116.96,33.4098,tanker,HFO,Kamarajar,Visakhapatnam
5,2,0,8843,19.5,95.4,276,1.92,7414.875,0.9540000000000001,18.603,5.6240175061873385,9.087494541977337,41.3577,22.7468,6.4104,ro_ro,LNG,Mumbai,Kandla
0,0,0,26135,9.3,67.3,529,0.66,804.3570000000002,0.6729999999999999,6.2589,6.272877006546167,10.171068953280907,40.4233,21.0201,6.0044,bulk_carrier,HFO,Mormugao,Kandla
6,2,2,68994,11.5,60.5,507,1.29,1520.875,0.605,6.9575,6.230481447578482,11.141789317185655,93.5464,51.4505,14.4997,tanker,LNG,Mumbai,New_Mangalore
0,3,1,59816,13.2,52.1,859,0.71,2299.968,0.521,6.8772,6.756932389247553,10.99904518047501,182.7249,124.2529,29.2588,bulk_carrier,MGO,Mumbai,Kochi
0,2,2,32714,14.0,58.4,276,2.26,2744.0,0.584,8.176,5.6240175061873385,10.395588967303839,50.8543,27.9699,7.8824,bulk_carrier,LNG,Mumbai,Kandla
1,0,2,33073,13.6,58.1,229,3.14,2515.4559999999997,0.581,7.901599999999999,5.438079308923196,10.406502754210141,48.7108,25.3296,7.2355,container_ship,HFO,Kolkata_SMPK,Paradip
0,2,2,70130,10.0,73.8,495,1.66,1000.0,0.738,7.38,6.206575926724928,11.158120200662147,73.4402,40.3921,11.3832,bulk_carrier,LNG,Kolkata_SMPK,Visakhapatnam
2,2,0,932,15.2,96.4,850,2.55,3511.8079999999995,0.9640000000000001,14.652800000000001,6.7464121285733745,6.838405200847344,19.2715,10.5994,2.9871,ferry,LNG,Kochi,Mumbai
1,3,2,36763,22.2,50.3,518,0.53,10941.047999999999,0.503,11.166599999999999,6.251903883165888,10.512274384478,256.7859,174.6144,41.1178,container_ship,MGO,JNPA,New_Mangalore
3,0,2,17380,12.4,81.8,276,0.5,1906.6240000000003,0.818,10.1432,5.6240175061873385,9.76313293456348,29.5627,15.3726,4.3912,general_cargo,HFO,Mumbai,Kandla
1,4,2,33687,20.3,66.5,505,2.98,8365.427000000001,0.665,13.499500000000001,6.226536669287466,10.424896969841763,469.1706,164.2097,27.0758,container_ship,Methanol,New_Mangalore,Mumbai
1,2,0,38751,15.7,62.1,22,0.7,3869.8929999999996,0.621,9.749699999999999,3.1354942159291497,10.564937646352819,4.8088,2.6448,0.7454,container_ship,LNG,Mumbai,JNPA
2,2,2,2604,14.9,65.1,17,1.76,3307.949,0.6509999999999999,9.6999,2.8903717578961645,7.865187954187467,0.5909,0.325,0.0916,ferry,LNG,Kamarajar,Chennai
4,1,2,3504,18.0,61.9,348,2.13,5832.0,0.619,11.142,5.855071922202427,8.16194579946869,9.4663,30.2921,0.6816,passenger,Hydrogen,Kochi,New_Mangalore
6,2,1,59471,14.1,80.8,189,1.0,2803.221,0.8079999999999999,11.3928,5.247024072160486,10.993260892537034,49.2089,27.0649,7.6274,tanker,LNG,Kochi,Tuticorin
0,0,2,34473,11.5,79.8,358,2.35,1520.875,0.7979999999999999,9.177,5.883322388488279,10.447960695714336,56.5508,29.4064,8.4,bulk_carrier,HFO,JNPA,Mormugao
2,2,2,536,17.1,90.0,396,0.69,5000.211000000001,0.9,15.390000000000002,5.983936280687191,6.285998094508865,6.0942,3.3518,0.9446,ferry,LNG,Chennai,Visakhapatnam
3,0,0,15648,14.7,82.1,870,1.49,3176.5229999999997,0.821,12.068699999999998,6.769641976852503,9.658162296163171,133.4157,69.3762,19.8174,general_cargo,HFO,Kochi,JNPA
6,3,2,28244,16.1,60.5,761,3.19,4173.281000000001,0.605,9.7405,6.635946555686647,10.248671729759362,199.6151,135.7383,31.9634,tanker,MGO,Tuticorin,Port_Blair
1,0,0,41892,13.2,62.7,311,2.54,2299.968,0.627,8.276399999999999,5.7430031878094825,10.64287402751427,76.0561,39.5492,11.2973,container_ship,HFO,Paradip,Visakhapatnam
0,2,2,58420,12.5,92.9,419,1.66,1953.125,0.929,11.6125,6.040254711277414,10.975430693220769,90.4832,49.7658,14.0249,bulk_carrier,LNG,Kamarajar,Visakhapatnam
0,3,2,26135,10.1,89.0,528,0.34,1030.301,0.89,8.988999999999999,6.270988431858299,10.171068953280907,44.7738,30.4462,7.1694,bulk_carrier,MGO,New_Mangalore,JNPA
0,3,2,45790,11.2,50.5,1181,0.82,1404.9279999999997,0.505,5.656,7.074963197966044,10.731842844242117,154.3992,104.9914,24.7232,bulk_carrier,MGO,Chennai,Mumbai
0,3,2,34473,9.2,58.6,528,3.01,778.6879999999999,0.586,5.3911999999999995,6.270988431858299,10.447960695714336,49.4358,33.6163,7.9159,bulk_carrier,MGO,New_Mangalore,JNPA
0,2,0,70130,10.0,67.4,850,1.57,1000.0,0.674,6.74,6.7464121285733745,11.158120200662147,124.0605,68.2333,19.2294,bulk_carrier,LNG,Kochi,Mumbai
3,0,2,7216,13.6,56.7,856,2.4,2515.4559999999997,0.5670000000000001,7.711200000000001,6.75343791859778,8.884194633072273,65.3454,33.9796,9.7063,general_cargo,HFO,Kolkata_SMPK,Chennai
0,0,2,70130,10.5,85.1,491,0.89,1157.625,0.851,8.9355,6.198478716492308,11.158120200662147,92.2701,47.9804,13.7057,bulk_carrier,HFO,Visakhapatnam,Kolkata_SMPK
0,2,2,30900,14.1,80.0,495,2.28,2803.221,0.8,11.280000000000001,6.206575926724928,10.33854382482173,87.3156,48.0236,13.5339,bulk_carrier,LNG,Kolkata_SMPK,Visakhapatnam
6,2,2,55620,12.1,83.9,856,0.7,1771.561,0.8390000000000001,10.151900000000001,6.75343791859778,10.926316106770527,160.4138,88.2276,24.8641,tanker,LNG,Kolkata_SMPK,Chennai
3,3,2,16581,15.4,81.5,507,0.58,3652.264,0.815,12.551,6.230481447578482,9.716073048676163,71.8054,48.8277,11.4978,general_cargo,MGO,Mumbai,New_Mangalore
1,2,2,16607,16.8,88.8,18,3.32,4741.6320000000005,0.888,14.9184,2.9444389791664403,9.717639785965615,3.7244,2.0484,0.5773,container_ship,LNG,Chennai,Kamarajar
3,0,1,14985,10.5,91.4,359,1.22,1157.625,0.914,9.597,5.886104031450156,9.614871710924255,25.418,13.2174,3.7756,general_cargo,HFO,Mormugao,JNPA
1,3,2,33073,14.1,93.4,276,2.38,2803.221,0.934,13.1694,5.6240175061873385,10.406502754210141,71.2296,48.4361,11.4056,container_ship,MGO,Mumbai,Kandla
6,0,2,37083,11.0,90.3,290,2.73,1331.0,0.903,9.933,5.673323267171493,10.520940888726873,51.8467,26.9603,7.7013,tanker,HFO,JNPA,Kandla
0,3,2,48674,10.7,63.4,757,3.49,1225.0429999999997,0.634,6.783799999999999,6.630683385642372,10.7929208302404,127.6104,86.7751,20.4336,bulk_carrier,MGO,Port_Blair,Tuticorin
6,3,0,45552,16.1,67.8,189,3.02,4173.281000000001,0.6779999999999999,10.915799999999999,5.247024072160486,10.726631762209768,71.0488,48.3132,11.3767,tanker,MGO,Kochi,Tuticorin
1,2,2,41157,15.8,92.6,505,1.55,3944.3120000000004,0.9259999999999999,14.630799999999999,6.226536669287466,10.625173597902494,155.5695,85.5632,24.1133,container_ship,LNG,New_Mangalore,Mumbai
1,2,2,17711,18.1,85.9,290,2.7,5929.741000000002,0.8590000000000001,15.547900000000004,5.673323267171493,9.781997654948418,63.5559,34.9557,9.8512,container_ship,LNG,Kandla,JNPA
0,0,2,62925,13.1,93.8,1196,3.41,2248.091,0.938,12.287799999999999,7.087573705557973,11.049714711812085,466.1342,242.3898,69.2391,bulk_carrier,HFO,Chennai,JNPA
3,0,2,15643,12.7,60.7,290,3.25,2048.383,0.607,7.708899999999999,5.673323267171493,9.657842735875406,37.9944,19.7571,5.6437,general_cargo,HFO,Kandla,JNPA
5,3,1,11514,17.3,62.0,1190,0.63,5177.717000000001,0.62,10.726,7.0825485693553,9.351405812254786,178.9293,121.6719,28.651,ro_ro,MGO,JNPA,Chennai
6,3,2,33954,13.4,57.1,495,2.36,2406.1040000000003,0.5710000000000001,7.651400000000001,6.206575926724928,10.432791397547891,91.0365,61.9048,14.5772,tanker,MGO,Kolkata_SMPK,Visakhapatnam
6,0,2,54273,12.8,66.1,348,0.61,2097.1520000000005,0.6609999999999999,8.460799999999999,5.855071922202427,10.901800569887673,82.9211,43.119,12.317,tanker,HFO,Kochi,New_Mangalore
6,0,0,28073,12.1,57.2,169,2.04,1771.561,0.5720000000000001,6.921200000000001,5.135798437050262,10.24259916009427,24.0351,12.4983,3.5701,tanker,HFO,New_Mangalore,Mormugao
6,3,2,54273,13.9,91.7,189,2.45,2685.619,0.917,12.746300000000002,5.247024072160486,10.901800569887673,62.6587,42.6079,10.0332,tanker,MGO,Kochi,Tuticorin
0,3,2,56514,10.7,66.0,1190,1.56,1225.0429999999997,0.66,7.062,7.0825485693553,10.942261368624832,184.7941,125.66,29.5902,bulk_carrier,MGO,JNPA,Chennai
3,3,2,14985,15.3,80.9,700,0.97,3581.5770000000007,0.809,12.3777,6.55250788703459,9.614871710924255,107.2758,72.9475,17.1775,general_cargo,MGO,Paradip,Chennai
6,3,2,27184,9.7,71.6,797,1.07,912.6729999999998,0.716,6.945199999999999,6.682108597449809,10.210420629580021,63.7812,43.3712,10.213,tanker,MGO,Chennai,Port_Blair
1,0,2,33687,14.7,96.5,183,0.44,3176.5229999999997,0.965,14.1855,5.214935757608986,10.424896969841763,47.0149,24.4477,6.9835,container_ship,HFO,Tuticorin,Kochi
6,2,2,54273,14.8,91.6,521,2.2,3241.7920000000004,0.9159999999999999,13.556799999999999,6.257667587882639,10.901800569887673,157.948,86.8714,24.4819,tanker,LNG,Kandla,Mormugao
1,3,2,26077,19.1,81.6,406,3.4,6967.871000000002,0.816,15.5856,6.008813185442595,10.168847325983418,143.9621,97.8942,23.0519,container_ship,MGO,Visakhapatnam,Chennai
0,3,2,26135,9.1,56.7,176,2.61,753.5709999999999,0.5670000000000001,5.1597,5.176149732573829,10.171068953280907,14.227,9.6744,2.2781,bulk_carrier,MGO,Mormugao,New_Mangalore
6,3,2,72064,12.7,69.3,290,3.49,2048.383,0.693,8.801099999999998,5.673323267171493,11.185323768517204,93.9251,63.869,15.0398,tanker,MGO,JNPA,Kandla
0,0,2,66381,11.9,52.4,507,2.39,1685.159,0.524,6.235600000000001,6.230481447578482,11.103181214377175,120.1015,62.4528,17.8398,bulk_carrier,HFO,Mumbai,New_Mangalore
3,0,1,5817,14.7,91.3,538,2.14,3176.5229999999997,0.9129999999999999,13.421099999999997,6.289715570908998,8.668711839055147,44.4718,23.1253,6.6058,general_cargo,HFO,Kochi,Chennai
1,3,2,12017,20.4,97.6,1190,0.53,8489.663999999999,0.976,19.9104,7.0825485693553,9.394160804893874,247.7156,168.4466,39.6655,container_ship,MGO,JNPA,Chennai
3,3,2,7328,14.1,58.9,1190,3.42,2803.221,0.589,8.3049,7.0825485693553,8.89959435992585,109.5767,74.5122,17.546,general_cargo,MGO,JNPA,Chennai
0,2,2,49115,14.0,83.4,18,0.31,2744.0,0.8340000000000001,11.676000000000002,2.9444389791664403,10.801940126280403,3.9524,2.1738,0.6126,bulk_carrier,LNG,Chennai,Kamarajar
0,0,2,27915,13.0,95.3,313,2.72,2197.0,0.953,12.389,5.749392985908253,10.236955280137042,61.2214,31.8351,9.0938,bulk_carrier,HFO,Visakhapatnam,Paradip
6,2,2,50271,15.6,66.2,169,2.57,3796.4159999999997,0.662,10.3272,5.135798437050262,10.825203541055348,54.1744,29.7959,8.397,tanker,LNG,New_Mangalore,Mormugao
3,3,0,9258,14.4,75.9,797,2.35,2985.9840000000004,0.759,10.9296,6.682108597449809,9.133351330448047,82.2422,55.9247,13.169,general_cargo,MGO,Chennai,Port_Blair
3,3,2,7216,14.6,78.7,189,1.69,3112.136,0.787,11.4902,5.247024072160486,8.884194633072273,16.0771,10.9324,2.5743,general_cargo,MGO,Kochi,Tuticorin
5,2,0,8843,16.7,93.0,370,2.9,4657.463,0.93,15.531,5.916202062607435,9.087494541977337,45.9901,25.2946,7.1285,ro_ro,LNG,Chennai,Tuticorin
3,3,2,5602,12.0,57.1,396,2.67,1728.0,0.5710000000000001,6.852,5.983936280687191,8.631057447565285,18.557,12.6187,2.9714,general_cargo,MGO,Chennai,Visakhapatnam
6,2,2,50271,13.9,81.9,856,2.18,2685.619,0.8190000000000001,11.384100000000002,6.75343791859778,10.825203541055348,218.8504,120.3677,33.9218,tanker,LNG,Kolkata_SMPK,Chennai
0,3,2,40197,10.3,93.0,359,1.46,1092.7270000000003,0.93,9.579,5.886104031450156,10.601572522125696,47.7917,32.4983,7.6526,bulk_carrier,MGO,Mormugao,JNPA
5,0,0,6851,17.0,69.9,876,2.59,4913.0,0.6990000000000001,11.883000000000001,6.776506992372183,8.832295859444011,110.5583,57.4903,16.4222,ro_ro,HFO,JNPA,Kochi
1,0,2,18598,23.4,62.1,406,0.36,12812.903999999997,0.621,14.5314,6.008813185442595,9.830863094815127,162.3527,84.4234,24.1157,container_ship,HFO,Visakhapatnam,Chennai
5,0,2,4206,13.4,84.7,491,1.2,2406.1040000000003,0.847,11.3498,6.198478716492308,8.344505083590521,25.8422,13.4379,3.8386,ro_ro,HFO,Visakhapatnam,Kolkata_SMPK
6,3,2,45552,15.0,63.5,521,2.61,3375.0,0.635,9.525,6.257667587882639,10.726631762209768,148.5291,100.9998,23.7832,tanker,MGO,Kandla,Mormugao
0,2,1,44373,9.9,66.6,348,3.11,970.2990000000001,0.6659999999999999,6.5934,5.855071922202427,10.700408991312528,39.1463,21.5305,6.0677,bulk_carrier,LNG,Kochi,New_Mangalore
1,3,2,16607,14.9,68.1,1181,2.24,3307.949,0.6809999999999999,10.146899999999999,7.074963197966044,9.717639785965615,165.7576,112.7152,26.5419,container_ship,MGO,Chennai,Mumbai
6,2,2,39649,13.3,64.6,176,2.36,2352.637,0.6459999999999999,8.5918,5.176149732573829,10.587846227062993,31.4798,17.3139,4.8794,tanker,LNG,Mormugao,New_Mangalore
6,0,2,47233,13.9,51.9,538,3.18,2685.619,0.519,7.2141,6.289715570908998,10.762869251237097,159.7078,83.0481,23.7228,tanker,HFO,Kochi,Chennai
0,3,2,41493,12.4,52.2,358,0.31,1906.6240000000003,0.522,6.4728,5.883322388488279,10.633304117453084,54.5415,37.0882,8.7335,bulk_carrier,MGO,JNPA,Mormugao
1,4,2,21825,15.4,74.1,17,2.47,3652.264,0.741,11.4114,2.8903717578961645,9.990857198673035,7.63,2.6705,0.4403,container_ship,Methanol,Kamarajar,Chennai
2,5,1,2604,15.1,67.3,358,1.34,3442.9509999999996,0.6729999999999999,10.162299999999998,5.883322388488279,7.865187954187467,179.9398,21.5928,0.5312,ferry,Shore_Power,JNPA,Mormugao
3,0,0,14088,11.9,82.3,700,0.43,1685.159,0.823,9.7937,6.55250788703459,9.553149630053277,60.4383,31.4279,8.9774,general_cargo,HFO,Paradip,Chennai
6,2,1,68994,12.6,61.5,277,3.45,2000.3759999999997,0.615,7.749,5.627621113690637,11.141789317185655,76.3642,42.0003,11.8364,tanker,LNG,Kandla,Mumbai
1,2,0,21724,17.1,70.3,853,1.37,5000.211000000001,0.703,12.0213,6.74993119378857,9.986218950133592,162.9885,89.6437,25.2632,container_ship,LNG,Chennai,Kolkata_SMPK
4,2,2,3808,17.3,58.8,518,0.46,5177.717000000001,0.588,10.1724,6.251903883165888,8.245121966478605,26.8171,14.7494,4.1567,passenger,LNG,JNPA,New_Mangalore
4,2,2,2268,13.6,67.7,396,0.55,2515.4559999999997,0.677,9.2072,5.983936280687191,7.727094484779841,10.2935,5.6614,1.5955,passenger,LNG,Chennai,Visakhapatnam
1,2,2,23507,22.3,78.3,297,1.82,11089.567000000001,0.7829999999999999,17.4609,5.697093486505405,10.065096067732542,105.2775,57.9026,16.318,container_ship,LNG,JNPA,Kandla
3,3,2,14088,10.7,95.4,217,1.48,1225.0429999999997,0.9540000000000001,10.2078,5.384495062789089,9.553149630053277,14.73,10.0164,2.3586,general_cargo,MGO,Paradip,Kolkata_SMPK
1,3,2,21724,18.8,68.7,290,0.5,6644.6720000000005,0.687,12.915600000000001,5.673323267171493,9.986218950133592,69.5474,47.2922,11.1363,container_ship,MGO,Kandla,JNPA
0,2,0,38293,15.9,66.7,349,3.37,4019.679,0.667,10.605300000000002,5.857933154483459,10.55304850493315,106.5706,58.6138,16.5184,bulk_carrier,LNG,Mumbai,Mormugao
6,2,2,55666,10.7,78.4,528,0.43,1225.0429999999997,0.784,8.3888,6.270988431858299,10.927142790736806,65.6214,36.0918,10.1713,tanker,LNG,New_Mangalore,JNPA
3,3,2,6658,15.0,91.6,348,1.12,3375.0,0.9159999999999999,13.739999999999998,5.855071922202427,8.803724602110622,26.0726,17.7293,4.1749,general_cargo,MGO,Kochi,New_Mangalore
6,0,2,55468,11.3,79.3,348,1.89,1442.8970000000002,0.7929999999999999,8.9609,5.855071922202427,10.923579585124024,72.2304,37.5598,10.729,tanker,HFO,Kochi,New_Mangalore
0,0,2,58095,12.8,90.9,692,0.52,2097.1520000000005,0.909,11.635200000000001,6.541029999189903,10.969852093654117,195.4543,101.6362,29.0326,bulk_carrier,HFO,Chennai,Paradip
6,2,0,37083,9.8,96.2,788,1.83,941.1920000000002,0.9620000000000001,9.427600000000002,6.670766320845874,10.520940888726873,81.6761,44.9219,12.6598,tanker,LNG,Port_Blair,Chennai
1,3,0,38751,17.1,86.4,169,2.95,5000.211000000001,0.8640000000000001,14.774400000000004,5.135798437050262,10.564937646352819,73.32,49.8576,11.7404,container_ship,MGO,New_Mangalore,Mormugao
0,3,0,44373,13.2,68.5,495,0.47,2299.968,0.685,9.042,6.206575926724928,10.700408991312528,100.3188,68.2168,16.0636,bulk_carrier,MGO,Kolkata_SMPK,Visakhapatnam
1,3,2,37761,17.2,88.2,290,0.41,5088.447999999999,0.882,15.170399999999999,5.673323267171493,10.539058584958477,99.7415,67.8242,15.9711,container_ship,MGO,JNPA,Kandla
6,3,2,28244,15.8,98.1,788,2.41,3944.3120000000004,0.981,15.4998,6.670766320845874,10.248671729759362,210.5469,143.1719,33.7138,tanker,MGO,Port_Blair,Chennai
3,0,0,11634,13.5,83.6,217,2.87,2460.375,0.836,11.286,5.384495062789089,9.361773075736393,24.6656,12.8261,3.6638,general_cargo,HFO,Paradip,Kolkata_SMPK
0,3,0,60013,12.7,94.1,176,3.18,2048.383,0.941,11.9507,5.176149732573829,11.002333147319582,57.696,39.2333,9.2386,bulk_carrier,MGO,Mormugao,New_Mangalore
5,0,2,6851,14.5,73.9,183,2.48,3048.625,0.7390000000000001,10.715500000000002,5.214935757608986,8.832295859444011,17.6611,9.1838,2.6234,ro_ro,HFO,Tuticorin,Kochi
6,2,2,47767,13.5,79.1,364,1.99,2460.375,0.7909999999999999,10.6785,5.8998973535824915,10.774111238226828,72.2917,39.7604,11.2052,tanker,LNG,Tuticorin,Chennai
1,2,2,21724,16.4,76.9,349,2.62,4410.943999999999,0.769,12.6116,5.857933154483459,9.986218950133592,73.5883,40.4735,11.4062,container_ship,LNG,Mumbai,Mormugao
1,0,2,18598,23.5,80.9,345,2.82,12977.875,0.809,19.0115,5.846438775057725,9.830863094815127,174.2002,90.5841,25.8755,container_ship,HFO,New_Mangalore,Kochi
6,2,2,59471,11.5,81.9,22,3.23,1520.875,0.8190000000000001,9.4185,3.1354942159291497,10.993260892537034,4.8738,2.6806,0.7554,tanker,LNG,Mumbai,JNPA
0,2,0,44373,12.7,70.1,1196,3.46,2048.383,0.701,8.9027,7.087573705557973,10.700408991312528,234.7526,129.1139,36.3867,bulk_carrier,LNG,Chennai,JNPA
0,2,0,42726,16.4,52.0,692,2.78,4410.943999999999,0.52,8.527999999999999,6.541029999189903,10.662586317888776,200.8849,110.4867,31.1372,bulk_carrier,LNG,Chennai,Paradip
0,2,2,49332,13.9,89.0,761,2.84,2685.619,0.89,12.371,6.635946555686647,10.806348507298559,198.0363,108.92,30.6956,bulk_carrier,LNG,Tuticorin,Port_Blair
0,2,2,56514,9.9,91.5,521,2.37,970.2990000000001,0.915,9.0585,6.257667587882639,10.942261368624832,78.4896,43.1693,12.1659,bulk_carrier,LNG,Kandla,Mormugao
6,2,0,42416,13.0,99.8,850,3.06,2197.0,0.998,12.974,6.7464121285733745,10.65530450425995,196.5438,108.0991,30.4643,tanker,LNG,Kochi,Mumbai
0,3,2,58420,10.5,55.1,347,2.32,1157.625,0.551,5.785500000000001,5.8522024797744745,10.975430693220769,61.9747,42.1428,9.9237,bulk_carrier,MGO,Mormugao,Mumbai
6,0,1,55620,14.3,53.1,169,1.66,2924.2070000000003,0.531,7.593300000000001,5.135798437050262,10.926316106770527,51.7499,26.91,7.6869,tanker,HFO,New_Mangalore,Mormugao
1,0,0,27264,15.8,58.4,1181,0.32,3944.3120000000004,0.584,9.2272,7.074963197966044,10.213359107360162,267.6415,139.1736,39.7552,container_ship,HFO,Chennai,Mumbai
3,0,2,14985,11.2,96.7,419,2.82,1404.9279999999997,0.9670000000000001,10.830400000000001,6.040254711277414,9.614871710924255,39.5581,20.5702,5.8759,general_cargo,HFO,Kochi,Mormugao
0,3,0,71338,14.6,84.6,876,3.33,3112.136,0.846,12.3516,6.776506992372183,11.175198441433086,413.368,281.0903,66.1906,bulk_carrier,MGO,JNPA,Kochi
5,0,2,4206,14.5,87.5,217,2.58,3048.625,0.875,12.6875,5.384495062789089,8.344505083590521,14.8284,7.7108,2.2026,ro_ro,HFO,Paradip,Kolkata_SMPK
0,0,2,42343,14.0,56.3,183,1.34,2744.0,0.563,7.882,5.214935757608986,10.653582013537823,41.656,21.6611,6.1875,bulk_carrier,HFO,Tuticorin,Kochi
5,0,2,6851,14.2,76.8,24,2.52,2863.2879999999996,0.768,10.9056,3.2188758248682006,8.832295859444011,2.1396,1.1126,0.3178,ro_ro,HFO,JNPA,Mumbai
0,2,2,49332,11.4,91.7,761,2.85,1481.544,0.917,10.453800000000001,6.635946555686647,10.806348507298559,142.4141,78.3278,22.0742,bulk_carrier,LNG,Tuticorin,Port_Blair
4,2,2,4545,25.0,68.9,406,0.56,15625.0,0.6890000000000001,17.225,6.008813185442595,8.422003004412488,56.8042,31.2423,8.8047,passenger,LNG,Visakhapatnam,Chennai
3,3,1,11634,10.6,96.4,1179,3.5,1191.0159999999998,0.9640000000000001,10.2184,7.07326971745971,9.361773075736393,92.117,62.6396,14.7502,general_cargo,MGO,Mumbai,Chennai
6,3,2,59471,12.9,97.7,797,2.58,2146.6890000000003,0.977,12.6033,6.682108597449809,10.993260892537034,251.8585,171.2638,40.3288,tanker,MGO,Chennai,Port_Blair
3,3,2,17758,11.4,95.6,518,0.99,1481.544,0.956,10.8984,6.251903883165888,9.784647708654596,46.9352,31.9159,7.5155,general_cargo,MGO,JNPA,New_Mangalore
6,3,2,54273,12.3,96.8,358,1.64,1860.8670000000004,0.968,11.9064,5.883322388488279,10.901800569887673,84.7194,57.6092,13.5657,tanker,MGO,JNPA,Mormugao
1,3,0,21825,14.8,58.0,1179,1.17,3241.7920000000004,0.58,8.584,7.07326971745971,9.990857198673035,169.7443,115.4261,27.1803,container_ship,MGO,Mumbai,Chennai
1,4,0,9661,19.9,91.0,528,0.66,7880.598999999998,0.91,18.108999999999998,6.270988431858299,9.175955945114351,210.4,73.64,12.1422,container_ship,Methanol,New_Mangalore,JNPA
3,0,2,16651,12.6,54.6,859,1.02,2000.3759999999997,0.546,6.8796,6.756932389247553,9.720285608314866,86.5167,44.9887,12.8511,general_cargo,HFO,Mumbai,Kochi
0,3,2,56514,12.3,75.4,311,0.8,1860.8670000000004,0.754,9.2742,5.7430031878094825,10.942261368624832,64.2338,43.679,10.2854,bulk_carrier,MGO,Paradip,Visakhapatnam
3,0,0,10749,12.4,89.6,290,3.15,1906.6240000000003,0.8959999999999999,11.110399999999998,5.673323267171493,9.28266103355581,31.796,16.5339,4.7229,general_cargo,HFO,Kandla,JNPA
3,3,0,5602,11.7,99.1,1181,1.09,1601.6129999999996,0.991,11.5947,7.074963197966044,8.631057447565285,52.8812,35.9592,8.4676,general_cargo,MGO,Chennai,Mumbai
6,2,2,47767,12.6,67.3,277,0.48,2000.3759999999997,0.6729999999999999,8.4798,5.627621113690637,10.774111238226828,44.2419,24.333,6.8575,tanker,LNG,Kandla,Mumbai
0,2,2,31987,13.3,64.1,229,2.91,2352.637,0.6409999999999999,8.5253,5.438079308923196,10.37311611145178,39.1141,21.5128,6.0627,bulk_carrier,LNG,Kolkata_SMPK,Paradip
3,0,2,17758,14.7,59.3,24,1.21,3176.5229999999997,0.593,8.717099999999999,3.2188758248682006,9.784647708654596,3.2207,1.6747,0.4784,general_cargo,HFO,JNPA,Mumbai
0,0,2,64303,13.0,70.2,419,2.41,2197.0,0.7020000000000001,9.126000000000001,6.040254711277414,11.071377116688982,130.3694,67.7921,19.3649,bulk_carrier,HFO,Kochi,Mormugao
4,3,0,4545,23.4,83.8,422,1.24,12812.903999999997,0.838,19.609199999999998,6.0473721790462776,8.422003004412488,64.2111,43.6635,10.2818,passenger,MGO,Mormugao,Kochi
3,0,0,14844,10.4,81.0,349,2.64,1124.864,0.81,8.424000000000001,5.857933154483459,9.60541838719786,28.1538,14.64,4.1819,general_cargo,HFO,Mumbai,Mormugao
6,3,2,72064,13.4,96.8,528,3.36,2406.1040000000003,0.968,12.9712,6.270988431858299,11.185323768517204,220.1375,149.6935,35.2495,tanker,MGO,New_Mangalore,JNPA
6,0,1,55620,14.3,91.1,507,0.75,2924.2070000000003,0.9109999999999999,13.0273,6.230481447578482,10.926316106770527,183.4632,95.4009,27.2514,tanker,HFO,Mumbai,New_Mangalore
6,3,2,76931,17.5,50.5,850,3.41,5359.375,0.505,8.8375,6.7464121285733745,11.250677193775257,570.1837,387.7249,91.3007,tanker,MGO,Kochi,Mumbai
0,3,0,71338,11.4,65.0,24,3.23,1481.544,0.65,7.41,3.2188758248682006,11.175198441433086,5.8932,4.0074,0.9437,bulk_carrier,MGO,JNPA,Mumbai
1,0,2,21825,15.7,69.6,276,0.34,3869.8929999999996,0.696,10.9272,5.6240175061873385,9.990857198673035,55.4103,28.8133,8.2306,container_ship,HFO,Mumbai,Kandla
1,0,2,21724,17.8,84.9,282,2.95,5639.752,0.8490000000000001,15.112200000000001,5.645446897643238,9.986218950133592,92.0684,47.8755,13.6757,container_ship,HFO,Mumbai,Kandla
3,3,2,13823,15.1,80.4,282,1.93,3442.9509999999996,0.804,12.1404,5.645446897643238,9.534161491043838,39.1767,26.6402,6.2732,general_cargo,MGO,Mumbai,Kandla
0,2,2,63249,13.4,90.0,692,3.04,2406.1040000000003,0.9,12.06,6.541029999189903,11.054850406589766,233.7501,128.5625,36.2313,bulk_carrier,LNG,Chennai,Paradip
0,2,2,49332,11.3,93.9,850,2.31,1442.8970000000002,0.9390000000000001,10.610700000000001,6.7464121285733745,10.806348507298559,143.0228,78.6625,22.1685,bulk_carrier,LNG,Kochi,Mumbai
5,0,0,11514,17.8,88.1,850,1.51,5639.752,0.8809999999999999,15.681799999999999,6.7464121285733745,9.351405812254786,156.8651,81.5698,23.3006,ro_ro,HFO,Kochi,Mumbai
6,3,2,37083,13.3,72.5,853,2.05,2352.637,0.725,9.6425,6.74993119378857,10.520940888726873,188.8362,128.4086,30.2374,tanker,MGO,Chennai,Kolkata_SMPK
2,5,2,932,12.8,92.3,276,1.46,2097.1520000000005,0.9229999999999999,11.8144,5.6240175061873385,6.838405200847344,55.4561,6.6547,0.1637,ferry,Shore_Power,Kandla,Mumbai
3,0,1,13823,10.7,68.1,528,0.81,1225.0429999999997,0.6809999999999999,7.286699999999999,6.270988431858299,9.534161491043838,34.9813,18.1903,5.1961,general_cargo,HFO,New_Mangalore,JNPA
1,0,0,16607,19.6,93.1,411,2.79,7529.536000000002,0.9309999999999999,18.2476,6.021023349349527,9.717639785965615,125.0146,65.0076,18.5695,container_ship,HFO,Visakhapatnam,Kamarajar
3,3,2,14844,10.2,53.5,529,2.56,1061.2079999999999,0.535,5.457,6.272877006546167,9.60541838719786,35.7327,24.2983,5.7217,general_cargo,MGO,Mormugao,Kandla
6,2,1,28632,12.0,86.8,1190,3.4,1728.0,0.868,10.416,7.0825485693553,10.262315177792935,171.5577,94.3568,26.5914,tanker,LNG,JNPA,Chennai
5,2,2,7575,18.2,87.2,1190,3.35,6028.567999999999,0.872,15.8704,7.0825485693553,8.932740634865914,170.1083,93.5595,26.3668,ro_ro,LNG,JNPA,Chennai
4,3,0,3504,18.2,66.2,347,0.56,6028.567999999999,0.662,12.0484,5.8522024797744745,8.16194579946869,23.9914,16.3141,3.8416,passenger,MGO,Mormugao,Mumbai
0,2,2,41291,13.9,98.8,183,0.96,2685.619,0.988,13.7332,5.214935757608986,10.62842405558548,36.3594,19.9977,5.6357,bulk_carrier,LNG,Tuticorin,Kochi
6,3,0,47233,12.6,68.1,370,3.32,2000.3759999999997,0.6809999999999999,8.580599999999999,5.916202062607435,10.762869251237097,90.4522,61.5075,14.4837,tanker,MGO,Chennai,Tuticorin
1,0,1,17711,23.8,86.8,529,0.99,13481.272,0.868,20.6584,6.272877006546167,9.781997654948418,216.9936,112.8367,32.232,container_ship,HFO,Mormugao,Kandla
6,0,2,66768,11.6,98.9,282,2.79,1560.896,0.9890000000000001,11.4724,5.645446897643238,11.108994179953779,93.9324,48.8448,13.9526,tanker,HFO,Mumbai,Kandla
4,3,2,3081,22.6,92.0,859,1.35,11543.176000000001,0.92,20.792,6.756932389247553,8.033334015880062,102.2114,69.5038,16.3666,passenger,MGO,Mumbai,Kochi
6,2,1,23117,13.4,93.2,277,1.21,2406.1040000000003,0.932,12.488800000000001,5.627621113690637,10.048366813854212,36.9291,20.311,5.724,tanker,LNG,Kandla,Mumbai
1,2,2,36763,24.7,84.3,700,3.27,15069.222999999998,0.843,20.8221,6.55250788703459,10.512274384478,498.4512,274.1482,77.2599,container_ship,LNG,Paradip,Chennai
0,2,2,47945,12.4,89.6,1190,3.0,1906.6240000000003,0.8959999999999999,11.110399999999998,7.0825485693553,10.777830656602518,254.2059,139.8133,39.4019,bulk_carrier,LNG,JNPA,Chennai
6,0,2,47233,14.7,79.5,311,1.25,3176.5229999999997,0.795,11.6865,5.7430031878094825,10.762869251237097,92.612,48.1582,13.7565,tanker,HFO,Paradip,Visakhapatnam
0,2,2,33063,12.0,75.3,348,1.79,1728.0,0.753,9.036,5.855071922202427,10.406200356191569,45.5939,25.0766,7.067,bulk_carrier,LNG,Kochi,New_Mangalore
5,3,2,11514,12.8,68.6,297,3.13,2097.1520000000005,0.6859999999999999,8.7808,5.697093486505405,9.351405812254786,28.3879,19.3038,4.5456,ro_ro,MGO,JNPA,Kandla
1,4,2,23507,21.6,74.1,183,2.53,10077.696000000002,0.741,16.0056,5.214935757608986,10.065096067732542,154.1795,53.9628,8.8977,container_ship,Methanol,Tuticorin,Kochi
5,3,2,6679,15.2,75.6,505,2.1,3511.8079999999995,0.7559999999999999,11.491199999999997,6.226536669287466,8.806873266530692,44.7352,30.4199,7.1632,ro_ro,MGO,New_Mangalore,Mumbai
6,3,0,33954,13.9,83.2,277,1.36,2685.619,0.8320000000000001,11.564800000000002,5.627621113690637,10.432791397547891,53.4501,36.3461,8.5587,tanker,MGO,Kandla,Mumbai
3,0,2,7328,13.2,99.5,297,2.96,2299.968,0.995,13.133999999999999,5.697093486505405,8.89959435992585,26.5929,13.8283,3.9501,general_cargo,HFO,JNPA,Kandla
2,3,2,932,15.3,97.0,217,1.87,3581.5770000000007,0.97,14.841000000000001,5.384495062789089,6.838405200847344,5.1047,3.4712,0.8174,ferry,MGO,Paradip,Kolkata_SMPK
3,3,2,16651,12.5,67.9,189,0.39,1953.125,0.679,8.4875,5.247024072160486,9.720285608314866,16.6411,11.3159,2.6646,general_cargo,MGO,Kochi,Tuticorin
3,3,2,14844,10.1,56.7,276,1.82,1030.301,0.5670000000000001,5.7267,5.6240175061873385,9.60541838719786,16.5623,11.2624,2.652,general_cargo,MGO,Mumbai,Kandla
2,3,2,884,17.8,57.9,311,0.8,5639.752,0.579,10.3062,5.7430031878094825,6.785587645007929,7.6296,5.1881,1.2217,ferry,MGO,Paradip,Visakhapatnam
3,3,2,18455,10.3,68.3,183,2.04,1092.7270000000003,0.6829999999999999,7.0348999999999995,5.214935757608986,9.823144799853589,16.0614,10.9217,2.5718,general_cargo,MGO,Tuticorin,Kochi
6,0,2,25705,14.3,96.0,700,1.85,2924.2070000000003,0.96,13.728,6.55250788703459,10.154479706670077,152.4353,79.2664,22.6426,tanker,HFO,Paradip,Chennai
5,0,2,7575,18.9,50.0,419,3.18,6751.268999999998,0.5,9.45,6.040254711277414,8.932740634865914,71.97,37.4244,10.6904,ro_ro,HFO,Kamarajar,Visakhapatnam
1,2,2,34470,18.8,63.0,422,0.51,6644.6720000000005,0.63,11.844000000000001,6.0473721790462776,10.44787366982408,126.9982,69.849,19.6847,container_ship,LNG,Mormugao,Kochi
6,3,2,23117,13.4,63.9,422,1.37,2406.1040000000003,0.639,8.5626,6.0473721790462776,10.048366813854212,53.6694,36.4952,8.5938,tanker,MGO,Mormugao,Kochi
6,2,2,70614,17.1,93.8,311,1.88,5000.211000000001,0.938,16.0398,5.7430031878094825,11.164997865503164,155.9911,85.7951,24.1786,tanker,LNG,Paradip,Visakhapatnam
0,0,1,26135,11.6,76.8,528,0.39,1560.896,0.768,8.9088,6.270988431858299,10.171068953280907,66.18,34.4136,9.8303,bulk_carrier,HFO,New_Mangalore,JNPA
6,3,2,28632,16.1,97.4,757,1.39,4173.281000000001,0.9740000000000001,15.681400000000004,6.630683385642372,10.262315177792935,194.7407,132.4237,31.1829,tanker,MGO,Port_Blair,Tuticorin
0,0,2,34731,11.1,84.7,364,0.86,1367.6309999999999,0.847,9.4017,5.8998973535824915,10.455416731180536,49.7495,25.8698,7.3897,bulk_carrier,HFO,Tuticorin,Chennai
1,4,0,36763,23.7,100.0,518,2.29,13312.052999999998,1.0,23.7,6.251903883165888,10.512274384478,800.3904,280.1366,46.1905,container_ship,Methanol,JNPA,New_Mangalore
1,3,2,21825,16.5,87.9,347,1.99,4492.125,0.879,14.5035,5.8522024797744745,9.990857198673035,79.897,54.3299,12.7935,container_ship,MGO,Mormugao,Mumbai
0,0,2,70130,11.4,97.1,761,2.34,1481.544,0.971,11.0694,6.635946555686647,11.158120200662147,210.151,109.2785,31.2156,bulk_carrier,HFO,Tuticorin,Port_Blair
3,3,2,14844,9.8,54.7,17,2.47,941.1920000000002,0.547,5.360600000000001,2.8903717578961645,9.60541838719786,0.9724,0.6612,0.1557,general_cargo,MGO,Kamarajar,Chennai
0,2,1,59816,11.9,62.1,761,3.25,1685.159,0.621,7.3899,6.635946555686647,10.99904518047501,171.0886,94.0987,26.5187,bulk_carrier,LNG,Tuticorin,Port_Blair
1,4,1,37761,16.0,69.0,396,2.53,4096.0,0.69,11.04,5.983936280687191,10.539058584958477,263.447,92.2065,15.2035,container_ship,Methanol,Chennai,Visakhapatnam
0,2,2,33063,9.9,76.6,859,2.44,970.2990000000001,0.7659999999999999,7.583399999999999,6.756932389247553,10.406200356191569,82.9829,45.6406,12.8624,bulk_carrier,LNG,Mumbai,Kochi
0,3,0,35729,10.9,79.5,788,2.7,1295.0290000000002,0.795,8.665500000000002,6.670766320845874,10.483745951017456,116.3505,79.1183,18.6306,bulk_carrier,MGO,Port_Blair,Chennai
0,3,2,45790,8.8,66.8,22,3.37,681.4720000000002,0.6679999999999999,5.8784,3.1354942159291497,10.731842844242117,2.6502,1.8021,0.4244,bulk_carrier,MGO,Mumbai,JNPA
6,2,2,47767,14.9,58.1,761,1.26,3307.949,0.581,8.6569,6.635946555686647,10.774111238226828,184.0939,101.2517,28.5346,tanker,LNG,Tuticorin,Port_Blair
6,3,2,71643,12.0,69.7,529,1.62,1728.0,0.6970000000000001,8.364,6.272877006546167,11.17946468934515,137.0173,93.1717,21.9399,tanker,MGO,Mormugao,Kandla
6,3,0,71643,14.0,77.4,495,2.25,2744.0,0.774,10.836,6.206575926724928,11.17946468934515,187.0671,127.2056,29.9541,tanker,MGO,Kolkata_SMPK,Visakhapatnam
5,2,0,4651,20.4,55.7,406,3.32,8489.663999999999,0.557,11.3628,6.008813185442595,8.445052513638554,44.1365,24.2751,6.8412,ro_ro,LNG,Visakhapatnam,Chennai
0,3,2,49332,12.1,84.4,700,2.78,1771.561,0.8440000000000001,10.2124,6.55250788703459,10.806348507298559,169.9261,115.5498,27.2094,bulk_carrier,MGO,Paradip,Chennai
3,0,2,9058,13.1,99.6,853,0.34,2248.091,0.996,13.0476,6.74993119378857,9.111514017669288,69.11,35.9372,10.2655,general_cargo,HFO,Chennai,Kolkata_SMPK
1,0,2,13324,11.4,77.0,22,2.38,1481.544,0.77,8.778,3.1354942159291497,9.497397249034046,1.9279,1.0025,0.2864,container_ship,HFO,Mumbai,JNPA
1,0,0,17470,24.6,73.9,419,2.85,14886.936000000003,0.7390000000000001,18.179400000000005,6.040254711277414,9.768297642474444,210.6447,109.5353,31.289,container_ship,HFO,Kochi,Mormugao
6,2,0,35987,10.8,82.8,277,2.48,1259.7120000000002,0.828,8.942400000000001,5.627621113690637,10.49094082853701,36.3851,20.0118,5.6397,tanker,LNG,Kandla,Mumbai
0,2,2,45319,12.4,74.2,290,3.47,1906.6240000000003,0.742,9.200800000000001,5.673323267171493,10.721503715141942,61.054,33.5797,9.4634,bulk_carrier,LNG,Kandla,JNPA
0,2,0,59816,14.5,58.0,290,0.91,3048.625,0.58,8.41,5.673323267171493,10.99904518047501,75.3153,41.4234,11.6739,bulk_carrier,LNG,Kandla,JNPA
0,0,2,34473,11.1,99.1,422,0.42,1367.6309999999999,0.991,11.0001,6.0473721790462776,10.447960695714336,65.3694,33.9921,9.7099,bulk_carrier,HFO,Mormugao,Kochi
1,3,2,16607,20.5,77.6,856,1.09,8615.125,0.7759999999999999,15.907999999999998,6.75343791859778,9.717639785965615,235.6567,160.2466,37.7345,container_ship,MGO,Kolkata_SMPK,Chennai
0,0,1,33063,14.2,62.5,290,3.2,2863.2879999999996,0.625,8.875,5.673323267171493,10.406200356191569,80.8795,42.0573,12.0138,bulk_carrier,HFO,JNPA,Kandla
1,2,2,17711,17.4,54.3,345,2.87,5268.0239999999985,0.5429999999999999,9.448199999999998,5.846438775057725,9.781997654948418,61.3751,33.7563,9.5131,container_ship,LNG,New_Mangalore,Kochi
0,2,2,58490,13.4,95.4,370,2.76,2406.1040000000003,0.9540000000000001,12.783600000000002,5.916202062607435,10.976628175230568,106.8143,58.7479,16.5562,bulk_carrier,LNG,Chennai,Tuticorin
3,3,1,16651,10.5,89.3,359,2.48,1157.625,0.893,9.3765,5.886104031450156,9.720285608314866,30.6052,20.8116,4.9007,general_cargo,MGO,Mormugao,JNPA
0,2,2,49332,12.1,81.0,290,1.93,1771.561,0.81,9.801,5.673323267171493,10.806348507298559,52.8416,29.0629,8.1904,bulk_carrier,LNG,JNPA,Kandla
6,0,0,22608,11.5,84.0,757,2.11,1520.875,0.84,9.66,6.630683385642372,10.026103336076316,92.6615,48.184,13.7638,tanker,HFO,Port_Blair,Tuticorin
6,2,2,22608,10.0,67.8,529,2.58,1000.0,0.6779999999999999,6.779999999999999,6.272877006546167,10.026103336076316,38.5811,21.2196,5.9801,tanker,LNG,Mormugao,Kandla
3,0,2,17741,8.8,99.9,491,3.27,681.4720000000002,0.9990000000000001,8.791200000000002,6.198478716492308,9.783689989080532,34.4979,17.9389,5.1243,general_cargo,HFO,Visakhapatnam,Kolkata_SMPK
6,0,2,72064,16.1,81.5,507,3.39,4173.281000000001,0.815,13.121500000000001,6.230481447578482,11.185323768517204,314.2476,163.4087,46.678,tanker,HFO,Mumbai,New_Mangalore
0,0,1,62925,15.2,58.8,396,1.31,3511.8079999999995,0.588,8.9376,5.983936280687191,11.049714711812085,133.6025,69.4733,19.8452,bulk_carrier,HFO,Chennai,Visakhapatnam
3,3,2,17741,12.0,96.2,1179,2.46,1728.0,0.9620000000000001,11.544,7.07326971745971,9.783689989080532,137.7264,93.6539,22.0534,general_cargo,MGO,Mumbai,Chennai
1,2,0,27197,17.5,80.1,18,1.85,5359.375,0.8009999999999999,14.017499999999998,2.9444389791664403,10.210898720168904,4.5553,2.5054,0.7061,container_ship,LNG,Chennai,Kamarajar
0,0,2,62925,14.7,68.2,521,3.27,3176.5229999999997,0.682,10.0254,6.257667587882639,11.049714711812085,232.0844,120.6839,34.4736,bulk_carrier,HFO,Kandla,Mormugao
3,0,2,15648,13.9,54.0,276,2.6,2685.619,0.54,7.506000000000001,5.6240175061873385,9.658162296163171,35.394,18.4049,5.2574,general_cargo,HFO,Kandla,Mumbai
0,0,2,56365,14.5,97.7,1196,1.73,3048.625,0.977,14.1665,7.087573705557973,10.939621418827507,431.9187,224.5977,64.1568,bulk_carrier,HFO,Chennai,JNPA
6,0,2,59471,12.4,84.3,358,2.43,1906.6240000000003,0.843,10.4532,5.883322388488279,10.993260892537034,109.1605,56.7634,16.2146,tanker,HFO,JNPA,Mormugao
6,3,2,76931,13.4,68.9,297,2.94,2406.1040000000003,0.6890000000000001,9.232600000000001,5.697093486505405,11.250677193775257,112.4369,76.4571,18.004,tanker,MGO,JNPA,Kandla
1,4,2,21724,19.8,52.0,542,0.94,7762.392000000001,0.52,10.296000000000001,6.297109319933935,9.986218950133592,316.2154,110.6754,18.2488,container_ship,Methanol,Chennai,Kochi
3,3,2,18455,9.8,89.4,24,0.67,941.1920000000002,0.894,8.7612,3.2188758248682006,9.823144799853589,1.5149,1.0302,0.2426,general_cargo,MGO,JNPA,Mumbai
1,2,2,41892,13.7,50.7,700,1.18,2571.3529999999996,0.507,6.9459,6.55250788703459,10.64287402751427,113.7147,62.5431,17.6258,container_ship,LNG,Paradip,Chennai
0,0,2,47170,10.0,74.8,311,1.03,1000.0,0.748,7.48,5.7430031878094825,10.761534575968792,38.6652,20.1059,5.7433,bulk_carrier,HFO,Paradip,Visakhapatnam
6,2,2,71643,13.8,85.7,505,0.99,2628.0720000000006,0.857,11.826600000000001,6.226536669287466,11.17946468934515,151.6201,83.391,23.5011,tanker,LNG,New_Mangalore,Mumbai
6,2,2,37289,15.6,51.5,229,2.42,3796.4159999999997,0.515,8.034,5.438079308923196,10.526480473172866,56.6629,31.1646,8.7828,tanker,LNG,Kolkata_SMPK,Paradip
6,3,2,47767,12.0,83.7,364,2.21,1728.0,0.8370000000000001,10.044,5.8998973535824915,10.774111238226828,84.4543,57.4289,13.5232,tanker,MGO,Tuticorin,Chennai
6,0,2,66768,15.6,74.6,276,2.28,3796.4159999999997,0.746,11.637599999999999,5.6240175061873385,11.108994179953779,133.0658,69.1942,19.7655,tanker,HFO,Kandla,Mumbai
3,3,0,14088,10.7,76.7,422,1.91,1225.0429999999997,0.767,8.2069,6.0473721790462776,9.553149630053277,32.0373,21.7854,5.13,general_cargo,MGO,Mormugao,Kochi
5,3,2,4651,17.1,52.7,17,2.87,5000.211000000001,0.527,9.011700000000001,2.8903717578961645,8.445052513638554,1.3824,0.94,0.2214,ro_ro,MGO,Kamarajar,Chennai
3,3,2,6658,11.2,86.1,853,1.79,1404.9279999999997,0.861,9.643199999999998,6.74993119378857,8.803724602110622,41.7273,28.3745,6.6816,general_cargo,MGO,Chennai,Kolkata_SMPK
1,2,2,13324,13.2,92.0,290,0.42,2299.968,0.92,12.144,5.673323267171493,9.497397249034046,24.6111,13.5361,3.8147,container_ship,LNG,JNPA,Kandla
1,2,1,19734,16.6,78.8,282,1.51,4574.296000000001,0.7879999999999999,13.0808,5.645446897643238,9.890148988096948,49.7883,27.3836,7.7172,container_ship,LNG,Mumbai,Kandla
6,3,0,70614,14.2,77.7,1196,1.78,2863.2879999999996,0.777,11.0334,7.087573705557973,11.164997865503164,456.2665,310.2612,73.0597,tanker,MGO,Chennai,JNPA
1,3,2,37761,19.4,97.4,797,1.8,7301.383999999998,0.9740000000000001,18.8956,6.682108597449809,10.539058584958477,373.15,253.742,59.7506,container_ship,MGO,Chennai,Port_Blair
6,2,2,68994,14.0,79.0,692,1.14,2744.0,0.79,11.06,6.541029999189903,11.141789317185655,206.7954,113.7375,32.0533,tanker,LNG,Chennai,Paradip
6,3,0,42416,14.6,93.9,358,2.05,3112.136,0.9390000000000001,13.7094,5.883322388488279,10.65530450425995,104.3819,70.9797,16.7142,tanker,MGO,JNPA,Mormugao
3,3,1,5602,9.4,52.7,692,3.45,830.5840000000001,0.527,4.9538,6.541029999189903,8.631057447565285,21.209,14.4222,3.3961,general_cargo,MGO,Chennai,Paradip
0,0,2,45319,12.2,95.1,276,0.59,1815.8479999999997,0.951,11.602199999999998,5.6240175061873385,10.721503715141942,59.2861,30.8287,8.8063,bulk_carrier,HFO,Kandla,Mumbai
6,0,2,28073,15.2,75.9,277,1.23,3511.8079999999995,0.759,11.5368,5.627621113690637,10.24259916009427,64.0367,33.2991,9.5119,tanker,HFO,Kandla,Mumbai
1,0,2,19734,21.6,80.0,876,1.7,10077.696000000002,0.8,17.28,6.776506992372183,9.890148988096948,338.7107,176.1295,50.3117,container_ship,HFO,JNPA,Kochi
5,2,1,6851,20.3,70.8,406,1.89,8365.427000000001,0.708,14.372399999999999,6.008813185442595,8.832295859444011,53.0224,29.1623,8.2185,ro_ro,LNG,Visakhapatnam,Chennai
1,2,1,13324,11.8,80.4,276,1.85,1643.0320000000004,0.804,9.487200000000001,5.6240175061873385,9.497397249034046,19.9743,10.9859,3.096,container_ship,LNG,Mumbai,Kandla
0,2,2,34731,13.4,93.2,286,1.91,2406.1040000000003,0.932,12.488800000000001,5.659482215759621,10.455416731180536,55.8513,30.7182,8.657,bulk_carrier,LNG,Kandla,JNPA
3,0,0,9258,11.9,75.2,876,0.66,1685.159,0.752,8.9488,6.776506992372183,9.133351330448047,59.1108,30.7376,8.7803,general_cargo,HFO,JNPA,Kochi
0,2,1,63697,10.4,90.6,297,1.49,1124.864,0.9059999999999999,9.4224,5.697093486505405,11.061908443893099,47.3402,26.0371,7.3377,bulk_carrier,LNG,JNPA,Kandla
3,0,0,7328,14.7,63.1,396,1.46,3176.5229999999997,0.631,9.2757,5.983936280687191,8.89959435992585,35.5981,18.511,5.2877,general_cargo,HFO,Chennai,Visakhapatnam
3,3,1,14985,14.3,87.0,24,1.04,2924.2070000000003,0.87,12.441,3.2188758248682006,9.614871710924255,3.0672,2.0857,0.4911,general_cargo,MGO,JNPA,Mumbai
4,3,2,3808,23.6,80.0,411,3.26,13144.256000000003,0.8,18.880000000000003,6.021023349349527,8.245121966478605,65.1218,44.2828,10.4276,passenger,MGO,Visakhapatnam,Kamarajar
6,3,2,28632,16.9,65.0,345,1.71,4826.808999999998,0.65,10.985,5.846438775057725,10.262315177792935,79.5329,54.0824,12.7352,tanker,MGO,New_Mangalore,Kochi
0,0,2,59816,12.9,100.0,297,0.72,2146.6890000000003,1.0,12.9,5.697093486505405,10.99904518047501,87.5576,45.53,13.0057,bulk_carrier,HFO,JNPA,Kandla
2,2,0,1735,12.6,87.5,217,2.08,2000.3759999999997,0.875,11.025,5.384495062789089,7.459338895220296,4.8055,2.643,0.7449,ferry,LNG,Paradip,Kolkata_SMPK
5,2,2,6851,19.4,53.3,348,2.79,7301.383999999998,0.5329999999999999,10.340199999999998,5.855071922202427,8.832295859444011,42.8348,23.5592,6.6394,ro_ro,LNG,Kochi,New_Mangalore
1,4,2,26077,19.4,87.5,24,0.93,7301.383999999998,0.875,16.974999999999998,3.2188758248682006,10.168847325983418,16.3863,5.7352,0.9457,container_ship,Methanol,JNPA,Mumbai
1,2,2,16607,20.3,58.4,850,2.77,8365.427000000001,0.584,11.8552,6.7464121285733745,9.717639785965615,205.0822,112.7952,31.7877,container_ship,LNG,Kochi,Mumbai
1,3,2,23507,21.1,57.7,1196,0.92,9393.931000000002,0.5770000000000001,12.174700000000001,7.087573705557973,10.065096067732542,403.5351,274.4038,64.6161,container_ship,MGO,Chennai,JNPA
3,0,2,17741,11.2,52.8,419,1.45,1404.9279999999997,0.528,5.9136,6.040254711277414,9.783689989080532,38.3171,19.9249,5.6916,general_cargo,HFO,Kochi,Mormugao
6,2,2,72064,14.7,54.7,491,3.28,3176.5229999999997,0.547,8.0409,6.198478716492308,11.185323768517204,168.638,92.7509,26.1389,tanker,LNG,Visakhapatnam,Kolkata_SMPK
0,2,2,27915,10.8,86.3,529,0.35,1259.7120000000002,0.863,9.320400000000001,6.272877006546167,10.236955280137042,46.4475,25.5461,7.1994,bulk_carrier,LNG,Mormugao,Kandla
0,3,0,63249,13.4,94.5,876,0.5,2406.1040000000003,0.945,12.663,6.776506992372183,11.054850406589766,229.9812,156.3872,36.8257,bulk_carrier,MGO,JNPA,Kochi
0,0,2,26135,9.3,67.5,183,0.67,804.3570000000002,0.675,6.277500000000001,5.214935757608986,10.171068953280907,13.481,7.0101,2.0025,bulk_carrier,HFO,Tuticorin,Kochi
0,0,2,38293,13.4,86.2,411,1.24,2406.1040000000003,0.862,11.5508,6.021023349349527,10.55304850493315,97.2523,50.5712,14.4458,bulk_carrier,HFO,Visakhapatnam,Kamarajar
6,0,0,55468,14.0,63.0,419,3.45,2744.0,0.63,8.82,6.040254711277414,10.923579585124024,147.9886,76.9541,21.9821,tanker,HFO,Kochi,Mormugao
1,3,2,17470,24.5,76.8,876,2.64,14706.125,0.768,18.816,6.776506992372183,9.768297642474444,423.1088,287.714,67.7503,container_ship,MGO,JNPA,Kochi
1,0,2,18598,20.1,94.7,229,2.4,8120.6010000000015,0.9470000000000001,19.034700000000004,5.438079308923196,9.830863094815127,79.3651,41.2698,11.7888,container_ship,HFO,Kolkata_SMPK,Paradip
0,2,1,58420,10.7,58.5,345,2.59,1225.0429999999997,0.585,6.259499999999999,5.846438775057725,10.975430693220769,52.1823,28.7002,8.0883,bulk_carrier,LNG,New_Mangalore,Kochi
1,3,2,33687,18.0,65.0,169,0.57,5832.0,0.65,11.700000000000001,5.135798437050262,10.424896969841763,49.2647,33.5,7.8885,container_ship,MGO,New_Mangalore,Mormugao
6,3,2,28073,13.9,77.8,757,0.99,2685.619,0.778,10.814200000000001,6.630683385642372,10.24259916009427,122.0645,83.0038,19.5456,tanker,MGO,Port_Blair,Tuticorin
6,2,2,37083,13.2,50.6,692,1.16,2299.968,0.506,6.6792,6.541029999189903,10.520940888726873,100.0608,55.0334,15.5094,tanker,LNG,Chennai,Paradip
1,0,2,18598,24.1,92.2,282,2.71,13997.521000000002,0.922,22.220200000000002,5.645446897643238,9.830863094815127,146.7867,76.3291,21.8035,container_ship,HFO,Mumbai,Kandla
6,0,0,47767,14.3,71.5,1190,1.33,2924.2070000000003,0.715,10.2245,7.0825485693553,10.774111238226828,296.2092,154.0288,43.9986,tanker,HFO,JNPA,Chennai
0,0,1,49115,13.3,57.5,359,3.25,2352.637,0.575,7.6475,5.886104031450156,10.801940126280403,87.7063,45.6073,13.0278,bulk_carrier,HFO,Mormugao,JNPA
0,0,2,49332,14.4,95.7,529,1.6,2985.9840000000004,0.9570000000000001,13.780800000000001,6.272877006546167,10.806348507298559,176.4306,91.7439,26.2068,bulk_carrier,HFO,Mormugao,Kandla
1,3,2,41892,13.0,67.8,217,2.25,2197.0,0.6779999999999999,8.814,5.384495062789089,10.64287402751427,46.975,31.943,7.5219,container_ship,MGO,Paradip,Kolkata_SMPK
2,3,2,1735,14.9,61.6,364,1.99,3307.949,0.616,9.1784,5.8998973535824915,7.459338895220296,11.4057,7.7559,1.8263,ferry,MGO,Tuticorin,Chennai
0,2,2,48674,13.4,99.9,528,1.08,2406.1040000000003,0.9990000000000001,13.386600000000001,6.270988431858299,10.7929208302404,110.9532,61.0243,17.1978,bulk_carrier,LNG,New_Mangalore,JNPA
4,1,0,3808,17.9,57.4,870,1.66,5735.338999999999,0.574,10.274599999999998,6.769641976852503,8.245121966478605,23.8635,76.3633,1.7182,passenger,Hydrogen,Kochi,JNPA
0,3,2,40197,11.7,76.8,505,1.68,1601.6129999999996,0.768,8.9856,6.226536669287466,10.601572522125696,78.9986,53.7191,12.6497,bulk_carrier,MGO,New_Mangalore,Mumbai
0,2,2,42726,11.4,96.2,528,0.74,1481.544,0.9620000000000001,10.966800000000001,6.270988431858299,10.662586317888776,70.0887,38.5488,10.8637,bulk_carrier,LNG,New_Mangalore,JNPA
3,3,2,5817,14.3,79.2,853,0.36,2924.2070000000003,0.792,11.325600000000001,6.74993119378857,8.668711839055147,53.1024,36.1097,8.503,general_cargo,MGO,Chennai,Kolkata_SMPK
6,0,0,27184,11.0,88.0,1190,3.03,1331.0,0.88,9.68,7.0825485693553,10.210420629580021,179.7225,93.4557,26.6958,tanker,HFO,JNPA,Chennai
6,3,2,59471,15.0,84.5,183,1.33,3375.0,0.845,12.674999999999999,5.214935757608986,10.993260892537034,62.1803,42.2826,9.9566,tanker,MGO,Tuticorin,Kochi
2,5,2,1735,11.7,90.4,345,2.25,1601.6129999999996,0.904,10.5768,5.846438775057725,7.459338895220296,92.9416,11.153,0.2744,ferry,Shore_Power,New_Mangalore,Kochi
1,3,2,41157,12.0,89.5,22,2.04,1728.0,0.895,10.74,3.1354942159291497,10.625173597902494,4.0227,2.7355,0.6441,container_ship,MGO,Mumbai,JNPA
3,0,2,15648,15.0,85.0,277,0.51,3375.0,0.85,12.75,5.627621113690637,9.658162296163171,39.1006,20.3323,5.808,general_cargo,HFO,Kandla,Mumbai
6,0,2,47767,11.4,51.6,359,2.31,1481.544,0.516,5.8824000000000005,5.886104031450156,10.774111238226828,57.7569,30.0336,8.5791,tanker,HFO,Mormugao,JNPA
0,3,2,56365,13.8,70.5,491,0.52,2628.0720000000006,0.705,9.729,6.198478716492308,10.939621418827507,125.1256,85.0854,20.0357,bulk_carrier,MGO,Visakhapatnam,Kolkata_SMPK
5,2,2,4206,18.3,90.9,17,0.55,6128.487000000001,0.909,16.634700000000002,2.8903717578961645,8.344505083590521,1.2565,0.6911,0.1948,ro_ro,LNG,Kamarajar,Chennai
1,2,2,30177,18.7,56.4,347,1.01,6539.2029999999995,0.564,10.5468,5.8522024797744745,10.314868461073596,85.0181,46.76,13.1778,container_ship,LNG,Mormugao,Mumbai
5,0,2,7575,15.9,76.0,347,1.48,4019.679,0.76,12.084,5.8522024797744745,8.932740634865914,31.6658,16.4662,4.7036,ro_ro,HFO,Mormugao,Mumbai
3,3,2,14844,8.8,79.3,406,0.92,681.4720000000002,0.7929999999999999,6.9784,6.008813185442595,9.60541838719786,18.5712,12.6284,2.9737,general_cargo,MGO,Visakhapatnam,Chennai
4,1,0,4149,22.7,98.9,217,1.88,11697.082999999999,0.9890000000000001,22.450300000000002,5.384495062789089,8.330863613224745,11.562,36.9983,0.8325,passenger,Hydrogen,Paradip,Kolkata_SMPK
5,2,2,4651,19.2,92.3,859,1.59,7077.887999999999,0.9229999999999999,17.7216,6.756932389247553,8.445052513638554,87.3809,48.0595,13.544,ro_ro,LNG,Mumbai,Kochi
1,0,2,35698,16.6,99.3,859,0.87,4574.296000000001,0.993,16.483800000000002,6.756932389247553,10.482877956170928,276.6512,143.8586,41.0935,container_ship,HFO,Mumbai,Kochi
0,3,0,42726,11.7,59.8,290,1.88,1601.6129999999996,0.598,6.996599999999999,5.673323267171493,10.662586317888776,46.7965,31.8216,7.4933,bulk_carrier,MGO,JNPA,Kandla
0,3,1,40297,11.6,97.0,290,1.2,1560.896,0.97,11.251999999999999,5.673323267171493,10.604057118911712,46.9235,31.908,7.5136,bulk_carrier,MGO,Kandla,JNPA
3,3,2,5817,11.8,69.8,495,3.0,1643.0320000000004,0.698,8.2364,6.206575926724928,8.668711839055147,26.9461,18.3233,4.3147,general_cargo,MGO,Kolkata_SMPK,Visakhapatnam
6,2,1,47767,12.8,91.4,276,2.11,2097.1520000000005,0.914,11.699200000000001,5.6240175061873385,10.774111238226828,55.7494,30.6621,8.6412,tanker,LNG,Mumbai,Kandla
0,2,2,59816,13.4,56.4,419,2.65,2406.1040000000003,0.564,7.5576,6.040254711277414,10.99904518047501,105.7939,58.1867,16.3981,bulk_carrier,LNG,Kochi,Mormugao
0,0,2,47170,11.5,94.0,348,1.81,1520.875,0.94,10.809999999999999,5.855071922202427,10.761534575968792,70.6797,36.7535,10.4987,bulk_carrier,HFO,Kochi,New_Mangalore
1,3,2,27197,17.3,70.1,870,1.08,5177.717000000001,0.701,12.1273,6.769641976852503,10.210898720168904,212.4134,144.4411,34.0127,container_ship,MGO,Kochi,JNPA
3,3,2,17380,9.6,70.5,286,2.03,884.7359999999999,0.705,6.768,5.659482215759621,9.76313293456348,17.4929,11.8952,2.801,general_cargo,MGO,Kandla,JNPA
6,2,1,55666,13.5,64.6,422,3.37,2460.375,0.6459999999999999,8.720999999999998,6.0473721790462776,10.927142790736806,107.4567,59.1012,16.6558,tanker,LNG,Mormugao,Kochi
3,0,0,9058,13.6,93.2,528,0.43,2515.4559999999997,0.932,12.6752,6.270988431858299,9.111514017669288,49.8456,25.9197,7.404,general_cargo,HFO,New_Mangalore,JNPA
2,3,2,2604,12.6,82.0,788,3.32,2000.3759999999997,0.82,10.331999999999999,6.670766320845874,7.865187954187467,30.2818,20.5916,4.8489,ferry,MGO,Port_Blair,Chennai
6,3,2,37083,12.6,59.3,411,1.66,2000.3759999999997,0.593,7.471799999999999,6.021023349349527,10.520940888726873,71.904,48.8948,11.5136,tanker,MGO,Visakhapatnam,Kamarajar
0,2,1,48674,11.5,69.0,176,2.68,1520.875,0.69,7.935,5.176149732573829,10.7929208302404,31.9208,17.5564,4.9477,bulk_carrier,LNG,Mormugao,New_Mangalore
6,2,2,47959,15.6,94.0,870,3.13,3796.4159999999997,0.94,14.664,6.769641976852503,10.77812260914145,302.6747,166.4711,46.9146,tanker,LNG,Kochi,JNPA
1,2,2,23507,18.9,92.5,505,0.94,6751.268999999998,0.925,17.482499999999998,6.226536669287466,10.065096067732542,129.4436,71.194,20.0638,container_ship,LNG,New_Mangalore,Mumbai
1,4,2,34898,22.0,74.7,411,2.25,10648.0,0.747,16.434,6.021023349349527,10.460213454484876,503.4298,176.2004,29.0529,container_ship,Methanol,Visakhapatnam,Kamarajar
0,3,2,66381,10.6,79.5,276,2.26,1191.0159999999998,0.795,8.427,5.6240175061873385,11.103181214377175,58.3594,39.6844,9.3448,bulk_carrier,MGO,Mumbai,Kandla
0,0,2,40297,10.1,94.8,24,2.53,1030.301,0.948,9.5748,3.2188758248682006,10.604057118911712,3.4833,1.8113,0.5174,bulk_carrier,HFO,JNPA,Mumbai
0,0,0,38293,15.6,86.2,313,2.34,3796.4159999999997,0.862,13.447199999999999,5.749392985908253,10.55304850493315,104.207,54.1876,15.4788,bulk_carrier,HFO,Visakhapatnam,Paradip
4,3,2,3081,21.2,66.1,345,1.66,9528.127999999999,0.6609999999999999,14.013199999999998,5.846438775057725,8.033334015880062,33.2083,22.5817,5.3175,passenger,MGO,New_Mangalore,Kochi
5,0,1,4651,21.5,58.9,348,1.6,9938.375,0.589,12.663499999999999,5.855071922202427,8.445052513638554,44.9197,23.3583,6.6723,ro_ro,HFO,Kochi,New_Mangalore
1,2,2,26077,16.1,72.6,358,3.2,4173.281000000001,0.726,11.688600000000001,5.883322388488279,10.168847325983418,87.1334,47.9234,13.5057,container_ship,LNG,JNPA,Mormugao
3,3,0,15643,9.7,68.7,22,1.12,912.6729999999998,0.687,6.6639,3.1354942159291497,9.657842735875406,1.289,0.8765,0.2064,general_cargo,MGO,Mumbai,JNPA
6,0,2,23117,16.6,58.6,349,1.29,4574.296000000001,0.586,9.7276,5.857933154483459,10.048366813854212,78.3812,40.7582,11.6427,tanker,HFO,Mumbai,Mormugao
0,3,0,42343,12.0,59.3,1190,0.55,1728.0,0.593,7.116,7.0825485693553,10.653582013537823,178.5099,121.3867,28.5839,bulk_carrier,MGO,JNPA,Chennai
1,0,2,38751,12.4,78.3,856,2.1,1906.6240000000003,0.7829999999999999,9.7092,6.75343791859778,10.564937646352819,170.8037,88.8179,25.371,container_ship,HFO,Kolkata_SMPK,Chennai
3,3,2,9058,9.7,75.6,870,3.4,912.6729999999998,0.7559999999999999,7.333199999999999,6.769641976852503,9.111514017669288,43.1264,29.326,6.9056,general_cargo,MGO,Kochi,JNPA
0,0,0,63249,15.1,89.0,18,2.76,3442.9509999999996,0.89,13.439,2.9444389791664403,11.054850406589766,8.3404,4.337,1.2389,bulk_carrier,HFO,Chennai,Kamarajar
1,4,1,27197,17.2,89.4,419,1.6,5088.447999999999,0.894,15.3768,6.040254711277414,10.210898720168904,268.5425,93.9899,15.4976,container_ship,Methanol,Kamarajar,Visakhapatnam
0,3,2,35729,12.3,61.1,419,2.78,1860.8670000000004,0.611,7.5153,6.040254711277414,10.483745951017456,79.1189,53.8008,12.6689,bulk_carrier,MGO,Kochi,Mormugao
6,2,0,71643,13.3,98.0,347,0.6,2352.637,0.98,13.034,5.8522024797744745,11.17946468934515,85.5075,47.0291,13.2537,tanker,LNG,Mormugao,Mumbai
1,0,2,41892,13.1,62.3,521,1.55,2248.091,0.623,8.161299999999999,6.257667587882639,10.64287402751427,104.3877,54.2816,15.5057,container_ship,HFO,Kandla,Mormugao
0,0,2,47170,10.2,73.4,542,0.43,1061.2079999999999,0.7340000000000001,7.486800000000001,6.297109319933935,10.761534575968792,72.2314,37.5603,10.7292,bulk_carrier,HFO,Chennai,Kochi
5,0,2,8727,18.9,86.7,347,3.07,6751.268999999998,0.867,16.3863,5.8522024797744745,9.074291527512907,67.721,35.2149,10.0592,ro_ro,HFO,Mormugao,Mumbai
0,2,2,42726,14.0,56.5,277,0.62,2744.0,0.565,7.909999999999999,5.627621113690637,10.662586317888776,55.0788,30.2933,8.5372,bulk_carrier,LNG,Kandla,Mumbai
0,2,2,47945,14.7,91.7,1179,2.62,3176.5229999999997,0.917,13.4799,7.07326971745971,10.777830656602518,357.1153,196.4134,55.3529,bulk_carrier,LNG,Mumbai,Chennai
0,3,2,29708,11.6,90.8,406,1.45,1560.896,0.9079999999999999,10.532799999999998,6.008813185442595,10.299205309189412,53.789,36.5766,8.613,bulk_carrier,MGO,Visakhapatnam,Chennai
6,0,2,22608,10.5,88.7,169,3.01,1157.625,0.887,9.3135,5.135798437050262,10.026103336076316,18.206,9.4671,2.7043,tanker,HFO,New_Mangalore,Mormugao
1,2,2,13324,14.9,95.9,1179,1.06,3307.949,0.9590000000000001,14.289100000000001,7.07326971745971,9.497397249034046,136.2137,74.9175,21.1131,container_ship,LNG,Mumbai,Chennai
6,3,2,55468,15.1,56.4,1181,3.5,3442.9509999999996,0.564,8.516399999999999,7.074963197966044,10.923579585124024,481.5963,327.4855,77.1156,tanker,MGO,Chennai,Mumbai
3,0,0,15643,10.0,62.7,788,2.21,1000.0,0.627,6.27,6.670766320845874,9.657842735875406,53.9495,28.0538,8.0136,general_cargo,HFO,Port_Blair,Chennai
0,2,2,63249,13.1,58.7,853,3.26,2248.091,0.5870000000000001,7.689700000000001,6.74993119378857,11.054850406589766,231.3897,127.2643,35.8654,bulk_carrier,LNG,Chennai,Kolkata_SMPK
0,0,2,64303,12.7,58.4,22,1.06,2048.383,0.584,7.416799999999999,3.1354942159291497,11.071377116688982,5.0059,2.603,0.7436,bulk_carrier,HFO,Mumbai,JNPA
6,2,2,39701,14.4,76.1,189,1.15,2985.9840000000004,0.7609999999999999,10.9584,5.247024072160486,10.589156843240115,39.0479,21.4764,6.0524,tanker,LNG,Kochi,Tuticorin
0,3,0,63249,12.0,55.2,313,1.43,1728.0,0.552,6.6240000000000006,5.749392985908253,11.054850406589766,66.4238,45.1682,10.6361,bulk_carrier,MGO,Visakhapatnam,Paradip
1,4,2,27264,19.7,98.1,538,1.99,7645.373,0.981,19.325699999999998,6.289715570908998,10.213359107360162,467.5412,163.6394,26.9818,container_ship,Methanol,Kochi,Chennai
0,3,0,71338,13.0,88.4,17,2.77,2197.0,0.884,11.492,2.8903717578961645,11.175198441433086,6.1481,4.1807,0.9845,bulk_carrier,MGO,Kamarajar,Chennai
0,3,0,29708,16.1,97.4,859,1.76,4173.281000000001,0.9740000000000001,15.681400000000004,6.756932389247553,10.299205309189412,216.6454,147.3189,34.6903,bulk_carrier,MGO,Mumbai,Kochi
1,4,1,41892,15.2,92.1,276,2.75,3511.8079999999995,0.9209999999999999,13.999199999999998,5.6240175061873385,10.64287402751427,187.7986,65.7295,10.8379,container_ship,Methanol,Mumbai,Kandla
0,3,2,31987,10.1,82.1,17,1.33,1030.301,0.821,8.2921,2.8903717578961645,10.37311611145178,1.8074,1.229,0.2894,bulk_carrier,MGO,Kamarajar,Chennai
0,0,2,42726,13.2,52.8,297,0.43,2299.968,0.528,6.9696,5.697093486505405,10.662586317888776,52.6546,27.3804,7.8213,bulk_carrier,HFO,JNPA,Kandla
3,0,1,13823,10.4,54.1,757,0.93,1124.864,0.541,5.6264,6.630683385642372,9.534161491043838,42.6582,22.1823,6.3364,general_cargo,HFO,Port_Blair,Tuticorin
0,3,1,31987,10.7,76.6,1190,0.66,1225.0429999999997,0.7659999999999999,8.1962,7.0825485693553,10.37311611145178,126.8614,86.2658,20.3137,bulk_carrier,MGO,JNPA,Chennai
1,2,2,17470,17.5,57.6,761,2.31,5359.375,0.5760000000000001,10.080000000000002,6.635946555686647,9.768297642474444,138.5018,76.176,21.4678,container_ship,LNG,Tuticorin,Port_Blair
0,2,2,58095,13.0,60.9,856,2.93,2197.0,0.609,7.917,6.75343791859778,10.969852093654117,221.3709,121.754,34.3125,bulk_carrier,LNG,Kolkata_SMPK,Chennai
1,2,2,36763,22.8,80.7,876,2.22,11852.352,0.807,18.399600000000003,6.776506992372183,10.512274384478,471.2038,259.1621,73.0366,container_ship,LNG,JNPA,Kochi
3,0,0,9058,12.1,70.1,853,2.75,1771.561,0.701,8.482099999999999,6.74993119378857,9.111514017669288,64.8486,33.7213,9.6325,general_cargo,HFO,Chennai,Kolkata_SMPK
4,1,2,3808,19.6,74.0,1181,2.67,7529.536000000002,0.74,14.504000000000001,7.074963197966044,8.245121966478605,44.4225,142.1519,3.1984,passenger,Hydrogen,Chennai,Mumbai
5,2,2,6851,19.4,99.8,396,1.79,7301.383999999998,0.998,19.3612,5.983936280687191,8.832295859444011,55.7883,30.6836,8.6472,ro_ro,LNG,Chennai,Visakhapatnam
0,3,2,41493,11.0,53.7,364,3.07,1331.0,0.537,5.907,5.8998973535824915,10.633304117453084,58.1865,39.5668,9.3171,bulk_carrier,MGO,Tuticorin,Chennai
5,2,2,6851,14.0,75.9,17,1.82,2744.0,0.759,10.626,2.8903717578961645,8.832295859444011,1.1166,0.6141,0.1731,ro_ro,LNG,Kamarajar,Chennai
1,3,2,34470,18.5,78.6,507,3.13,6331.625,0.7859999999999999,14.540999999999999,6.230481447578482,10.44787366982408,236.2456,160.647,37.8288,container_ship,MGO,Mumbai,New_Mangalore
0,0,1,27915,10.8,72.0,518,2.86,1259.7120000000002,0.72,7.776,6.251903883165888,10.236955280137042,64.5162,33.5484,9.5832,bulk_carrier,HFO,JNPA,New_Mangalore
0,2,2,48674,11.3,74.0,229,0.44,1442.8970000000002,0.74,8.362,5.438079308923196,10.7929208302404,31.8735,17.5304,4.9404,bulk_carrier,LNG,Kolkata_SMPK,Paradip
1,2,2,41892,15.3,64.2,788,0.37,3581.5770000000007,0.642,9.822600000000001,6.670766320845874,10.64287402751427,176.1275,96.8701,27.2998,container_ship,LNG,Port_Blair,Chennai
2,3,1,1735,12.2,88.8,1196,0.77,1815.8479999999997,0.888,10.833599999999999,7.087573705557973,7.459338895220296,24.512,16.6682,3.925,ferry,MGO,Chennai,JNPA
1,2,2,27197,15.6,71.0,518,3.02,3796.4159999999997,0.71,11.075999999999999,6.251903883165888,10.210898720168904,113.5882,62.4735,17.6062,container_ship,LNG,JNPA,New_Mangalore
1,4,2,37761,14.6,56.6,518,2.8,3112.136,0.5660000000000001,8.2636,6.251903883165888,10.539058584958477,260.9953,91.3484,15.062,container_ship,Methanol,JNPA,New_Mangalore
0,0,0,38293,11.8,87.1,700,3.13,1643.0320000000004,0.871,10.277800000000001,6.55250788703459,10.55304850493315,148.0197,76.9702,21.9867,bulk_carrier,HFO,Paradip,Chennai
5,0,2,8843,17.3,79.3,17,1.7,5177.717000000001,0.7929999999999999,13.7189,2.8903717578961645,9.087494541977337,2.5842,1.3438,0.3839,ro_ro,HFO,Kamarajar,Chennai
3,3,2,14985,10.5,73.9,856,3.09,1157.625,0.7390000000000001,7.759500000000001,6.75343791859778,9.614871710924255,66.5494,45.2536,10.6562,general_cargo,MGO,Kolkata_SMPK,Chennai
6,2,2,54273,11.2,92.4,797,0.79,1404.9279999999997,0.924,10.3488,6.682108597449809,10.901800569887673,126.5171,69.5844,19.6101,tanker,LNG,Chennai,Port_Blair
1,0,2,26077,19.6,91.4,229,1.78,7529.536000000002,0.914,17.9144,5.438079308923196,10.168847325983418,96.043,49.9424,14.2661,container_ship,HFO,Kolkata_SMPK,Paradip
6,3,0,33954,13.2,58.8,700,0.91,2299.968,0.588,7.761599999999999,6.55250788703459,10.432791397547891,119.6598,81.3687,19.1605,tanker,MGO,Paradip,Chennai
6,2,2,70614,14.4,67.8,761,1.7,2985.9840000000004,0.6779999999999999,9.7632,6.635946555686647,11.164997865503164,205.8073,113.194,31.9001,tanker,LNG,Tuticorin,Port_Blair
4,3,2,2268,14.9,93.4,419,2.88,3307.949,0.934,13.9166,6.040254711277414,7.727094484779841,20.9013,14.2129,3.3468,passenger,MGO,Kamarajar,Visakhapatnam
1,3,2,31457,13.4,91.2,396,1.86,2406.1040000000003,0.912,12.2208,5.983936280687191,10.356408601800588,71.5012,48.6208,11.4491,container_ship,MGO,Chennai,Visakhapatnam
3,0,2,14844,12.6,88.4,276,2.64,2000.3759999999997,0.884,11.138399999999999,5.6240175061873385,9.60541838719786,34.5907,17.9872,5.1381,general_cargo,HFO,Mumbai,Kandla
0,3,0,59816,12.1,90.8,276,3.05,1771.561,0.9079999999999999,10.986799999999999,5.6240175061873385,10.99904518047501,70.1809,47.723,11.2377,bulk_carrier,MGO,Kandla,Mumbai
3,0,2,9058,10.6,61.5,217,2.18,1191.0159999999998,0.615,6.519,5.384495062789089,9.111514017669288,11.8765,6.1758,1.7641,general_cargo,HFO,Paradip,Kolkata_SMPK
0,0,2,30900,14.0,76.0,528,0.91,2744.0,0.76,10.64,6.270988431858299,10.33854382482173,115.8655,60.2501,17.2105,bulk_carrier,HFO,New_Mangalore,JNPA
1,4,0,18598,23.4,58.9,282,2.9,12812.903999999997,0.589,13.782599999999999,5.645446897643238,9.830863094815127,248.0903,86.8316,14.3173,container_ship,Methanol,Mumbai,Kandla
0,0,2,64303,10.3,88.6,850,1.84,1092.7270000000003,0.8859999999999999,9.1258,6.7464121285733745,11.071377116688982,170.8825,88.8589,25.3827,bulk_carrier,HFO,Kochi,Mumbai
6,3,2,68263,13.0,75.3,757,3.17,2197.0,0.753,9.789,6.630683385642372,11.13113782021642,261.7333,177.9787,41.91,tanker,MGO,Port_Blair,Tuticorin
1,2,2,41892,14.0,50.6,24,3.02,2744.0,0.506,7.084,3.2188758248682006,10.64287402751427,5.2951,2.9123,0.8207,container_ship,LNG,JNPA,Mumbai
6,2,2,25705,13.4,77.2,1181,2.96,2406.1040000000003,0.772,10.344800000000001,7.074963197966044,10.154479706670077,184.4047,101.4226,28.5827,tanker,LNG,Chennai,Mumbai
6,3,1,47233,12.8,51.6,797,0.65,2097.1520000000005,0.516,6.604800000000001,6.682108597449809,10.762869251237097,148.2343,100.7993,23.736,tanker,MGO,Chennai,Port_Blair
6,2,2,54273,12.5,85.8,419,0.31,1953.125,0.858,10.725,6.040254711277414,10.901800569887673,79.1649,43.5407,12.2706,tanker,LNG,Kochi,Mormugao
0,0,1,58242,13.1,89.4,406,2.31,2248.091,0.894,11.7114,6.008813185442595,10.972379192532934,129.3747,67.2749,19.2172,bulk_carrier,HFO,Visakhapatnam,Chennai
2,5,1,884,16.4,94.6,176,0.42,4410.943999999999,0.946,15.514399999999998,5.176149732573829,6.785587645007929,52.2886,6.2746,0.1544,ferry,Shore_Power,Mormugao,New_Mangalore
1,0,1,38751,15.0,73.6,282,2.89,3375.0,0.736,11.04,5.645446897643238,10.564937646352819,84.3747,43.8748,12.5329,container_ship,HFO,Mumbai,Kandla
3,3,2,15648,12.5,53.7,358,2.77,1953.125,0.537,6.7125,5.883322388488279,9.658162296163171,37.409,25.4381,5.9901,general_cargo,MGO,JNPA,Mormugao
6,2,2,54273,15.3,78.6,277,3.47,3581.5770000000007,0.7859999999999999,12.025799999999998,5.627621113690637,10.901800569887673,91.1797,50.1489,14.1329,tanker,LNG,Kandla,Mumbai
6,0,2,50271,12.8,71.5,349,0.5,2097.1520000000005,0.715,9.152,5.857933154483459,10.825203541055348,76.4031,39.7296,11.3488,tanker,HFO,Mumbai,Mormugao
1,0,0,12578,20.0,75.9,761,1.73,8000.0,0.759,15.18,6.635946555686647,9.439784035838873,179.0511,93.1066,26.5961,container_ship,HFO,Tuticorin,Port_Blair
0,2,0,58490,13.4,91.9,528,0.98,2406.1040000000003,0.919,12.3146,6.270988431858299,10.976628175230568,122.1389,67.1764,18.9315,bulk_carrier,LNG,New_Mangalore,JNPA
0,0,2,47170,11.5,74.6,411,2.75,1520.875,0.746,8.579,6.021023349349527,10.761534575968792,81.3312,42.2922,12.0809,bulk_carrier,HFO,Visakhapatnam,Kamarajar
2,5,2,2604,10.9,91.7,349,2.57,1295.0290000000002,0.917,9.9953,5.857933154483459,7.865187954187467,112.6413,13.517,0.3325,ferry,Shore_Power,Mumbai,Mormugao
0,0,0,71338,14.0,89.0,1179,0.8,2744.0,0.89,12.46,7.07326971745971,11.175198441433086,375.0742,195.0386,55.7132,bulk_carrier,HFO,Mumbai,Chennai
6,3,0,23117,12.4,74.9,277,2.05,1906.6240000000003,0.7490000000000001,9.287600000000001,5.627621113690637,10.048366813854212,34.6863,23.5867,5.5541,tanker,MGO,Kandla,Mumbai
6,2,2,76931,16.2,82.3,491,1.92,4251.527999999999,0.823,13.3326,6.198478716492308,11.250677193775257,225.6128,124.087,34.97,tanker,LNG,Visakhapatnam,Kolkata_SMPK
4,3,2,2268,18.0,59.4,422,3.47,5832.0,0.594,10.692,6.0473721790462776,7.727094484779841,26.8708,18.2722,4.3027,passenger,MGO,Mormugao,Kochi
0,0,2,60013,11.1,57.4,229,0.92,1367.6309999999999,0.574,6.3713999999999995,5.438079308923196,11.002333147319582,42.005,21.8426,6.2394,bulk_carrier,HFO,Kolkata_SMPK,Paradip
1,0,2,31457,16.0,72.7,1190,0.45,4096.0,0.727,11.632,7.0825485693553,10.356408601800588,292.9015,152.3088,43.5073,container_ship,HFO,JNPA,Chennai
6,0,2,45552,13.3,74.5,406,2.12,2352.637,0.745,9.9085,6.008813185442595,10.726631762209768,110.0069,57.2036,16.3403,tanker,HFO,Visakhapatnam,Chennai
1,3,2,36763,24.8,86.3,419,3.46,15252.992000000002,0.863,21.4024,6.040254711277414,10.512274384478,381.7734,259.6059,61.1315,container_ship,MGO,Kochi,Mormugao
3,3,2,15643,12.2,51.2,538,0.71,1815.8479999999997,0.512,6.2463999999999995,6.289715570908998,9.657842735875406,39.0024,26.5217,6.2453,general_cargo,MGO,Kochi,Chennai
5,2,2,8727,19.7,86.1,797,0.76,7645.373,0.861,16.9617,6.682108597449809,9.074291527512907,113.3231,62.3277,17.5651,ro_ro,LNG,Chennai,Port_Blair
6,0,2,56969,14.0,58.2,859,1.63,2744.0,0.5820000000000001,8.148000000000001,6.756932389247553,10.950280092474442,260.8533,135.6437,38.7469,tanker,HFO,Mumbai,Kochi
3,3,2,7328,15.0,67.9,286,0.97,3375.0,0.679,10.185,5.659482215759621,8.89959435992585,23.3478,15.8765,3.7386,general_cargo,MGO,Kandla,JNPA
0,0,1,58095,13.7,65.2,349,1.9,2571.3529999999996,0.652,8.9324,5.857933154483459,10.969852093654117,107.1123,55.6984,15.9103,bulk_carrier,HFO,Mumbai,Mormugao
0,2,2,63249,11.9,89.5,422,0.92,1685.159,0.895,10.650500000000001,6.0473721790462776,11.054850406589766,81.3215,44.7268,12.6048,bulk_carrier,LNG,Mormugao,Kochi
1,2,0,36763,22.8,86.2,349,2.68,11852.352,0.862,19.6536,5.857933154483459,10.512274384478,188.1583,103.4871,29.1645,container_ship,LNG,Mumbai,Mormugao
0,0,2,56365,14.1,67.4,347,0.97,2803.221,0.674,9.503400000000001,5.8522024797744745,10.939621418827507,102.0496,53.0658,15.1584,bulk_carrier,HFO,Mormugao,Mumbai
6,3,2,22608,13.8,56.8,183,2.89,2628.0720000000006,0.568,7.8384,5.214935757608986,10.026103336076316,32.749,22.2693,5.2439,tanker,MGO,Tuticorin,Kochi
1,3,1,30177,23.9,88.9,518,0.99,13651.918999999998,0.889,21.2471,6.251903883165888,10.314868461073596,285.961,194.4535,45.7895,container_ship,MGO,JNPA,New_Mangalore
0,2,2,47170,9.6,59.3,348,2.71,884.7359999999999,0.593,5.692799999999999,5.855071922202427,10.761534575968792,37.9493,20.8721,5.8821,bulk_carrier,LNG,Kochi,New_Mangalore
3,3,2,17741,10.5,57.7,538,1.83,1157.625,0.5770000000000001,6.0585,6.289715570908998,9.783689989080532,38.7317,26.3375,6.2019,general_cargo,MGO,Kochi,Chennai
0,0,2,27915,12.1,72.8,422,3.17,1771.561,0.728,8.8088,6.0473721790462776,10.236955280137042,71.1305,36.9879,10.5657,bulk_carrier,HFO,Mormugao,Kochi
6,3,2,25705,13.9,76.7,364,1.15,2685.619,0.767,10.6613,5.8998973535824915,10.154479706670077,57.1636,38.8713,9.1533,tanker,MGO,Tuticorin,Chennai
3,0,2,7328,14.7,96.1,345,2.02,3176.5229999999997,0.961,14.1267,5.846438775057725,8.89959435992585,33.7305,17.5398,5.0103,general_cargo,HFO,New_Mangalore,Kochi
4,3,2,4545,21.2,75.6,18,2.48,9528.127999999999,0.7559999999999999,16.027199999999997,2.9444389791664403,8.422003004412488,2.492,1.6946,0.399,passenger,MGO,Chennai,Kamarajar
0,2,2,33063,11.0,59.8,876,2.88,1331.0,0.598,6.577999999999999,6.776506992372183,10.406200356191569,104.8091,57.645,16.2454,bulk_carrier,LNG,JNPA,Kochi
5,2,2,4651,15.4,77.8,229,2.22,3652.264,0.778,11.981200000000001,5.438079308923196,8.445052513638554,14.3413,7.8877,2.2229,ro_ro,LNG,Kolkata_SMPK,Paradip
0,2,2,64303,9.6,91.3,419,3.44,884.7359999999999,0.9129999999999999,8.7648,6.040254711277414,11.071377116688982,66.6954,36.6825,10.3378,bulk_carrier,LNG,Kamarajar,Visakhapatnam
1,2,2,35698,22.6,59.7,507,1.33,11543.176000000001,0.597,13.4922,6.230481447578482,10.482877956170928,234.9771,129.2374,36.4214,container_ship,LNG,Mumbai,New_Mangalore
5,0,0,8843,19.3,79.4,24,2.21,7189.057000000001,0.794,15.324200000000001,3.2188758248682006,9.087494541977337,4.5161,2.3483,0.6708,ro_ro,HFO,JNPA,Mumbai
0,0,2,38293,12.5,97.4,277,1.03,1953.125,0.9740000000000001,12.175,5.627621113690637,10.55304850493315,54.2469,28.2084,8.0578,bulk_carrier,HFO,Kandla,Mumbai
0,0,2,33063,12.9,61.5,797,1.67,2146.6890000000003,0.615,7.9335,6.682108597449809,10.406200356191569,137.8812,71.6982,20.4807,bulk_carrier,HFO,Chennai,Port_Blair
5,0,0,6851,14.7,66.9,217,0.94,3176.5229999999997,0.669,9.8343,5.384495062789089,8.832295859444011,16.4158,8.5362,2.4384,ro_ro,HFO,Paradip,Kolkata_SMPK
0,3,2,40297,10.4,51.3,856,1.03,1124.864,0.513,5.3352,6.75343791859778,10.604057118911712,100.7091,68.4822,16.126,bulk_carrier,MGO,Kolkata_SMPK,Chennai
4,3,2,1902,24.6,89.6,1179,0.55,14886.936000000003,0.8959999999999999,22.0416,7.07326971745971,7.551186867296149,112.0487,76.1931,17.9418,passenger,MGO,Mumbai,Chennai
3,3,2,16704,12.3,53.8,18,0.49,1860.8670000000004,0.5379999999999999,6.617399999999999,2.9444389791664403,9.723463354790857,1.578,1.073,0.2527,general_cargo,MGO,Chennai,Kamarajar
3,0,2,16177,10.2,98.5,24,1.52,1061.2079999999999,0.985,10.046999999999999,3.2188758248682006,9.691407573577898,2.009,1.0447,0.2984,general_cargo,HFO,JNPA,Mumbai
0,2,2,38293,13.5,74.3,345,1.39,2460.375,0.743,10.0305,5.846438775057725,10.55304850493315,64.5708,35.5139,10.0085,bulk_carrier,LNG,New_Mangalore,Kochi
1,2,2,18598,21.9,80.9,761,2.44,10503.458999999997,0.809,17.7171,6.635946555686647,9.830863094815127,235.5869,129.5728,36.516,container_ship,LNG,Tuticorin,Port_Blair
1,4,2,18598,20.0,73.9,700,2.33,8000.0,0.7390000000000001,14.780000000000001,6.55250788703459,9.830863094815127,493.2619,172.6417,28.4661,container_ship,Methanol,Paradip,Chennai
6,2,2,55620,14.1,53.4,22,1.06,2803.221,0.534,7.5294,3.1354942159291497,10.926316106770527,4.9282,2.7105,0.7639,tanker,LNG,Mumbai,JNPA
3,3,2,5817,10.5,96.0,528,3.36,1157.625,0.96,10.08,6.270988431858299,8.668711839055147,24.4368,16.617,3.9129,general_cargo,MGO,New_Mangalore,JNPA
4,3,0,3504,17.9,65.3,757,2.81,5735.338999999999,0.653,11.688699999999999,6.630683385642372,8.16194579946869,59.4322,40.4139,9.5166,passenger,MGO,Port_Blair,Tuticorin
0,2,2,34473,12.6,71.5,518,1.64,2000.3759999999997,0.715,9.008999999999999,6.251903883165888,10.447960695714336,81.2017,44.6609,12.5863,bulk_carrier,LNG,JNPA,New_Mangalore
1,3,2,41157,17.3,72.9,313,3.28,5177.717000000001,0.7290000000000001,12.611700000000003,5.749392985908253,10.625173597902494,132.0648,89.804,21.1469,container_ship,MGO,Visakhapatnam,Paradip
6,0,2,67954,10.6,92.5,853,0.55,1191.0159999999998,0.925,9.805,6.74993119378857,11.126601000389448,178.3313,92.7323,26.4892,tanker,HFO,Chennai,Kolkata_SMPK
1,3,2,27264,18.7,96.6,22,2.91,6539.2029999999995,0.966,18.0642,3.1354942159291497,10.213359107360162,8.4769,5.7643,1.3574,container_ship,MGO,Mumbai,JNPA
6,0,0,59471,15.0,55.9,345,3.35,3375.0,0.5589999999999999,8.385,5.846438775057725,10.993260892537034,136.1588,70.8026,20.2249,tanker,HFO,New_Mangalore,Kochi
1,0,2,30177,22.3,67.0,349,1.25,11089.567000000001,0.67,14.941,5.857933154483459,10.314868461073596,172.3464,89.6201,25.6002,container_ship,HFO,Mumbai,Mormugao
1,4,2,21825,14.6,94.3,349,3.11,3112.136,0.943,13.7678,5.857933154483459,9.990857198673035,155.1593,54.3057,8.9542,container_ship,Methanol,Mumbai,Mormugao
3,3,0,5602,10.8,55.9,529,2.51,1259.7120000000002,0.5589999999999999,6.0371999999999995,6.272877006546167,8.631057447565285,21.4077,14.5572,3.4279,general_cargo,MGO,Mormugao,Kandla
3,3,0,13823,14.6,80.3,491,3.48,3112.136,0.8029999999999999,11.723799999999999,6.198478716492308,9.534161491043838,72.3886,49.2242,11.5912,general_cargo,MGO,Visakhapatnam,Kolkata_SMPK
1,3,2,21724,16.8,91.6,505,1.28,4741.6320000000005,0.9159999999999999,15.3888,6.226536669287466,9.986218950133592,119.7345,81.4195,19.1725,container_ship,MGO,New_Mangalore,Mumbai
1,4,1,41892,13.1,60.0,229,2.87,2248.091,0.6,7.859999999999999,5.438079308923196,10.64287402751427,111.9798,39.1929,6.4624,container_ship,Methanol,Kolkata_SMPK,Paradip
1,3,2,41157,16.9,70.1,521,2.82,4826.808999999998,0.701,11.846899999999998,6.257667587882639,10.625173597902494,210.1323,142.89,33.6474,container_ship,MGO,Kandla,Mormugao
6,3,1,72064,15.8,55.6,505,2.99,3944.3120000000004,0.556,8.7848,6.226536669287466,11.185323768517204,228.0145,155.0498,36.5108,tanker,MGO,New_Mangalore,Mumbai
1,4,2,27197,17.0,58.3,189,2.92,4913.0,0.583,9.911,5.247024072160486,10.210898720168904,116.8198,40.8869,6.7417,container_ship,Methanol,Kochi,Tuticorin
6,2,2,70614,16.2,74.1,538,2.64,4251.527999999999,0.741,12.004199999999999,6.289715570908998,11.164997865503164,225.8615,124.2238,35.0085,tanker,LNG,Kochi,Chennai
6,2,0,59471,13.8,61.5,853,1.74,2628.0720000000006,0.615,8.487,6.74993119378857,10.993260892537034,212.3101,116.7705,32.9081,tanker,LNG,Chennai,Kolkata_SMPK
3,0,2,5817,13.1,94.4,349,3.06,2248.091,0.9440000000000001,12.3664,5.857933154483459,8.668711839055147,24.3082,12.6403,3.6107,general_cargo,HFO,Mumbai,Mormugao
1,2,0,34898,16.9,54.2,757,1.24,4826.808999999998,0.542,9.1598,6.630683385642372,10.460213454484876,194.8472,107.166,30.2013,container_ship,LNG,Port_Blair,Tuticorin
6,3,2,28632,14.2,71.1,757,0.79,2863.2879999999996,0.711,10.0962,6.630683385642372,10.262315177792935,143.1789,97.3617,22.9265,tanker,MGO,Port_Blair,Tuticorin
6,2,2,68263,15.7,56.4,217,2.72,3869.8929999999996,0.564,8.8548,5.384495062789089,11.13113782021642,77.4063,42.5735,11.998,tanker,LNG,Paradip,Kolkata_SMPK
3,3,0,7328,15.3,62.0,521,3.22,3581.5770000000007,0.62,9.486,6.257667587882639,8.89959435992585,52.5426,35.729,8.4134,general_cargo,MGO,Kandla,Mormugao
3,3,0,14088,10.7,76.8,419,2.62,1225.0429999999997,0.768,8.2176,6.040254711277414,9.553149630053277,33.7896,22.9769,5.4106,general_cargo,MGO,Kochi,Mormugao
6,3,2,28244,16.8,66.2,700,1.05,4741.6320000000005,0.662,11.1216,6.55250788703459,10.248671729759362,171.7621,116.7982,27.5034,tanker,MGO,Paradip,Chennai
0,0,2,60844,10.2,83.7,521,0.76,1061.2079999999999,0.8370000000000001,8.5374,6.257667587882639,11.016084925770901,82.4252,42.8611,12.2434,bulk_carrier,HFO,Kandla,Mormugao
6,3,1,55468,12.6,65.4,297,2.35,2000.3759999999997,0.654,8.2404,5.697093486505405,10.923579585124024,70.0812,47.6552,11.2218,tanker,MGO,JNPA,Kandla
6,2,2,23117,13.8,97.3,229,2.26,2628.0720000000006,0.973,13.4274,5.438079308923196,10.048366813854212,36.0002,19.8001,5.58,tanker,LNG,Kolkata_SMPK,Paradip
3,3,2,14844,8.8,90.2,542,0.74,681.4720000000002,0.902,7.937600000000001,6.297109319933935,9.60541838719786,25.1148,17.078,4.0215,general_cargo,MGO,Chennai,Kochi
6,0,1,23323,14.2,78.4,277,2.64,2863.2879999999996,0.784,11.1328,5.627621113690637,10.057238152342046,56.4351,29.3463,8.3828,tanker,HFO,Kandla,Mumbai
1,0,2,23507,18.9,72.7,189,1.02,6751.268999999998,0.727,13.740299999999998,5.247024072160486,10.065096067732542,54.6204,28.4026,8.1133,container_ship,HFO,Kochi,Tuticorin
0,0,1,63249,11.2,50.4,757,0.54,1404.9279999999997,0.504,5.6448,6.630683385642372,11.054850406589766,135.8817,70.6585,20.1837,bulk_carrier,HFO,Port_Blair,Tuticorin
0,0,1,27915,9.8,54.6,542,2.92,941.1920000000002,0.546,5.3508000000000004,6.297109319933935,10.236955280137042,53.9404,28.049,8.0123,bulk_carrier,HFO,Chennai,Kochi
0,3,2,56514,10.1,76.1,876,0.69,1030.301,0.7609999999999999,7.686099999999999,6.776506992372183,10.942261368624832,127.1815,86.4834,20.3649,bulk_carrier,MGO,JNPA,Kochi
0,0,2,58242,10.5,88.9,297,1.03,1157.625,0.889,9.3345,5.697093486505405,10.972379192532934,49.3026,25.6374,7.3234,bulk_carrier,HFO,JNPA,Kandla
0,2,2,33529,15.3,56.7,505,2.42,3581.5770000000007,0.5670000000000001,8.6751,6.226536669287466,10.420195839460273,111.0684,61.0876,17.2156,bulk_carrier,LNG,New_Mangalore,Mumbai
6,0,2,23323,11.2,64.8,169,2.33,1404.9279999999997,0.648,7.2576,5.135798437050262,10.057238152342046,18.7588,9.7546,2.7864,tanker,HFO,New_Mangalore,Mormugao
4,3,2,4545,21.8,63.8,290,0.87,10360.232000000002,0.638,13.9084,5.673323267171493,8.422003004412488,36.186,24.6065,5.7943,passenger,MGO,Kandla,JNPA
2,2,2,884,18.1,70.1,297,3.05,5929.741000000002,0.701,12.6881,5.697093486505405,6.785587645007929,8.4119,4.6266,1.3039,ferry,LNG,JNPA,Kandla
6,2,2,56969,11.1,83.2,396,0.75,1367.6309999999999,0.8320000000000001,9.2352,5.983936280687191,10.950280092474442,61.3439,33.7391,9.5083,tanker,LNG,Chennai,Visakhapatnam
0,3,2,47170,11.8,57.8,290,1.01,1643.0320000000004,0.578,6.8204,5.673323267171493,10.761534575968792,46.0239,31.2963,7.3696,bulk_carrier,MGO,JNPA,Kandla
3,0,2,9058,9.9,66.5,396,3.29,970.2990000000001,0.665,6.583500000000001,5.983936280687191,9.111514017669288,22.0258,11.4534,3.2717,general_cargo,HFO,Chennai,Visakhapatnam
1,0,2,19734,22.0,90.6,358,2.4,10648.0,0.9059999999999999,19.932,5.883322388488279,9.890148988096948,144.8456,75.3197,21.5152,container_ship,HFO,JNPA,Mormugao
3,3,1,10749,11.8,52.1,277,0.64,1643.0320000000004,0.521,6.1478,5.627621113690637,9.28266103355581,16.0766,10.9321,2.5743,general_cargo,MGO,Kandla,Mumbai
0,2,2,30900,15.3,83.2,529,3.19,3581.5770000000007,0.8320000000000001,12.729600000000001,6.272877006546167,10.33854382482173,120.6835,66.3759,18.7059,bulk_carrier,LNG,Mormugao,Kandla
6,2,2,39649,12.7,70.2,282,0.83,2048.383,0.7020000000000001,8.9154,5.645446897643238,10.587846227062993,45.3907,24.9649,7.0356,tanker,LNG,Mumbai,Kandla
0,0,2,47945,11.1,95.8,290,1.4,1367.6309999999999,0.958,10.633799999999999,5.673323267171493,10.777830656602518,50.2778,26.1445,7.4682,bulk_carrier,HFO,Kandla,JNPA
3,0,2,13823,15.3,88.2,282,3.2,3581.5770000000007,0.882,13.4946,5.645446897643238,9.534161491043838,50.1009,26.0524,7.4419,general_cargo,HFO,Mumbai,Kandla
0,2,0,38293,13.5,87.5,217,0.46,2460.375,0.875,11.8125,5.384495062789089,10.55304850493315,38.179,20.9985,5.9178,bulk_carrier,LNG,Paradip,Kolkata_SMPK
0,3,2,40297,10.6,86.1,870,0.94,1191.0159999999998,0.861,9.1266,6.769641976852503,10.604057118911712,125.3688,85.2508,20.0747,bulk_carrier,MGO,Kochi,JNPA
6,0,0,42416,14.9,93.8,1190,1.01,3307.949,0.938,13.9762,7.0825485693553,10.65530450425995,343.1509,178.4384,50.9713,tanker,HFO,JNPA,Chennai
3,0,2,14844,8.8,55.8,850,1.83,681.4720000000002,0.5579999999999999,4.9104,6.7464121285733745,9.60541838719786,40.0271,20.8141,5.9456,general_cargo,HFO,Kochi,Mumbai
6,3,1,39649,15.1,96.9,542,2.39,3442.9509999999996,0.9690000000000001,14.631900000000002,6.297109319933935,10.587846227062993,174.2295,118.4761,27.8985,tanker,MGO,Chennai,Kochi
3,0,0,15648,14.7,89.4,859,1.78,3176.5229999999997,0.894,13.1418,6.756932389247553,9.658162296163171,140.7577,73.194,20.908,general_cargo,HFO,Mumbai,Kochi
4,3,0,2268,14.7,81.2,692,2.91,3176.5229999999997,0.812,11.9364,6.541029999189903,7.727094484779841,31.6204,21.5018,5.0632,passenger,MGO,Chennai,Paradip
1,2,0,31457,12.2,81.2,359,3.5,1815.8479999999997,0.812,9.9064,5.886104031450156,10.356408601800588,50.4348,27.7391,7.8174,container_ship,LNG,Mormugao,JNPA
1,0,2,30177,19.8,83.9,411,1.33,7762.392000000001,0.8390000000000001,16.6122,6.021023349349527,10.314868461073596,162.4485,84.4732,24.1299,container_ship,HFO,Visakhapatnam,Kamarajar
6,2,2,27184,12.0,70.6,217,1.43,1728.0,0.706,8.472,5.384495062789089,10.210420629580021,22.2549,12.2402,3.4495,tanker,LNG,Paradip,Kolkata_SMPK
3,3,2,16651,9.5,95.1,347,0.52,857.375,0.951,9.0345,5.8522024797744745,9.720285608314866,19.1248,13.0049,3.0624,general_cargo,MGO,Mormugao,Mumbai
6,3,0,67954,15.0,86.0,17,3.25,3375.0,0.86,12.9,2.8903717578961645,11.126601000389448,8.3429,5.6732,1.3359,tanker,MGO,Kamarajar,Chennai
1,2,2,33073,15.2,67.0,286,3.13,3511.8079999999995,0.67,10.184,5.659482215759621,10.406502754210141,62.8103,34.5457,9.7356,container_ship,LNG,Kandla,JNPA
3,0,2,7216,14.7,66.9,217,2.47,3176.5229999999997,0.669,9.8343,5.384495062789089,8.884194633072273,20.6205,10.7226,3.0629,general_cargo,HFO,Paradip,Kolkata_SMPK
0,0,2,70130,10.8,89.9,411,2.51,1259.7120000000002,0.899,9.709200000000001,6.021023349349527,11.158120200662147,104.7167,54.4527,15.5545,bulk_carrier,HFO,Visakhapatnam,Kamarajar
2,5,2,536,14.9,79.9,286,3.14,3307.949,0.799,11.905100000000001,5.659482215759621,6.285998094508865,57.2077,6.8649,0.1689,ferry,Shore_Power,Kandla,JNPA
4,3,0,3504,17.2,63.8,277,2.34,5088.447999999999,0.638,10.9736,5.627621113690637,8.16194579946869,20.4513,13.9069,3.2748,passenger,MGO,Kandla,Mumbai
6,3,2,56969,11.6,80.8,282,1.57,1560.896,0.8079999999999999,9.3728,5.645446897643238,10.950280092474442,58.0187,39.4527,9.2902,tanker,MGO,Mumbai,Kandla
0,3,2,58490,14.2,52.1,505,2.0,2863.2879999999996,0.521,7.3982,6.226536669287466,10.976628175230568,147.0397,99.987,23.5447,bulk_carrier,MGO,New_Mangalore,Mumbai
6,2,2,59471,14.6,63.8,528,3.1,3112.136,0.638,9.3148,6.270988431858299,10.993260892537034,161.1903,88.6546,24.9845,tanker,LNG,New_Mangalore,JNPA
6,0,2,47767,10.9,86.0,18,2.89,1295.0290000000002,0.86,9.374,2.9444389791664403,10.774111238226828,3.3624,1.7484,0.4994,tanker,HFO,Chennai,Kamarajar
0,2,2,42726,13.6,76.4,348,2.43,2515.4559999999997,0.764,10.3904,5.855071922202427,10.662586317888776,74.953,41.2241,11.6177,bulk_carrier,LNG,Kochi,New_Mangalore
0,0,2,66381,14.1,84.8,419,1.17,2803.221,0.848,11.9568,6.040254711277414,11.103181214377175,134.6134,69.999,19.9953,bulk_carrier,HFO,Kamarajar,Visakhapatnam
1,4,0,21825,16.6,90.4,349,3.07,4574.296000000001,0.904,15.006400000000001,5.857933154483459,9.990857198673035,218.2074,76.3726,12.5927,container_ship,Methanol,Mumbai,Mormugao
1,2,2,38751,13.0,52.0,349,0.64,2197.0,0.52,6.76,5.857933154483459,10.564937646352819,51.7802,28.4791,8.0259,container_ship,LNG,Mumbai,Mormugao
4,1,0,2268,14.1,76.4,853,2.81,2803.221,0.764,10.7724,6.74993119378857,7.727094484779841,10.8556,34.738,0.7816,passenger,Hydrogen,Chennai,Kolkata_SMPK
0,2,0,58242,13.5,91.9,282,1.63,2460.375,0.919,12.406500000000001,5.645446897643238,10.972379192532934,75.8861,41.7373,11.7623,bulk_carrier,LNG,Mumbai,Kandla
4,1,2,3504,20.3,71.6,542,1.2,8365.427000000001,0.716,14.5348,6.297109319933935,8.16194579946869,19.3963,62.0683,1.3965,passenger,Hydrogen,Chennai,Kochi
0,0,0,49115,12.8,52.1,370,3.12,2097.1520000000005,0.521,6.668800000000001,5.916202062607435,10.801940126280403,95.144,49.4749,14.1326,bulk_carrier,HFO,Chennai,Tuticorin
0,0,2,49115,12.9,61.2,313,1.23,2146.6890000000003,0.612,7.8948,5.749392985908253,10.801940126280403,72.6059,37.7551,10.7848,bulk_carrier,HFO,Visakhapatnam,Paradip
1,4,2,13324,12.5,67.7,183,0.31,1953.125,0.677,8.4625,5.214935757608986,9.497397249034046,33.9524,11.8833,1.9594,container_ship,Methanol,Tuticorin,Kochi
4,1,1,3081,26.0,54.9,286,1.1,17576.0,0.5489999999999999,14.273999999999997,5.659482215759621,8.033334015880062,13.0001,41.6003,0.936,passenger,Hydrogen,Kandla,JNPA
0,2,0,60013,12.2,75.9,411,3.08,1815.8479999999997,0.759,9.2598,6.021023349349527,11.002333147319582,96.3709,53.004,14.9375,bulk_carrier,LNG,Visakhapatnam,Kamarajar
2,1,2,536,20.2,51.8,788,0.72,8242.408,0.518,10.4636,6.670766320845874,6.285998094508865,6.4795,20.7343,0.4665,ferry,Hydrogen,Port_Blair,Chennai
3,3,2,5602,9.7,85.2,1196,1.88,912.6729999999998,0.852,8.264399999999998,7.087573705557973,8.631057447565285,38.7688,26.3628,6.2078,general_cargo,MGO,Chennai,JNPA
0,3,2,41493,10.6,74.6,1179,3.18,1191.0159999999998,0.746,7.9075999999999995,7.07326971745971,10.633304117453084,188.9906,128.5136,30.2621,bulk_carrier,MGO,Mumbai,Chennai
3,0,0,5817,13.3,61.3,1196,0.69,2352.637,0.613,8.1529,7.087573705557973,8.668711839055147,66.714,34.6913,9.9096,general_cargo,HFO,Chennai,JNPA
6,2,2,67954,14.5,84.7,290,0.31,3048.625,0.847,12.2815,5.673323267171493,11.126601000389448,84.4997,46.4749,13.0975,tanker,LNG,JNPA,Kandla
6,0,2,45552,15.1,71.5,22,2.46,3442.9509999999996,0.715,10.7965,3.1354942159291497,10.726631762209768,6.8377,3.5556,1.0157,tanker,HFO,Mumbai,JNPA
5,2,2,6679,15.3,60.2,277,0.58,3581.5770000000007,0.602,9.2106,5.627621113690637,8.806873266530692,15.9869,8.7928,2.478,ro_ro,LNG,Kandla,Mumbai
0,3,2,58242,12.9,90.5,850,2.67,2146.6890000000003,0.905,11.6745,6.7464121285733745,10.972379192532934,256.7528,174.5919,41.1125,bulk_carrier,MGO,Kochi,Mumbai
3,3,2,10004,16.2,70.3,24,2.84,4251.527999999999,0.703,11.388599999999999,3.2188758248682006,9.210840247017833,3.3881,2.3039,0.5425,general_cargo,MGO,JNPA,Mumbai
6,0,1,28073,13.0,63.2,313,1.52,2197.0,0.632,8.216,5.749392985908253,10.24259916009427,51.3458,26.6998,7.6269,tanker,HFO,Visakhapatnam,Paradip
0,3,0,34473,11.6,58.7,870,2.75,1560.896,0.5870000000000001,6.809200000000001,6.769641976852503,10.447960695714336,130.5625,88.7825,20.9063,bulk_carrier,MGO,Kochi,JNPA
0,2,0,58242,10.7,60.2,17,2.76,1225.0429999999997,0.602,6.4414,2.8903717578961645,10.972379192532934,2.6862,1.4774,0.4164,bulk_carrier,LNG,Kamarajar,Chennai
2,1,2,2604,10.2,90.3,311,1.71,1061.2079999999999,0.903,9.2106,5.7430031878094825,7.865187954187467,2.3251,7.4402,0.1674,ferry,Hydrogen,Paradip,Visakhapatnam
0,3,2,34731,14.5,62.7,176,2.81,3048.625,0.627,9.0915,5.176149732573829,10.455416731180536,39.0761,26.5717,6.2571,bulk_carrier,MGO,Mormugao,New_Mangalore
3,3,0,5817,11.6,86.6,364,1.21,1560.896,0.866,10.0456,5.8998973535824915,8.668711839055147,16.8026,11.4258,2.6905,general_cargo,MGO,Tuticorin,Chennai
6,2,2,28244,16.2,80.2,17,1.95,4251.527999999999,0.802,12.9924,2.8903717578961645,10.248671729759362,3.8604,2.1232,0.5984,tanker,LNG,Kamarajar,Chennai
0,3,1,31987,10.4,81.4,282,3.32,1124.864,0.8140000000000001,8.4656,5.645446897643238,10.37311611145178,37.5339,25.5231,6.0101,bulk_carrier,MGO,Mumbai,Kandla
5,2,2,7575,16.0,71.5,24,0.71,4096.0,0.715,11.44,3.2188758248682006,8.932740634865914,1.7743,0.9758,0.275,ro_ro,LNG,JNPA,Mumbai
6,2,2,23323,11.6,61.9,850,3.36,1560.896,0.619,7.1804,6.7464121285733745,10.057238152342046,87.2236,47.973,13.5197,tanker,LNG,Kochi,Mumbai
3,3,2,14985,10.9,67.6,406,2.79,1295.0290000000002,0.6759999999999999,7.368399999999999,6.008813185442595,9.614871710924255,35.4408,24.0997,5.675,general_cargo,MGO,Visakhapatnam,Chennai
6,3,0,72064,15.2,50.2,313,2.95,3511.8079999999995,0.502,7.6304,5.749392985908253,11.185323768517204,127.3959,86.6292,20.3993,tanker,MGO,Visakhapatnam,Paradip
1,4,2,37761,19.4,51.0,761,1.98,7301.383999999998,0.51,9.894,6.635946555686647,10.539058584958477,635.1916,222.3171,36.6569,container_ship,Methanol,Tuticorin,Port_Blair
0,2,2,47170,10.7,73.5,521,0.56,1225.0429999999997,0.735,7.8645,6.257667587882639,10.761534575968792,61.264,33.6952,9.4959,bulk_carrier,LNG,Kandla,Mormugao
3,3,2,16581,11.4,50.9,1190,3.25,1481.544,0.509,5.8026,7.0825485693553,9.716073048676163,105.8332,71.9666,16.9465,general_cargo,MGO,JNPA,Chennai
3,0,2,18455,11.8,81.3,313,1.62,1643.0320000000004,0.813,9.5934,5.749392985908253,9.823144799853589,33.8184,17.5856,5.0234,general_cargo,HFO,Visakhapatnam,Paradip
3,3,2,7216,12.1,95.9,692,1.93,1771.561,0.9590000000000001,11.603900000000001,6.541029999189903,8.884194633072273,38.3878,26.1037,6.1468,general_cargo,MGO,Chennai,Paradip
0,3,0,40297,10.5,71.7,370,3.07,1157.625,0.7170000000000001,7.528500000000001,5.916202062607435,10.604057118911712,56.6225,38.5033,9.0667,bulk_carrier,MGO,Chennai,Tuticorin
5,0,2,6851,16.9,50.6,370,2.22,4826.808999999998,0.506,8.5514,5.916202062607435,8.832295859444011,41.2245,21.4367,6.1234,ro_ro,HFO,Chennai,Tuticorin
3,0,2,16704,10.4,50.6,1181,1.11,1124.864,0.506,5.2624,7.074963197966044,9.723463354790857,78.1007,40.6124,11.601,general_cargo,HFO,Chennai,Mumbai
6,0,2,39649,12.4,60.0,297,1.98,1906.6240000000003,0.6,7.4399999999999995,5.697093486505405,10.587846227062993,59.6035,30.9938,8.8534,tanker,HFO,JNPA,Kandla
1,3,2,21724,18.3,77.1,422,1.05,6128.487000000001,0.7709999999999999,14.1093,6.0473721790462776,9.986218950133592,117.0968,79.6258,18.7501,container_ship,MGO,Mormugao,Kochi
3,0,1,16581,14.6,92.4,290,1.59,3112.136,0.924,13.490400000000001,5.673323267171493,9.716073048676163,44.8613,23.3279,6.6637,general_cargo,HFO,Kandla,JNPA
0,3,2,48674,11.5,99.7,507,2.74,1520.875,0.997,11.4655,6.230481447578482,10.7929208302404,110.5957,75.2051,17.7091,bulk_carrier,MGO,Mumbai,New_Mangalore
0,2,0,44373,13.0,65.3,406,2.46,2197.0,0.653,8.489,6.008813185442595,10.700408991312528,79.9749,43.9862,12.3961,bulk_carrier,LNG,Visakhapatnam,Chennai
0,0,0,70130,13.3,53.2,850,1.38,2352.637,0.532,7.0756000000000006,6.7464121285733745,11.158120200662147,245.56,127.6912,36.4752,bulk_carrier,HFO,Kochi,Mumbai
6,2,0,39701,13.5,90.4,313,1.69,2460.375,0.904,12.204,5.749392985908253,10.589156843240115,62.9198,34.6059,9.7526,tanker,LNG,Visakhapatnam,Paradip
1,2,2,36763,21.0,90.4,358,1.55,9261.0,0.904,18.984,5.883322388488279,10.512274384478,155.5926,85.5759,24.1169,container_ship,LNG,JNPA,Mormugao
6,3,2,28632,12.6,87.1,507,1.2,2000.3759999999997,0.871,10.974599999999999,6.230481447578482,10.262315177792935,75.7016,51.4771,12.1217,tanker,MGO,Mumbai,New_Mangalore
0,3,2,35729,11.6,78.8,528,2.48,1560.896,0.7879999999999999,9.140799999999999,6.270988431858299,10.483745951017456,91.2936,62.0797,14.6184,bulk_carrier,MGO,New_Mangalore,JNPA
4,2,1,3808,18.4,76.1,859,3.11,6229.503999999999,0.7609999999999999,14.002399999999996,6.756932389247553,8.245121966478605,68.027,37.4149,10.5442,passenger,LNG,Mumbai,Kochi
5,3,2,4206,13.4,86.8,856,2.57,2406.1040000000003,0.868,11.6312,6.75343791859778,8.344505083590521,48.2243,32.7925,7.7219,ro_ro,MGO,Kolkata_SMPK,Chennai
5,3,2,11514,17.1,75.0,183,1.98,5000.211000000001,0.75,12.825000000000001,5.214935757608986,9.351405812254786,28.6037,19.4505,4.5802,ro_ro,MGO,Tuticorin,Kochi
3,0,2,5602,13.0,65.8,870,1.56,2197.0,0.6579999999999999,8.553999999999998,6.769641976852503,8.631057447565285,51.0815,26.5624,7.5876,general_cargo,HFO,Kochi,JNPA
6,2,2,45552,16.0,78.1,290,1.18,4096.0,0.7809999999999999,12.495999999999999,5.673323267171493,10.726631762209768,88.6456,48.7551,13.7401,tanker,LNG,JNPA,Kandla
6,2,2,56969,12.6,98.7,495,0.55,2000.3759999999997,0.987,12.4362,6.206575926724928,10.950280092474442,102.1606,56.1883,15.8349,tanker,LNG,Kolkata_SMPK,Visakhapatnam
5,3,2,11514,16.5,73.2,700,1.15,4492.125,0.732,12.078,6.55250788703459,9.351405812254786,87.2891,59.3566,13.9772,ro_ro,MGO,Paradip,Chennai
1,2,2,33687,19.5,58.6,290,1.89,7414.875,0.586,11.427,5.673323267171493,10.424896969841763,87.0598,47.8829,13.4943,container_ship,LNG,JNPA,Kandla
0,3,0,41291,13.9,62.2,422,2.7,2685.619,0.622,8.6458,6.0473721790462776,10.62842405558548,94.8304,64.4847,15.1847,bulk_carrier,MGO,Mormugao,Kochi
0,0,2,31987,9.8,69.7,521,3.39,941.1920000000002,0.6970000000000001,6.830600000000001,6.257667587882639,10.37311611145178,60.3367,31.3751,8.9624,bulk_carrier,HFO,Kandla,Mormugao
1,0,1,17711,16.5,63.7,345,1.99,4492.125,0.637,10.5105,5.846438775057725,9.781997654948418,69.0411,35.9014,10.2553,container_ship,HFO,New_Mangalore,Kochi
5,0,2,6679,15.2,72.3,396,2.11,3511.8079999999995,0.723,10.9896,5.983936280687191,8.806873266530692,33.1255,17.2252,4.9204,ro_ro,HFO,Chennai,Visakhapatnam
6,3,2,39701,14.2,66.3,856,1.73,2863.2879999999996,0.6629999999999999,9.414599999999998,6.75343791859778,10.589156843240115,185.3989,126.0713,29.687,tanker,MGO,Kolkata_SMPK,Chennai
1,4,0,18598,19.3,93.8,169,1.99,7189.057000000001,0.938,18.1034,5.135798437050262,9.830863094815127,104.4868,36.5704,6.0299,container_ship,Methanol,New_Mangalore,Mormugao
3,0,0,15648,15.7,74.7,876,1.44,3869.8929999999996,0.747,11.7279,6.776506992372183,9.658162296163171,146.0297,75.9355,21.6911,general_cargo,HFO,JNPA,Kochi
3,3,2,17758,15.1,72.9,521,2.44,3442.9509999999996,0.7290000000000001,11.007900000000001,6.257667587882639,9.784647708654596,91.5683,62.2664,14.6624,general_cargo,MGO,Kandla,Mormugao
6,2,2,50271,11.6,75.5,24,1.49,1560.896,0.755,8.758,3.2188758248682006,10.825203541055348,3.8696,2.1283,0.5998,tanker,LNG,JNPA,Mumbai
6,0,1,76931,12.7,83.7,507,0.9,2048.383,0.8370000000000001,10.629900000000001,6.230481447578482,11.250677193775257,156.4218,81.3394,23.2347,tanker,HFO,Mumbai,New_Mangalore
3,3,0,17741,10.0,81.9,528,1.49,1000.0,0.8190000000000001,8.190000000000001,6.270988431858299,9.783689989080532,37.2316,25.3175,5.9617,general_cargo,MGO,New_Mangalore,JNPA
0,0,2,35729,12.4,75.9,495,3.14,1906.6240000000003,0.759,9.4116,6.206575926724928,10.483745951017456,113.2507,58.8904,16.8221,bulk_carrier,HFO,Kolkata_SMPK,Visakhapatnam
0,2,2,34731,9.9,99.0,276,2.65,970.2990000000001,0.99,9.801,5.6240175061873385,10.455416731180536,31.7219,17.447,4.9169,bulk_carrier,LNG,Kandla,Mumbai
0,0,2,42343,11.2,84.2,290,1.42,1404.9279999999997,0.8420000000000001,9.4304,5.673323267171493,10.653582013537823,47.6618,24.7842,7.0796,bulk_carrier,HFO,Kandla,JNPA
4,1,0,2268,18.9,94.2,521,1.24,6751.268999999998,0.9420000000000001,17.8038,6.257667587882639,7.727094484779841,11.6725,37.352,0.8404,passenger,Hydrogen,Kandla,Mormugao
0,3,2,42343,13.5,81.9,217,2.41,2460.375,0.8190000000000001,11.056500000000002,5.384495062789089,10.653582013537823,52.4909,35.6938,8.4051,bulk_carrier,MGO,Paradip,Kolkata_SMPK
6,0,2,45552,13.5,86.4,542,1.87,2460.375,0.8640000000000001,11.664000000000001,6.297109319933935,10.726631762209768,153.446,79.7919,22.7927,tanker,HFO,Chennai,Kochi
4,3,2,2268,15.8,98.1,297,1.43,3944.3120000000004,0.981,15.4998,5.697093486505405,7.727094484779841,12.3346,8.3875,1.9751,passenger,MGO,JNPA,Kandla
6,0,2,55666,11.8,51.5,411,2.83,1643.0320000000004,0.515,6.077000000000001,6.021023349349527,10.927142790736806,85.9322,44.6847,12.7643,tanker,HFO,Visakhapatnam,Kamarajar
3,0,2,5602,11.2,98.1,183,1.21,1404.9279999999997,0.981,10.9872,5.214935757608986,8.631057447565285,8.4899,4.4148,1.2611,general_cargo,HFO,Tuticorin,Kochi
6,0,2,55620,14.3,62.0,348,3.11,2924.2070000000003,0.62,8.866,5.855071922202427,10.926316106770527,119.1847,61.976,17.7036,tanker,HFO,Kochi,New_Mangalore
1,0,0,16607,18.9,83.9,183,2.69,6751.268999999998,0.8390000000000001,15.8571,5.214935757608986,9.717639785965615,52.0943,27.089,7.738,container_ship,HFO,Tuticorin,Kochi
5,2,2,4206,14.6,73.3,505,1.71,3112.136,0.733,10.701799999999999,6.226536669287466,8.344505083590521,22.7427,12.5085,3.5251,ro_ro,LNG,New_Mangalore,Mumbai
1,2,2,27197,15.4,55.6,277,2.96,3652.264,0.556,8.5624,5.627621113690637,10.210898720168904,54.9207,30.2064,8.5127,container_ship,LNG,Kandla,Mumbai
3,0,2,11634,13.6,92.8,370,0.39,2515.4559999999997,0.9279999999999999,12.6208,5.916202062607435,9.361773075736393,35.725,18.577,5.3066,general_cargo,HFO,Chennai,Tuticorin
6,2,1,27184,12.8,81.7,700,2.47,2097.1520000000005,0.8170000000000001,10.457600000000001,6.55250788703459,10.210420629580021,101.045,55.5748,15.662,tanker,LNG,Paradip,Chennai
0,2,2,63697,14.0,90.7,313,1.38,2744.0,0.907,12.698,5.749392985908253,11.061908443893099,92.7125,50.9919,14.3704,bulk_carrier,LNG,Visakhapatnam,Paradip
1,2,1,16607,15.3,99.6,370,1.67,3581.5770000000007,0.996,15.238800000000001,5.916202062607435,9.717639785965615,57.315,31.5232,8.8838,container_ship,LNG,Chennai,Tuticorin
6,2,2,68994,10.5,53.9,1181,1.97,1157.625,0.539,5.6595,7.074963197966044,11.141789317185655,187.4436,103.094,29.0538,tanker,LNG,Chennai,Mumbai
1,3,2,27264,19.2,66.4,797,2.15,7077.887999999999,0.664,12.748800000000001,6.682108597449809,10.213359107360162,269.4835,183.2488,43.151,container_ship,MGO,Chennai,Port_Blair
6,3,2,50271,14.1,66.9,24,1.3,2803.221,0.669,9.4329,3.2188758248682006,10.825203541055348,5.8438,3.9738,0.9357,tanker,MGO,JNPA,Mumbai
1,2,0,19734,20.6,56.9,411,1.02,8741.816000000003,0.569,11.7214,6.021023349349527,9.890148988096948,101.421,55.7816,15.7203,container_ship,LNG,Visakhapatnam,Kamarajar
3,0,2,10749,13.3,79.1,692,1.57,2352.637,0.7909999999999999,10.520299999999999,6.541029999189903,9.28266103355581,68.1524,35.4392,10.1233,general_cargo,HFO,Chennai,Paradip
0,3,0,31987,11.4,67.9,406,0.74,1481.544,0.679,7.740600000000001,6.008813185442595,10.37311611145178,48.7188,33.1288,7.8011,bulk_carrier,MGO,Visakhapatnam,Chennai
1,3,1,17470,23.9,58.5,183,0.61,13651.918999999998,0.585,13.981499999999999,5.214935757608986,9.768297642474444,62.8197,42.7174,10.059,container_ship,MGO,Tuticorin,Kochi
3,0,2,16177,11.3,89.3,406,2.36,1442.8970000000002,0.893,10.090900000000001,6.008813185442595,9.691407573577898,40.2774,20.9442,5.9828,general_cargo,HFO,Visakhapatnam,Chennai
6,3,0,42416,14.3,69.7,411,2.01,2924.2070000000003,0.6970000000000001,9.967100000000002,6.021023349349527,10.65530450425995,112.4885,76.4922,18.0122,tanker,MGO,Visakhapatnam,Kamarajar
1,0,2,30177,21.7,76.5,313,1.89,10218.312999999998,0.765,16.6005,5.749392985908253,10.314868461073596,169.6167,88.2007,25.1947,container_ship,HFO,Visakhapatnam,Paradip
1,3,2,17470,22.1,52.2,1190,0.3,10793.861000000003,0.522,11.536200000000001,7.0825485693553,9.768297642474444,323.3545,219.881,51.7771,container_ship,MGO,JNPA,Chennai
5,0,2,6679,15.6,84.1,788,1.65,3796.4159999999997,0.841,13.119599999999998,6.670766320845874,8.806873266530692,74.9217,38.9593,11.1288,ro_ro,HFO,Port_Blair,Chennai
3,3,0,18455,12.0,91.0,856,2.94,1728.0,0.91,10.92,6.75343791859778,9.823144799853589,114.1936,77.6517,18.2853,general_cargo,MGO,Kolkata_SMPK,Chennai
2,1,2,884,16.8,79.8,518,2.63,4741.6320000000005,0.7979999999999999,13.4064,6.251903883165888,6.785587645007929,5.5968,17.9097,0.403,ferry,Hydrogen,JNPA,New_Mangalore
6,3,2,47959,13.3,52.6,217,1.6,2352.637,0.526,6.995800000000001,5.384495062789089,10.77812260914145,48.5362,33.0046,7.7719,tanker,MGO,Paradip,Kolkata_SMPK
2,5,2,536,18.3,75.3,297,1.87,6128.487000000001,0.753,13.779900000000001,5.697093486505405,6.285998094508865,81.8873,9.8265,0.2417,ferry,Shore_Power,JNPA,Kandla
0,0,2,47945,12.0,82.3,348,0.7,1728.0,0.823,9.876,5.855071922202427,10.777830656602518,70.1466,36.4762,10.4195,bulk_carrier,HFO,Kochi,New_Mangalore
3,0,1,9258,11.9,69.7,311,0.61,1685.159,0.6970000000000001,8.294300000000002,5.7430031878094825,9.133351330448047,19.5734,10.1781,2.9074,general_cargo,HFO,Paradip,Visakhapatnam
0,3,2,58095,13.8,81.1,359,3.2,2628.0720000000006,0.8109999999999999,11.1918,5.886104031450156,10.969852093654117,126.1857,85.8063,20.2055,bulk_carrier,MGO,Mormugao,JNPA
2,1,2,536,15.8,69.8,528,1.39,3944.3120000000004,0.698,11.0284,6.270988431858299,6.285998094508865,2.9962,9.5879,0.2157,ferry,Hydrogen,New_Mangalore,JNPA
6,3,0,39701,10.6,89.6,290,1.56,1191.0159999999998,0.8959999999999999,9.497599999999998,5.673323267171493,10.589156843240115,40.452,27.5074,6.4774,tanker,MGO,Kandla,JNPA
2,5,2,536,17.6,86.2,495,3.11,5451.776000000002,0.862,15.1712,6.206575926724928,6.285998094508865,152.4776,18.2973,0.4501,ferry,Shore_Power,Kolkata_SMPK,Visakhapatnam
0,0,2,71338,10.7,97.3,311,2.88,1225.0429999999997,0.973,10.4111,5.7430031878094825,11.175198441433086,75.9293,39.4832,11.2785,bulk_carrier,HFO,Paradip,Visakhapatnam
6,0,0,28244,17.2,61.0,364,0.35,5088.447999999999,0.61,10.491999999999999,5.8998973535824915,10.248671729759362,88.6409,46.0933,13.1666,tanker,HFO,Tuticorin,Chennai
0,2,2,40197,10.5,58.0,176,2.23,1157.625,0.58,6.09,5.176149732573829,10.601572522125696,19.2206,10.5713,2.9792,bulk_carrier,LNG,Mormugao,New_Mangalore
3,0,2,19799,14.5,73.7,370,2.56,3048.625,0.737,10.6865,5.916202062607435,9.893437216682626,67.924,35.3205,10.0894,general_cargo,HFO,Chennai,Tuticorin
5,3,1,11514,13.7,87.3,345,2.35,2571.3529999999996,0.873,11.960099999999999,5.846438775057725,9.351405812254786,38.2032,25.9782,6.1173,ro_ro,MGO,New_Mangalore,Kochi
6,0,2,27184,13.3,56.3,518,0.82,2352.637,0.563,7.4879,6.251903883165888,10.210420629580021,80.8477,42.0408,12.009,tanker,HFO,JNPA,New_Mangalore
0,3,2,56365,13.2,53.3,189,1.72,2299.968,0.5329999999999999,7.035599999999999,5.247024072160486,10.939621418827507,48.8928,33.2471,7.829,bulk_carrier,MGO,Kochi,Tuticorin
4,1,2,2268,14.5,91.6,347,2.61,3048.625,0.9159999999999999,13.281999999999998,5.8522024797744745,7.727094484779841,5.2518,16.8058,0.3781,passenger,Hydrogen,Mormugao,Mumbai
6,3,0,47233,13.7,68.7,856,1.51,2571.3529999999996,0.687,9.411900000000001,6.75343791859778,10.762869251237097,232.758,158.2754,37.2704,tanker,MGO,Kolkata_SMPK,Chennai
4,2,2,3808,24.5,70.3,276,2.17,14706.125,0.703,17.223499999999998,5.6240175061873385,8.245121966478605,35.0884,19.2986,5.4387,passenger,LNG,Kandla,Mumbai
0,3,0,63249,14.4,69.5,24,2.16,2985.9840000000004,0.695,10.008,3.2188758248682006,11.054850406589766,8.7758,5.9675,1.4052,bulk_carrier,MGO,JNPA,Mumbai
6,0,2,67954,11.5,80.9,518,1.89,1520.875,0.809,9.303500000000001,6.251903883165888,11.126601000389448,128.1038,66.614,19.0284,tanker,HFO,JNPA,New_Mangalore
1,3,2,27197,18.0,97.1,850,1.44,5832.0,0.971,17.477999999999998,6.7464121285733745,10.210898720168904,266.7634,181.3991,42.7155,container_ship,MGO,Kochi,Mumbai
0,3,2,63697,14.4,92.5,422,3.36,2985.9840000000004,0.925,13.32,6.0473721790462776,11.061908443893099,197.986,134.6305,31.7025,bulk_carrier,MGO,Mormugao,Kochi
6,2,2,67954,12.5,67.4,290,0.56,1953.125,0.674,8.425,5.673323267171493,11.126601000389448,57.9888,31.8938,8.9883,tanker,LNG,JNPA,Kandla
0,3,0,42726,16.3,86.2,229,2.73,4330.747,0.862,14.050600000000001,5.438079308923196,10.662586317888776,86.2279,58.635,13.8072,bulk_carrier,MGO,Kolkata_SMPK,Paradip
1,2,0,37761,14.2,69.7,183,0.72,2863.2879999999996,0.6970000000000001,9.897400000000001,5.214935757608986,10.539058584958477,33.6383,18.5011,5.2139,container_ship,LNG,Tuticorin,Kochi
6,3,2,28632,13.4,80.6,183,1.46,2406.1040000000003,0.8059999999999999,10.8004,5.214935757608986,10.262315177792935,32.0274,21.7787,5.1284,tanker,MGO,Tuticorin,Kochi
1,3,2,41892,17.3,57.5,542,1.94,5177.717000000001,0.575,9.9475,6.297109319933935,10.64287402751427,190.0213,129.2145,30.4272,container_ship,MGO,Chennai,Kochi
1,4,2,36763,17.3,52.9,856,1.37,5177.717000000001,0.529,9.1517,6.75343791859778,10.512274384478,516.628,180.8198,29.8146,container_ship,Methanol,Kolkata_SMPK,Chennai
1,4,2,41157,12.8,97.3,422,3.1,2097.1520000000005,0.973,12.4544,6.0473721790462776,10.625173597902494,198.9163,69.6207,11.4795,container_ship,Methanol,Mormugao,Kochi
3,0,0,15648,16.5,67.8,406,0.61,4492.125,0.6779999999999999,11.187,6.008813185442595,9.658162296163171,74.4374,38.7075,11.0569,general_cargo,HFO,Visakhapatnam,Chennai
3,3,0,10749,12.1,70.8,491,1.16,1771.561,0.708,8.566799999999999,6.198478716492308,9.28266103355581,32.7856,22.2942,5.2498,general_cargo,MGO,Visakhapatnam,Kolkata_SMPK
5,0,2,6851,19.0,84.6,1181,2.5,6859.0,0.846,16.073999999999998,7.074963197966044,8.832295859444011,190.1487,98.8773,28.2445,ro_ro,HFO,Chennai,Mumbai
6,0,2,71643,10.0,57.1,364,0.7,1000.0,0.5710000000000001,5.710000000000001,5.8998973535824915,11.17946468934515,60.9417,31.6897,9.0522,tanker,HFO,Tuticorin,Chennai
6,2,2,50271,16.3,56.1,349,1.53,4330.747,0.561,9.144300000000001,5.857933154483459,10.825203541055348,100.5664,55.3115,15.5878,tanker,LNG,Mumbai,Mormugao
1,2,0,17711,18.3,97.3,189,1.61,6128.487000000001,0.973,17.8059,5.247024072160486,9.781997654948418,40.4423,22.2433,6.2686,container_ship,LNG,Kochi,Tuticorin
3,0,2,15643,12.7,50.8,277,1.83,2048.383,0.508,6.4516,5.627621113690637,9.657842735875406,28.1399,14.6328,4.1799,general_cargo,HFO,Kandla,Mumbai
6,3,2,39649,12.1,70.5,286,2.33,1771.561,0.705,8.5305,5.659482215759621,10.587846227062993,50.1975,34.1343,8.0379,tanker,MGO,Kandla,JNPA
6,0,2,68263,12.5,84.3,286,0.3,1953.125,0.843,10.5375,5.659482215759621,11.13113782021642,82.9811,43.1502,12.3259,tanker,HFO,Kandla,JNPA
0,2,2,40297,13.8,75.5,396,2.37,2628.0720000000006,0.755,10.419,5.983936280687191,10.604057118911712,82.5026,45.3765,12.7879,bulk_carrier,LNG,Chennai,Visakhapatnam
0,3,2,62925,12.3,96.3,364,2.98,1860.8670000000004,0.963,11.8449,5.8998973535824915,11.049714711812085,96.1344,65.3714,15.3935,bulk_carrier,MGO,Tuticorin,Chennai
1,0,0,21825,16.8,84.9,1179,1.21,4741.6320000000005,0.8490000000000001,14.263200000000001,7.07326971745971,9.990857198673035,281.987,146.6333,41.8861,container_ship,HFO,Mumbai,Chennai
6,0,2,33954,13.1,98.2,345,1.6,2248.091,0.982,12.8642,5.846438775057725,10.432791397547891,79.7113,41.4499,11.8402,tanker,HFO,New_Mangalore,Kochi
6,2,0,42416,12.3,53.7,870,1.3,1860.8670000000004,0.537,6.605100000000001,6.769641976852503,10.65530450425995,129.946,71.4703,20.1416,tanker,LNG,Kochi,JNPA
3,0,2,7328,11.7,72.9,761,2.45,1601.6129999999996,0.7290000000000001,8.529300000000001,6.635946555686647,8.89959435992585,45.4706,23.6447,6.7542,general_cargo,HFO,Tuticorin,Port_Blair
0,2,0,58095,12.8,74.1,22,2.98,2097.1520000000005,0.741,9.4848,3.1354942159291497,10.969852093654117,5.521,3.0366,0.8558,bulk_carrier,LNG,Mumbai,JNPA
0,2,2,58095,12.0,80.6,313,1.99,1728.0,0.8059999999999999,9.671999999999999,5.749392985908253,10.969852093654117,64.52,35.486,10.0006,bulk_carrier,LNG,Visakhapatnam,Paradip
6,3,2,47233,11.3,94.5,276,3.47,1442.8970000000002,0.945,10.6785,5.6240175061873385,10.762869251237097,60.5896,41.2009,9.7019,tanker,MGO,Kandla,Mumbai
4,1,2,2268,19.0,58.6,521,2.77,6859.0,0.586,11.133999999999999,6.257667587882639,7.727094484779841,12.5706,40.2258,0.9051,passenger,Hydrogen,Kandla,Mormugao
0,2,2,63697,11.1,96.0,757,0.86,1367.6309999999999,0.96,10.655999999999999,6.630683385642372,11.061908443893099,137.7896,75.7843,21.3574,bulk_carrier,LNG,Port_Blair,Tuticorin
1,3,0,17470,24.3,69.5,538,2.77,14348.907000000001,0.695,16.8885,6.289715570908998,9.768297642474444,235.5422,160.1687,37.7162,container_ship,MGO,Kochi,Chennai
3,0,0,17380,13.4,81.9,22,3.31,2406.1040000000003,0.8190000000000001,10.9746,3.1354942159291497,9.76313293456348,3.5444,1.8431,0.5265,general_cargo,HFO,Mumbai,JNPA
0,2,0,63249,13.8,63.4,347,3.25,2628.0720000000006,0.634,8.7492,5.8522024797744745,11.054850406589766,101.0214,55.5618,15.6583,bulk_carrier,LNG,Mormugao,Mumbai
6,0,2,47767,14.4,65.7,358,3.39,2985.9840000000004,0.657,9.4608,5.883322388488279,10.774111238226828,124.3049,64.6385,18.4641,tanker,HFO,JNPA,Mormugao
3,0,0,15643,9.4,85.9,507,1.46,830.5840000000001,0.8590000000000001,8.074600000000002,6.230481447578482,9.657842735875406,34.4069,17.8916,5.1108,general_cargo,HFO,Mumbai,New_Mangalore
0,2,2,66381,14.3,84.1,22,1.67,2924.2070000000003,0.841,12.0263,3.1354942159291497,11.103181214377175,6.9779,3.8378,1.0816,bulk_carrier,LNG,Mumbai,JNPA
3,0,1,17380,9.5,75.9,788,2.03,857.375,0.759,7.2105,6.670766320845874,9.76313293456348,57.2427,29.7662,8.5028,general_cargo,HFO,Port_Blair,Chennai
0,2,2,58490,13.7,90.0,1196,2.73,2571.3529999999996,0.9,12.33,7.087573705557973,10.976628175230568,354.2715,194.8493,54.9121,bulk_carrier,LNG,Chennai,JNPA
1,0,2,17470,23.5,87.2,761,2.97,12977.875,0.872,20.492,6.635946555686647,9.768297642474444,399.6372,207.8113,59.3617,container_ship,HFO,Tuticorin,Port_Blair
5,2,2,6679,16.0,87.6,286,0.86,4096.0,0.8759999999999999,14.015999999999998,5.659482215759621,8.806873266530692,21.1348,11.6241,3.2759,ro_ro,LNG,Kandla,JNPA
0,3,2,47945,10.8,62.0,229,0.53,1259.7120000000002,0.62,6.696000000000001,5.438079308923196,10.777830656602518,29.3759,19.9756,4.7038,bulk_carrier,MGO,Kolkata_SMPK,Paradip
6,2,2,59471,12.1,54.2,18,2.73,1771.561,0.542,6.5582,2.9444389791664403,10.993260892537034,3.538,1.9459,0.5484,tanker,LNG,Chennai,Kamarajar
0,2,2,41291,11.7,98.5,538,1.49,1601.6129999999996,0.985,11.5245,6.289715570908998,10.62842405558548,86.3118,47.4715,13.3783,bulk_carrier,LNG,Kochi,Chennai
0,3,1,48674,9.9,88.7,22,2.02,970.2990000000001,0.887,8.7813,3.1354942159291497,10.7929208302404,3.356,2.2821,0.5374,bulk_carrier,MGO,Mumbai,JNPA
6,0,2,42416,13.2,55.9,521,2.6,2299.968,0.5589999999999999,7.378799999999999,6.257667587882639,10.65530450425995,116.972,60.8254,17.3749,tanker,HFO,Kandla,Mormugao
3,0,2,16581,12.8,65.7,176,2.14,2097.1520000000005,0.657,8.409600000000001,5.176149732573829,9.716073048676163,20.562,10.6922,3.0543,general_cargo,HFO,Mormugao,New_Mangalore
6,2,2,55620,14.1,62.7,876,0.43,2803.221,0.627,8.8407,6.776506992372183,10.926316106770527,177.0694,97.3882,27.4458,tanker,LNG,JNPA,Kochi
1,4,2,27197,19.4,55.6,761,0.79,7301.383999999998,0.556,10.7864,6.635946555686647,10.210898720168904,490.0536,171.5188,28.281,container_ship,Methanol,Tuticorin,Port_Blair
4,2,2,3808,25.0,83.6,169,1.99,15625.0,0.836,20.9,5.135798437050262,8.245121966478605,24.321,13.3766,3.7698,passenger,LNG,New_Mangalore,Mormugao
4,1,2,1902,17.1,88.4,491,2.95,5000.211000000001,0.884,15.116400000000002,6.198478716492308,7.551186867296149,10.1654,32.5293,0.7319,passenger,Hydrogen,Visakhapatnam,Kolkata_SMPK
0,2,2,48674,12.6,86.2,542,0.34,2000.3759999999997,0.862,10.8612,6.297109319933935,10.7929208302404,93.6843,51.5264,14.5211,bulk_carrier,LNG,Chennai,Kochi
3,0,2,16651,9.3,61.9,348,2.51,804.3570000000002,0.619,5.7567,5.855071922202427,9.720285608314866,22.23,11.5596,3.302,general_cargo,HFO,Kochi,New_Mangalore
1,4,2,41157,12.0,91.3,761,0.42,1728.0,0.9129999999999999,10.956,6.635946555686647,10.625173597902494,275.7228,96.503,15.912,container_ship,Methanol,Tuticorin,Port_Blair
2,2,1,932,13.7,65.0,290,3.36,2571.3529999999996,0.65,8.905,5.673323267171493,6.838405200847344,5.0161,2.7588,0.7775,ferry,LNG,Kandla,JNPA
6,3,1,47233,13.4,91.5,364,3.39,2406.1040000000003,0.915,12.261000000000001,5.8998973535824915,10.762869251237097,114.0347,77.5436,18.2598,tanker,MGO,Tuticorin,Chennai
0,0,2,27915,9.7,74.5,850,1.75,912.6729999999998,0.745,7.2265,6.7464121285733745,10.236955280137042,83.7287,43.5389,12.437,bulk_carrier,HFO,Kochi,Mumbai
6,0,0,47959,13.4,93.5,18,1.41,2406.1040000000003,0.935,12.529000000000002,2.9444389791664403,10.77812260914145,4.7612,2.4758,0.7072,tanker,HFO,Chennai,Kamarajar
0,3,2,26135,12.3,65.5,370,0.32,1860.8670000000004,0.655,8.056500000000002,5.916202062607435,10.171068953280907,41.709,28.3621,6.6787,bulk_carrier,MGO,Chennai,Tuticorin
3,3,2,16651,12.0,66.1,217,1.66,1728.0,0.6609999999999999,7.931999999999999,5.384495062789089,9.720285608314866,18.8567,12.8225,3.0194,general_cargo,MGO,Paradip,Kolkata_SMPK
1,2,2,17711,22.7,51.0,419,1.18,11697.082999999999,0.51,11.577,6.040254711277414,9.781997654948418,113.33,62.3315,17.5661,container_ship,LNG,Kochi,Mormugao
0,0,0,38293,14.6,69.1,396,1.55,3112.136,0.691,10.0886,5.983936280687191,10.55304850493315,111.2604,57.8554,16.5265,bulk_carrier,HFO,Chennai,Visakhapatnam
1,3,2,21825,17.3,67.9,518,1.47,5177.717000000001,0.679,11.7467,6.251903883165888,9.990857198673035,126.3908,85.9457,20.2383,container_ship,MGO,JNPA,New_Mangalore
1,0,0,38751,15.8,95.2,347,3.01,3944.3120000000004,0.9520000000000001,15.041600000000003,5.8522024797744745,10.564937646352819,131.6957,68.4818,19.562,container_ship,HFO,Mormugao,Mumbai
6,0,2,35203,15.0,58.5,495,0.45,3375.0,0.585,8.774999999999999,6.206575926724928,10.468914991493703,109.8996,57.1478,16.3244,tanker,HFO,Kolkata_SMPK,Visakhapatnam
0,3,2,42726,15.2,55.1,370,0.33,3511.8079999999995,0.551,8.3752,5.916202062607435,10.662586317888776,91.6351,62.3119,14.6731,bulk_carrier,MGO,Chennai,Tuticorin
3,3,2,15648,12.5,56.2,276,0.37,1953.125,0.562,7.025,5.6240175061873385,9.658162296163171,22.347,15.1959,3.5783,general_cargo,MGO,Mumbai,Kandla
0,2,2,30900,15.3,53.6,528,3.25,3581.5770000000007,0.536,8.200800000000001,6.270988431858299,10.33854382482173,113.6138,62.4876,17.6101,bulk_carrier,LNG,New_Mangalore,JNPA
1,4,2,9661,14.3,67.7,22,1.97,2924.2070000000003,0.677,9.6811,3.1354942159291497,9.175955945114351,4.2267,1.4793,0.2439,container_ship,Methanol,Mumbai,JNPA
1,0,2,9661,15.5,99.1,348,1.17,3723.875,0.991,15.3605,5.855071922202427,9.175955945114351,43.2573,22.4938,6.4254,container_ship,HFO,Kochi,New_Mangalore
3,0,2,16177,12.3,81.2,347,2.23,1860.8670000000004,0.812,9.9876,5.8522024797744745,9.691407573577898,36.2367,18.8431,5.3826,general_cargo,HFO,Mormugao,Mumbai
6,0,2,23117,12.0,89.5,757,0.99,1728.0,0.895,10.74,6.630683385642372,10.048366813854212,93.2635,48.497,13.8533,tanker,HFO,Port_Blair,Tuticorin
3,3,2,6658,12.1,95.1,290,1.33,1771.561,0.951,11.5071,5.673323267171493,8.803724602110622,16.8362,11.4486,2.6959,general_cargo,MGO,Kandla,JNPA
0,2,0,32714,14.0,68.8,1190,2.98,2744.0,0.688,9.632,7.0825485693553,10.395588967303839,248.2807,136.5544,38.4835,bulk_carrier,LNG,JNPA,Chennai
6,0,1,28632,15.1,62.5,761,1.13,3442.9509999999996,0.625,9.4375,6.635946555686647,10.262315177792935,155.1573,80.6818,23.0469,tanker,HFO,Tuticorin,Port_Blair
1,4,2,35698,17.3,60.2,406,0.64,5177.717000000001,0.602,10.4146,6.008813185442595,10.482877956170928,263.7922,92.3273,15.2234,container_ship,Methanol,Visakhapatnam,Chennai
6,0,2,28632,12.2,94.1,277,3.41,1815.8479999999997,0.941,11.480199999999998,5.627621113690637,10.262315177792935,54.657,28.4216,8.1187,tanker,HFO,Kandla,Mumbai
5,2,2,6679,15.3,60.3,856,2.64,3581.5770000000007,0.603,9.2259,6.75343791859778,8.806873266530692,68.8421,37.8632,10.6705,ro_ro,LNG,Kolkata_SMPK,Chennai
1,2,2,36763,19.2,57.8,359,3.44,7077.887999999999,0.578,11.097599999999998,5.886104031450156,10.512274384478,135.5773,74.5675,21.0145,container_ship,LNG,Mormugao,JNPA
0,2,2,42726,12.5,66.0,521,1.69,1953.125,0.66,8.25,6.257667587882639,10.662586317888776,77.7979,42.7888,12.0587,bulk_carrier,LNG,Kandla,Mormugao
0,3,0,66381,10.2,69.2,419,3.32,1061.2079999999999,0.6920000000000001,7.0584,6.040254711277414,11.103181214377175,85.8716,58.3927,13.7502,bulk_carrier,MGO,Kamarajar,Visakhapatnam
2,1,0,2604,11.6,74.4,1179,3.0,1560.896,0.7440000000000001,8.630400000000002,7.07326971745971,7.865187954187467,12.4497,39.839,0.8964,ferry,Hydrogen,Mumbai,Chennai
3,3,2,13823,10.7,56.0,347,0.3,1225.0429999999997,0.56,5.992,5.8522024797744745,9.534161491043838,21.0537,14.3165,3.3712,general_cargo,MGO,Mormugao,Mumbai
1,3,2,17711,20.0,79.9,347,2.21,8000.0,0.799,15.98,5.8522024797744745,9.781997654948418,106.2425,72.2449,17.0121,container_ship,MGO,Mormugao,Mumbai
3,0,2,17741,12.7,72.2,17,3.1,2048.383,0.722,9.1694,2.8903717578961645,9.783689989080532,2.3131,1.2028,0.3436,general_cargo,HFO,Kamarajar,Chennai
3,3,0,10004,13.6,84.4,277,3.17,2515.4559999999997,0.8440000000000001,11.4784,5.627621113690637,9.210840247017833,30.1603,20.509,4.8294,general_cargo,MGO,Kandla,Mumbai
0,3,0,70130,13.5,51.2,183,0.3,2460.375,0.512,6.912,5.214935757608986,11.158120200662147,47.5445,32.3302,7.6131,bulk_carrier,MGO,Tuticorin,Kochi
1,4,0,12017,22.2,64.6,276,2.82,10941.047999999999,0.6459999999999999,14.341199999999997,5.6240175061873385,9.394160804893874,163.6907,57.2918,9.4466,container_ship,Methanol,Mumbai,Kandla
0,0,2,58490,10.3,84.0,290,2.23,1092.7270000000003,0.84,8.652000000000001,5.673323267171493,10.976628175230568,59.3276,30.8504,8.8125,bulk_carrier,HFO,JNPA,Kandla
2,1,1,932,16.7,57.1,419,1.65,4657.463,0.5710000000000001,9.5357,6.040254711277414,6.838405200847344,3.5179,11.2571,0.2533,ferry,Hydrogen,Kamarajar,Visakhapatnam
1,4,0,23507,19.1,53.0,495,1.32,6967.871000000002,0.53,10.123000000000001,6.206575926724928,10.065096067732542,291.6774,102.0871,16.8327,container_ship,Methanol,Kolkata_SMPK,Visakhapatnam
0,2,2,60013,11.0,54.9,692,3.08,1331.0,0.5489999999999999,6.039,6.541029999189903,11.002333147319582,118.3256,65.0791,18.3405,bulk_carrier,LNG,Chennai,Paradip
6,3,0,47767,10.5,58.9,757,3.45,1157.625,0.589,6.1845,6.630683385642372,10.774111238226828,129.3148,87.9341,20.7065,tanker,MGO,Port_Blair,Tuticorin
1,3,2,37761,18.4,52.4,18,2.97,6229.503999999999,0.524,9.6416,2.9444389791664403,10.539058584958477,7.598,5.1666,1.2166,container_ship,MGO,Chennai,Kamarajar
0,0,2,34731,12.2,50.7,370,1.11,1815.8479999999997,0.507,6.1854,5.916202062607435,10.455416731180536,58.8218,30.5873,8.7373,bulk_carrier,HFO,Chennai,Tuticorin
0,0,2,58490,9.6,78.3,370,0.93,884.7359999999999,0.7829999999999999,7.516799999999999,5.916202062607435,10.976628175230568,50.619,26.3219,7.5189,bulk_carrier,HFO,Chennai,Tuticorin
6,0,0,25705,14.6,82.8,345,0.4,3112.136,0.828,12.088799999999999,5.846438775057725,10.154479706670077,63.8755,33.2153,9.488,tanker,HFO,New_Mangalore,Kochi
0,3,2,49115,11.7,76.6,853,1.73,1601.6129999999996,0.7659999999999999,8.962199999999998,6.74993119378857,10.801940126280403,150.4712,102.3204,24.0942,bulk_carrier,MGO,Chennai,Kolkata_SMPK
0,0,2,40197,11.2,78.1,176,1.23,1404.9279999999997,0.7809999999999999,8.747199999999998,5.176149732573829,10.601572522125696,27.2127,14.1506,4.0421,bulk_carrier,HFO,Mormugao,New_Mangalore
3,3,2,16581,11.8,83.5,358,2.74,1643.0320000000004,0.835,9.853,5.883322388488279,9.716073048676163,40.5696,27.5873,6.4962,general_cargo,MGO,JNPA,Mormugao
0,0,0,58490,13.6,93.1,859,2.67,2515.4559999999997,0.9309999999999999,12.661599999999998,6.756932389247553,10.976628175230568,311.1629,161.8047,46.2198,bulk_carrier,HFO,Mumbai,Kochi
6,2,2,45552,14.2,87.0,870,0.96,2863.2879999999996,0.87,12.354,6.769641976852503,10.726631762209768,194.3501,106.8925,30.1243,tanker,LNG,Kochi,JNPA
6,3,2,25705,13.4,94.4,176,0.34,2406.1040000000003,0.9440000000000001,12.649600000000001,5.176149732573829,10.154479706670077,28.7298,19.5363,4.6004,tanker,MGO,Mormugao,New_Mangalore
0,3,2,34731,10.5,70.3,17,2.6,1157.625,0.703,7.3815,2.8903717578961645,10.455416731180536,2.3755,1.6153,0.3804,bulk_carrier,MGO,Kamarajar,Chennai
6,0,0,76931,16.2,63.6,18,2.55,4251.527999999999,0.636,10.3032,2.9444389791664403,11.250677193775257,10.1342,5.2698,1.5053,tanker,HFO,Chennai,Kamarajar
3,0,2,10004,11.1,99.0,370,3.39,1367.6309999999999,0.99,10.988999999999999,5.916202062607435,9.210840247017833,29.8605,15.5274,4.4354,general_cargo,HFO,Chennai,Tuticorin
1,2,2,19734,18.6,98.9,856,0.86,6434.856000000002,0.9890000000000001,18.395400000000002,6.75343791859778,9.890148988096948,193.4436,106.394,29.9838,container_ship,LNG,Kolkata_SMPK,Chennai
6,3,2,55666,12.3,93.0,788,2.29,1860.8670000000004,0.93,11.439000000000002,6.670766320845874,10.927142790736806,204.7804,139.2507,32.7905,tanker,MGO,Port_Blair,Chennai
0,0,0,63697,11.6,73.7,359,2.17,1560.896,0.737,8.549199999999999,5.886104031450156,11.061908443893099,91.6041,47.6341,13.6068,bulk_carrier,HFO,Mormugao,JNPA
0,2,2,47945,13.4,71.6,419,0.41,2406.1040000000003,0.716,9.5944,6.040254711277414,10.777830656602518,77.273,42.5002,11.9773,bulk_carrier,LNG,Kochi,Mormugao
6,0,0,71643,12.3,65.0,507,1.01,1860.8670000000004,0.65,7.995000000000001,6.230481447578482,11.17946468934515,122.8438,63.8788,18.2471,tanker,HFO,Mumbai,New_Mangalore
0,2,2,33529,16.3,76.3,297,2.45,4330.747,0.763,12.436900000000001,5.697093486505405,10.420195839460273,81.7329,44.9531,12.6686,bulk_carrier,LNG,JNPA,Kandla
6,0,2,59471,11.4,96.6,183,0.35,1481.544,0.966,11.0124,5.214935757608986,10.993260892537034,37.5001,19.5001,5.5702,tanker,HFO,Tuticorin,Kochi
6,0,1,23117,15.5,61.0,538,3.38,3723.875,0.61,9.455,6.289715570908998,10.048366813854212,133.5857,69.4646,19.8427,tanker,HFO,Kochi,Chennai
0,2,0,49115,12.8,86.7,18,2.07,2097.1520000000005,0.867,11.0976,2.9444389791664403,10.801940126280403,3.7399,2.0569,0.5797,bulk_carrier,LNG,Chennai,Kamarajar
6,3,2,55468,14.2,78.3,24,2.66,2863.2879999999996,0.7829999999999999,11.118599999999999,3.2188758248682006,10.923579585124024,8.196,5.5733,1.3124,tanker,MGO,JNPA,Mumbai
1,4,0,8659,13.3,78.8,349,1.26,2352.637,0.7879999999999999,10.4804,5.857933154483459,9.06647000155648,60.8904,21.3116,3.514,container_ship,Methanol,Mumbai,Mormugao
0,0,0,31987,9.9,58.2,349,3.02,970.2990000000001,0.5820000000000001,5.761800000000001,5.857933154483459,10.37311611145178,38.6066,20.0754,5.7346,bulk_carrier,HFO,Mumbai,Mormugao
3,0,2,10749,13.6,96.6,797,1.2,2515.4559999999997,0.966,13.137599999999999,6.682108597449809,9.28266103355581,83.8418,43.5977,12.4538,general_cargo,HFO,Chennai,Port_Blair
0,3,1,58490,13.9,64.1,286,1.87,2685.619,0.6409999999999999,8.909899999999999,5.659482215759621,10.976628175230568,85.4287,58.0915,13.6793,bulk_carrier,MGO,Kandla,JNPA
0,0,2,35729,12.0,97.9,518,0.94,1728.0,0.9790000000000001,11.748000000000001,6.251903883165888,10.483745951017456,100.546,52.2839,14.935,bulk_carrier,HFO,JNPA,New_Mangalore
1,3,0,34898,17.5,53.5,176,1.36,5359.375,0.535,9.3625,5.176149732573829,10.460213454484876,51.3499,34.9179,8.2224,container_ship,MGO,Mormugao,New_Mangalore
0,0,2,45319,12.9,84.6,290,3.33,2146.6890000000003,0.846,10.9134,5.673323267171493,10.721503715141942,78.2988,40.7154,11.6304,bulk_carrier,HFO,Kandla,JNPA
1,3,2,9661,14.4,92.9,850,3.01,2985.9840000000004,0.929,13.377600000000001,6.7464121285733745,9.175955945114351,90.3965,61.4696,14.4747,container_ship,MGO,Kochi,Mumbai
1,0,2,19734,22.0,66.6,176,0.56,10648.0,0.6659999999999999,14.651999999999997,5.176149732573829,9.890148988096948,61.2937,31.8727,9.1045,container_ship,HFO,Mormugao,New_Mangalore
6,3,2,23323,14.3,59.5,507,3.23,2924.2070000000003,0.595,8.5085,6.230481447578482,10.057238152342046,91.0092,61.8862,14.5728,tanker,MGO,Mumbai,New_Mangalore
3,3,2,7216,14.1,53.1,692,1.15,2803.221,0.531,7.4871,6.541029999189903,8.884194633072273,46.588,31.6799,7.4599,general_cargo,MGO,Chennai,Paradip
0,2,0,42726,13.0,79.2,396,1.16,2197.0,0.792,10.296000000000001,5.983936280687191,10.662586317888776,76.8784,42.2831,11.9162,bulk_carrier,LNG,Chennai,Visakhapatnam
1,0,2,16607,16.1,70.5,521,3.25,4173.281000000001,0.705,11.3505,6.257667587882639,9.717639785965615,105.1434,54.6746,15.6179,container_ship,HFO,Kandla,Mormugao
2,2,2,884,15.5,53.0,419,0.54,3723.875,0.53,8.215,6.040254711277414,6.785587645007929,6.7338,3.7036,1.0437,ferry,LNG,Kochi,Mormugao
0,2,2,58420,10.7,68.9,757,2.56,1225.0429999999997,0.6890000000000001,7.3723,6.630683385642372,10.975430693220769,123.6359,67.9998,19.1636,bulk_carrier,LNG,Port_Blair,Tuticorin
1,2,1,17470,24.6,79.8,1181,2.41,14886.936000000003,0.7979999999999999,19.6308,7.074963197966044,9.768297642474444,452.8165,249.0491,70.1866,container_ship,LNG,Chennai,Mumbai
0,0,2,56514,9.7,90.8,313,0.31,912.6729999999998,0.9079999999999999,8.807599999999999,5.749392985908253,10.942261368624832,46.8906,24.3831,6.9651,bulk_carrier,HFO,Visakhapatnam,Paradip
6,0,2,76931,13.7,82.5,17,2.05,2571.3529999999996,0.825,11.302499999999998,2.8903717578961645,11.250677193775257,6.9215,3.5992,1.0281,tanker,HFO,Kamarajar,Chennai
4,2,2,3504,20.5,51.2,1181,2.2,8615.125,0.512,10.496,7.074963197966044,8.16194579946869,94.3054,51.868,14.6173,passenger,LNG,Chennai,Mumbai
6,0,1,55468,12.8,89.9,518,1.52,2097.1520000000005,0.899,11.507200000000001,6.251903883165888,10.923579585124024,146.1207,75.9828,21.7046,tanker,HFO,JNPA,New_Mangalore
0,0,2,62925,14.6,50.7,1196,1.47,3112.136,0.507,7.4022,7.087573705557973,11.049714711812085,387.0574,201.2698,57.4931,bulk_carrier,HFO,Chennai,JNPA
0,0,2,63249,13.9,63.0,1190,2.03,2685.619,0.63,8.757,7.0825485693553,11.054850406589766,406.9352,211.6063,60.4458,bulk_carrier,HFO,JNPA,Chennai
0,3,2,35729,11.1,52.3,349,3.22,1367.6309999999999,0.523,5.8053,5.857933154483459,10.483745951017456,52.116,35.4389,8.3451,bulk_carrier,MGO,Mumbai,Mormugao
3,0,2,7216,13.4,68.6,495,0.45,2406.1040000000003,0.6859999999999999,9.1924,6.206575926724928,8.884194633072273,31.1693,16.208,4.6299,general_cargo,HFO,Kolkata_SMPK,Visakhapatnam
0,2,0,56514,9.6,77.3,290,1.79,884.7359999999999,0.773,7.4208,5.673323267171493,10.942261368624832,35.805,19.6927,5.5498,bulk_carrier,LNG,JNPA,Kandla
4,3,2,3081,23.7,50.1,518,2.74,13312.052999999998,0.501,11.8737,6.251903883165888,8.033334015880062,61.374,41.7343,9.8275,passenger,MGO,JNPA,New_Mangalore
3,3,2,11634,9.7,80.0,22,1.2,912.6729999999998,0.8,7.76,3.1354942159291497,9.361773075736393,1.0843,0.7373,0.1736,general_cargo,MGO,Mumbai,JNPA
0,2,2,63697,11.0,50.1,1196,1.88,1331.0,0.501,5.511,7.087573705557973,11.061908443893099,190.7002,104.8851,29.5585,bulk_carrier,LNG,Chennai,JNPA
1,3,1,23507,19.9,73.5,876,1.79,7880.598999999998,0.735,14.626499999999998,6.776506992372183,10.065096067732542,279.6275,190.1467,44.7753,container_ship,MGO,JNPA,Kochi
6,0,1,35987,9.7,69.8,692,3.04,912.6729999999998,0.698,6.770599999999999,6.541029999189903,10.49094082853701,86.9184,45.1976,12.9108,tanker,HFO,Chennai,Paradip
6,2,2,42416,14.4,53.8,359,1.18,2985.9840000000004,0.5379999999999999,7.747199999999999,5.886104031450156,10.65530450425995,72.0505,39.6278,11.1678,tanker,LNG,Mormugao,JNPA
6,2,0,33954,14.0,99.7,529,0.96,2744.0,0.997,13.958,6.272877006546167,10.432791397547891,94.6394,52.0517,14.6691,tanker,LNG,Mormugao,Kandla
4,3,2,2268,18.1,81.0,349,3.48,5929.741000000002,0.81,14.661000000000001,5.857933154483459,7.727094484779841,22.1746,15.0787,3.5507,passenger,MGO,Mumbai,Mormugao
6,2,2,47959,11.3,71.8,507,2.88,1442.8970000000002,0.718,8.1134,6.230481447578482,10.77812260914145,87.4574,48.1016,13.5559,tanker,LNG,Mumbai,New_Mangalore
1,4,2,17711,22.3,57.7,17,1.96,11089.567000000001,0.5770000000000001,12.867100000000002,2.8903717578961645,9.781997654948418,12.9454,4.5309,0.7471,container_ship,Methanol,Kamarajar,Chennai
6,3,1,39701,12.8,80.2,518,1.93,2097.1520000000005,0.802,10.265600000000001,6.251903883165888,10.589156843240115,109.1556,74.2258,17.4785,tanker,MGO,JNPA,New_Mangalore
1,2,0,18598,17.4,53.2,396,0.93,5268.0239999999985,0.532,9.2568,5.983936280687191,9.830863094815127,58.4816,32.1649,9.0646,container_ship,LNG,Chennai,Visakhapatnam
0,0,2,58490,14.0,61.5,345,2.73,2744.0,0.615,8.61,5.846438775057725,10.976628175230568,121.3359,63.0947,18.0231,bulk_carrier,HFO,New_Mangalore,Kochi
0,3,2,64303,13.1,98.4,542,2.67,2248.091,0.9840000000000001,12.890400000000001,6.297109319933935,11.071377116688982,196.9861,133.9505,31.5424,bulk_carrier,MGO,Chennai,Kochi
3,3,2,15648,16.7,63.8,359,1.7,4657.463,0.638,10.6546,5.886104031450156,9.658162296163171,62.4146,42.4419,9.9941,general_cargo,MGO,Mormugao,JNPA
3,3,2,16704,13.7,75.3,850,1.64,2571.3529999999996,0.753,10.316099999999999,6.7464121285733745,9.723463354790857,97.3596,66.2046,15.5897,general_cargo,MGO,Kochi,Mumbai
0,0,0,58242,14.4,95.1,505,2.99,2985.9840000000004,0.951,13.6944,6.226536669287466,10.972379192532934,214.5518,111.5669,31.8693,bulk_carrier,HFO,New_Mangalore,Mumbai
0,0,2,47945,13.2,83.7,505,1.58,2299.968,0.8370000000000001,11.0484,6.226536669287466,10.777830656602518,118.6408,61.6932,17.6228,bulk_carrier,HFO,New_Mangalore,Mumbai
6,3,0,56969,11.1,87.3,870,1.43,1367.6309999999999,0.873,9.690299999999999,6.769641976852503,10.950280092474442,171.7687,116.8027,27.5045,tanker,MGO,Kochi,JNPA
3,3,0,16581,11.6,78.1,761,0.64,1560.896,0.7809999999999999,9.059599999999998,6.635946555686647,9.716073048676163,67.9786,46.2255,10.8851,general_cargo,MGO,Tuticorin,Port_Blair
1,0,2,35698,16.4,80.5,700,0.41,4410.943999999999,0.805,13.202,6.55250788703459,10.482877956170928,231.8875,120.5815,34.4443,container_ship,HFO,Paradip,Chennai
3,0,2,5602,11.4,65.6,542,1.62,1481.544,0.6559999999999999,7.4784,6.297109319933935,8.631057447565285,22.1007,11.4924,3.2828,general_cargo,HFO,Chennai,Kochi
1,4,0,12017,17.0,59.9,22,1.88,4913.0,0.599,10.183,3.1354942159291497,9.394160804893874,6.9104,2.4186,0.3988,container_ship,Methanol,Mumbai,JNPA
1,2,2,27264,18.4,74.2,692,2.11,6229.503999999999,0.742,13.6528,6.541029999189903,10.213359107360162,191.6191,105.3905,29.701,container_ship,LNG,Chennai,Paradip
1,2,0,41157,17.6,67.3,297,2.24,5451.776000000002,0.6729999999999999,11.8448,5.697093486505405,10.625173597902494,102.9712,56.6342,15.9605,container_ship,LNG,JNPA,Kandla
0,3,2,32714,14.8,56.9,358,0.76,3241.7920000000004,0.569,8.421199999999999,5.883322388488279,10.395588967303839,68.1058,46.3119,10.9054,bulk_carrier,MGO,JNPA,Mormugao
0,0,2,30900,14.4,73.2,419,3.29,2985.9840000000004,0.732,10.5408,6.040254711277414,10.33854382482173,111.5875,58.0255,16.5751,bulk_carrier,HFO,Kamarajar,Visakhapatnam
1,4,2,21825,13.1,80.8,542,2.71,2248.091,0.8079999999999999,10.5848,6.297109319933935,9.990857198673035,173.573,60.7506,10.0169,container_ship,Methanol,Chennai,Kochi
1,4,2,17711,23.3,77.8,406,3.27,12649.337000000001,0.778,18.1274,6.008813185442595,9.781997654948418,388.8019,136.0807,22.4378,container_ship,Methanol,Visakhapatnam,Chennai
0,3,2,58095,11.5,72.1,359,2.77,1520.875,0.721,8.2915,5.886104031450156,10.969852093654117,81.3871,55.3432,13.0321,bulk_carrier,MGO,Mormugao,JNPA
6,2,0,55620,12.3,65.1,1181,1.27,1860.8670000000004,0.6509999999999999,8.007299999999999,7.074963197966044,10.926316106770527,209.9061,115.4483,32.5354,tanker,LNG,Chennai,Mumbai
1,2,2,34898,21.7,98.7,761,1.36,10218.312999999998,0.987,21.4179,6.635946555686647,10.460213454484876,324.2304,178.3267,50.2557,container_ship,LNG,Tuticorin,Port_Blair
6,0,2,55620,14.9,99.6,22,2.89,3307.949,0.996,14.8404,3.1354942159291497,10.926316106770527,10.4298,5.4235,1.5492,tanker,HFO,Mumbai,JNPA
1,0,2,31457,17.3,62.3,521,1.93,5177.717000000001,0.623,10.7779,6.257667587882639,10.356408601800588,153.7875,79.9695,22.8434,container_ship,HFO,Kandla,Mormugao
0,0,2,29708,13.4,67.3,419,2.22,2406.1040000000003,0.6729999999999999,9.018199999999998,6.040254711277414,10.299205309189412,82.8247,43.0688,12.3027,bulk_carrier,HFO,Kamarajar,Visakhapatnam
3,0,2,16651,10.6,87.7,370,1.91,1191.0159999999998,0.877,9.296199999999999,5.916202062607435,9.720285608314866,31.7929,16.5323,4.7225,general_cargo,HFO,Chennai,Tuticorin
0,3,2,35729,9.7,90.5,22,3.04,912.6729999999998,0.905,8.7785,3.1354942159291497,10.483745951017456,2.8873,1.9634,0.4623,bulk_carrier,MGO,Mumbai,JNPA
0,3,1,32714,13.8,59.4,538,3.43,2628.0720000000006,0.594,8.1972,6.289715570908998,10.395588967303839,115.2417,78.3644,18.4531,bulk_carrier,MGO,Kochi,Chennai
3,0,1,5602,9.3,65.9,345,1.1,804.3570000000002,0.659,6.128700000000001,5.846438775057725,8.631057447565285,9.3794,4.8773,1.3932,general_cargo,HFO,New_Mangalore,Kochi
6,0,2,47233,10.4,99.1,542,1.08,1124.864,0.991,10.3064,6.297109319933935,10.762869251237097,94.0851,48.9243,13.9753,tanker,HFO,Chennai,Kochi
6,3,2,54273,12.7,95.9,757,0.35,2048.383,0.9590000000000001,12.1793,6.630683385642372,10.901800569887673,187.0688,127.2068,29.9544,tanker,MGO,Port_Blair,Tuticorin
1,0,2,27197,17.5,87.4,1190,2.09,5359.375,0.8740000000000001,15.295000000000002,7.0825485693553,10.210898720168904,401.4795,208.7693,59.6354,container_ship,HFO,JNPA,Chennai
1,0,0,37761,18.9,80.0,1190,1.65,6751.268999999998,0.8,15.12,7.0825485693553,10.539058584958477,490.8982,255.2671,72.9175,container_ship,HFO,JNPA,Chennai
2,5,2,932,15.3,84.4,870,1.01,3581.5770000000007,0.8440000000000001,12.913200000000002,6.769641976852503,6.838405200847344,204.7586,24.571,0.6044,ferry,Shore_Power,Kochi,JNPA
3,0,2,10004,14.1,95.1,348,2.05,2803.221,0.951,13.409099999999999,5.855071922202427,9.210840247017833,37.542,19.5219,5.5765,general_cargo,HFO,Kochi,New_Mangalore
3,0,2,13823,12.0,88.4,176,0.91,1728.0,0.884,10.608,5.176149732573829,9.534161491043838,15.5715,8.0972,2.313,general_cargo,HFO,Mormugao,New_Mangalore
1,2,1,33687,20.7,84.0,176,1.96,8869.742999999999,0.84,17.387999999999998,5.176149732573829,10.424896969841763,74.973,41.2352,11.6208,container_ship,LNG,Mormugao,New_Mangalore
3,3,2,17741,10.2,87.6,1179,3.22,1061.2079999999999,0.8759999999999999,8.935199999999998,7.07326971745971,9.783689989080532,102.2905,69.5575,16.3793,general_cargo,MGO,Mumbai,Chennai
6,2,2,37083,12.1,70.4,528,2.74,1771.561,0.7040000000000001,8.5184,6.270988431858299,10.520940888726873,80.7318,44.4025,12.5134,tanker,LNG,New_Mangalore,JNPA
3,0,0,5817,13.6,52.7,17,1.39,2515.4559999999997,0.527,7.1672,2.8903717578961645,8.668711839055147,0.9716,0.5053,0.1443,general_cargo,HFO,Kamarajar,Chennai
0,3,2,29708,11.8,53.9,411,2.82,1643.0320000000004,0.539,6.360200000000001,6.021023349349527,10.299205309189412,62.135,42.2518,9.9494,bulk_carrier,MGO,Visakhapatnam,Kamarajar
0,2,1,42343,14.2,59.1,276,0.57,2863.2879999999996,0.591,8.392199999999999,5.6240175061873385,10.653582013537823,52.6753,28.9714,8.1647,bulk_carrier,LNG,Kandla,Mumbai
4,2,2,4545,26.9,64.3,788,0.96,19465.108999999997,0.643,17.296699999999998,6.670766320845874,8.422003004412488,124.8844,68.6864,19.3571,passenger,LNG,Port_Blair,Chennai
4,3,0,3081,26.3,51.0,189,3.12,18191.447,0.51,13.413,5.247024072160486,8.033334015880062,28.6904,19.5095,4.5941,passenger,MGO,Kochi,Tuticorin
6,0,0,47233,11.9,53.9,229,2.86,1685.159,0.539,6.4141,5.438079308923196,10.762869251237097,47.4999,24.7,7.0556,tanker,HFO,Kolkata_SMPK,Paradip
0,2,2,42343,15.0,91.6,290,1.07,3375.0,0.9159999999999999,13.739999999999998,5.673323267171493,10.653582013537823,68.4406,37.6424,10.6083,bulk_carrier,LNG,JNPA,Kandla
3,3,2,17380,10.7,77.3,1196,1.06,1225.0429999999997,0.773,8.271099999999999,7.087573705557973,9.76313293456348,86.626,58.9057,13.871,general_cargo,MGO,Chennai,JNPA
6,0,0,28632,17.3,92.2,277,1.27,5177.717000000001,0.922,15.950600000000001,5.627621113690637,10.262315177792935,86.8994,45.1877,12.9079,tanker,HFO,Kandla,Mumbai
0,0,2,44373,10.3,80.3,276,2.79,1092.7270000000003,0.8029999999999999,8.2709,5.6240175061873385,10.700408991312528,44.844,23.3189,6.6611,bulk_carrier,HFO,Kandla,Mumbai
1,4,0,21825,13.6,79.9,419,0.8,2515.4559999999997,0.799,10.8664,6.040254711277414,9.990857198673035,128.7727,45.0705,7.4315,container_ship,Methanol,Kochi,Mormugao
6,0,2,67954,11.6,76.5,853,1.55,1560.896,0.765,8.874,6.74993119378857,11.126601000389448,206.5289,107.395,30.6776,tanker,HFO,Chennai,Kolkata_SMPK
3,0,1,14985,11.3,57.5,1190,0.86,1442.8970000000002,0.575,6.4975,7.0825485693553,9.614871710924255,89.2773,46.4242,13.2612,general_cargo,HFO,JNPA,Chennai
0,0,0,58242,13.7,99.2,297,2.15,2571.3529999999996,0.992,13.590399999999999,5.697093486505405,10.972379192532934,105.0353,54.6184,15.6018,bulk_carrier,HFO,JNPA,Kandla
0,3,2,47945,10.5,97.4,853,2.38,1157.625,0.9740000000000001,10.227,6.74993119378857,10.777830656602518,141.7595,96.3965,22.6992,bulk_carrier,MGO,Chennai,Kolkata_SMPK
0,0,2,62925,14.4,61.7,277,1.4,2985.9840000000004,0.617,8.8848,5.627621113690637,11.049714711812085,90.6133,47.1189,13.4596,bulk_carrier,HFO,Kandla,Mumbai
5,3,1,8727,19.6,93.5,870,0.33,7529.536000000002,0.935,18.326000000000004,6.769641976852503,9.074291527512907,139.5032,94.8622,22.3379,ro_ro,MGO,Kochi,JNPA
0,2,1,45319,13.7,74.0,505,0.51,2571.3529999999996,0.74,10.138,6.226536669287466,10.721503715141942,97.5333,53.6433,15.1177,bulk_carrier,LNG,New_Mangalore,Mumbai
1,2,0,9661,19.0,61.0,277,1.06,6859.0,0.61,11.59,5.627621113690637,9.175955945114351,33.4987,18.4243,5.1923,container_ship,LNG,Kandla,Mumbai
3,0,2,16704,11.1,66.4,528,2.06,1367.6309999999999,0.664,7.3704,6.270988431858299,9.723463354790857,47.2051,24.5467,7.0118,general_cargo,HFO,New_Mangalore,JNPA
0,3,0,71338,10.2,81.9,761,0.46,1061.2079999999999,0.8190000000000001,8.3538,6.635946555686647,11.175198441433086,126.4003,85.9522,20.2399,bulk_carrier,MGO,Tuticorin,Port_Blair
6,3,2,47767,14.4,83.7,347,2.1,2985.9840000000004,0.8370000000000001,12.052800000000001,5.8522024797744745,10.774111238226828,99.0992,67.3875,15.8683,tanker,MGO,Mormugao,Mumbai
6,2,2,23117,15.8,51.2,345,1.62,3944.3120000000004,0.512,8.0896,5.846438775057725,10.048366813854212,55.1416,30.3279,8.5469,tanker,LNG,New_Mangalore,Kochi
6,0,2,42416,12.4,72.1,24,2.18,1906.6240000000003,0.721,8.9404,3.2188758248682006,10.65530450425995,5.2597,2.735,0.7813,tanker,HFO,JNPA,Mumbai
3,0,2,5817,14.4,52.8,229,1.17,2985.9840000000004,0.528,7.6032,5.438079308923196,8.668711839055147,15.6248,8.1249,2.3209,general_cargo,HFO,Kolkata_SMPK,Paradip
0,0,2,32714,13.6,76.5,853,2.9,2515.4559999999997,0.765,10.404,6.74993119378857,10.395588967303839,185.5956,96.5097,27.5682,bulk_carrier,HFO,Chennai,Kolkata_SMPK
1,2,2,33073,16.3,75.1,290,1.71,4330.747,0.7509999999999999,12.241299999999999,5.673323267171493,10.406502754210141,72.015,39.6082,11.1623,container_ship,LNG,JNPA,Kandla
0,3,0,35729,11.0,92.7,529,0.96,1331.0,0.927,10.197000000000001,6.272877006546167,10.483745951017456,72.3808,49.2189,11.59,bulk_carrier,MGO,Mormugao,Kandla
3,0,2,16704,12.9,73.4,1190,3.42,2146.6890000000003,0.7340000000000001,9.468600000000002,7.0825485693553,9.723463354790857,186.5534,97.0078,27.7105,general_cargo,HFO,JNPA,Chennai
3,3,2,10749,13.5,71.5,345,2.08,2460.375,0.715,9.6525,5.846438775057725,9.28266103355581,33.2974,22.6423,5.3318,general_cargo,MGO,New_Mangalore,Kochi
3,3,2,7216,13.3,75.2,313,2.58,2352.637,0.752,10.0016,5.749392985908253,8.884194633072273,24.689,16.7885,3.9533,general_cargo,MGO,Visakhapatnam,Paradip
6,0,0,67954,15.7,62.3,700,0.97,3869.8929999999996,0.623,9.7811,6.55250788703459,11.126601000389448,283.9166,147.6366,42.1727,tanker,HFO,Paradip,Chennai
0,0,0,62925,11.5,70.6,853,1.32,1520.875,0.706,8.119,6.74993119378857,11.049714711812085,181.8943,94.5851,27.0184,bulk_carrier,HFO,Chennai,Kolkata_SMPK
2,3,2,536,15.4,77.3,347,0.58,3652.264,0.773,11.904200000000001,5.8522024797744745,6.285998094508865,5.7198,3.8895,0.9159,ferry,MGO,Mormugao,Mumbai
3,3,0,11634,11.8,82.2,521,2.92,1643.0320000000004,0.8220000000000001,9.699600000000002,6.257667587882639,9.361773075736393,45.1851,30.7259,7.2353,general_cargo,MGO,Kandla,Mormugao
6,3,2,59471,13.7,54.0,870,1.4,2571.3529999999996,0.54,7.398,6.769641976852503,10.993260892537034,233.3501,158.6781,37.3652,tanker,MGO,Kochi,JNPA
1,3,0,38751,13.5,95.0,419,3.16,2460.375,0.95,12.825,6.040254711277414,10.564937646352819,107.4846,73.0895,17.211,container_ship,MGO,Kochi,Mormugao
3,0,1,13823,15.4,70.5,297,1.97,3652.264,0.705,10.857,5.697093486505405,9.534161491043838,43.6527,22.6994,6.4841,general_cargo,HFO,JNPA,Kandla
0,2,2,40297,10.3,85.6,692,1.11,1092.7270000000003,0.856,8.8168,6.541029999189903,10.604057118911712,74.659,41.0624,11.5721,bulk_carrier,LNG,Chennai,Paradip
3,3,2,10004,14.7,58.0,277,1.31,3176.5229999999997,0.58,8.526,5.627621113690637,9.210840247017833,24.9614,16.9738,3.9969,general_cargo,MGO,Kandla,Mumbai
3,0,1,6658,13.8,79.3,528,0.56,2628.0720000000006,0.7929999999999999,10.943399999999999,6.270988431858299,8.803724602110622,39.0924,20.3281,5.8067,general_cargo,HFO,New_Mangalore,JNPA
1,4,2,21825,12.9,83.2,859,2.84,2146.6890000000003,0.8320000000000001,10.732800000000001,6.756932389247553,9.990857198673035,294.7857,103.175,17.0121,container_ship,Methanol,Mumbai,Kochi
1,2,1,21825,14.7,96.2,169,0.45,3176.5229999999997,0.9620000000000001,14.1414,5.135798437050262,9.990857198673035,25.1181,13.815,3.8933,container_ship,LNG,New_Mangalore,Mormugao
0,2,2,56365,10.8,71.5,276,2.29,1259.7120000000002,0.715,7.722,5.6240175061873385,10.939621418827507,42.9481,23.6214,6.657,bulk_carrier,LNG,Mumbai,Kandla
0,2,1,34731,13.6,70.5,797,2.24,2515.4559999999997,0.705,9.588,6.682108597449809,10.455416731180536,145.9391,80.2665,22.6206,bulk_carrier,LNG,Chennai,Port_Blair
6,3,2,28632,12.5,97.4,761,2.11,1953.125,0.9740000000000001,12.175,6.635946555686647,10.262315177792935,130.3954,88.6688,20.8796,tanker,MGO,Tuticorin,Port_Blair
0,2,2,56365,14.2,89.3,505,0.33,2863.2879999999996,0.893,12.6806,6.226536669287466,10.939621418827507,117.2515,64.4883,18.174,bulk_carrier,LNG,New_Mangalore,Mumbai
3,3,2,14985,11.0,85.3,859,3.36,1331.0,0.853,9.383,6.756932389247553,9.614871710924255,80.4422,54.7007,12.8808,general_cargo,MGO,Mumbai,Kochi
0,3,2,63249,12.1,56.3,349,3.01,1771.561,0.563,6.812299999999999,5.857933154483459,11.054850406589766,90.3736,61.4541,14.4711,bulk_carrier,MGO,Mumbai,Mormugao
6,0,2,68994,12.8,56.3,282,1.61,2097.1520000000005,0.563,7.2063999999999995,5.645446897643238,11.141789317185655,78.5945,40.8691,11.6743,tanker,HFO,Mumbai,Kandla
5,2,2,4651,19.0,83.4,183,1.0,6859.0,0.8340000000000001,15.846000000000002,5.214935757608986,8.445052513638554,14.8299,8.1564,2.2986,ro_ro,LNG,Tuticorin,Kochi
3,3,2,11634,9.4,55.8,297,1.21,830.5840000000001,0.5579999999999999,5.2452,5.697093486505405,9.361773075736393,14.3046,9.7272,2.2905,general_cargo,MGO,JNPA,Kandla
3,3,0,7216,13.5,76.7,396,1.12,2460.375,0.767,10.3545,5.983936280687191,8.884194633072273,26.6076,18.0931,4.2605,general_cargo,MGO,Chennai,Visakhapatnam
5,2,0,7575,17.5,98.6,370,0.37,5359.375,0.986,17.255,5.916202062607435,8.932740634865914,37.2168,20.4692,5.7686,ro_ro,LNG,Chennai,Tuticorin
5,3,0,6851,14.2,65.0,348,0.58,2863.2879999999996,0.65,9.23,5.855071922202427,8.832295859444011,21.0677,14.326,3.3735,ro_ro,MGO,Kochi,New_Mangalore
1,3,0,23507,21.9,69.3,311,2.76,10503.458999999997,0.693,15.176699999999999,5.7430031878094825,10.065096067732542,136.247,92.648,21.8165,container_ship,MGO,Paradip,Visakhapatnam
0,3,0,41493,13.0,64.5,348,2.23,2197.0,0.645,8.385,5.855071922202427,10.633304117453084,70.8229,48.1596,11.3405,bulk_carrier,MGO,Kochi,New_Mangalore
0,3,2,40297,14.7,69.8,1196,2.54,3176.5229999999997,0.698,10.260599999999998,7.087573705557973,10.604057118911712,341.4411,232.18,54.6733,bulk_carrier,MGO,Chennai,JNPA
6,3,2,28632,14.2,96.0,282,2.89,2863.2879999999996,0.96,13.632,5.645446897643238,10.262315177792935,69.1554,47.0257,11.0735,tanker,MGO,Mumbai,Kandla
6,0,2,70614,13.9,56.9,347,0.52,2685.619,0.569,7.9091,5.8522024797744745,11.164997865503164,107.3281,55.8106,15.9424,tanker,HFO,Mormugao,Mumbai
3,0,2,15648,15.1,53.7,1179,1.57,3442.9509999999996,0.537,8.1087,7.07326971745971,9.658162296163171,177.4558,92.277,26.3591,general_cargo,HFO,Mumbai,Chennai
6,0,1,23323,12.1,86.0,349,1.86,1771.561,0.86,10.405999999999999,5.857933154483459,10.057238152342046,45.603,23.7136,6.7738,tanker,HFO,Mumbai,Mormugao
0,2,2,64303,12.9,96.5,370,2.96,2146.6890000000003,0.965,12.4485,5.916202062607435,11.071377116688982,105.3318,57.9325,16.3264,bulk_carrier,LNG,Chennai,Tuticorin
6,2,0,23323,13.1,92.3,24,2.93,2248.091,0.9229999999999999,12.091299999999999,3.2188758248682006,10.057238152342046,3.595,1.9773,0.5572,tanker,LNG,JNPA,Mumbai
6,2,2,56969,12.8,52.3,542,1.77,2097.1520000000005,0.523,6.694400000000001,6.297109319933935,10.950280092474442,102.4729,56.3601,15.8833,tanker,LNG,Chennai,Kochi
3,3,2,10004,13.9,52.4,1179,3.22,2685.619,0.524,7.283600000000001,7.07326971745971,9.210840247017833,118.86,80.8248,19.0325,general_cargo,MGO,Mumbai,Chennai
6,0,2,23323,13.7,73.9,411,2.09,2571.3529999999996,0.7390000000000001,10.124300000000002,6.021023349349527,10.057238152342046,72.1452,37.5155,10.7164,tanker,HFO,Visakhapatnam,Kamarajar
0,0,1,58490,12.3,87.2,169,2.88,1860.8670000000004,0.872,10.7256,5.135798437050262,10.976628175230568,51.2448,26.6473,7.6119,bulk_carrier,HFO,New_Mangalore,Mormugao
5,2,0,4206,14.1,65.6,856,1.45,2803.221,0.6559999999999999,9.2496,6.75343791859778,8.344505083590521,39.5029,21.7266,6.123,ro_ro,LNG,Kolkata_SMPK,Chennai
0,3,2,60013,11.8,98.4,419,0.57,1643.0320000000004,0.9840000000000001,11.611200000000002,6.040254711277414,11.002333147319582,88.0709,59.8882,14.1023,bulk_carrier,MGO,Kamarajar,Visakhapatnam
1,3,2,34470,18.3,84.0,311,2.69,6128.487000000001,0.84,15.372,5.7430031878094825,10.44787366982408,117.1092,79.6342,18.7521,container_ship,MGO,Paradip,Visakhapatnam
0,3,0,38293,13.5,62.1,359,2.47,2460.375,0.621,8.3835,5.886104031450156,10.55304850493315,79.7389,54.2224,12.7682,bulk_carrier,MGO,Mormugao,JNPA
1,0,0,27197,15.4,95.6,521,2.79,3652.264,0.956,14.7224,6.257667587882639,10.210898720168904,143.7299,74.7396,21.3495,container_ship,HFO,Kandla,Mormugao
0,2,0,32714,12.8,85.5,286,2.55,2097.1520000000005,0.855,10.944,5.659482215759621,10.395588967303839,46.8982,25.794,7.2692,bulk_carrier,LNG,Kandla,JNPA
4,1,0,1902,19.3,98.7,276,2.42,7189.057000000001,0.987,19.0491,5.6240175061873385,7.551186867296149,6.678,21.3697,0.4808,passenger,Hydrogen,Kandla,Mumbai
1,4,0,27264,14.5,66.8,348,2.97,3048.625,0.6679999999999999,9.685999999999998,5.855071922202427,10.213359107360162,163.4291,57.2002,9.4315,container_ship,Methanol,Kochi,New_Mangalore
1,2,2,21825,13.2,76.3,24,1.57,2299.968,0.763,10.0716,3.2188758248682006,9.990857198673035,2.8657,1.5762,0.4442,container_ship,LNG,JNPA,Mumbai
3,0,2,15648,13.3,74.9,217,3.29,2352.637,0.7490000000000001,9.961700000000002,5.384495062789089,9.658162296163171,29.1792,15.1732,4.3342,general_cargo,HFO,Paradip,Kolkata_SMPK
2,2,2,884,16.2,65.5,870,2.66,4251.527999999999,0.655,10.611,6.769641976852503,6.785587645007929,19.2059,10.5632,2.9769,ferry,LNG,Kochi,JNPA
0,3,2,64303,10.7,73.3,18,2.11,1225.0429999999997,0.733,7.8431,2.9444389791664403,11.071377116688982,3.5864,2.4388,0.5743,bulk_carrier,MGO,Chennai,Kamarajar
3,0,1,10749,14.5,95.4,189,0.44,3048.625,0.9540000000000001,13.833,5.247024072160486,9.28266103355581,21.3971,11.1265,3.1783,general_cargo,HFO,Kochi,Tuticorin
0,0,2,60844,10.4,99.0,542,2.95,1124.864,0.99,10.296,6.297109319933935,11.016084925770901,125.8483,65.4411,18.6934,bulk_carrier,HFO,Chennai,Kochi
3,0,0,7216,12.4,76.9,853,1.06,1906.6240000000003,0.769,9.5356,6.74993119378857,8.884194633072273,46.7449,24.3073,6.9434,general_cargo,HFO,Chennai,Kolkata_SMPK
6,2,2,50271,15.3,52.3,542,2.2,3581.5770000000007,0.523,8.001900000000001,6.297109319933935,10.825203541055348,141.9125,78.0519,21.9964,tanker,LNG,Chennai,Kochi
6,3,2,76931,15.4,50.5,856,3.34,3652.264,0.505,7.777,6.75343791859778,11.250677193775257,379.2462,257.8874,60.7268,tanker,MGO,Kolkata_SMPK,Chennai
6,2,0,23117,12.2,68.7,290,1.28,1815.8479999999997,0.687,8.381400000000001,5.673323267171493,10.048366813854212,27.8253,15.3039,4.3129,tanker,LNG,Kandla,JNPA
1,2,1,30177,17.2,85.4,529,2.62,5088.447999999999,0.8540000000000001,14.6888,6.272877006546167,10.314868461073596,151.9323,83.5628,23.5495,container_ship,LNG,Mormugao,Kandla
1,2,2,34470,17.5,52.9,411,0.39,5359.375,0.529,9.2575,6.021023349349527,10.44787366982408,92.2844,50.7564,14.3041,container_ship,LNG,Visakhapatnam,Kamarajar
0,0,2,34473,11.2,95.0,870,2.85,1404.9279999999997,0.95,10.639999999999999,6.769641976852503,10.447960695714336,146.0395,75.9405,21.6926,bulk_carrier,HFO,Kochi,JNPA
6,0,2,47767,13.9,74.7,297,1.59,2685.619,0.747,10.3833,5.697093486505405,10.774111238226828,83.5426,43.4421,12.4093,tanker,HFO,JNPA,Kandla
1,4,2,26077,18.4,55.9,859,1.16,6229.503999999999,0.5589999999999999,10.285599999999999,6.756932389247553,10.168847325983418,512.0247,179.2086,29.5489,container_ship,Methanol,Mumbai,Kochi
3,3,2,9258,13.0,58.1,17,0.84,2197.0,0.581,7.552999999999999,2.8903717578961645,9.133351330448047,1.1267,0.7661,0.1804,general_cargo,MGO,Kamarajar,Chennai
0,2,2,60013,13.8,73.8,870,2.24,2628.0720000000006,0.738,10.1844,6.769641976852503,11.002333147319582,232.0653,127.6359,35.9701,bulk_carrier,LNG,Kochi,JNPA
3,0,2,16177,12.0,70.0,422,1.04,1728.0,0.7,8.399999999999999,6.0473721790462776,9.691407573577898,34.7089,18.0486,5.1556,general_cargo,HFO,Mormugao,Kochi
0,2,2,40297,10.7,78.7,183,1.74,1225.0429999999997,0.787,8.4209,5.214935757608986,10.604057118911712,20.8294,11.4562,3.2286,bulk_carrier,LNG,Tuticorin,Kochi
3,0,2,16651,12.1,92.5,692,1.98,1771.561,0.925,11.1925,6.541029999189903,9.720285608314866,83.2806,43.3059,12.3704,general_cargo,HFO,Chennai,Paradip
6,3,2,22608,11.4,72.3,313,3.07,1481.544,0.723,8.2422,5.749392985908253,10.026103336076316,36.6231,24.9037,5.8643,tanker,MGO,Visakhapatnam,Paradip
1,0,1,33687,20.8,62.5,313,2.36,8998.912,0.625,13.0,5.749392985908253,10.424896969841763,166.2743,86.4626,24.6982,container_ship,HFO,Visakhapatnam,Paradip
6,0,0,23117,15.9,77.5,853,3.43,4019.679,0.775,12.3225,6.74993119378857,10.048366813854212,240.1127,124.8586,35.6661,tanker,HFO,Chennai,Kolkata_SMPK
0,0,0,41291,9.9,73.5,345,3.03,970.2990000000001,0.735,7.2765,5.846438775057725,10.62842405558548,50.5151,26.2678,7.5035,bulk_carrier,HFO,New_Mangalore,Kochi
1,3,2,41892,14.4,59.8,22,1.33,2985.9840000000004,0.598,8.6112,3.1354942159291497,10.64287402751427,4.9861,3.3906,0.7984,container_ship,MGO,Mumbai,JNPA
5,2,2,11514,12.7,87.1,700,0.44,2048.383,0.871,11.0617,6.55250788703459,9.351405812254786,46.5743,25.6159,7.219,ro_ro,LNG,Paradip,Chennai
0,3,1,30900,11.8,87.4,529,3.02,1643.0320000000004,0.8740000000000001,10.313200000000002,6.272877006546167,10.33854382482173,95.5874,64.9994,15.3059,bulk_carrier,MGO,Mormugao,Kandla
6,3,2,23117,13.2,58.0,422,0.52,2299.968,0.58,7.655999999999999,6.0473721790462776,10.048366813854212,50.2467,34.1677,8.0457,tanker,MGO,Mormugao,Kochi
6,2,2,28073,13.7,90.2,345,1.69,2571.3529999999996,0.902,12.3574,5.846438775057725,10.24259916009427,58.25,32.0375,9.0288,tanker,LNG,New_Mangalore,Kochi
0,2,0,47945,12.7,88.7,17,1.06,2048.383,0.887,11.264899999999999,2.8903717578961645,10.777830656602518,3.1757,1.7466,0.4922,bulk_carrier,LNG,Kamarajar,Chennai
3,0,2,13823,11.5,54.5,297,0.53,1520.875,0.545,6.2675,5.697093486505405,9.534161491043838,20.4897,10.6547,3.0435,general_cargo,HFO,JNPA,Kandla
6,2,2,22608,14.4,98.1,876,0.39,2985.9840000000004,0.981,14.1264,6.776506992372183,10.026103336076316,142.7112,78.4912,22.1202,tanker,LNG,JNPA,Kochi
0,3,2,47170,10.1,91.5,495,3.16,1030.301,0.915,9.2415,6.206575926724928,10.761534575968792,84.6392,57.5547,13.5529,bulk_carrier,MGO,Kolkata_SMPK,Visakhapatnam
6,3,1,55620,13.8,76.1,507,0.58,2628.0720000000006,0.7609999999999999,10.5018,6.230481447578482,10.926316106770527,128.8098,87.5907,20.6257,tanker,MGO,Mumbai,New_Mangalore
0,0,2,47945,14.3,83.8,853,2.19,2924.2070000000003,0.838,11.9834,6.74993119378857,10.777830656602518,278.108,144.6162,41.3099,bulk_carrier,HFO,Chennai,Kolkata_SMPK
5,3,2,4206,15.8,63.7,183,2.58,3944.3120000000004,0.637,10.0646,5.214935757608986,8.344505083590521,13.0106,8.8472,2.0833,ro_ro,MGO,Tuticorin,Kochi
0,0,2,29708,13.3,62.0,18,0.91,2352.637,0.62,8.246,2.9444389791664403,10.299205309189412,3.1479,1.6369,0.4676,bulk_carrier,HFO,Chennai,Kamarajar
1,3,2,35698,19.2,92.3,491,2.94,7077.887999999999,0.9229999999999999,17.7216,6.198478716492308,10.482877956170928,227.9163,154.9831,36.4951,container_ship,MGO,Visakhapatnam,Kolkata_SMPK
0,3,2,60013,11.7,85.9,229,0.33,1601.6129999999996,0.8590000000000001,10.0503,5.438079308923196,11.002333147319582,46.1722,31.3971,7.3933,bulk_carrier,MGO,Kolkata_SMPK,Paradip
0,0,2,64303,11.1,55.5,396,2.92,1367.6309999999999,0.555,6.160500000000001,5.983936280687191,11.071377116688982,87.5355,45.5185,13.0024,bulk_carrier,HFO,Chennai,Visakhapatnam
0,0,2,33063,10.0,79.6,358,1.91,1000.0,0.7959999999999999,7.959999999999999,5.883322388488279,10.406200356191569,42.478,22.0886,6.3096,bulk_carrier,HFO,JNPA,Mormugao
1,4,2,38751,12.5,86.6,528,2.56,1953.125,0.866,10.825,6.270988431858299,10.564937646352819,246.0328,86.1115,14.1986,container_ship,Methanol,New_Mangalore,JNPA
1,3,1,21825,12.9,65.2,282,2.49,2146.6890000000003,0.652,8.4108,5.645446897643238,9.990857198673035,39.8387,27.0903,6.3792,container_ship,MGO,Mumbai,Kandla
6,2,2,50271,11.7,92.5,876,1.45,1601.6129999999996,0.925,10.8225,6.776506992372183,10.825203541055348,152.2702,83.7486,23.6019,tanker,LNG,JNPA,Kochi
0,0,2,56365,12.7,53.0,1196,3.31,2048.383,0.53,6.731,7.087573705557973,10.939621418827507,331.7159,172.4923,49.2727,bulk_carrier,HFO,Chennai,JNPA
3,3,1,17758,10.4,91.3,348,0.79,1124.864,0.9129999999999999,9.495199999999999,5.855071922202427,9.784647708654596,25.2697,17.1834,4.0463,general_cargo,MGO,Kochi,New_Mangalore
3,0,2,16651,10.2,79.3,290,1.08,1061.2079999999999,0.7929999999999999,8.0886,5.673323267171493,9.720285608314866,22.1839,11.5356,3.2952,general_cargo,HFO,JNPA,Kandla
6,3,2,47959,13.9,87.9,419,1.42,2685.619,0.879,12.2181,6.040254711277414,10.77812260914145,114.4185,77.8046,18.3213,tanker,MGO,Kochi,Mormugao
5,0,1,7575,17.9,89.3,276,3.42,5735.338999999999,0.893,15.984699999999998,5.6240175061873385,8.932740634865914,45.4174,23.617,6.7463,ro_ro,HFO,Kandla,Mumbai
3,3,2,16177,13.3,61.5,870,2.25,2352.637,0.615,8.1795,6.769641976852503,9.691407573577898,98.5872,67.0393,15.7863,general_cargo,MGO,Kochi,JNPA
0,2,1,27915,10.8,85.4,297,1.46,1259.7120000000002,0.8540000000000001,9.223200000000002,5.697093486505405,10.236955280137042,28.381,15.6095,4.3991,bulk_carrier,LNG,JNPA,Kandla
3,0,1,7216,14.2,60.5,1190,1.11,2863.2879999999996,0.605,8.591,7.0825485693553,8.884194633072273,82.5866,42.9451,12.2673,general_cargo,HFO,JNPA,Chennai
0,2,2,29708,16.4,63.2,419,2.86,4410.943999999999,0.632,10.364799999999999,6.040254711277414,10.299205309189412,101.509,55.8299,15.7339,bulk_carrier,LNG,Kamarajar,Visakhapatnam
6,0,2,28073,12.5,66.7,788,3.47,1953.125,0.667,8.3375,6.670766320845874,10.24259916009427,157.0338,81.6576,23.3256,tanker,HFO,Port_Blair,Chennai
3,0,2,16177,10.8,96.3,1190,1.66,1259.7120000000002,0.963,10.400400000000001,7.0825485693553,9.691407573577898,111.0285,57.7348,16.4921,general_cargo,HFO,JNPA,Chennai
0,2,0,31987,9.7,96.5,17,1.28,912.6729999999998,0.965,9.360499999999998,2.8903717578961645,10.37311611145178,1.4596,0.8028,0.2262,bulk_carrier,LNG,Kamarajar,Chennai
3,0,2,16177,10.6,83.4,396,0.32,1191.0159999999998,0.8340000000000001,8.8404,5.983936280687191,9.691407573577898,30.4175,15.8171,4.5182,general_cargo,HFO,Chennai,Visakhapatnam
6,0,2,47233,11.0,73.7,757,1.14,1331.0,0.737,8.107,6.630683385642372,10.762869251237097,125.9798,65.5095,18.7129,tanker,HFO,Port_Blair,Tuticorin
0,2,2,58420,12.0,89.3,286,0.52,1728.0,0.893,10.716000000000001,5.659482215759621,10.975430693220769,51.5141,28.3328,7.9847,bulk_carrier,LNG,Kandla,JNPA
0,2,1,63249,14.4,74.7,297,0.64,2985.9840000000004,0.747,10.7568,5.697093486505405,11.054850406589766,83.2629,45.7946,12.9057,bulk_carrier,LNG,JNPA,Kandla
1,4,2,33687,19.6,69.0,297,2.18,7529.536000000002,0.69,13.524,5.697093486505405,10.424896969841763,300.8961,105.3136,17.3647,container_ship,Methanol,JNPA,Kandla
6,2,2,70614,13.1,91.5,859,2.55,2248.091,0.915,11.9865,6.756932389247553,11.164997865503164,254.8028,140.1416,39.4944,tanker,LNG,Mumbai,Kochi
1,4,2,34470,16.5,61.8,22,1.17,4492.125,0.618,10.197,3.1354942159291497,10.44787366982408,13.8269,4.8394,0.7979,container_ship,Methanol,Mumbai,JNPA
6,0,2,35987,13.0,72.9,1190,3.46,2197.0,0.7290000000000001,9.477,7.0825485693553,10.49094082853701,286.3996,148.9278,42.5415,tanker,HFO,JNPA,Chennai
6,0,0,59471,15.0,61.0,311,1.51,3375.0,0.61,9.15,5.7430031878094825,10.993260892537034,103.1405,53.6331,15.3204,tanker,HFO,Paradip,Visakhapatnam
1,3,0,21724,22.4,94.0,347,0.85,11239.423999999997,0.94,21.055999999999997,5.8522024797744745,9.986218950133592,135.4075,92.0771,21.6821,container_ship,MGO,Mormugao,Mumbai
3,3,0,16177,10.4,58.9,358,2.67,1124.864,0.589,6.1255999999999995,5.883322388488279,9.691407573577898,25.5044,17.343,4.0839,general_cargo,MGO,JNPA,Mormugao
6,0,2,76931,13.5,81.1,422,0.39,2460.375,0.8109999999999999,10.9485,6.0473721790462776,11.250677193775257,133.373,69.3539,19.8111,tanker,HFO,Mormugao,Kochi
6,0,2,56969,11.0,54.1,542,0.5,1331.0,0.541,5.9510000000000005,6.297109319933935,10.950280092474442,86.9808,45.23,12.92,tanker,HFO,Chennai,Kochi
0,2,2,62925,14.7,63.3,856,2.03,3176.5229999999997,0.633,9.3051,6.75343791859778,11.049714711812085,250.4986,137.7742,38.8273,bulk_carrier,LNG,Kolkata_SMPK,Chennai
2,5,2,536,17.1,71.8,396,2.22,5000.211000000001,0.718,12.277800000000001,5.983936280687191,6.285998094508865,92.1449,11.0574,0.272,ferry,Shore_Power,Chennai,Visakhapatnam
1,2,2,34470,20.4,54.5,528,1.42,8489.663999999999,0.545,11.118,6.270988431858299,10.44787366982408,191.3479,105.2413,29.6589,container_ship,LNG,New_Mangalore,JNPA
1,3,2,33073,15.4,54.2,521,3.08,3652.264,0.542,8.3468,6.257667587882639,10.406502754210141,137.1367,93.253,21.959,container_ship,MGO,Kandla,Mormugao
0,0,2,60013,11.9,50.5,495,0.65,1685.159,0.505,6.0095,6.206575926724928,11.002333147319582,87.9843,45.7518,13.0691,bulk_carrier,HFO,Kolkata_SMPK,Visakhapatnam
3,0,0,16177,14.5,95.9,349,2.05,3048.625,0.9590000000000001,13.905500000000002,5.857933154483459,9.691407573577898,60.1017,31.2529,8.9274,general_cargo,HFO,Mumbai,Mormugao
6,0,2,56969,13.1,74.7,507,2.96,2248.091,0.747,9.7857,6.230481447578482,10.950280092474442,162.0618,84.2721,24.0725,tanker,HFO,Mumbai,New_Mangalore
3,0,1,15643,10.5,54.1,349,0.5,1157.625,0.541,5.6805,5.857933154483459,9.657842735875406,22.8903,11.903,3.4001,general_cargo,HFO,Mumbai,Mormugao
6,0,0,35987,10.0,63.7,359,2.96,1000.0,0.637,6.37,5.886104031450156,10.49094082853701,45.1452,23.4755,6.7058,tanker,HFO,Mormugao,JNPA
2,3,2,2604,13.1,58.1,507,1.43,2248.091,0.581,7.6110999999999995,6.230481447578482,7.865187954187467,14.432,9.8137,2.3109,ferry,MGO,Mumbai,New_Mangalore
1,2,0,17470,18.0,69.3,761,2.46,5832.0,0.693,12.473999999999998,6.635946555686647,9.768297642474444,152.1382,83.676,23.5814,container_ship,LNG,Tuticorin,Port_Blair
0,3,2,32714,10.4,95.1,856,2.94,1124.864,0.951,9.8904,6.75343791859778,10.395588967303839,120.8836,82.2008,19.3565,bulk_carrier,MGO,Kolkata_SMPK,Chennai
1,2,1,16607,16.3,95.3,788,1.53,4330.747,0.953,15.5339,6.670766320845874,9.717639785965615,128.8693,70.8781,19.9747,container_ship,LNG,Port_Blair,Chennai
6,3,2,68263,11.3,81.3,217,2.84,1442.8970000000002,0.813,9.1869,5.384495062789089,11.13113782021642,51.8767,35.2761,8.3068,tanker,MGO,Paradip,Kolkata_SMPK
0,3,2,42726,14.6,75.5,411,3.5,3112.136,0.755,11.023,6.021023349349527,10.662586317888776,131.9993,89.7595,21.1364,bulk_carrier,MGO,Visakhapatnam,Kamarajar
6,3,2,42416,11.3,52.2,406,3.41,1442.8970000000002,0.522,5.898600000000001,6.008813185442595,10.65530450425995,65.9564,44.8504,10.5613,tanker,MGO,Visakhapatnam,Chennai
3,3,2,17758,10.2,58.3,1181,0.33,1061.2079999999999,0.583,5.946599999999999,7.074963197966044,9.784647708654596,73.3555,49.8817,11.746,general_cargo,MGO,Chennai,Mumbai
3,3,2,16704,12.8,97.7,290,3.47,2097.1520000000005,0.977,12.505600000000001,5.673323267171493,9.723463354790857,40.1013,27.2689,6.4212,general_cargo,MGO,Kandla,JNPA
3,0,2,5602,11.4,75.2,345,0.8,1481.544,0.752,8.5728,5.846438775057725,8.631057447565285,13.6849,7.1162,2.0327,general_cargo,HFO,New_Mangalore,Kochi
2,2,2,884,14.6,57.7,761,3.09,3112.136,0.5770000000000001,8.4242,6.635946555686647,6.785587645007929,14.5725,8.0149,2.2587,ferry,LNG,Tuticorin,Port_Blair
3,3,0,11634,12.1,85.2,518,0.68,1771.561,0.852,10.309199999999999,6.251903883165888,9.361773075736393,36.0872,24.5393,5.7785,general_cargo,MGO,JNPA,New_Mangalore
3,3,2,15648,13.8,89.6,1190,1.32,2628.0720000000006,0.8959999999999999,12.364799999999999,7.0825485693553,9.658162296163171,153.803,104.586,24.6277,general_cargo,MGO,JNPA,Chennai
1,4,0,13324,16.0,88.8,396,1.21,4096.0,0.888,14.208,5.983936280687191,9.497397249034046,127.7963,44.7287,7.3751,container_ship,Methanol,Chennai,Visakhapatnam
3,3,2,16581,13.9,73.8,277,0.54,2685.619,0.738,10.2582,5.627621113690637,9.716073048676163,31.1217,21.1627,4.9834,general_cargo,MGO,Kandla,Mumbai
6,0,2,28244,16.8,60.4,419,0.31,4741.6320000000005,0.604,10.1472,6.040254711277414,10.248671729759362,102.2266,53.1578,15.1846,tanker,HFO,Kamarajar,Visakhapatnam
6,3,2,47959,12.5,55.9,692,3.44,1953.125,0.5589999999999999,6.987499999999999,6.541029999189903,10.77812260914145,148.9239,101.2682,23.8464,tanker,MGO,Chennai,Paradip
0,3,2,59816,13.9,82.6,18,1.32,2685.619,0.826,11.481399999999999,2.9444389791664403,10.99904518047501,4.9611,3.3736,0.7944,bulk_carrier,MGO,Chennai,Kamarajar
4,2,2,4149,16.5,97.1,700,1.2,4492.125,0.971,16.0215,6.55250788703459,8.330863613224745,47.061,25.8836,7.2945,passenger,LNG,Paradip,Chennai
4,3,2,4545,20.4,92.8,297,3.48,8489.663999999999,0.9279999999999999,18.931199999999997,5.697093486505405,8.422003004412488,46.3926,31.547,7.4286,passenger,MGO,JNPA,Kandla
4,1,2,2268,16.3,70.3,1181,0.92,4330.747,0.703,11.4589,7.074963197966044,7.727094484779841,17.2297,55.1351,1.2405,passenger,Hydrogen,Chennai,Mumbai
6,2,2,47233,11.1,66.2,358,0.74,1367.6309999999999,0.662,7.3482,5.883322388488279,10.762869251237097,44.7196,24.5958,6.9315,tanker,LNG,JNPA,Mormugao
0,2,2,40197,10.0,55.8,18,3.09,1000.0,0.5579999999999999,5.579999999999999,2.9444389791664403,10.601572522125696,1.9666,1.0816,0.3048,bulk_carrier,LNG,Chennai,Kamarajar
5,3,0,11514,12.6,79.9,1179,2.8,2000.3759999999997,0.799,10.067400000000001,7.07326971745971,9.351405812254786,113.7918,77.3784,18.2209,ro_ro,MGO,Mumbai,Chennai
3,0,2,14088,15.8,60.6,176,1.15,3944.3120000000004,0.606,9.5748,5.176149732573829,9.553149630053277,25.413,13.2148,3.7748,general_cargo,HFO,Mormugao,New_Mangalore
0,0,2,47945,12.2,59.8,1181,2.7,1815.8479999999997,0.598,7.295599999999999,7.074963197966044,10.777830656602518,262.3992,136.4476,38.9765,bulk_carrier,HFO,Chennai,Mumbai
1,0,2,12578,18.9,91.4,183,1.92,6751.268999999998,0.914,17.2746,5.214935757608986,9.439784035838873,44.5984,23.1912,6.6246,container_ship,HFO,Tuticorin,Kochi
6,3,1,68994,10.4,68.0,505,2.54,1124.864,0.68,7.072000000000001,6.226536669287466,11.141789317185655,101.2686,68.8627,16.2156,tanker,MGO,New_Mangalore,Mumbai
1,4,2,9661,16.7,88.3,297,1.33,4657.463,0.883,14.7461,5.697093486505405,9.175955945114351,84.8199,29.687,4.895,container_ship,Methanol,JNPA,Kandla
1,3,2,34470,17.1,64.0,419,1.44,5000.211000000001,0.64,10.944,6.040254711277414,10.44787366982408,112.4802,76.4865,18.0109,container_ship,MGO,Kochi,Mormugao
5,2,0,6851,14.8,90.5,406,3.14,3241.7920000000004,0.905,13.394000000000002,6.008813185442595,8.832295859444011,35.5767,19.5672,5.5144,ro_ro,LNG,Visakhapatnam,Chennai
6,0,0,35203,11.5,54.9,422,1.9,1520.875,0.5489999999999999,6.3134999999999994,6.0473721790462776,10.468914991493703,62.6102,32.5573,9.3001,tanker,HFO,Mormugao,Kochi
6,2,2,66768,16.0,65.5,761,2.15,4096.0,0.655,10.48,6.635946555686647,11.108994179953779,311.9602,171.5781,48.3538,tanker,LNG,Tuticorin,Port_Blair
0,0,2,59816,13.3,87.5,359,2.83,2352.637,0.875,11.637500000000001,5.886104031450156,10.99904518047501,117.6891,61.1983,17.4814,bulk_carrier,HFO,Mormugao,JNPA
5,3,2,4651,21.5,79.0,1196,2.24,9938.375,0.79,16.985,7.087573705557973,8.445052513638554,167.7457,114.0671,26.8603,ro_ro,MGO,Chennai,JNPA
1,3,2,37761,16.9,98.5,229,1.23,4826.808999999998,0.985,16.6465,5.438079308923196,10.539058584958477,77.815,52.9142,12.4601,container_ship,MGO,Kolkata_SMPK,Paradip
0,3,2,70130,11.1,84.4,853,0.73,1367.6309999999999,0.8440000000000001,9.368400000000001,6.74993119378857,11.158120200662147,159.3292,108.3439,25.5126,bulk_carrier,MGO,Chennai,Kolkata_SMPK
0,3,0,71338,10.4,90.7,229,3.2,1124.864,0.907,9.4328,5.438079308923196,11.175198441433086,54.4165,37.0032,8.7134,bulk_carrier,MGO,Kolkata_SMPK,Paradip
1,2,2,41892,18.1,73.3,176,2.76,5929.741000000002,0.733,13.2673,5.176149732573829,10.64287402751427,73.1881,40.2535,11.3442,container_ship,LNG,Mormugao,New_Mangalore
0,0,1,49332,11.1,55.9,528,1.62,1367.6309999999999,0.5589999999999999,6.204899999999999,6.270988431858299,10.806348507298559,94.1903,48.9789,13.9909,bulk_carrier,HFO,New_Mangalore,JNPA
0,0,2,58420,12.6,76.2,521,0.37,2000.3759999999997,0.762,9.6012,6.257667587882639,10.975430693220769,133.3679,69.3513,19.8103,bulk_carrier,HFO,Kandla,Mormugao
1,0,0,17470,20.5,61.7,1181,0.41,8615.125,0.617,12.6485,7.074963197966044,9.768297642474444,321.8054,167.3388,47.8007,container_ship,HFO,Chennai,Mumbai
6,3,2,47233,10.7,82.3,853,3.26,1225.0429999999997,0.823,8.806099999999999,6.74993119378857,10.762869251237097,160.6148,109.218,25.7184,tanker,MGO,Chennai,Kolkata_SMPK
0,2,2,66381,10.3,58.6,859,2.9,1092.7270000000003,0.586,6.0358,6.756932389247553,11.103181214377175,142.3047,78.2676,22.0572,bulk_carrier,LNG,Mumbai,Kochi
3,3,0,7328,14.6,59.8,788,0.75,3112.136,0.598,8.730799999999999,6.670766320845874,8.89959435992585,58.0921,39.5026,9.302,general_cargo,MGO,Port_Blair,Chennai
0,3,2,58095,13.5,81.2,176,2.63,2460.375,0.812,10.962000000000002,5.176149732573829,10.969852093654117,56.1156,38.1586,8.9855,bulk_carrier,MGO,Mormugao,New_Mangalore
2,1,2,884,19.2,75.7,406,0.69,7077.887999999999,0.757,14.5344,6.008813185442595,6.785587645007929,4.4512,14.2438,0.3205,ferry,Hydrogen,Visakhapatnam,Chennai
3,3,2,19799,12.1,56.0,276,0.34,1771.561,0.56,6.776000000000001,5.6240175061873385,9.893437216682626,24.7372,16.8213,3.961,general_cargo,MGO,Kandla,Mumbai
1,2,2,12578,17.7,76.4,761,1.69,5545.232999999999,0.764,13.5228,6.635946555686647,9.439784035838873,110.179,60.5984,17.0777,container_ship,LNG,Tuticorin,Port_Blair
6,0,0,39701,15.1,99.2,419,1.44,3442.9509999999996,0.992,14.979199999999999,6.040254711277414,10.589156843240115,140.6223,73.1236,20.8879,tanker,HFO,Kamarajar,Visakhapatnam
3,3,2,19799,15.2,75.0,538,2.08,3511.8079999999995,0.75,11.399999999999999,6.289715570908998,9.893437216682626,91.9061,62.4962,14.7165,general_cargo,MGO,Kochi,Chennai
0,0,1,56514,13.0,86.6,290,0.61,2197.0,0.866,11.258,5.673323267171493,10.942261368624832,73.0637,37.9931,10.8528,bulk_carrier,HFO,Kandla,JNPA
6,0,0,33954,13.3,59.9,349,1.41,2352.637,0.599,7.9667,5.857933154483459,10.432791397547891,64.1143,33.3394,9.5235,tanker,HFO,Mumbai,Mormugao
0,2,1,34731,13.5,95.5,24,0.5,2460.375,0.955,12.8925,3.2188758248682006,10.455416731180536,4.1128,2.2621,0.6375,bulk_carrier,LNG,JNPA,Mumbai
3,0,2,16651,12.9,71.9,277,1.3,2146.6890000000003,0.7190000000000001,9.275100000000002,5.627621113690637,9.720285608314866,31.5653,16.414,4.6887,general_cargo,HFO,Kandla,Mumbai
3,3,2,16704,9.9,84.6,419,1.38,970.2990000000001,0.846,8.3754,6.040254711277414,9.723463354790857,26.7934,18.2195,4.2903,general_cargo,MGO,Kochi,Mormugao
4,3,0,3504,22.2,70.4,797,2.79,10941.047999999999,0.7040000000000001,15.628800000000002,6.682108597449809,8.16194579946869,92.0699,62.6075,14.7427,passenger,MGO,Chennai,Port_Blair
0,3,0,58242,14.1,80.8,419,3.43,2803.221,0.8079999999999999,11.3928,6.040254711277414,10.972379192532934,158.3677,107.69,25.3586,bulk_carrier,MGO,Kochi,Mormugao
1,3,1,12578,17.7,87.0,169,2.95,5545.232999999999,0.87,15.399,5.135798437050262,9.439784035838873,33.1981,22.5747,5.3158,container_ship,MGO,New_Mangalore,Mormugao
2,2,2,1735,14.3,76.4,850,3.3,2924.2070000000003,0.764,10.9252,6.7464121285733745,7.459338895220296,27.4689,15.1079,4.2577,ferry,LNG,Kochi,Mumbai
0,0,0,58095,12.8,84.0,290,2.91,2097.1520000000005,0.84,10.752,5.673323267171493,10.969852093654117,91.5658,47.6142,13.6011,bulk_carrier,HFO,JNPA,Kandla
3,0,0,16581,13.5,97.6,1196,1.41,2460.375,0.976,13.176,7.087573705557973,9.716073048676163,151.0631,78.5528,22.4388,general_cargo,HFO,Chennai,JNPA
3,3,2,18455,9.1,52.5,349,0.66,753.5709999999999,0.525,4.7775,5.857933154483459,9.823144799853589,18.5635,12.6232,2.9725,general_cargo,MGO,Mumbai,Mormugao
1,2,0,27197,16.6,85.6,277,0.42,4574.296000000001,0.856,14.209600000000002,5.627621113690637,10.210898720168904,57.6075,31.6841,8.9292,container_ship,LNG,Kandla,Mumbai
3,3,2,16177,13.7,87.3,788,3.38,2571.3529999999996,0.873,11.960099999999999,6.670766320845874,9.691407573577898,114.4112,77.7996,18.3201,general_cargo,MGO,Port_Blair,Chennai
3,3,2,19799,12.1,50.7,518,2.32,1771.561,0.507,6.1347,6.251903883165888,9.893437216682626,56.6333,38.5107,9.0684,general_cargo,MGO,JNPA,New_Mangalore
3,3,2,7216,16.1,53.3,495,2.82,4173.281000000001,0.5329999999999999,8.581299999999999,6.206575926724928,8.884194633072273,51.3048,34.8872,8.2152,general_cargo,MGO,Kolkata_SMPK,Visakhapatnam
6,0,2,37289,11.5,92.3,217,2.39,1520.875,0.9229999999999999,10.6145,5.384495062789089,10.526480473172866,39.0014,20.2807,5.7932,tanker,HFO,Paradip,Kolkata_SMPK
3,3,2,6658,15.2,95.1,411,1.97,3511.8079999999995,0.951,14.455199999999998,6.021023349349527,8.803724602110622,35.8247,24.3608,5.7364,general_cargo,MGO,Visakhapatnam,Kamarajar
5,0,1,8843,21.6,88.7,870,0.58,10077.696000000002,0.887,19.159200000000002,6.769641976852503,9.087494541977337,187.8109,97.6617,27.8972,ro_ro,HFO,Kochi,JNPA
2,2,2,884,18.4,61.2,518,0.4,6229.503999999999,0.612,11.2608,6.251903883165888,6.785587645007929,11.0683,6.0876,1.7156,ferry,LNG,JNPA,New_Mangalore
0,3,0,63249,10.4,58.0,17,3.34,1124.864,0.58,6.032,2.8903717578961645,11.054850406589766,3.1256,2.1254,0.5005,bulk_carrier,MGO,Kamarajar,Chennai
6,3,1,47959,11.0,89.0,345,1.42,1331.0,0.89,9.790000000000001,5.846438775057725,10.77812260914145,55.6599,37.8487,8.9125,tanker,MGO,New_Mangalore,Kochi
2,3,0,1735,12.1,73.7,348,2.33,1771.561,0.737,8.9177,5.855071922202427,7.459338895220296,8.4815,5.7674,1.3581,ferry,MGO,Kochi,New_Mangalore
4,1,1,4545,20.7,71.5,24,1.77,8869.742999999999,0.715,14.8005,3.2188758248682006,8.422003004412488,1.0282,3.2902,0.074,passenger,Hydrogen,JNPA,Mumbai
1,3,2,34470,21.2,69.1,507,3.4,9528.127999999999,0.691,14.649199999999999,6.230481447578482,10.44787366982408,281.436,191.3765,45.0649,container_ship,MGO,Mumbai,New_Mangalore
6,2,1,54273,11.4,54.2,22,1.85,1481.544,0.542,6.178800000000001,3.1354942159291497,10.901800569887673,3.1786,1.7482,0.4927,tanker,LNG,Mumbai,JNPA
3,0,2,17380,11.4,60.6,290,3.41,1481.544,0.606,6.9084,5.673323267171493,9.76313293456348,31.2169,16.2328,4.6369,general_cargo,HFO,Kandla,JNPA
0,3,2,60844,12.9,74.7,1190,2.3,2146.6890000000003,0.747,9.6363,7.0825485693553,11.016084925770901,306.3907,208.3456,49.0608,bulk_carrier,MGO,JNPA,Chennai
0,0,2,44373,13.2,87.1,24,2.46,2299.968,0.871,11.4972,3.2188758248682006,10.700408991312528,6.4739,3.3664,0.9616,bulk_carrier,HFO,JNPA,Mumbai
1,0,2,27197,16.5,69.6,859,2.29,4492.125,0.696,11.484,6.756932389247553,10.210898720168904,241.0656,125.3541,35.8076,container_ship,HFO,Mumbai,Kochi
6,3,2,28244,14.1,95.1,359,1.49,2803.221,0.951,13.409099999999999,5.886104031450156,10.248671729759362,67.5597,45.9406,10.818,tanker,MGO,Mormugao,JNPA
1,3,2,9661,19.2,96.4,850,2.73,7077.887999999999,0.9640000000000001,18.5088,6.7464121285733745,9.175955945114351,164.087,111.5792,26.2744,container_ship,MGO,Kochi,Mumbai
1,3,0,17711,24.0,93.8,290,2.74,13824.0,0.938,22.512,5.673323267171493,9.781997654948418,128.8325,87.6061,20.6293,container_ship,MGO,JNPA,Kandla
3,3,0,16651,11.4,70.9,169,2.43,1481.544,0.7090000000000001,8.082600000000001,5.135798437050262,9.720285608314866,16.1343,10.9714,2.5835,general_cargo,MGO,New_Mangalore,Mormugao
3,3,2,16177,12.7,67.7,700,0.77,2048.383,0.677,8.597900000000001,6.55250788703459,9.691407573577898,66.384,45.1411,10.6297,general_cargo,MGO,Paradip,Chennai
0,2,2,42726,11.3,66.5,1181,1.47,1442.8970000000002,0.665,7.514500000000001,7.074963197966044,10.662586317888776,146.2882,80.4585,22.6747,bulk_carrier,LNG,Chennai,Mumbai
3,0,2,10749,14.1,87.3,24,3.37,2803.221,0.873,12.3093,3.2188758248682006,9.28266103355581,3.5369,1.8392,0.5254,general_cargo,HFO,JNPA,Mumbai
0,3,2,48674,12.0,50.8,406,0.96,1728.0,0.508,6.096,6.008813185442595,10.7929208302404,64.1036,43.5904,10.2646,bulk_carrier,MGO,Visakhapatnam,Chennai
6,0,2,35987,12.1,82.0,276,2.98,1771.561,0.82,9.921999999999999,5.6240175061873385,10.49094082853701,55.7313,28.9803,8.2783,tanker,HFO,Mumbai,Kandla
1,3,2,30177,16.7,52.1,358,1.75,4657.463,0.521,8.7007,5.883322388488279,10.314868461073596,88.5673,60.2258,14.1818,container_ship,MGO,JNPA,Mormugao
5,3,1,8727,18.2,90.8,24,0.77,6028.567999999999,0.9079999999999999,16.525599999999997,3.2188758248682006,9.074291527512907,3.2133,2.185,0.5145,ro_ro,MGO,JNPA,Mumbai
6,2,2,54273,14.1,58.1,518,3.28,2803.221,0.581,8.1921,6.251903883165888,10.901800569887673,142.3595,78.2977,22.0657,tanker,LNG,JNPA,New_Mangalore
1,3,0,35698,24.1,83.5,856,0.98,13997.521000000002,0.835,20.1235,6.75343791859778,10.482877956170928,528.0714,359.0885,84.5574,container_ship,MGO,Kolkata_SMPK,Chennai
1,2,2,33687,15.5,62.9,419,3.32,3723.875,0.629,9.7495,6.040254711277414,10.424896969841763,102.7382,56.506,15.9244,container_ship,LNG,Kamarajar,Visakhapatnam
0,3,2,58490,10.3,55.3,286,1.97,1092.7270000000003,0.5529999999999999,5.6959,5.659482215759621,10.976628175230568,44.936,30.5565,7.1954,bulk_carrier,MGO,Kandla,JNPA
4,3,2,3081,18.5,51.2,1190,0.87,6331.625,0.512,9.472,7.0825485693553,8.033334015880062,67.4456,45.863,10.7997,passenger,MGO,JNPA,Chennai
1,0,1,8659,13.6,78.2,176,2.68,2515.4559999999997,0.782,10.6352,5.176149732573829,9.06647000155648,16.9544,8.8163,2.5184,container_ship,HFO,Mormugao,New_Mangalore
0,2,2,40197,8.5,51.9,542,0.61,614.125,0.519,4.4115,6.297109319933935,10.601572522125696,32.96,18.128,5.1088,bulk_carrier,LNG,Chennai,Kochi
4,3,0,3504,21.2,99.3,757,3.0,9528.127999999999,0.993,21.0516,6.630683385642372,8.16194579946869,98.3095,66.8505,15.7418,passenger,MGO,Port_Blair,Tuticorin
6,0,2,71643,10.0,77.4,277,3.23,1000.0,0.774,7.74,5.627621113690637,11.17946468934515,60.4994,31.4597,8.9865,tanker,HFO,Kandla,Mumbai
0,3,2,26135,12.4,73.2,277,2.49,1906.6240000000003,0.732,9.0768,5.627621113690637,10.171068953280907,42.5411,28.928,6.8119,bulk_carrier,MGO,Kandla,Mumbai
0,3,2,35729,13.7,99.5,521,1.14,2571.3529999999996,0.995,13.631499999999999,6.257667587882639,10.483745951017456,117.5399,79.9271,18.8211,bulk_carrier,MGO,Kandla,Mormugao
1,3,2,38751,16.6,76.4,347,2.08,4574.296000000001,0.764,12.682400000000001,5.8522024797744745,10.564937646352819,119.9107,81.5393,19.2007,container_ship,MGO,Mormugao,Mumbai
6,2,2,28632,15.1,61.0,859,0.96,3442.9509999999996,0.61,9.211,6.756932389247553,10.262315177792935,133.6779,73.5229,20.7201,tanker,LNG,Mumbai,Kochi
1,4,2,12017,15.4,86.0,542,1.14,3652.264,0.86,13.244,6.297109319933935,9.394160804893874,146.2071,51.1725,8.4376,container_ship,Methanol,Chennai,Kochi
1,0,2,16607,17.5,93.3,282,1.08,5359.375,0.9329999999999999,16.3275,5.645446897643238,9.717639785965615,63.8402,33.1969,9.4828,container_ship,HFO,Mumbai,Kandla
1,3,0,12578,17.9,53.6,870,2.49,5735.338999999999,0.536,9.5944,6.769641976852503,9.439784035838873,151.157,102.7867,24.204,container_ship,MGO,Kochi,JNPA
6,2,2,67954,13.7,50.6,542,1.05,2571.3529999999996,0.506,6.9322,6.297109319933935,11.126601000389448,137.9334,75.8634,21.3797,tanker,LNG,Chennai,Kochi
6,0,2,70614,13.8,78.1,788,2.63,2628.0720000000006,0.7809999999999999,10.7778,6.670766320845874,11.164997865503164,304.2438,158.2068,45.1921,tanker,HFO,Port_Blair,Chennai
1,2,2,19734,19.6,62.0,850,1.28,7529.536000000002,0.62,12.152000000000001,6.7464121285733745,9.890148988096948,180.7029,99.3866,28.009,container_ship,LNG,Kochi,Mumbai
5,0,2,4651,19.3,50.5,853,1.25,7189.057000000001,0.505,9.746500000000001,6.74993119378857,8.445052513638554,83.0072,43.1637,12.3298,ro_ro,HFO,Chennai,Kolkata_SMPK
6,2,2,39649,11.4,57.5,538,3.03,1481.544,0.575,6.555,6.289715570908998,10.587846227062993,76.4147,42.0281,11.8443,tanker,LNG,Kochi,Chennai
5,2,2,7575,17.7,82.9,856,3.32,5545.232999999999,0.8290000000000001,14.673300000000001,6.75343791859778,8.932740634865914,110.1322,60.5727,17.0705,ro_ro,LNG,Kolkata_SMPK,Chennai
3,0,2,10004,13.6,55.9,406,2.06,2515.4559999999997,0.5589999999999999,7.602399999999999,6.008813185442595,9.210840247017833,35.9463,18.6921,5.3394,general_cargo,HFO,Visakhapatnam,Chennai
6,0,2,55666,13.7,77.0,491,0.78,2571.3529999999996,0.77,10.549,6.198478716492308,10.927142790736806,130.7325,67.9809,19.4189,tanker,HFO,Visakhapatnam,Kolkata_SMPK
3,3,0,17758,12.7,57.4,1190,0.66,2048.383,0.574,7.289799999999999,7.0825485693553,9.784647708654596,118.5483,80.6128,18.9825,general_cargo,MGO,JNPA,Chennai
1,3,0,23507,22.4,92.0,797,3.0,11239.423999999997,0.92,20.608,6.682108597449809,10.065096067732542,400.1122,272.0763,64.068,container_ship,MGO,Chennai,Port_Blair
6,2,1,28244,13.8,70.5,521,2.69,2628.0720000000006,0.705,9.729,6.257667587882639,10.248671729759362,84.746,46.6103,13.1356,tanker,LNG,Kandla,Mormugao
1,4,2,37761,17.1,89.5,276,1.79,5000.211000000001,0.895,15.3045,5.6240175061873385,10.539058584958477,204.1847,71.4646,11.7835,container_ship,Methanol,Mumbai,Kandla
1,0,2,17711,24.7,66.5,311,3.43,15069.222999999998,0.665,16.4255,5.7430031878094825,9.781997654948418,157.0929,81.6883,23.3344,container_ship,HFO,Paradip,Visakhapatnam
1,4,2,13324,11.3,84.2,24,1.01,1442.8970000000002,0.8420000000000001,9.514600000000002,3.2188758248682006,9.497397249034046,3.5311,1.2359,0.2038,container_ship,Methanol,JNPA,Mumbai
3,0,2,9058,11.4,90.0,542,0.39,1481.544,0.9,10.26,6.297109319933935,9.111514017669288,30.1284,15.6668,4.4752,general_cargo,HFO,Chennai,Kochi
0,0,0,58420,13.9,69.5,419,2.9,2685.619,0.695,9.660499999999999,6.040254711277414,10.975430693220769,152.0843,79.0838,22.5904,bulk_carrier,HFO,Kamarajar,Visakhapatnam
6,0,2,68263,13.1,51.9,406,2.01,2248.091,0.519,6.7989,6.008813185442595,11.13113782021642,115.545,60.0834,17.1629,tanker,HFO,Visakhapatnam,Chennai
0,3,2,58490,10.2,77.0,859,1.75,1061.2079999999999,0.77,7.853999999999999,6.756932389247553,10.976628175230568,130.4883,88.732,20.8944,bulk_carrier,MGO,Mumbai,Kochi
6,2,2,39649,12.7,69.8,183,2.75,2048.383,0.698,8.8646,5.214935757608986,10.587846227062993,33.6885,18.5287,5.2217,tanker,LNG,Tuticorin,Kochi
3,0,2,9258,12.1,83.9,345,2.78,1771.561,0.8390000000000001,10.151900000000001,5.846438775057725,9.133351330448047,28.0903,14.6069,4.1725,general_cargo,HFO,New_Mangalore,Kochi
0,2,0,31987,12.4,57.2,18,2.79,1906.6240000000003,0.5720000000000001,7.092800000000001,2.9444389791664403,10.37311611145178,2.4497,1.3473,0.3797,bulk_carrier,LNG,Chennai,Kamarajar
1,3,0,12017,22.4,73.8,364,2.54,11239.423999999997,0.738,16.5312,5.8998973535824915,9.394160804893874,102.9938,70.0358,16.4919,container_ship,MGO,Tuticorin,Chennai
0,0,2,47945,10.5,99.0,1179,0.48,1157.625,0.99,10.395,7.07326971745971,10.777830656602518,192.9997,100.3598,28.668,bulk_carrier,HFO,Mumbai,Chennai
0,3,2,33529,13.7,97.5,348,2.47,2571.3529999999996,0.975,13.357499999999998,5.855071922202427,10.420195839460273,86.5303,58.8406,13.8557,bulk_carrier,MGO,Kochi,New_Mangalore
6,2,2,27184,9.6,79.3,853,1.68,884.7359999999999,0.7929999999999999,7.612799999999999,6.74993119378857,10.210420629580021,68.0777,37.4427,10.552,tanker,LNG,Chennai,Kolkata_SMPK
1,3,2,27264,20.1,92.4,411,1.68,8120.6010000000015,0.924,18.572400000000002,6.021023349349527,10.213359107360162,153.7152,104.5263,24.6136,container_ship,MGO,Visakhapatnam,Kamarajar
1,2,1,21825,14.0,93.7,22,1.16,2744.0,0.937,13.118,3.1354942159291497,9.990857198673035,3.1409,1.7275,0.4868,container_ship,LNG,Mumbai,JNPA
0,3,2,47945,13.7,88.2,411,2.67,2571.3529999999996,0.882,12.0834,6.021023349349527,10.777830656602518,125.8891,85.6046,20.158,bulk_carrier,MGO,Visakhapatnam,Kamarajar
6,3,2,55468,12.4,56.6,529,3.45,1906.6240000000003,0.5660000000000001,7.018400000000001,6.272877006546167,10.923579585124024,133.6179,90.8602,21.3956,tanker,MGO,Mormugao,Kandla
6,2,2,28244,13.6,92.2,297,3.43,2515.4559999999997,0.922,12.539200000000001,5.697093486505405,10.248671729759362,51.3877,28.2633,7.9651,tanker,LNG,JNPA,Kandla
6,2,2,66768,14.4,61.7,297,1.35,2985.9840000000004,0.617,8.8848,5.697093486505405,11.108994179953779,86.3567,47.4962,13.3853,tanker,LNG,JNPA,Kandla
0,2,2,70130,13.3,63.8,364,2.95,2352.637,0.638,8.4854,5.8998973535824915,11.158120200662147,102.1702,56.1936,15.8364,bulk_carrier,LNG,Tuticorin,Chennai
1,2,0,41892,12.9,63.0,311,1.97,2146.6890000000003,0.63,8.127,5.7430031878094825,10.64287402751427,54.6314,30.0472,8.4679,container_ship,LNG,Paradip,Visakhapatnam
0,2,2,60013,11.0,89.7,491,1.0,1331.0,0.897,9.867,6.198478716492308,11.002333147319582,84.7238,46.5981,13.1322,bulk_carrier,LNG,Visakhapatnam,Kolkata_SMPK
6,0,2,56969,12.2,74.1,850,2.68,1815.8479999999997,0.741,9.040199999999999,6.7464121285733745,10.950280092474442,225.529,117.2751,33.4999,tanker,HFO,Kochi,Mumbai
0,2,0,27915,9.6,56.1,797,1.75,884.7359999999999,0.561,5.3856,6.682108597449809,10.236955280137042,54.2572,29.8415,8.4099,bulk_carrier,LNG,Chennai,Port_Blair
3,3,2,17758,14.8,59.8,505,1.91,3241.7920000000004,0.598,8.8504,6.226536669287466,9.784647708654596,72.6759,49.4196,11.6372,general_cargo,MGO,New_Mangalore,Mumbai
3,3,2,16651,11.7,71.1,1190,2.51,1601.6129999999996,0.711,8.3187,7.0825485693553,9.720285608314866,110.5138,75.1494,17.696,general_cargo,MGO,JNPA,Chennai
6,3,2,28632,11.9,99.1,507,2.34,1685.159,0.991,11.7929,6.230481447578482,10.262315177792935,77.306,52.5681,12.3786,tanker,MGO,Mumbai,New_Mangalore
0,2,2,56365,11.3,89.9,692,1.02,1442.8970000000002,0.899,10.158700000000001,6.541029999189903,10.939621418827507,108.296,59.5628,16.7859,bulk_carrier,LNG,Chennai,Paradip
3,0,2,7328,11.8,84.2,870,2.86,1643.0320000000004,0.8420000000000001,9.9356,6.769641976852503,8.89959435992585,63.5631,33.0528,9.4416,general_cargo,HFO,Kochi,JNPA
5,2,0,11514,15.9,83.9,364,2.92,4019.679,0.8390000000000001,13.340100000000001,5.8998973535824915,9.351405812254786,48.4968,26.6732,7.517,ro_ro,LNG,Tuticorin,Chennai
1,4,2,12017,20.8,50.4,183,0.58,8998.912,0.504,10.4832,5.214935757608986,9.394160804893874,78.1542,27.354,4.5103,container_ship,Methanol,Tuticorin,Kochi
0,2,0,49332,14.2,52.0,692,2.72,2863.2879999999996,0.52,7.3839999999999995,6.541029999189903,10.806348507298559,160.9939,88.5467,24.9541,bulk_carrier,LNG,Chennai,Paradip
0,2,2,41291,11.7,53.5,491,3.21,1601.6129999999996,0.535,6.2595,6.198478716492308,10.62842405558548,74.6043,41.0324,11.5637,bulk_carrier,LNG,Visakhapatnam,Kolkata_SMPK
0,2,2,26135,13.0,65.6,692,1.49,2197.0,0.6559999999999999,8.527999999999999,6.541029999189903,10.171068953280907,74.919,41.2055,11.6125,bulk_carrier,LNG,Chennai,Paradip
0,0,2,63697,13.9,76.8,189,1.15,2685.619,0.768,10.6752,5.247024072160486,11.061908443893099,59.8999,31.1479,8.8975,bulk_carrier,HFO,Kochi,Tuticorin
0,2,2,32714,13.2,77.1,411,0.33,2299.968,0.7709999999999999,10.177199999999997,6.021023349349527,10.395588967303839,56.8257,31.2541,8.808,bulk_carrier,LNG,Visakhapatnam,Kamarajar
0,0,2,63697,11.9,59.5,1179,1.6,1685.159,0.595,7.0805,7.07326971745971,11.061908443893099,273.1007,142.0124,40.5661,bulk_carrier,HFO,Mumbai,Chennai
4,1,0,1902,21.2,85.1,282,1.63,9528.127999999999,0.851,18.0412,5.645446897643238,7.551186867296149,6.9354,22.1933,0.4993,passenger,Hydrogen,Mumbai,Kandla
0,3,2,34473,9.3,53.0,1179,2.62,804.3570000000002,0.53,4.929,7.07326971745971,10.447960695714336,109.075,74.171,17.4656,bulk_carrier,MGO,Mumbai,Chennai
6,0,2,37083,14.2,85.4,700,1.22,2863.2879999999996,0.8540000000000001,12.126800000000001,6.55250788703459,10.520940888726873,171.2751,89.063,25.441,tanker,HFO,Paradip,Chennai
5,2,2,7575,16.3,76.3,505,1.63,4330.747,0.763,12.436900000000001,6.226536669287466,8.932740634865914,41.6334,22.8984,6.4532,ro_ro,LNG,New_Mangalore,Mumbai
2,1,2,2604,13.8,90.7,1190,1.29,2628.0720000000006,0.907,12.5166,7.0825485693553,7.865187954187467,15.456,49.4594,1.1128,ferry,Hydrogen,JNPA,Chennai
6,0,2,66768,15.3,98.5,359,3.28,3581.5770000000007,0.985,15.070500000000001,5.886104031450156,11.108994179953779,209.2162,108.7924,31.0768,tanker,HFO,Mormugao,JNPA
0,0,2,60013,12.8,90.3,538,1.91,2097.1520000000005,0.903,11.5584,6.289715570908998,11.002333147319582,161.1827,83.815,23.9419,bulk_carrier,HFO,Kochi,Chennai
0,2,2,59816,11.0,82.8,229,0.73,1331.0,0.828,9.107999999999999,5.438079308923196,10.99904518047501,33.3463,18.3405,5.1687,bulk_carrier,LNG,Kolkata_SMPK,Paradip
0,0,0,49115,12.8,68.6,229,3.23,2097.1520000000005,0.6859999999999999,8.7808,5.438079308923196,10.801940126280403,61.3483,31.9011,9.1126,bulk_carrier,HFO,Kolkata_SMPK,Paradip
0,2,1,44373,12.0,97.7,419,0.7,1728.0,0.977,11.724,6.040254711277414,10.700408991312528,65.8506,36.2178,10.2068,bulk_carrier,LNG,Kamarajar,Visakhapatnam
3,0,2,14844,10.3,63.6,349,3.49,1092.7270000000003,0.636,6.550800000000001,5.857933154483459,9.60541838719786,30.5939,15.9088,4.5444,general_cargo,HFO,Mumbai,Mormugao
5,3,0,6851,19.2,72.1,856,0.44,7077.887999999999,0.721,13.8432,6.75343791859778,8.832295859444011,118.9683,80.8984,19.0498,ro_ro,MGO,Kolkata_SMPK,Chennai
0,2,0,40297,11.2,67.0,495,1.94,1404.9279999999997,0.67,7.504,6.206575926724928,10.604057118911712,59.8511,32.9181,9.2769,bulk_carrier,LNG,Kolkata_SMPK,Visakhapatnam
3,3,1,14844,9.8,96.2,419,2.86,941.1920000000002,0.9620000000000001,9.427600000000002,6.040254711277414,9.60541838719786,27.2204,18.5099,4.3587,general_cargo,MGO,Kamarajar,Visakhapatnam
0,2,2,66381,11.8,95.8,529,0.61,1643.0320000000004,0.958,11.304400000000001,6.272877006546167,11.103181214377175,107.6672,59.217,16.6884,bulk_carrier,LNG,Mormugao,Kandla
1,4,2,19734,22.6,73.8,797,1.76,11543.176000000001,0.738,16.678800000000003,6.682108597449809,9.890148988096948,665.0258,232.759,38.3786,container_ship,Methanol,Chennai,Port_Blair
6,0,2,25705,12.2,59.0,348,3.35,1815.8479999999997,0.59,7.1979999999999995,5.855071922202427,10.154479706670077,55.6579,28.9421,8.2674,tanker,HFO,Kochi,New_Mangalore
1,3,2,9661,18.1,63.1,348,0.58,5929.741000000002,0.631,11.421100000000001,5.855071922202427,9.175955945114351,48.3221,32.859,7.7376,container_ship,MGO,Kochi,New_Mangalore
2,1,0,884,18.9,61.8,22,2.13,6751.268999999998,0.618,11.6802,3.1354942159291497,6.785587645007929,0.2525,0.8081,0.0182,ferry,Hydrogen,Mumbai,JNPA
3,3,2,10749,12.6,52.2,286,2.42,2000.3759999999997,0.522,6.5772,5.659482215759621,9.28266103355581,22.286,15.1545,3.5686,general_cargo,MGO,Kandla,JNPA
0,2,2,31987,11.9,55.1,797,0.71,1685.159,0.551,6.556900000000001,6.682108597449809,10.37311611145178,81.3371,44.7354,12.6072,bulk_carrier,LNG,Chennai,Port_Blair
6,2,2,42416,12.0,70.0,870,2.56,1728.0,0.7,8.399999999999999,6.769641976852503,10.65530450425995,150.7069,82.8888,23.3596,tanker,LNG,Kochi,JNPA
3,3,2,19799,13.7,81.2,349,1.27,2571.3529999999996,0.812,11.1244,5.857933154483459,9.893437216682626,53.8892,36.6446,8.629,general_cargo,MGO,Mumbai,Mormugao
6,2,2,23323,11.1,78.6,853,0.81,1367.6309999999999,0.7859999999999999,8.724599999999999,6.74993119378857,10.057238152342046,75.6033,41.5818,11.7185,tanker,LNG,Chennai,Kolkata_SMPK
1,3,1,9661,19.6,88.6,507,1.32,7529.536000000002,0.8859999999999999,17.3656,6.230481447578482,9.175955945114351,95.5182,64.9524,15.2949,container_ship,MGO,Mumbai,New_Mangalore
1,4,0,21825,15.8,52.8,311,0.64,3944.3120000000004,0.528,8.342400000000001,5.7430031878094825,9.990857198673035,116.8391,40.8937,6.7428,container_ship,Methanol,Paradip,Visakhapatnam
3,3,0,18455,12.3,59.6,422,2.59,1860.8670000000004,0.596,7.3308,6.0473721790462776,9.823144799853589,43.7706,29.764,7.0088,general_cargo,MGO,Mormugao,Kochi
0,0,2,44373,10.4,97.8,290,1.19,1124.864,0.978,10.1712,5.673323267171493,10.700408991312528,44.5852,23.1843,6.6226,bulk_carrier,HFO,JNPA,Kandla
6,3,2,28244,14.9,55.4,870,2.13,3307.949,0.5539999999999999,8.2546,6.769641976852503,10.248671729759362,166.7651,113.4003,26.7033,tanker,MGO,Kochi,JNPA
4,3,2,3808,24.9,89.6,189,2.25,15438.248999999998,0.8959999999999999,22.310399999999998,5.247024072160486,8.245121966478605,32.771,22.2843,5.2475,passenger,MGO,Kochi,Tuticorin
3,3,2,15643,9.8,96.3,183,1.91,941.1920000000002,0.963,9.4374,5.214935757608986,9.657842735875406,12.0436,8.1896,1.9285,general_cargo,MGO,Tuticorin,Kochi
0,0,2,40297,13.8,81.7,761,1.71,2628.0720000000006,0.8170000000000001,11.274600000000001,6.635946555686647,10.604057118911712,191.2146,99.4316,28.4028,bulk_carrier,HFO,Tuticorin,Port_Blair
6,3,2,37083,9.6,84.7,870,0.5,884.7359999999999,0.847,8.1312,6.769641976852503,10.520940888726873,78.102,53.1094,12.5061,tanker,MGO,Kochi,JNPA
1,0,2,35698,24.1,55.7,1190,2.72,13997.521000000002,0.557,13.423700000000002,7.0825485693553,10.482877956170928,841.8964,437.7861,125.0545,container_ship,HFO,JNPA,Chennai
0,0,0,58095,14.6,60.1,282,1.95,3112.136,0.601,8.7746,5.645446897643238,10.969852093654117,98.4029,51.1695,14.6167,bulk_carrier,HFO,Mumbai,Kandla
0,2,2,42726,15.8,98.1,297,1.82,3944.3120000000004,0.981,15.4998,5.697093486505405,10.662586317888776,86.0968,47.3532,13.345,bulk_carrier,LNG,JNPA,Kandla
3,0,2,17380,10.9,73.5,347,0.93,1295.0290000000002,0.735,8.0115,5.8522024797744745,9.76313293456348,29.3323,15.2528,4.357,general_cargo,HFO,Mormugao,Mumbai
0,3,2,47945,12.2,53.8,217,2.1,1815.8479999999997,0.5379999999999999,6.563599999999998,5.384495062789089,10.777830656602518,41.1929,28.0112,6.596,bulk_carrier,MGO,Paradip,Kolkata_SMPK
0,0,0,56514,10.5,51.2,217,2.2,1157.625,0.512,5.376,5.384495062789089,10.942261368624832,37.8754,19.6952,5.626,bulk_carrier,HFO,Paradip,Kolkata_SMPK
0,0,2,32714,12.2,51.1,282,1.32,1815.8479999999997,0.511,6.2341999999999995,5.645446897643238,10.395588967303839,42.8122,22.2623,6.3593,bulk_carrier,HFO,Mumbai,Kandla
1,2,1,21724,23.4,58.2,1181,1.16,12812.903999999997,0.5820000000000001,13.6188,7.074963197966044,9.986218950133592,421.2894,231.7092,65.2999,container_ship,LNG,Chennai,Mumbai
3,3,2,15648,14.1,52.6,797,2.89,2803.221,0.526,7.4166,6.682108597449809,9.658162296163171,93.7265,63.734,15.008,general_cargo,MGO,Chennai,Port_Blair
3,0,2,14088,12.2,72.2,358,2.65,1815.8479999999997,0.722,8.808399999999999,5.883322388488279,9.553149630053277,38.4711,20.0049,5.7145,general_cargo,HFO,JNPA,Mormugao
3,0,2,5602,12.4,60.6,277,3.19,1906.6240000000003,0.606,7.5144,5.627621113690637,8.631057447565285,14.5143,7.5474,2.1559,general_cargo,HFO,Kandla,Mumbai
6,0,2,55666,11.2,75.8,761,1.38,1404.9279999999997,0.758,8.4896,6.635946555686647,10.927142790736806,158.8607,82.6075,23.597,tanker,HFO,Tuticorin,Port_Blair
1,4,2,21724,22.2,62.3,24,2.93,10941.047999999999,0.623,13.830599999999999,3.2188758248682006,9.986218950133592,23.7208,8.3023,1.3689,container_ship,Methanol,JNPA,Mumbai
6,3,2,47959,10.7,78.1,359,2.97,1225.0429999999997,0.7809999999999999,8.356699999999998,5.886104031450156,10.77812260914145,61.5861,41.8785,9.8615,tanker,MGO,Mormugao,JNPA
0,0,2,63697,11.7,53.5,290,1.06,1601.6129999999996,0.535,6.2595,5.673323267171493,11.061908443893099,60.6584,31.5424,9.0101,bulk_carrier,HFO,Kandla,JNPA
6,0,2,55468,12.3,96.5,797,1.25,1860.8670000000004,0.965,11.8695,6.682108597449809,10.923579585124024,199.5933,103.7885,29.6474,tanker,HFO,Chennai,Port_Blair
6,2,2,35987,12.0,53.3,1181,3.04,1728.0,0.5329999999999999,6.395999999999999,7.074963197966044,10.49094082853701,170.3454,93.69,26.4035,tanker,LNG,Chennai,Mumbai
5,0,2,7575,17.9,80.0,538,3.01,5735.338999999999,0.8,14.32,6.289715570908998,8.932740634865914,86.4355,44.9464,12.839,ro_ro,HFO,Kochi,Chennai
5,2,2,4206,12.4,93.7,290,1.24,1906.6240000000003,0.937,11.6188,5.673323267171493,8.344505083590521,11.4819,6.315,1.7797,ro_ro,LNG,Kandla,JNPA
3,0,2,19799,15.0,69.2,183,0.87,3375.0,0.6920000000000001,10.38,5.214935757608986,9.893437216682626,31.9065,16.5914,4.7394,general_cargo,HFO,Tuticorin,Kochi
2,5,2,1735,13.9,98.0,507,2.72,2685.619,0.98,13.622,6.230481447578482,7.459338895220296,189.4628,22.7355,0.5593,ferry,Shore_Power,Mumbai,New_Mangalore
1,3,0,18598,22.9,63.8,856,2.67,12008.988999999998,0.638,14.610199999999999,6.75343791859778,9.830863094815127,374.5608,254.7013,59.9765,container_ship,MGO,Kolkata_SMPK,Chennai
6,2,2,35203,15.8,70.4,297,2.62,3944.3120000000004,0.7040000000000001,11.123200000000002,5.697093486505405,10.468914991493703,73.4748,40.4111,11.3886,tanker,LNG,JNPA,Kandla
0,3,1,42343,11.6,50.6,276,1.7,1560.896,0.506,5.8696,5.6240175061873385,10.653582013537823,43.9415,29.8802,7.0361,bulk_carrier,MGO,Mumbai,Kandla
6,3,2,35987,13.0,72.7,24,1.13,2197.0,0.727,9.451,3.2188758248682006,10.49094082853701,4.4833,3.0486,0.7179,tanker,MGO,JNPA,Mumbai
3,3,2,16651,11.4,90.6,1181,0.9,1481.544,0.9059999999999999,10.3284,7.074963197966044,9.720285608314866,101.6693,69.1351,16.2798,general_cargo,MGO,Chennai,Mumbai
0,0,0,58420,9.8,70.2,286,0.66,941.1920000000002,0.7020000000000001,6.879600000000001,5.659482215759621,10.975430693220769,43.9245,22.8407,6.5245,bulk_carrier,HFO,Kandla,JNPA
6,3,0,47767,15.2,59.7,22,1.03,3511.8079999999995,0.597,9.074399999999999,3.1354942159291497,10.774111238226828,5.9747,4.0628,0.9567,tanker,MGO,Mumbai,JNPA
3,3,2,16651,11.5,77.3,313,3.3,1520.875,0.773,8.8895,5.749392985908253,9.720285608314866,32.3091,21.9702,5.1735,general_cargo,MGO,Visakhapatnam,Paradip
3,3,2,9058,11.3,74.4,528,0.66,1442.8970000000002,0.7440000000000001,8.407200000000001,6.270988431858299,9.111514017669288,27.7474,18.8682,4.443,general_cargo,MGO,New_Mangalore,JNPA
0,2,2,70130,14.2,75.6,419,3.03,2863.2879999999996,0.7559999999999999,10.735199999999997,6.040254711277414,11.158120200662147,159.7969,87.8883,24.7685,bulk_carrier,LNG,Kamarajar,Visakhapatnam
6,2,2,33954,13.5,97.6,518,2.74,2460.375,0.976,13.176,6.251903883165888,10.432791397547891,109.3649,60.1507,16.9516,tanker,LNG,JNPA,New_Mangalore
1,0,2,17470,19.7,81.2,17,2.47,7645.373,0.812,15.996400000000001,2.8903717578961645,9.768297642474444,5.3198,2.7663,0.7902,container_ship,HFO,Kamarajar,Chennai
0,2,2,58242,14.0,62.4,491,1.15,2744.0,0.624,8.736,6.198478716492308,10.972379192532934,115.2398,63.3819,17.8622,bulk_carrier,LNG,Visakhapatnam,Kolkata_SMPK
6,3,2,28632,13.7,94.5,176,1.75,2571.3529999999996,0.945,12.946499999999999,5.176149732573829,10.262315177792935,34.5674,23.5058,5.5351,tanker,MGO,Mormugao,New_Mangalore
6,0,2,37083,10.4,87.9,788,1.43,1124.864,0.879,9.1416,6.670766320845874,10.520940888726873,99.8789,51.937,14.8359,tanker,HFO,Port_Blair,Chennai
1,2,2,13324,14.1,92.1,700,0.89,2803.221,0.9209999999999999,12.986099999999999,6.55250788703459,9.497397249034046,68.7381,37.8059,10.6544,container_ship,LNG,Paradip,Chennai
6,2,2,66768,15.3,61.8,495,1.67,3581.5770000000007,0.618,9.455400000000001,6.206575926724928,11.108994179953779,154.8448,85.1646,24.0009,tanker,LNG,Kolkata_SMPK,Visakhapatnam
1,2,2,8659,15.9,56.5,505,2.78,4019.679,0.565,8.9835,6.226536669287466,9.06647000155648,49.5887,27.2738,7.6862,container_ship,LNG,New_Mangalore,Mumbai
6,2,1,47767,11.2,71.2,1190,2.91,1404.9279999999997,0.7120000000000001,7.9744,7.0825485693553,10.774111238226828,197.6046,108.6825,30.6287,tanker,LNG,JNPA,Chennai
1,2,2,33687,15.0,72.1,761,0.92,3375.0,0.721,10.815,6.635946555686647,10.424896969841763,151.5224,83.3373,23.486,container_ship,LNG,Tuticorin,Port_Blair
1,2,2,33687,21.5,59.7,529,0.47,9938.375,0.597,12.8355,6.272877006546167,10.424896969841763,177.4877,97.6183,27.5106,container_ship,LNG,Mormugao,Kandla
0,3,2,32714,13.1,98.5,311,1.16,2248.091,0.985,12.9035,5.7430031878094825,10.395588967303839,56.6458,38.5192,9.0704,bulk_carrier,MGO,Paradip,Visakhapatnam
4,3,1,3081,23.3,66.1,277,2.19,12649.337000000001,0.6609999999999999,15.401299999999999,5.627621113690637,8.033334015880062,31.736,21.5805,5.0817,passenger,MGO,Kandla,Mumbai
0,2,2,41291,12.7,74.3,276,1.27,2048.383,0.743,9.4361,5.6240175061873385,10.62842405558548,43.3711,23.8541,6.7225,bulk_carrier,LNG,Kandla,Mumbai
0,2,2,32714,11.3,56.6,419,1.49,1442.8970000000002,0.5660000000000001,6.395800000000001,6.040254711277414,10.395588967303839,43.5825,23.9704,6.7553,bulk_carrier,LNG,Kochi,Mormugao
6,2,1,33954,14.2,61.2,495,2.83,2863.2879999999996,0.612,8.690399999999999,6.206575926724928,10.432791397547891,96.3035,52.9669,14.927,tanker,LNG,Kolkata_SMPK,Visakhapatnam
6,3,2,39649,12.8,73.8,788,2.38,2097.1520000000005,0.738,9.4464,6.670766320845874,10.587846227062993,153.3109,104.2514,24.5489,tanker,MGO,Port_Blair,Chennai
6,0,2,33954,15.1,93.1,419,1.91,3442.9509999999996,0.9309999999999999,14.0581,6.040254711277414,10.432791397547891,116.9483,60.8131,17.3714,tanker,HFO,Kamarajar,Visakhapatnam
3,0,0,6658,14.2,72.5,358,1.34,2863.2879999999996,0.725,10.295,5.883322388488279,8.803724602110622,26.4061,13.7312,3.9223,general_cargo,HFO,JNPA,Mormugao
0,0,0,45319,14.1,68.8,856,2.72,2803.221,0.688,9.7008,6.75343791859778,10.721503715141942,272.6921,141.7999,40.5054,bulk_carrier,HFO,Kolkata_SMPK,Chennai
0,2,2,60013,9.4,90.9,692,2.55,830.5840000000001,0.909,8.5446,6.541029999189903,11.002333147319582,92.1464,50.6805,14.2827,bulk_carrier,LNG,Chennai,Paradip
1,4,2,21825,13.5,93.4,1196,0.92,2460.375,0.934,12.609,7.087573705557973,9.990857198673035,384.6523,134.6283,22.1983,container_ship,Methanol,Chennai,JNPA
6,3,1,68994,10.0,63.0,286,3.05,1000.0,0.63,6.3,5.659482215759621,11.141789317185655,56.904,38.6947,9.1117,tanker,MGO,Kandla,JNPA
6,0,2,45552,12.2,51.3,229,1.88,1815.8479999999997,0.513,6.2585999999999995,5.438079308923196,10.726631762209768,43.2021,22.4651,6.4172,tanker,HFO,Kolkata_SMPK,Paradip
4,2,0,3808,22.3,58.2,311,2.09,11089.567000000001,0.5820000000000001,12.978600000000002,5.7430031878094825,8.245121966478605,29.7144,16.3429,4.6057,passenger,LNG,Paradip,Visakhapatnam
1,2,2,35698,21.9,68.3,364,0.61,10503.458999999997,0.6829999999999999,14.957699999999997,5.8998973535824915,10.482877956170928,140.6789,77.3734,21.8052,container_ship,LNG,Tuticorin,Chennai
0,3,2,62925,12.8,87.0,358,2.81,2097.1520000000005,0.87,11.136000000000001,5.883322388488279,11.049714711812085,101.1389,68.7744,16.1949,bulk_carrier,MGO,JNPA,Mormugao
6,2,0,35987,14.2,65.6,18,1.67,2863.2879999999996,0.6559999999999999,9.315199999999999,2.9444389791664403,10.49094082853701,3.2286,1.7758,0.5004,tanker,LNG,Chennai,Kamarajar
5,0,2,6851,16.9,54.4,370,1.81,4826.808999999998,0.544,9.1936,5.916202062607435,8.832295859444011,36.6457,19.0558,5.4433,ro_ro,HFO,Chennai,Tuticorin
1,0,2,13324,16.2,75.7,757,3.31,4251.527999999999,0.757,12.263399999999999,6.630683385642372,9.497397249034046,137.4999,71.5,20.4241,container_ship,HFO,Port_Blair,Tuticorin
1,4,0,34898,21.4,75.3,290,2.03,9800.343999999997,0.753,16.1142,5.673323267171493,10.460213454484876,328.8509,115.0978,18.978,container_ship,Methanol,JNPA,Kandla
6,2,2,56969,11.1,82.1,797,2.31,1367.6309999999999,0.821,9.1131,6.682108597449809,10.950280092474442,140.778,77.4279,21.8206,tanker,LNG,Chennai,Port_Blair
0,2,2,49115,11.6,60.2,176,0.46,1560.896,0.602,6.983199999999999,5.176149732573829,10.801940126280403,25.2426,13.8834,3.9126,bulk_carrier,LNG,Mormugao,New_Mangalore
6,2,2,72064,15.5,68.1,528,1.48,3723.875,0.6809999999999999,10.555499999999999,6.270988431858299,11.185323768517204,184.9967,101.7482,28.6745,tanker,LNG,New_Mangalore,JNPA
1,0,2,18598,22.2,91.1,311,1.45,10941.047999999999,0.9109999999999999,20.224199999999996,5.7430031878094825,9.830863094815127,116.6101,60.6372,17.3211,container_ship,HFO,Paradip,Visakhapatnam
1,3,2,17711,21.2,67.5,850,1.79,9528.127999999999,0.675,14.31,6.7464121285733745,9.781997654948418,235.9906,160.4736,37.788,container_ship,MGO,Kochi,Mumbai
1,3,1,21724,17.1,77.1,1179,0.31,5000.211000000001,0.7709999999999999,13.184099999999999,7.07326971745971,9.986218950133592,240.1814,163.3233,38.459,container_ship,MGO,Mumbai,Chennai
3,0,1,7328,12.1,72.5,406,2.38,1771.561,0.725,8.772499999999999,6.008813185442595,8.89959435992585,24.8323,12.9128,3.6886,general_cargo,HFO,Visakhapatnam,Chennai
1,4,2,35698,20.2,62.5,313,1.46,8242.408,0.625,12.625,5.749392985908253,10.482877956170928,296.8185,103.8865,17.1294,container_ship,Methanol,Visakhapatnam,Paradip
6,2,0,68263,14.4,98.3,542,1.9,2985.9840000000004,0.983,14.1552,6.297109319933935,11.13113782021642,172.3416,94.7879,26.713,tanker,LNG,Chennai,Kochi
1,4,2,19734,23.5,97.0,538,1.98,12977.875,0.97,22.794999999999998,6.289715570908998,9.890148988096948,459.7978,160.9292,26.5349,container_ship,Methanol,Kochi,Chennai
1,2,0,8659,16.3,87.9,364,1.67,4330.747,0.879,14.3277,5.8998973535824915,9.06647000155648,36.3891,20.014,5.6403,container_ship,LNG,Tuticorin,Chennai
4,1,2,4149,21.7,72.7,491,3.03,10218.312999999998,0.727,15.775899999999998,6.198478716492308,8.330863613224745,24.1575,77.304,1.7393,passenger,Hydrogen,Visakhapatnam,Kolkata_SMPK
0,2,0,56514,12.6,84.4,761,1.3,2000.3759999999997,0.8440000000000001,10.634400000000001,6.635946555686647,10.942261368624832,160.4382,88.241,24.8679,bulk_carrier,LNG,Tuticorin,Port_Blair
0,3,2,70130,14.2,70.1,538,3.22,2863.2879999999996,0.701,9.954199999999998,6.289715570908998,11.158120200662147,220.1959,149.7332,35.2589,bulk_carrier,MGO,Kochi,Chennai
0,2,2,58420,10.0,55.7,396,3.31,1000.0,0.557,5.57,5.983936280687191,10.975430693220769,57.809,31.795,8.9604,bulk_carrier,LNG,Chennai,Visakhapatnam
4,1,2,2268,16.0,78.9,1181,2.34,4096.0,0.789,12.624,7.074963197966044,7.727094484779841,21.2961,68.1474,1.5333,passenger,Hydrogen,Chennai,Mumbai
0,2,2,35729,12.5,96.1,495,1.56,1953.125,0.961,12.0125,6.206575926724928,10.483745951017456,82.0374,45.1206,12.7158,bulk_carrier,LNG,Kolkata_SMPK,Visakhapatnam
1,2,2,38751,15.7,95.2,529,0.47,3869.8929999999996,0.9520000000000001,14.9464,6.272877006546167,10.564937646352819,136.5727,75.115,21.1688,container_ship,LNG,Mormugao,Kandla
6,2,2,56969,10.0,68.2,419,1.06,1000.0,0.682,6.82,6.040254711277414,10.950280092474442,49.3362,27.1349,7.6471,tanker,LNG,Kochi,Mormugao
1,4,2,33687,17.8,93.1,176,2.02,5639.752,0.9309999999999999,16.5718,5.176149732573829,10.424896969841763,145.6708,50.9848,8.4067,container_ship,Methanol,Mormugao,New_Mangalore
0,0,2,63249,12.3,60.2,22,2.97,1860.8670000000004,0.602,7.4046,3.1354942159291497,11.054850406589766,6.0343,3.1378,0.8963,bulk_carrier,HFO,Mumbai,JNPA
6,0,1,54273,14.3,76.3,169,1.91,2924.2070000000003,0.763,10.9109,5.135798437050262,10.901800569887673,57.1937,29.7407,8.4955,tanker,HFO,New_Mangalore,Mormugao
4,1,2,3808,24.5,88.0,1190,1.91,14706.125,0.88,21.56,7.0825485693553,8.245121966478605,67.7805,216.8975,4.8802,passenger,Hydrogen,JNPA,Chennai
4,2,2,3504,15.9,98.1,419,1.1,4019.679,0.981,15.5979,6.040254711277414,8.16194579946869,24.7551,13.6153,3.837,passenger,LNG,Kamarajar,Visakhapatnam
2,2,2,884,17.5,89.2,169,2.72,5359.375,0.892,15.61,5.135798437050262,6.785587645007929,4.929,2.7109,0.764,ferry,LNG,New_Mangalore,Mormugao
6,3,2,55468,13.9,93.7,17,1.2,2685.619,0.937,13.0243,2.8903717578961645,10.923579585124024,4.3621,2.9662,0.6985,tanker,MGO,Kamarajar,Chennai
6,2,2,70614,15.6,63.8,358,0.72,3796.4159999999997,0.638,9.9528,5.883322388488279,11.164997865503164,119.3533,65.6443,18.4998,tanker,LNG,JNPA,Mormugao
6,2,0,66768,12.0,89.7,396,3.34,1728.0,0.897,10.764,5.983936280687191,11.108994179953779,100.657,55.3613,15.6018,tanker,LNG,Chennai,Visakhapatnam
6,3,2,28632,16.0,78.4,528,2.89,4096.0,0.784,12.544,6.270988431858299,10.262315177792935,153.9058,104.6559,24.6442,tanker,MGO,New_Mangalore,JNPA
0,2,2,26135,8.8,82.1,797,3.17,681.4720000000002,0.821,7.2248,6.682108597449809,10.171068953280907,55.6056,30.5831,8.6189,bulk_carrier,LNG,Chennai,Port_Blair
6,3,2,28632,16.4,88.2,797,1.87,4410.943999999999,0.882,14.464799999999999,6.682108597449809,10.262315177792935,197.7166,134.4473,31.6594,tanker,MGO,Chennai,Port_Blair
1,2,1,41157,17.4,58.5,396,3.06,5268.0239999999985,0.585,10.178999999999998,5.983936280687191,10.625173597902494,145.283,79.9057,22.5189,container_ship,LNG,Chennai,Visakhapatnam
3,3,2,14985,14.0,86.5,761,2.77,2744.0,0.865,12.11,6.635946555686647,9.614871710924255,105.5991,71.8074,16.9091,general_cargo,MGO,Tuticorin,Port_Blair
4,2,2,3504,17.2,61.5,419,2.54,5088.447999999999,0.615,10.578,6.040254711277414,8.16194579946869,25.1135,13.8125,3.8926,passenger,LNG,Kamarajar,Visakhapatnam
6,2,2,55620,13.0,67.1,757,1.58,2197.0,0.6709999999999999,8.722999999999999,6.630683385642372,10.926316106770527,145.4696,80.0083,22.5478,tanker,LNG,Port_Blair,Tuticorin
3,3,0,16177,14.8,84.6,406,2.18,3241.7920000000004,0.846,12.5208,6.008813185442595,9.691407573577898,67.168,45.6743,10.7553,general_cargo,MGO,Visakhapatnam,Chennai
0,2,2,62925,13.0,64.6,422,1.52,2197.0,0.6459999999999999,8.398,6.0473721790462776,11.049714711812085,95.0726,52.29,14.7363,bulk_carrier,LNG,Mormugao,Kochi
6,2,2,76931,15.9,67.1,797,2.93,4019.679,0.6709999999999999,10.668899999999999,6.682108597449809,11.250677193775257,359.9784,197.9881,55.7966,tanker,LNG,Chennai,Port_Blair
0,2,0,58242,12.7,58.5,406,2.06,2048.383,0.585,7.429499999999999,6.008813185442595,10.972379192532934,78.6511,43.2581,12.1909,bulk_carrier,LNG,Visakhapatnam,Chennai
3,3,2,9058,13.5,85.6,859,3.41,2460.375,0.856,11.556,6.756932389247553,9.111514017669288,85.5919,58.2025,13.7054,general_cargo,MGO,Mumbai,Kochi
4,2,2,1902,22.2,61.6,189,0.58,10941.047999999999,0.616,13.6752,5.247024072160486,7.551186867296149,11.8124,6.4968,1.8309,passenger,LNG,Kochi,Tuticorin
1,3,2,30177,17.9,67.9,876,0.81,5735.338999999999,0.679,12.1541,6.776506992372183,10.314868461073596,257.5088,175.106,41.2336,container_ship,MGO,JNPA,Kochi
6,3,0,37083,13.4,71.8,850,2.66,2406.1040000000003,0.718,9.6212,6.7464121285733745,10.520940888726873,176.4735,120.002,28.2578,tanker,MGO,Kochi,Mumbai
0,3,2,60013,13.5,74.9,700,0.63,2460.375,0.7490000000000001,10.111500000000001,6.55250788703459,11.002333147319582,181.1793,123.202,29.0113,bulk_carrier,MGO,Paradip,Chennai
5,2,2,11514,16.0,57.0,876,0.72,4096.0,0.57,9.12,6.776506992372183,9.351405812254786,85.6791,47.1235,13.2803,ro_ro,LNG,JNPA,Kochi
1,4,2,27264,14.8,94.8,349,2.61,3241.7920000000004,0.948,14.0304,5.857933154483459,10.213359107360162,169.2786,59.2475,9.7691,container_ship,Methanol,Mumbai,Mormugao
0,0,2,56514,11.0,100.0,876,2.81,1331.0,1.0,11.0,6.776506992372183,10.942261368624832,212.0711,110.277,31.5008,bulk_carrier,HFO,JNPA,Kochi
0,2,2,47945,15.0,50.5,176,0.37,3375.0,0.505,7.575,5.176149732573829,10.777830656602518,37.0812,20.3946,5.7476,bulk_carrier,LNG,Mormugao,New_Mangalore
4,3,2,2268,16.1,65.9,1196,1.04,4173.281000000001,0.659,10.609900000000001,7.087573705557973,7.727094484779841,50.7504,34.5103,8.1264,passenger,MGO,Chennai,JNPA
0,2,1,71338,11.0,72.1,856,0.68,1331.0,0.721,7.931,6.75343791859778,11.175198441433086,143.4309,78.887,22.2318,bulk_carrier,LNG,Kolkata_SMPK,Chennai
1,4,0,12578,21.3,69.7,297,3.46,9663.597000000002,0.6970000000000001,14.846100000000002,5.697093486505405,9.439784035838873,189.8222,66.4378,10.9546,container_ship,Methanol,JNPA,Kandla
6,2,2,55468,12.3,56.2,692,0.87,1860.8670000000004,0.562,6.912600000000001,6.541029999189903,10.923579585124024,116.4058,64.0232,18.0429,tanker,LNG,Chennai,Paradip
1,4,2,12017,16.4,61.3,183,3.14,4410.943999999999,0.613,10.053199999999999,5.214935757608986,9.394160804893874,58.6534,20.5287,3.3849,container_ship,Methanol,Tuticorin,Kochi
0,2,2,58095,11.4,90.0,788,3.4,1481.544,0.9,10.26,6.670766320845874,10.969852093654117,173.0429,95.1736,26.8217,bulk_carrier,LNG,Port_Blair,Chennai
1,3,0,17470,22.9,55.6,406,1.69,12008.988999999998,0.556,12.7324,6.008813185442595,9.768297642474444,122.9995,83.6396,19.6953,container_ship,MGO,Visakhapatnam,Chennai
6,2,2,70614,12.5,87.8,870,2.44,1953.125,0.878,10.975,6.769641976852503,11.164997865503164,232.4914,127.8703,36.0362,tanker,LNG,Kochi,JNPA
3,0,0,14088,15.9,59.2,692,2.95,4019.679,0.5920000000000001,9.4128,6.541029999189903,9.553149630053277,116.5071,60.5837,17.3058,general_cargo,HFO,Chennai,Paradip
0,0,2,32714,15.3,98.1,853,3.03,3581.5770000000007,0.981,15.0093,6.74993119378857,10.395588967303839,283.4855,147.4125,42.1087,bulk_carrier,HFO,Chennai,Kolkata_SMPK
5,2,0,11514,16.5,67.1,24,1.69,4492.125,0.6709999999999999,11.071499999999999,3.2188758248682006,9.351405812254786,2.6821,1.4751,0.4157,ro_ro,LNG,JNPA,Mumbai
5,0,0,11514,13.2,66.9,491,2.19,2299.968,0.669,8.8308,6.198478716492308,9.351405812254786,47.673,24.79,7.0813,ro_ro,HFO,Visakhapatnam,Kolkata_SMPK
4,1,2,3504,21.1,65.2,396,0.72,9393.931000000002,0.652,13.757200000000001,5.983936280687191,8.16194579946869,13.5799,43.4557,0.9778,passenger,Hydrogen,Chennai,Visakhapatnam
0,3,2,56514,13.3,97.2,850,1.21,2352.637,0.972,12.9276,6.7464121285733745,10.942261368624832,238.2553,162.0136,38.1506,bulk_carrier,MGO,Kochi,Mumbai
0,3,0,49332,11.9,82.3,359,3.46,1685.159,0.823,9.7937,5.886104031450156,10.806348507298559,91.3761,62.1358,14.6316,bulk_carrier,MGO,Mormugao,JNPA
0,0,0,59816,11.3,62.6,297,2.32,1442.8970000000002,0.626,7.0738,5.697093486505405,10.99904518047501,63.4479,32.9929,9.4245,bulk_carrier,HFO,JNPA,Kandla
1,0,2,30177,17.0,77.0,276,1.23,4913.0,0.77,13.09,5.6240175061873385,10.314868461073596,86.6835,45.0754,12.8759,container_ship,HFO,Mumbai,Kandla
3,3,1,5602,9.7,88.6,700,1.43,912.6729999999998,0.8859999999999999,8.594199999999999,6.55250788703459,8.631057447565285,22.6574,15.407,3.628,general_cargo,MGO,Paradip,Chennai
1,4,0,41157,15.2,98.8,495,2.69,3511.8079999999995,0.988,15.0176,6.206575926724928,10.625173597902494,330.339,115.6187,19.0639,container_ship,Methanol,Kolkata_SMPK,Visakhapatnam
2,2,0,932,14.5,89.4,542,2.22,3048.625,0.894,12.963000000000001,6.297109319933935,6.838405200847344,11.2398,6.1819,1.7422,ferry,LNG,Chennai,Kochi
0,0,2,56365,14.5,90.9,692,3.4,3048.625,0.909,13.1805,6.541029999189903,10.939621418827507,289.2042,150.3862,42.9581,bulk_carrier,HFO,Chennai,Paradip
5,0,2,6851,15.0,68.7,856,1.45,3375.0,0.687,10.305000000000001,6.75343791859778,8.832295859444011,64.9689,33.7838,9.6504,ro_ro,HFO,Kolkata_SMPK,Chennai
3,0,0,16581,11.8,70.9,183,2.54,1643.0320000000004,0.7090000000000001,8.366200000000001,5.214935757608986,9.716073048676163,19.4109,10.0937,2.8833,general_cargo,HFO,Tuticorin,Kochi
1,4,1,12578,22.2,85.6,528,2.46,10941.047999999999,0.856,19.0032,6.270988431858299,9.439784035838873,328.4143,114.945,18.9528,container_ship,Methanol,New_Mangalore,JNPA
6,3,2,66768,13.6,90.7,542,0.3,2515.4559999999997,0.907,12.3352,6.297109319933935,11.108994179953779,166.4059,113.156,26.6457,tanker,MGO,Chennai,Kochi
4,3,2,4545,20.9,70.0,797,2.83,9129.328999999998,0.7,14.629999999999997,6.682108597449809,8.422003004412488,113.419,77.1249,18.1612,passenger,MGO,Chennai,Port_Blair
3,3,0,5602,12.6,79.5,856,1.63,2000.3759999999997,0.795,10.017,6.75343791859778,8.631057447565285,46.087,31.3392,7.3797,general_cargo,MGO,Kolkata_SMPK,Chennai
3,3,2,10749,11.7,95.7,1190,2.78,1601.6129999999996,0.9570000000000001,11.1969,7.0825485693553,9.28266103355581,89.5682,60.9064,14.3421,general_cargo,MGO,JNPA,Chennai
6,2,2,72064,15.5,80.7,406,0.85,3723.875,0.807,12.508500000000002,6.008813185442595,11.185323768517204,134.6701,74.0686,20.8739,tanker,LNG,Visakhapatnam,Chennai
3,3,2,17380,12.0,63.3,311,3.18,1728.0,0.633,7.596,5.7430031878094825,9.76313293456348,34.3495,23.3576,5.5002,general_cargo,MGO,Paradip,Visakhapatnam
0,2,2,48674,10.5,73.1,348,1.04,1157.625,0.731,7.6754999999999995,5.855071922202427,10.7929208302404,43.0223,23.6623,6.6685,bulk_carrier,LNG,Kochi,New_Mangalore
0,0,2,29708,12.6,56.0,18,1.44,2000.3759999999997,0.56,7.056,2.9444389791664403,10.299205309189412,2.7167,1.4127,0.4035,bulk_carrier,HFO,Chennai,Kamarajar
1,4,2,38751,14.9,84.7,24,0.41,3307.949,0.847,12.6203,3.2188758248682006,10.564937646352819,11.8914,4.162,0.6862,container_ship,Methanol,JNPA,Mumbai
3,3,2,7328,12.8,80.8,491,2.85,2097.1520000000005,0.8079999999999999,10.3424,6.198478716492308,8.89959435992585,37.0433,25.1895,5.9316,general_cargo,MGO,Visakhapatnam,Kolkata_SMPK
0,0,1,48674,13.6,59.9,349,0.44,2515.4559999999997,0.599,8.1464,5.857933154483459,10.7929208302404,80.2805,41.7459,11.9248,bulk_carrier,HFO,Mumbai,Mormugao
0,0,2,42726,16.2,66.0,788,0.31,4251.527999999999,0.66,10.692,6.670766320845874,10.662586317888776,242.6992,126.2036,36.0503,bulk_carrier,HFO,Port_Blair,Chennai
0,0,0,38293,13.7,71.2,277,1.46,2571.3529999999996,0.7120000000000001,9.7544,5.627621113690637,10.55304850493315,63.6234,33.0842,9.4506,bulk_carrier,HFO,Kandla,Mumbai
6,0,2,39649,13.0,50.7,542,0.37,2197.0,0.507,6.591,6.297109319933935,10.587846227062993,96.237,50.0432,14.2949,tanker,HFO,Chennai,Kochi
0,3,2,56365,10.5,61.5,542,1.85,1157.625,0.615,6.4575,6.297109319933935,10.939621418827507,81.2994,55.2836,13.0181,bulk_carrier,MGO,Chennai,Kochi
6,3,0,47959,12.5,89.4,286,2.23,1953.125,0.894,11.175,5.659482215759621,10.77812260914145,67.3593,45.8044,10.7859,tanker,MGO,Kandla,JNPA
5,2,2,6851,14.6,83.5,1190,2.32,3112.136,0.835,12.190999999999999,7.0825485693553,8.832295859444011,85.8582,47.222,13.308,ro_ro,LNG,JNPA,Chennai
3,3,0,6658,11.4,64.7,183,0.56,1481.544,0.647,7.375800000000001,5.214935757608986,8.803724602110622,8.0409,5.4678,1.2876,general_cargo,MGO,Tuticorin,Kochi
3,0,0,17741,10.2,63.4,521,1.65,1061.2079999999999,0.634,6.466799999999999,6.257667587882639,9.783689989080532,37.3507,19.4224,5.548,general_cargo,HFO,Kandla,Mormugao
3,0,2,16581,12.5,69.8,311,0.92,1953.125,0.698,8.725,5.7430031878094825,9.716073048676163,33.8062,17.5792,5.0215,general_cargo,HFO,Paradip,Visakhapatnam
0,2,2,35729,11.6,54.0,518,1.35,1560.896,0.54,6.264,6.251903883165888,10.483745951017456,57.1818,31.45,8.8632,bulk_carrier,LNG,JNPA,New_Mangalore
1,3,0,30177,18.0,60.9,176,1.05,5832.0,0.609,10.962,5.176149732573829,10.314868461073596,48.8331,33.2065,7.8194,container_ship,MGO,Mormugao,New_Mangalore
0,2,2,27915,13.1,81.2,788,2.09,2248.091,0.812,10.6372,6.670766320845874,10.236955280137042,115.5749,63.5662,17.9141,bulk_carrier,LNG,Port_Blair,Chennai
1,4,2,17711,22.2,80.0,419,1.74,10941.047999999999,0.8,17.76,6.040254711277414,9.781997654948418,305.6165,106.9658,17.6371,container_ship,Methanol,Kamarajar,Visakhapatnam
6,2,0,70614,14.6,76.7,364,1.93,3112.136,0.767,11.1982,5.8998973535824915,11.164997865503164,119.6412,65.8027,18.5444,tanker,LNG,Tuticorin,Chennai
6,3,2,45552,12.7,67.5,1179,0.35,2048.383,0.675,8.5725,7.07326971745971,10.726631762209768,205.5903,139.8014,32.9202,tanker,MGO,Mumbai,Chennai
0,0,0,66381,14.2,62.4,521,3.08,2863.2879999999996,0.624,8.8608,6.257667587882639,11.103181214377175,205.8078,107.02,30.5705,bulk_carrier,HFO,Kandla,Mormugao
1,4,2,26077,18.4,85.6,495,1.44,6229.503999999999,0.856,15.750399999999999,6.206575926724928,10.168847325983418,319.5637,111.8473,18.442,container_ship,Methanol,Kolkata_SMPK,Visakhapatnam
1,3,0,9661,19.9,81.4,700,2.76,7880.598999999998,0.8140000000000001,16.1986,6.55250788703459,9.175955945114351,147.9544,100.609,23.6912,container_ship,MGO,Paradip,Chennai
6,2,2,42416,15.0,70.6,411,1.88,3375.0,0.706,10.59,6.021023349349527,10.65530450425995,95.3457,52.4401,14.7786,tanker,LNG,Visakhapatnam,Kamarajar
0,0,0,58242,14.1,90.0,286,0.65,2803.221,0.9,12.69,5.659482215759621,10.972379192532934,92.9329,48.3251,13.8042,bulk_carrier,HFO,Kandla,JNPA
1,0,1,26077,19.2,98.9,529,3.12,7077.887999999999,0.9890000000000001,18.9888,6.272877006546167,10.168847325983418,245.6123,127.7184,36.483,container_ship,HFO,Mormugao,Kandla
0,3,2,56365,10.8,60.0,521,2.49,1259.7120000000002,0.6,6.48,6.257667587882639,10.939621418827507,89.1157,60.5987,14.2697,bulk_carrier,MGO,Kandla,Mormugao
3,0,2,14985,13.1,65.0,277,3.01,2248.091,0.65,8.515,5.627621113690637,9.614871710924255,36.0288,18.735,5.3517,general_cargo,HFO,Kandla,Mumbai
2,2,0,2604,10.1,97.0,276,3.42,1030.301,0.97,9.796999999999999,5.6240175061873385,7.865187954187467,6.3763,3.507,0.9883,ferry,LNG,Kandla,Mumbai
0,3,2,45319,15.3,55.8,286,0.57,3581.5770000000007,0.5579999999999999,8.5374,5.659482215759621,10.721503715141942,77.8088,52.91,12.4591,bulk_carrier,MGO,Kandla,JNPA
0,0,2,44373,11.9,86.3,1196,0.8,1685.159,0.863,10.2697,7.087573705557973,10.700408991312528,215.6731,112.15,32.0359,bulk_carrier,HFO,Chennai,JNPA
6,2,2,70614,14.0,88.0,348,2.96,2744.0,0.88,12.32,5.855071922202427,11.164997865503164,122.9831,67.6407,19.0624,tanker,LNG,Kochi,New_Mangalore
3,0,2,14844,10.5,97.0,276,1.16,1157.625,0.97,10.185,5.6240175061873385,9.60541838719786,20.5513,10.6867,3.0527,general_cargo,HFO,Mumbai,Kandla
3,0,0,7328,12.2,82.9,358,2.78,1815.8479999999997,0.8290000000000001,10.1138,5.883322388488279,8.89959435992585,27.2408,14.1652,4.0463,general_cargo,HFO,JNPA,Mormugao
6,0,2,50271,15.1,67.4,700,1.46,3442.9509999999996,0.674,10.1774,6.55250788703459,10.825203541055348,235.9152,122.6759,35.0426,tanker,HFO,Paradip,Chennai
3,3,2,7216,13.2,69.9,692,0.87,2299.968,0.6990000000000001,9.2268,6.541029999189903,8.884194633072273,42.3032,28.7662,6.7738,general_cargo,MGO,Chennai,Paradip
5,2,2,8727,18.8,99.7,859,2.44,6644.6720000000005,0.997,18.7436,6.756932389247553,9.074291527512907,116.4253,64.0339,18.0459,ro_ro,LNG,Mumbai,Kochi
0,2,2,70130,13.7,82.0,311,1.84,2571.3529999999996,0.82,11.233999999999998,5.7430031878094825,11.158120200662147,96.6868,53.1777,14.9865,bulk_carrier,LNG,Paradip,Visakhapatnam
1,0,2,41892,13.4,70.7,859,3.16,2406.1040000000003,0.7070000000000001,9.4738,6.756932389247553,10.64287402751427,238.2178,123.8732,35.3846,container_ship,HFO,Mumbai,Kochi
3,0,2,10749,14.5,93.4,176,2.0,3048.625,0.934,13.543000000000001,5.176149732573829,9.28266103355581,21.6432,11.2545,3.2149,general_cargo,HFO,Mormugao,New_Mangalore
0,2,0,58242,14.7,59.5,419,3.19,3176.5229999999997,0.595,8.7465,6.040254711277414,10.972379192532934,127.7503,70.2627,19.8013,bulk_carrier,LNG,Kochi,Mormugao
1,2,2,8659,12.3,95.9,370,1.99,1860.8670000000004,0.9590000000000001,11.795700000000002,5.916202062607435,9.06647000155648,24.0724,13.2398,3.7312,container_ship,LNG,Chennai,Tuticorin
6,0,2,76931,12.6,51.7,348,1.15,2000.3759999999997,0.517,6.5142,5.855071922202427,11.250677193775257,85.0716,44.2372,12.6364,tanker,HFO,Kochi,New_Mangalore
3,0,2,10004,14.9,79.8,797,0.67,3307.949,0.7979999999999999,11.8902,6.682108597449809,9.210840247017833,87.2461,45.368,12.9594,general_cargo,HFO,Chennai,Port_Blair
6,0,2,28073,12.3,96.4,297,2.85,1860.8670000000004,0.9640000000000001,11.857200000000002,5.697093486505405,10.24259916009427,58.4263,30.3817,8.6786,tanker,HFO,JNPA,Kandla
6,2,0,47959,12.8,96.7,521,3.18,2097.1520000000005,0.9670000000000001,12.377600000000001,6.257667587882639,10.77812260914145,116.43,64.0365,18.0467,tanker,LNG,Kandla,Mormugao
0,3,0,60013,12.7,60.0,856,2.02,2048.383,0.6,7.619999999999999,6.75343791859778,11.002333147319582,229.7906,156.2576,36.7952,bulk_carrier,MGO,Kolkata_SMPK,Chennai
0,2,2,60844,12.1,75.6,176,3.49,1771.561,0.7559999999999999,9.147599999999999,5.176149732573829,11.016084925770901,40.4786,22.2633,6.2742,bulk_carrier,LNG,Mormugao,New_Mangalore
1,0,2,12578,19.3,62.4,189,2.31,7189.057000000001,0.624,12.0432,5.247024072160486,9.439784035838873,40.184,20.8957,5.9689,container_ship,HFO,Kochi,Tuticorin
0,2,0,58095,11.8,73.3,538,2.5,1643.0320000000004,0.733,8.6494,6.289715570908998,10.969852093654117,105.8166,58.1991,16.4016,bulk_carrier,LNG,Kochi,Chennai
6,0,0,27184,10.9,79.3,276,2.84,1295.0290000000002,0.7929999999999999,8.643699999999999,5.6240175061873385,10.210420629580021,35.7066,18.5674,5.3038,tanker,HFO,Kandla,Mumbai
3,3,0,9058,11.1,55.6,229,0.38,1367.6309999999999,0.556,6.171600000000001,5.438079308923196,9.111514017669288,10.4388,7.0984,1.6715,general_cargo,MGO,Kolkata_SMPK,Paradip
0,3,0,47945,14.0,87.6,542,1.52,2744.0,0.8759999999999999,12.264,6.297109319933935,10.777830656602518,155.4721,105.721,24.895,bulk_carrier,MGO,Chennai,Kochi
6,2,2,25705,13.1,88.6,370,2.92,2248.091,0.8859999999999999,11.606599999999998,5.916202062607435,10.154479706670077,56.8175,31.2497,8.8067,tanker,LNG,Chennai,Tuticorin
4,2,1,1902,22.5,88.7,17,3.22,11390.625,0.887,19.9575,2.8903717578961645,7.551186867296149,1.5206,0.8363,0.2357,passenger,LNG,Kamarajar,Chennai
0,2,2,32714,13.0,87.2,505,1.32,2197.0,0.872,11.336,6.226536669287466,10.395588967303839,79.407,43.6739,12.3081,bulk_carrier,LNG,New_Mangalore,Mumbai
0,3,2,41291,9.7,65.5,345,2.37,912.6729999999998,0.655,6.3534999999999995,5.846438775057725,10.62842405558548,40.2283,27.3552,6.4416,bulk_carrier,MGO,New_Mangalore,Kochi
0,3,1,35729,9.6,79.6,856,2.54,884.7359999999999,0.7959999999999999,7.641599999999999,6.75343791859778,10.483745951017456,88.6401,60.2752,14.1935,bulk_carrier,MGO,Kolkata_SMPK,Chennai
0,3,1,29708,13.8,95.8,507,2.28,2628.0720000000006,0.958,13.2204,6.230481447578482,10.299205309189412,100.0162,68.011,16.0151,bulk_carrier,MGO,Mumbai,New_Mangalore
1,0,0,23507,19.4,57.9,313,0.71,7301.383999999998,0.579,11.232599999999998,5.749392985908253,10.065096067732542,94.3823,49.0788,14.0195,container_ship,HFO,Visakhapatnam,Paradip
6,3,2,42416,13.0,79.2,1181,0.74,2197.0,0.792,10.296000000000001,7.074963197966044,10.65530450425995,241.6714,164.3365,38.6976,tanker,MGO,Chennai,Mumbai
0,0,0,56365,14.3,88.0,370,1.24,2924.2070000000003,0.88,12.584000000000001,5.916202062607435,10.939621418827507,125.9499,65.4939,18.7085,bulk_carrier,HFO,Chennai,Tuticorin
5,3,2,4651,17.3,91.2,17,2.47,5177.717000000001,0.912,15.777600000000001,2.8903717578961645,8.445052513638554,1.8141,1.2336,0.2905,ro_ro,MGO,Kamarajar,Chennai
0,0,2,34473,11.9,85.7,183,1.37,1685.159,0.857,10.1983,5.214935757608986,10.447960695714336,30.4255,15.8213,4.5194,bulk_carrier,HFO,Tuticorin,Kochi
0,0,2,42343,11.1,93.7,311,1.12,1367.6309999999999,0.937,10.4007,5.7430031878094825,10.653582013537823,54.2218,28.1954,8.0541,bulk_carrier,HFO,Paradip,Visakhapatnam
1,2,2,41157,16.4,78.1,495,2.42,4410.943999999999,0.7809999999999999,12.808399999999997,6.206575926724928,10.625173597902494,163.181,89.7495,25.293,container_ship,LNG,Kolkata_SMPK,Visakhapatnam
0,0,0,33529,11.4,76.0,495,2.87,1481.544,0.76,8.664,6.206575926724928,10.420195839460273,84.4566,43.9174,12.5451,bulk_carrier,HFO,Kolkata_SMPK,Visakhapatnam
0,0,2,45319,13.0,97.1,507,1.52,2197.0,0.971,12.623,6.230481447578482,10.721503715141942,140.5863,73.1049,20.8826,bulk_carrier,HFO,Mumbai,New_Mangalore
3,3,2,19799,13.7,67.3,411,2.87,2571.3529999999996,0.6729999999999999,9.220099999999999,6.021023349349527,9.893437216682626,61.4109,41.7594,9.8334,general_cargo,MGO,Visakhapatnam,Kamarajar
6,2,0,71643,11.7,93.6,277,2.64,1601.6129999999996,0.9359999999999999,10.951199999999998,5.627621113690637,11.17946468934515,70.5553,38.8054,10.9361,tanker,LNG,Kandla,Mumbai
0,3,2,40197,8.8,57.4,853,0.51,681.4720000000002,0.574,5.0512,6.74993119378857,10.601572522125696,63.621,43.2623,10.1873,bulk_carrier,MGO,Chennai,Kolkata_SMPK
4,2,2,1902,17.4,68.3,859,3.07,5268.0239999999985,0.6829999999999999,11.884199999999998,6.756932389247553,7.551186867296149,39.1051,21.5078,6.0613,passenger,LNG,Mumbai,Kochi
6,0,2,70614,12.1,94.1,297,0.87,1771.561,0.941,11.386099999999999,5.697093486505405,11.164997865503164,81.5581,42.4102,12.1146,tanker,HFO,JNPA,Kandla
0,2,2,35729,9.8,58.4,419,2.66,941.1920000000002,0.584,5.7232,6.040254711277414,10.483745951017456,39.8486,21.9168,6.1765,bulk_carrier,LNG,Kamarajar,Visakhapatnam
1,0,0,38751,16.3,95.1,17,0.79,4330.747,0.951,15.5013,2.8903717578961645,10.564937646352819,5.0974,2.6507,0.7572,container_ship,HFO,Kamarajar,Chennai
4,2,0,2268,16.5,63.1,761,1.77,4492.125,0.631,10.4115,6.635946555686647,7.727094484779841,29.0006,15.9503,4.4951,passenger,LNG,Tuticorin,Port_Blair
1,4,2,17711,18.0,62.6,856,3.18,5832.0,0.626,11.268,6.75343791859778,9.781997654948418,421.1971,147.419,24.3073,container_ship,Methanol,Kolkata_SMPK,Chennai
1,2,2,17470,24.3,60.4,22,2.31,14348.907000000001,0.604,14.6772,3.1354942159291497,9.768297642474444,7.5532,4.1543,1.1708,container_ship,LNG,Mumbai,JNPA
1,0,0,8659,17.1,55.0,176,0.8,5000.211000000001,0.55,9.405000000000001,5.176149732573829,9.06647000155648,20.4181,10.6174,3.0329,container_ship,HFO,Mormugao,New_Mangalore
1,3,0,16607,17.4,63.5,1190,1.64,5268.0239999999985,0.635,11.049,7.0825485693553,9.717639785965615,221.6995,150.7557,35.4996,container_ship,MGO,JNPA,Chennai
6,3,2,71643,11.0,85.4,345,2.54,1331.0,0.8540000000000001,9.394000000000002,5.846438775057725,11.17946468934515,82.918,56.3842,13.2772,tanker,MGO,New_Mangalore,Kochi
1,4,2,23507,16.7,82.8,491,2.26,4657.463,0.828,13.827599999999999,6.198478716492308,10.065096067732542,252.8634,88.5022,14.5927,container_ship,Methanol,Visakhapatnam,Kolkata_SMPK
6,0,2,56969,10.5,60.8,311,0.86,1157.625,0.608,6.3839999999999995,5.7430031878094825,10.950280092474442,47.8732,24.8941,7.111,tanker,HFO,Paradip,Visakhapatnam
3,0,2,7216,16.5,75.6,364,1.4,4492.125,0.7559999999999999,12.473999999999998,5.8998973535824915,8.884194633072273,41.2412,21.4454,6.1259,general_cargo,HFO,Tuticorin,Chennai
0,3,2,58242,13.2,65.2,1196,2.13,2299.968,0.652,8.6064,7.087573705557973,10.972379192532934,336.3171,228.6957,53.8528,bulk_carrier,MGO,Chennai,JNPA
6,0,2,70614,12.7,64.9,349,2.5,2048.383,0.649,8.2423,5.857933154483459,11.164997865503164,116.2055,60.4269,17.2611,tanker,HFO,Mumbai,Mormugao
0,3,1,40197,11.4,76.9,370,2.9,1481.544,0.769,8.7666,5.916202062607435,10.601572522125696,66.7323,45.3779,10.6855,bulk_carrier,MGO,Chennai,Tuticorin
0,0,0,33529,12.3,87.1,788,1.68,1860.8670000000004,0.871,10.7133,6.670766320845874,10.420195839460273,141.0404,73.341,20.95,bulk_carrier,HFO,Port_Blair,Chennai
3,3,2,15648,15.3,66.5,17,1.93,3581.5770000000007,0.665,10.174500000000002,2.8903717578961645,9.658162296163171,2.3014,1.5649,0.3685,general_cargo,MGO,Kamarajar,Chennai
6,2,2,27184,11.4,61.4,1196,0.37,1481.544,0.614,6.9996,7.087573705557973,10.210420629580021,108.007,59.4038,16.7411,tanker,LNG,Chennai,JNPA
3,0,2,16651,9.8,74.7,529,0.92,941.1920000000002,0.747,7.320600000000001,6.272877006546167,9.720285608314866,31.0305,16.1359,4.6092,general_cargo,HFO,Mormugao,Kandla
2,2,2,932,12.6,60.8,345,1.25,2000.3759999999997,0.608,7.660799999999999,5.846438775057725,6.838405200847344,4.0566,2.2311,0.6288,ferry,LNG,New_Mangalore,Kochi
6,2,2,45552,13.3,59.9,1196,1.07,2352.637,0.599,7.9667,7.087573705557973,10.726631762209768,208.7,114.785,32.3485,tanker,LNG,Chennai,JNPA
3,3,2,16581,13.0,90.6,176,0.45,2197.0,0.9059999999999999,11.777999999999999,5.176149732573829,9.716073048676163,18.8542,12.8209,3.019,general_cargo,MGO,Mormugao,New_Mangalore
5,0,2,7575,15.7,78.3,169,2.17,3869.8929999999996,0.7829999999999999,12.293099999999999,5.135798437050262,8.932740634865914,18.9608,9.8596,2.8164,ro_ro,HFO,New_Mangalore,Mormugao
0,0,2,58095,12.2,87.9,1179,1.76,1815.8479999999997,0.879,10.723799999999999,7.07326971745971,10.969852093654117,293.9968,152.8784,43.67,bulk_carrier,HFO,Mumbai,Chennai
0,0,2,26135,9.0,81.7,277,2.01,729.0,0.8170000000000001,7.353000000000001,5.627621113690637,10.171068953280907,22.6663,11.7865,3.3668,bulk_carrier,HFO,Kandla,Mumbai
6,3,1,55468,11.3,78.5,347,0.35,1442.8970000000002,0.785,8.870500000000002,5.8522024797744745,10.923579585124024,58.7671,39.9616,9.4101,tanker,MGO,Mormugao,Mumbai
5,2,2,8727,15.1,74.8,358,3.15,3442.9509999999996,0.748,11.2948,5.883322388488279,9.074291527512907,33.4601,18.403,5.1863,ro_ro,LNG,JNPA,Mormugao
1,4,1,21724,22.4,78.7,169,2.64,11239.423999999997,0.787,17.6288,5.135798437050262,9.986218950133592,155.6509,54.4778,8.9826,container_ship,Methanol,New_Mangalore,Mormugao
6,2,2,67954,11.3,81.0,358,2.36,1442.8970000000002,0.81,9.153,5.883322388488279,11.126601000389448,71.6067,39.3837,11.099,tanker,LNG,JNPA,Mormugao
6,3,2,55666,12.3,76.7,396,3.32,1860.8670000000004,0.767,9.4341,5.983936280687191,10.927142790736806,100.0573,68.039,16.0217,tanker,MGO,Chennai,Visakhapatnam
0,0,0,58242,13.3,75.5,507,0.49,2352.637,0.755,10.041500000000001,6.230481447578482,10.972379192532934,124.6911,64.8394,18.5215,bulk_carrier,HFO,Mumbai,New_Mangalore
6,3,1,22608,11.9,95.1,189,3.45,1685.159,0.951,11.3169,5.247024072160486,10.026103336076316,30.5727,20.7894,4.8954,tanker,MGO,Kochi,Tuticorin
1,2,2,33073,17.3,96.8,358,2.3,5177.717000000001,0.968,16.7464,5.883322388488279,10.406502754210141,108.9107,59.9009,16.8812,container_ship,LNG,JNPA,Mormugao
5,3,0,4206,15.3,86.8,507,1.9,3581.5770000000007,0.868,13.2804,6.230481447578482,8.344505083590521,33.2364,22.6008,5.322,ro_ro,MGO,Mumbai,New_Mangalore
5,0,0,8727,14.5,85.3,411,1.33,3048.625,0.853,12.3685,6.021023349349527,9.074291527512907,41.9525,21.8153,6.2316,ro_ro,HFO,Visakhapatnam,Kamarajar
6,0,2,37289,13.6,79.0,297,3.01,2515.4559999999997,0.79,10.744,5.697093486505405,10.526480473172866,82.39,42.8428,12.2381,tanker,HFO,JNPA,Kandla
1,2,1,37761,17.4,52.1,411,2.1,5268.0239999999985,0.521,9.0654,6.021023349349527,10.539058584958477,113.9104,62.6507,17.6561,container_ship,LNG,Visakhapatnam,Kamarajar
3,3,0,14985,10.8,72.0,538,2.18,1259.7120000000002,0.72,7.776,6.289715570908998,9.614871710924255,40.446,27.5033,6.4764,general_cargo,MGO,Kochi,Chennai
0,3,2,34731,13.9,83.2,491,3.16,2685.619,0.8320000000000001,11.564800000000002,6.198478716492308,10.455416731180536,130.4045,88.6751,20.881,bulk_carrier,MGO,Visakhapatnam,Kolkata_SMPK
6,0,0,55666,14.1,72.7,853,3.44,2803.221,0.727,10.2507,6.74993119378857,10.927142790736806,308.4674,160.4031,45.8194,tanker,HFO,Chennai,Kolkata_SMPK
3,0,0,16704,9.9,99.7,859,1.27,970.2990000000001,0.997,9.8703,6.756932389247553,9.723463354790857,62.0955,32.2897,9.2236,general_cargo,HFO,Mumbai,Kochi
3,0,2,16581,12.6,78.8,276,3.45,2000.3759999999997,0.7879999999999999,9.928799999999999,5.6240175061873385,9.716073048676163,41.6989,21.6834,6.1939,general_cargo,HFO,Mumbai,Kandla
2,2,2,2604,13.7,59.7,797,2.05,2571.3529999999996,0.597,8.178899999999999,6.682108597449809,7.865187954187467,20.8513,11.4682,3.2319,ferry,LNG,Chennai,Port_Blair
0,2,1,42726,12.9,95.5,529,1.26,2146.6890000000003,0.955,12.3195,6.272877006546167,10.662586317888776,103.2188,56.7704,15.9989,bulk_carrier,LNG,Mormugao,Kandla
6,0,2,55620,16.6,94.0,788,1.81,4574.296000000001,0.94,15.604000000000001,6.670766320845874,10.926316106770527,369.6794,192.2333,54.9118,tanker,HFO,Port_Blair,Chennai
6,3,2,35987,10.4,61.6,529,1.81,1124.864,0.616,6.4064000000000005,6.272877006546167,10.49094082853701,51.7057,35.1599,8.2794,tanker,MGO,Mormugao,Kandla
3,3,2,6658,11.9,63.6,859,2.81,1685.159,0.636,7.5684000000000005,6.756932389247553,8.803724602110622,44.4713,30.2405,7.121,general_cargo,MGO,Mumbai,Kochi
3,0,0,16651,11.5,72.9,757,3.16,1520.875,0.7290000000000001,8.383500000000002,6.630683385642372,9.720285608314866,83.4505,43.3943,12.3957,general_cargo,HFO,Port_Blair,Tuticorin
5,0,2,6851,16.8,76.5,505,0.63,4741.6320000000005,0.765,12.852,6.226536669287466,8.832295859444011,54.4097,28.293,8.082,ro_ro,HFO,New_Mangalore,Mumbai
0,0,2,40197,9.1,99.9,859,0.6,753.5709999999999,0.9990000000000001,9.090900000000001,6.756932389247553,10.601572522125696,91.5484,47.6052,13.5985,bulk_carrier,HFO,Mumbai,Kochi
1,4,2,30177,17.0,85.0,419,2.71,4913.0,0.85,14.45,6.040254711277414,10.314868461073596,285.2508,99.8378,16.4618,container_ship,Methanol,Kamarajar,Visakhapatnam
1,0,0,30177,17.5,89.5,406,3.09,5359.375,0.895,15.6625,6.008813185442595,10.314868461073596,156.7537,81.5119,23.284,container_ship,HFO,Visakhapatnam,Chennai
6,3,0,66768,13.8,80.5,313,0.64,2628.0720000000006,0.805,11.109000000000002,5.749392985908253,11.108994179953779,94.5337,64.2829,15.1372,tanker,MGO,Visakhapatnam,Paradip
5,3,2,6679,18.0,75.4,853,0.47,5832.0,0.754,13.572,6.74993119378857,8.806873266530692,95.9816,65.2675,15.3691,ro_ro,MGO,Chennai,Kolkata_SMPK
5,2,2,11514,13.4,51.7,22,2.63,2406.1040000000003,0.517,6.9278,3.1354942159291497,9.351405812254786,1.7401,0.9571,0.2697,ro_ro,LNG,Mumbai,JNPA
1,2,2,27197,17.7,56.3,276,1.72,5545.232999999999,0.563,9.965099999999998,5.6240175061873385,10.210898720168904,59.7819,32.88,9.2662,container_ship,LNG,Mumbai,Kandla
6,2,0,45552,14.7,51.2,419,0.73,3176.5229999999997,0.512,7.5264,6.040254711277414,10.726631762209768,83.102,45.7061,12.8808,tanker,LNG,Kochi,Mormugao
1,4,0,12017,20.6,80.9,856,0.79,8741.816000000003,0.809,16.6654,6.75343791859778,9.394160804893874,389.4457,136.306,22.4749,container_ship,Methanol,Kolkata_SMPK,Chennai
0,3,2,35729,11.4,71.4,348,2.18,1481.544,0.7140000000000001,8.139600000000002,5.855071922202427,10.483745951017456,57.8087,39.3099,9.2566,bulk_carrier,MGO,Kochi,New_Mangalore
0,0,2,63249,13.6,72.1,313,1.86,2515.4559999999997,0.721,9.8056,5.749392985908253,11.054850406589766,102.9737,53.5463,15.2956,bulk_carrier,HFO,Visakhapatnam,Paradip
0,0,2,26135,11.2,96.0,217,2.59,1404.9279999999997,0.96,10.751999999999999,5.384495062789089,10.171068953280907,31.627,16.446,4.6978,bulk_carrier,HFO,Paradip,Kolkata_SMPK
1,4,2,26077,16.2,95.6,856,2.41,4251.527999999999,0.956,15.487199999999998,6.75343791859778,10.168847325983418,491.3391,171.9687,28.3552,container_ship,Methanol,Kolkata_SMPK,Chennai
0,0,0,66381,10.8,69.9,1190,2.21,1259.7120000000002,0.6990000000000001,7.549200000000001,7.0825485693553,11.103181214377175,252.2017,131.1449,37.4618,bulk_carrier,HFO,JNPA,Chennai
6,3,1,67954,13.2,72.4,870,0.41,2299.968,0.7240000000000001,9.5568,6.769641976852503,11.126601000389448,224.6219,152.7429,35.9676,tanker,MGO,Kochi,JNPA
0,2,2,30900,14.0,93.1,542,0.37,2744.0,0.9309999999999999,13.033999999999999,6.297109319933935,10.33854382482173,96.2495,52.9372,14.9187,bulk_carrier,LNG,Chennai,Kochi
4,1,2,1902,16.7,85.3,850,0.57,4657.463,0.853,14.245099999999999,6.7464121285733745,7.551186867296149,12.4761,39.9236,0.8983,passenger,Hydrogen,Kochi,Mumbai
3,3,2,19799,13.7,71.7,422,0.51,2571.3529999999996,0.7170000000000001,9.8229,6.0473721790462776,9.893437216682626,55.3999,37.6719,8.8709,general_cargo,MGO,Mormugao,Kochi
0,0,2,42726,14.6,80.5,311,0.48,3112.136,0.805,11.753,5.7430031878094825,10.662586317888776,74.5551,38.7687,11.0743,bulk_carrier,HFO,Paradip,Visakhapatnam
6,3,2,47767,12.4,80.2,24,0.31,1906.6240000000003,0.802,9.9448,3.2188758248682006,10.774111238226828,4.652,3.1634,0.7449,tanker,MGO,JNPA,Mumbai
1,0,2,26077,20.1,65.7,700,1.59,8120.6010000000015,0.657,13.205700000000002,6.55250788703459,10.168847325983418,279.4321,145.3047,41.5066,container_ship,HFO,Paradip,Chennai
3,3,2,10749,12.2,64.0,169,1.26,1815.8479999999997,0.64,7.808,5.135798437050262,9.28266103355581,12.0041,8.1628,1.9222,general_cargo,MGO,New_Mangalore,Mormugao
6,2,0,23323,12.7,50.7,542,1.38,2048.383,0.507,6.438899999999999,6.297109319933935,10.057238152342046,49.1424,27.0283,7.6171,tanker,LNG,Chennai,Kochi
6,0,2,55666,11.0,76.9,761,2.05,1331.0,0.769,8.459,6.635946555686647,10.927142790736806,147.3803,76.6377,21.8917,tanker,HFO,Tuticorin,Port_Blair
1,3,2,26077,17.0,80.4,364,2.63,4913.0,0.804,13.668000000000001,5.8998973535824915,10.168847325983418,113.6852,77.3059,18.2038,container_ship,MGO,Tuticorin,Chennai
6,2,2,67954,11.2,99.3,286,2.49,1404.9279999999997,0.993,11.121599999999999,5.659482215759621,11.126601000389448,63.6984,35.0341,9.8732,tanker,LNG,Kandla,JNPA
1,3,2,41157,15.3,60.8,538,2.64,3581.5770000000007,0.608,9.3024,6.289715570908998,10.625173597902494,156.8354,106.648,25.1133,container_ship,MGO,Kochi,Chennai
6,0,2,37289,16.4,63.3,505,1.71,4410.943999999999,0.633,10.3812,6.226536669287466,10.526480473172866,156.6449,81.4553,23.2679,tanker,HFO,New_Mangalore,Mumbai
0,2,2,49115,15.6,60.0,859,2.62,3796.4159999999997,0.6,9.36,6.756932389247553,10.801940126280403,275.396,151.4678,42.6864,bulk_carrier,LNG,Mumbai,Kochi
3,3,2,17380,9.4,61.5,1179,1.14,830.5840000000001,0.615,5.781,7.07326971745971,9.76313293456348,59.9021,40.7334,9.5918,general_cargo,MGO,Mumbai,Chennai
1,2,0,34898,18.2,60.9,761,0.73,6028.567999999999,0.609,11.0838,6.635946555686647,10.460213454484876,214.0959,117.7527,33.1849,container_ship,LNG,Tuticorin,Port_Blair
0,3,2,45790,11.6,52.7,359,0.43,1560.896,0.527,6.1132,5.886104031450156,10.731842844242117,55.5358,37.7644,8.8927,bulk_carrier,MGO,Mormugao,JNPA
1,0,0,26077,19.0,85.1,1181,1.29,6859.0,0.851,16.169,7.074963197966044,10.168847325983418,392.441,204.0693,58.2928,container_ship,HFO,Chennai,Mumbai
0,0,2,45790,11.9,79.4,528,1.23,1685.159,0.794,9.4486,6.270988431858299,10.731842844242117,95.7055,49.7668,14.216,bulk_carrier,HFO,New_Mangalore,JNPA
1,0,2,30177,20.9,99.0,347,1.32,9129.328999999998,0.99,20.691,5.8522024797744745,10.314868461073596,164.6692,85.628,24.4598,container_ship,HFO,Mormugao,Mumbai
0,2,2,45319,13.6,98.8,521,1.85,2515.4559999999997,0.988,13.4368,6.257667587882639,10.721503715141942,123.083,67.6957,19.0779,bulk_carrier,LNG,Kandla,Mormugao
3,0,2,17380,13.2,90.6,290,2.5,2299.968,0.9059999999999999,11.959199999999997,5.673323267171493,9.76313293456348,36.7107,19.0896,5.453,general_cargo,HFO,JNPA,Kandla
3,3,2,6658,14.3,66.9,276,3.12,2924.2070000000003,0.669,9.5667,5.6240175061873385,8.803724602110622,23.2709,15.8242,3.7262,general_cargo,MGO,Kandla,Mumbai
3,3,0,7328,14.0,67.4,396,1.65,2744.0,0.674,9.436,5.983936280687191,8.89959435992585,30.1539,20.5046,4.8284,general_cargo,MGO,Chennai,Visakhapatnam
0,0,2,63249,14.3,65.9,277,3.49,2924.2070000000003,0.659,9.4237,5.627621113690637,11.054850406589766,119.4533,62.1157,17.7435,bulk_carrier,HFO,Kandla,Mumbai
4,2,2,3504,22.4,82.8,529,3.29,11239.423999999997,0.828,18.547199999999997,6.272877006546167,8.16194579946869,70.5014,38.7758,10.9277,passenger,LNG,Mormugao,Kandla
1,2,2,30177,23.0,74.5,297,2.57,12167.0,0.745,17.135,5.697093486505405,10.314868461073596,148.4152,81.6284,23.0044,container_ship,LNG,JNPA,Kandla
5,3,2,8727,19.3,97.1,797,1.34,7189.057000000001,0.971,18.7403,6.682108597449809,9.074291527512907,132.4069,90.0367,21.2017,ro_ro,MGO,Chennai,Port_Blair
6,3,0,67954,14.9,72.8,859,1.23,3307.949,0.728,10.8472,6.756932389247553,11.126601000389448,315.5524,214.5756,50.5278,tanker,MGO,Mumbai,Kochi
0,0,0,34731,11.5,95.1,700,1.78,1520.875,0.951,10.936499999999999,6.55250788703459,10.455416731180536,117.1905,60.9391,17.4074,bulk_carrier,HFO,Paradip,Chennai
0,0,2,27915,13.7,80.7,507,3.23,2571.3529999999996,0.807,11.0559,6.230481447578482,10.236955280137042,116.5743,60.6187,17.3158,bulk_carrier,HFO,Mumbai,New_Mangalore
1,0,2,21724,22.7,91.9,176,3.09,11697.082999999999,0.919,20.8613,5.176149732573829,9.986218950133592,96.4091,50.1327,14.3205,container_ship,HFO,Mormugao,New_Mangalore
1,4,2,27197,15.0,76.0,876,2.59,3375.0,0.76,11.4,6.776506992372183,10.210898720168904,428.3262,149.9142,24.7187,container_ship,Methanol,JNPA,Kochi
6,3,0,67954,14.7,98.9,276,1.46,3176.5229999999997,0.9890000000000001,14.538300000000001,5.6240175061873385,11.126601000389448,117.0618,79.602,18.7445,tanker,MGO,Kandla,Mumbai
0,0,2,26135,11.7,96.9,757,2.67,1601.6129999999996,0.9690000000000001,11.3373,6.630683385642372,10.171068953280907,119.7007,62.2444,17.7802,bulk_carrier,HFO,Port_Blair,Tuticorin
1,3,0,36763,23.1,80.9,297,0.39,12326.391000000001,0.809,18.687900000000003,5.697093486505405,10.512274384478,182.5715,124.1486,29.2343,container_ship,MGO,JNPA,Kandla
6,2,0,67954,15.5,70.7,757,2.93,3723.875,0.7070000000000001,10.9585,6.630683385642372,11.126601000389448,287.2429,157.9836,44.5227,tanker,LNG,Port_Blair,Tuticorin
6,3,0,28073,15.1,68.1,529,1.29,3442.9509999999996,0.6809999999999999,10.2831,6.272877006546167,10.24259916009427,104.3548,70.9613,16.7098,tanker,MGO,Mormugao,Kandla
0,2,2,41291,11.5,95.6,286,2.69,1520.875,0.956,10.994,5.659482215759621,10.62842405558548,47.8189,26.3004,7.4119,bulk_carrier,LNG,Kandla,JNPA
1,2,2,34898,16.2,90.5,277,2.99,4251.527999999999,0.905,14.661,5.627621113690637,10.460213454484876,75.0947,41.3021,11.6397,container_ship,LNG,Kandla,Mumbai
1,2,2,12017,16.3,97.4,282,2.73,4330.747,0.9740000000000001,15.876200000000003,5.645446897643238,9.394160804893874,42.3633,23.2998,6.5663,container_ship,LNG,Mumbai,Kandla
1,3,1,41892,13.3,85.5,1181,0.95,2352.637,0.855,11.371500000000001,7.074963197966044,10.64287402751427,270.8605,184.1851,43.3715,container_ship,MGO,Chennai,Mumbai
0,2,0,42343,14.2,55.2,788,1.36,2863.2879999999996,0.552,7.8384,6.670766320845874,10.653582013537823,152.0352,83.6194,23.5655,bulk_carrier,LNG,Port_Blair,Chennai
6,3,2,55666,13.0,79.4,700,1.16,2197.0,0.794,10.322000000000001,6.55250788703459,10.927142790736806,153.3626,104.2866,24.5572,tanker,MGO,Paradip,Chennai
0,3,2,29708,14.0,50.1,370,1.04,2744.0,0.501,7.014,5.916202062607435,10.299205309189412,60.1815,40.9234,9.6366,bulk_carrier,MGO,Chennai,Tuticorin
3,0,0,18455,12.1,97.4,282,0.83,1771.561,0.9740000000000001,11.785400000000001,5.645446897643238,9.823144799853589,34.0791,17.7211,5.0621,general_cargo,HFO,Mumbai,Kandla
6,0,0,37289,15.3,54.3,419,2.37,3581.5770000000007,0.5429999999999999,8.3079,6.040254711277414,10.526480473172866,116.2729,60.4619,17.2711,tanker,HFO,Kochi,Mormugao
0,0,1,62925,13.1,58.9,364,1.59,2248.091,0.589,7.7158999999999995,5.8998973535824915,11.049714711812085,99.3174,51.645,14.7525,bulk_carrier,HFO,Tuticorin,Chennai
6,0,0,39701,11.4,77.8,542,1.0,1481.544,0.778,8.869200000000001,6.297109319933935,10.589156843240115,85.4105,44.4135,12.6868,tanker,HFO,Chennai,Kochi
6,3,2,25705,11.8,79.4,364,2.53,1643.0320000000004,0.794,9.369200000000001,5.8998973535824915,10.154479706670077,50.0923,34.0628,8.021,tanker,MGO,Tuticorin,Chennai
0,3,2,41291,11.7,77.6,311,2.12,1601.6129999999996,0.7759999999999999,9.079199999999998,5.7430031878094825,10.62842405558548,58.0674,39.4858,9.298,bulk_carrier,MGO,Paradip,Visakhapatnam
3,0,2,18455,11.5,74.3,700,2.42,1520.875,0.743,8.5445,6.55250788703459,9.823144799853589,74.9238,38.9604,11.1291,general_cargo,HFO,Paradip,Chennai
0,3,2,62925,12.0,53.1,757,1.93,1728.0,0.531,6.372,6.630683385642372,11.049714711812085,164.977,112.1844,26.4169,bulk_carrier,MGO,Port_Blair,Tuticorin
0,3,1,30900,13.1,81.7,853,3.46,2248.091,0.8170000000000001,10.7027,6.74993119378857,10.33854382482173,163.5708,111.2281,26.1918,bulk_carrier,MGO,Chennai,Kolkata_SMPK
0,2,0,34473,9.1,64.1,876,1.25,753.5709999999999,0.6409999999999999,5.833099999999999,6.776506992372183,10.447960695714336,64.2778,35.3528,9.9631,bulk_carrier,LNG,JNPA,Kochi
5,2,2,7575,18.6,80.2,1181,3.15,6434.856000000002,0.802,14.917200000000001,7.074963197966044,8.932740634865914,155.0207,85.2614,24.0282,ro_ro,LNG,Chennai,Mumbai
3,0,0,17758,15.0,84.6,1190,1.43,3375.0,0.846,12.69,7.0825485693553,9.784647708654596,200.6821,104.3547,29.8091,general_cargo,HFO,JNPA,Chennai
3,0,1,15643,12.5,77.2,528,3.5,1953.125,0.772,9.65,6.270988431858299,9.657842735875406,67.7107,35.2096,10.0577,general_cargo,HFO,New_Mangalore,JNPA
4,1,0,3808,23.5,95.9,17,2.96,12977.875,0.9590000000000001,22.5365,2.8903717578961645,8.245121966478605,1.0078,3.225,0.0726,passenger,Hydrogen,Kamarajar,Chennai
0,3,2,60844,12.3,52.2,692,2.46,1860.8670000000004,0.522,6.4206,6.541029999189903,11.016084925770901,161.3765,109.736,25.8404,bulk_carrier,MGO,Chennai,Paradip
3,3,2,16177,14.0,61.7,313,2.31,2744.0,0.617,8.638,5.749392985908253,9.691407573577898,39.0846,26.5775,6.2584,general_cargo,MGO,Visakhapatnam,Paradip
3,0,2,18455,9.7,69.2,491,3.12,912.6729999999998,0.6920000000000001,6.7124,6.198478716492308,9.823144799853589,41.8037,21.7379,6.2095,general_cargo,HFO,Visakhapatnam,Kolkata_SMPK
6,0,2,68263,13.7,70.9,396,1.88,2571.3529999999996,0.7090000000000001,9.7133,5.983936280687191,11.13113782021642,144.817,75.3048,21.511,tanker,HFO,Chennai,Visakhapatnam
0,0,1,49115,12.2,94.6,797,1.65,1815.8479999999997,0.946,11.541199999999998,6.682108597449809,10.801940126280403,178.1129,92.6187,26.4567,bulk_carrier,HFO,Chennai,Port_Blair
0,0,2,66381,10.6,57.8,1181,2.59,1191.0159999999998,0.578,6.126799999999999,7.074963197966044,11.103181214377175,250.0506,130.0263,37.1423,bulk_carrier,HFO,Chennai,Mumbai
0,3,2,71338,10.6,58.2,419,1.57,1191.0159999999998,0.5820000000000001,6.169200000000001,6.040254711277414,11.175198441433086,73.3801,49.8985,11.75,bulk_carrier,MGO,Kamarajar,Visakhapatnam
1,3,2,23507,22.7,81.8,18,2.26,11697.082999999999,0.818,18.5686,2.9444389791664403,10.065096067732542,8.6602,5.8889,1.3867,container_ship,MGO,Chennai,Kamarajar
4,2,2,1902,21.6,57.9,345,2.58,10077.696000000002,0.579,12.5064,5.846438775057725,7.551186867296149,22.7231,12.4977,3.5221,passenger,LNG,New_Mangalore,Kochi
0,3,2,26135,10.3,55.0,529,3.15,1092.7270000000003,0.55,5.665000000000001,6.272877006546167,10.171068953280907,52.6569,35.8067,8.4317,bulk_carrier,MGO,Mormugao,Kandla
0,2,0,70130,11.1,71.0,1190,1.97,1367.6309999999999,0.71,7.880999999999999,7.0825485693553,11.158120200662147,236.9915,130.3453,36.7337,bulk_carrier,LNG,JNPA,Chennai
0,2,2,71338,14.1,92.4,176,0.49,2803.221,0.924,13.0284,5.176149732573829,11.175198441433086,47.3104,26.0207,7.3331,bulk_carrier,LNG,Mormugao,New_Mangalore
0,3,2,59816,11.1,88.1,853,2.83,1367.6309999999999,0.8809999999999999,9.779099999999998,6.74993119378857,10.99904518047501,194.8386,132.4902,31.1985,bulk_carrier,MGO,Chennai,Kolkata_SMPK
3,0,2,11634,9.8,62.2,359,1.49,941.1920000000002,0.622,6.0956,5.886104031450156,9.361773075736393,17.5733,9.1381,2.6103,general_cargo,HFO,Mormugao,JNPA
1,0,2,8659,12.8,59.4,18,0.85,2097.1520000000005,0.594,7.6032,2.9444389791664403,9.06647000155648,1.1936,0.6207,0.1773,container_ship,HFO,Chennai,Kamarajar
0,0,2,63697,11.7,62.4,406,1.48,1601.6129999999996,0.624,7.3008,6.008813185442595,11.061908443893099,94.4523,49.1152,14.0298,bulk_carrier,HFO,Visakhapatnam,Chennai
6,0,2,50271,12.6,61.6,276,0.41,2000.3759999999997,0.616,7.7616,5.6240175061873385,10.825203541055348,55.3083,28.7603,8.2154,tanker,HFO,Kandla,Mumbai
6,0,0,47233,12.5,62.7,217,1.59,1953.125,0.627,7.8375,5.384495062789089,10.762869251237097,44.3688,23.0718,6.5905,tanker,HFO,Paradip,Kolkata_SMPK
1,3,2,27197,17.8,64.2,856,2.74,5639.752,0.642,11.4276,6.75343791859778,10.210898720168904,292.1159,198.6388,46.7751,container_ship,MGO,Kolkata_SMPK,Chennai
0,3,2,63249,11.4,61.3,529,3.18,1481.544,0.613,6.9882,6.272877006546167,11.054850406589766,116.6142,79.2977,18.6729,bulk_carrier,MGO,Mormugao,Kandla
0,0,2,45319,11.2,53.3,856,1.0,1404.9279999999997,0.5329999999999999,5.969599999999999,6.75343791859778,10.721503715141942,127.5395,66.3205,18.9446,bulk_carrier,HFO,Kolkata_SMPK,Chennai
1,2,0,38751,13.1,82.4,345,3.31,2248.091,0.8240000000000001,10.794400000000001,5.846438775057725,10.564937646352819,73.0949,40.2022,11.3297,container_ship,LNG,New_Mangalore,Kochi
1,0,1,16607,18.8,79.3,22,2.52,6644.6720000000005,0.7929999999999999,14.908399999999999,3.1354942159291497,9.717639785965615,6.0541,3.1481,0.8993,container_ship,HFO,Mumbai,JNPA
3,3,1,14985,12.6,82.7,797,3.21,2000.3759999999997,0.8270000000000001,10.420200000000001,6.682108597449809,9.614871710924255,88.3199,60.0575,14.1422,general_cargo,MGO,Chennai,Port_Blair
6,0,2,35987,12.6,85.0,797,2.92,2000.3759999999997,0.85,10.709999999999999,6.682108597449809,10.49094082853701,189.3138,98.4432,28.1205,tanker,HFO,Chennai,Port_Blair
6,0,2,39701,10.8,96.6,853,2.93,1259.7120000000002,0.966,10.4328,6.74993119378857,10.589156843240115,153.6588,79.9026,22.8243,tanker,HFO,Chennai,Kolkata_SMPK
1,4,0,21724,18.2,62.7,491,1.12,6028.567999999999,0.627,11.4114,6.198478716492308,9.986218950133592,266.0647,93.1226,15.3546,container_ship,Methanol,Visakhapatnam,Kolkata_SMPK
0,3,2,56514,11.2,98.5,276,3.06,1404.9279999999997,0.985,11.032,5.6240175061873385,10.942261368624832,63.9244,43.4686,10.2359,bulk_carrier,MGO,Mumbai,Kandla
0,2,2,29708,14.9,70.4,507,0.8,3307.949,0.7040000000000001,10.489600000000001,6.230481447578482,10.299205309189412,96.5038,53.0771,14.9581,bulk_carrier,LNG,Mumbai,New_Mangalore
1,4,2,12017,21.9,92.7,700,2.17,10503.458999999997,0.927,20.3013,6.55250788703459,9.394160804893874,446.0426,156.1149,25.7411,container_ship,Methanol,Paradip,Chennai
0,3,2,64303,11.5,90.7,850,1.9,1520.875,0.907,10.4305,6.7464121285733745,11.071377116688982,198.194,134.7719,31.7358,bulk_carrier,MGO,Kochi,Mumbai
0,0,0,58490,12.6,74.3,859,0.63,2000.3759999999997,0.743,9.361799999999999,6.756932389247553,10.976628175230568,205.6422,106.934,30.5459,bulk_carrier,HFO,Mumbai,Kochi
2,3,2,2604,12.3,57.5,348,2.15,1860.8670000000004,0.575,7.0725,5.855071922202427,7.865187954187467,9.7547,6.6332,1.562,ferry,MGO,Kochi,New_Mangalore
6,3,2,70614,14.9,67.0,419,3.17,3307.949,0.67,9.983,6.040254711277414,11.164997865503164,191.6278,130.3069,30.6844,tanker,MGO,Kamarajar,Visakhapatnam
0,0,2,38293,16.0,82.1,491,1.88,4096.0,0.821,13.136,6.198478716492308,10.55304850493315,162.1385,84.312,24.0839,bulk_carrier,HFO,Visakhapatnam,Kolkata_SMPK
0,2,2,56365,10.2,68.8,359,3.29,1061.2079999999999,0.688,7.017599999999999,5.886104031450156,10.939621418827507,55.7822,30.6802,8.6462,bulk_carrier,LNG,Mormugao,JNPA
3,3,2,16651,9.4,84.5,347,2.54,830.5840000000001,0.845,7.943,5.8522024797744745,9.720285608314866,21.2251,14.4331,3.3987,general_cargo,MGO,Mormugao,Mumbai
1,2,2,18598,22.0,57.8,757,1.76,10648.0,0.578,12.716,6.630683385642372,9.830863094815127,219.0803,120.4941,33.9574,container_ship,LNG,Port_Blair,Tuticorin
3,3,0,17741,9.5,95.9,529,3.12,857.375,0.9590000000000001,9.1105,6.272877006546167,9.783689989080532,43.9618,29.894,7.0394,general_cargo,MGO,Mormugao,Kandla
0,3,2,58242,15.4,98.3,538,2.27,3652.264,0.983,15.1382,6.289715570908998,10.972379192532934,215.1332,146.2906,34.4482,bulk_carrier,MGO,Kochi,Chennai
0,3,0,63697,12.2,69.9,528,2.37,1815.8479999999997,0.6990000000000001,8.527800000000001,6.270988431858299,11.061908443893099,146.7793,99.8099,23.503,bulk_carrier,MGO,New_Mangalore,JNPA
1,4,1,30177,17.8,81.6,870,2.87,5639.752,0.816,14.524799999999999,6.769641976852503,10.314868461073596,700.3057,245.107,40.4146,container_ship,Methanol,Kochi,JNPA
4,1,2,3808,21.5,63.5,1179,1.81,9938.375,0.635,13.6525,7.07326971745971,8.245121966478605,40.3408,129.0907,2.9045,passenger,Hydrogen,Mumbai,Chennai
3,0,2,6658,14.7,68.5,538,1.65,3176.5229999999997,0.685,10.0695,6.289715570908998,8.803724602110622,40.5869,21.1052,6.0287,general_cargo,HFO,Kochi,Chennai
0,2,2,42343,12.7,66.5,396,2.92,2048.383,0.665,8.4455,5.983936280687191,10.653582013537823,72.5241,39.8882,11.2412,bulk_carrier,LNG,Chennai,Visakhapatnam
6,3,2,37083,13.9,59.6,538,0.91,2685.619,0.596,8.2844,6.289715570908998,10.520940888726873,110.1339,74.8911,17.6352,tanker,MGO,Kochi,Chennai
6,2,2,28244,13.7,78.0,870,1.74,2571.3529999999996,0.78,10.686,6.769641976852503,10.248671729759362,126.8518,69.7685,19.662,tanker,LNG,Kochi,JNPA
0,0,0,33529,13.9,63.6,359,0.66,2685.619,0.636,8.8404,5.886104031450156,10.420195839460273,64.742,33.6658,9.6167,bulk_carrier,HFO,Mormugao,JNPA
0,0,2,62925,11.7,82.9,347,2.91,1601.6129999999996,0.8290000000000001,9.699300000000001,5.8522024797744745,11.049714711812085,111.4448,57.9513,16.5539,bulk_carrier,HFO,Mormugao,Mumbai
2,3,2,884,18.2,70.1,761,1.16,6028.567999999999,0.701,12.758199999999999,6.635946555686647,6.785587645007929,22.6064,15.3724,3.6199,ferry,MGO,Tuticorin,Port_Blair
6,2,0,28073,11.3,88.0,757,1.37,1442.8970000000002,0.88,9.944,6.630683385642372,10.24259916009427,79.2285,43.5757,12.2804,tanker,LNG,Port_Blair,Tuticorin
5,3,2,7575,14.5,69.9,183,2.87,3048.625,0.6990000000000001,10.1355,5.214935757608986,8.932740634865914,16.6811,11.3431,2.6711,ro_ro,MGO,Tuticorin,Kochi
6,0,2,50271,15.4,51.7,876,0.48,3652.264,0.517,7.9618,6.776506992372183,10.825203541055348,252.7706,131.4407,37.5463,tanker,HFO,JNPA,Kochi
2,3,1,932,13.0,76.6,1179,2.04,2197.0,0.7659999999999999,9.957999999999998,7.07326971745971,6.838405200847344,19.42,13.2056,3.1096,ferry,MGO,Mumbai,Chennai
0,3,1,58242,10.6,70.7,297,3.04,1191.0159999999998,0.7070000000000001,7.4942,5.697093486505405,10.972379192532934,57.1126,38.8365,9.1451,bulk_carrier,MGO,JNPA,Kandla
1,0,1,18598,17.7,54.7,788,1.35,5545.232999999999,0.547,9.6819,6.670766320845874,9.830863094815127,161.267,83.8588,23.9544,container_ship,HFO,Port_Blair,Chennai
5,3,2,11514,16.0,55.9,176,1.76,4096.0,0.5589999999999999,8.943999999999999,5.176149732573829,9.351405812254786,23.2075,15.7811,3.7161,ro_ro,MGO,Mormugao,New_Mangalore
6,3,2,39701,12.6,68.6,507,2.55,2000.3759999999997,0.6859999999999999,8.6436,6.230481447578482,10.589156843240115,101.0595,68.7204,16.1821,tanker,MGO,Mumbai,New_Mangalore
6,0,0,25705,11.2,84.4,169,2.41,1404.9279999999997,0.8440000000000001,9.4528,5.135798437050262,10.154479706670077,22.6456,11.7757,3.3638,tanker,HFO,New_Mangalore,Mormugao
3,3,2,17741,9.2,64.4,853,3.42,778.6879999999999,0.644,5.924799999999999,6.74993119378857,9.783689989080532,59.0261,40.1377,9.4516,general_cargo,MGO,Chennai,Kolkata_SMPK
1,2,0,16607,17.8,60.3,406,2.83,5639.752,0.603,10.7334,6.008813185442595,9.717639785965615,76.0064,41.8035,11.781,container_ship,LNG,Visakhapatnam,Chennai
3,3,2,6658,15.1,66.1,692,3.11,3442.9509999999996,0.6609999999999999,9.981099999999998,6.541029999189903,8.803724602110622,64.9678,44.1781,10.403,general_cargo,MGO,Chennai,Paradip
0,3,2,64303,13.1,98.0,797,1.92,2248.091,0.98,12.838,6.682108597449809,11.071377116688982,266.3481,181.1167,42.649,bulk_carrier,MGO,Chennai,Port_Blair
4,2,1,3808,17.4,65.7,491,1.64,5268.0239999999985,0.657,11.431799999999999,6.198478716492308,8.245121966478605,30.9057,16.9982,4.7904,passenger,LNG,Visakhapatnam,Kolkata_SMPK
0,3,2,59816,14.4,89.9,297,1.23,2985.9840000000004,0.899,12.9456,5.697093486505405,10.99904518047501,100.7094,68.4824,16.1261,bulk_carrier,MGO,JNPA,Kandla
2,3,0,1735,13.8,68.6,277,3.15,2628.0720000000006,0.6859999999999999,9.4668,5.627621113690637,7.459338895220296,8.496,5.7773,1.3604,ferry,MGO,Kandla,Mumbai
3,0,2,16581,13.4,62.8,396,2.47,2406.1040000000003,0.628,8.4152,5.983936280687191,9.716073048676163,50.0583,26.0303,7.4356,general_cargo,HFO,Chennai,Visakhapatnam
1,0,2,26077,21.8,60.6,757,1.63,10360.232000000002,0.606,13.2108,6.630683385642372,10.168847325983418,330.2775,171.7443,49.0591,container_ship,HFO,Port_Blair,Tuticorin
1,3,2,12017,22.3,65.5,345,2.97,11089.567000000001,0.655,14.6065,5.846438775057725,9.394160804893874,98.6619,67.0901,15.7982,container_ship,MGO,New_Mangalore,Kochi
3,0,2,18455,12.7,97.7,358,2.24,2048.383,0.977,12.4079,5.883322388488279,9.823144799853589,49.1173,25.541,7.2958,general_cargo,HFO,JNPA,Mormugao
1,4,0,17470,18.6,80.1,370,1.54,6434.856000000002,0.8009999999999999,14.8986,5.916202062607435,9.768297642474444,170.1206,59.5422,9.8177,container_ship,Methanol,Chennai,Tuticorin
6,2,2,27184,13.7,53.0,1179,1.15,2571.3529999999996,0.53,7.261,7.07326971745971,10.210420629580021,164.5735,90.5154,25.5089,tanker,LNG,Mumbai,Chennai
0,0,2,42726,12.4,98.8,276,3.22,1906.6240000000003,0.988,12.2512,5.6240175061873385,10.662586317888776,66.9778,34.8284,9.9488,bulk_carrier,HFO,Mumbai,Kandla
0,3,0,56365,11.2,59.5,692,3.41,1404.9279999999997,0.595,6.664,6.541029999189903,10.939621418827507,144.5299,98.2803,23.1428,bulk_carrier,MGO,Chennai,Paradip
6,0,2,55666,9.8,77.2,358,0.53,941.1920000000002,0.772,7.565600000000001,5.883322388488279,10.927142790736806,52.6178,27.3613,7.8158,tanker,HFO,JNPA,Mormugao
1,3,2,26077,19.7,82.6,286,1.25,7645.373,0.826,16.272199999999998,5.659482215759621,10.168847325983418,104.1717,70.8368,16.6805,container_ship,MGO,Kandla,JNPA
5,2,1,8843,18.6,84.1,788,3.07,6434.856000000002,0.841,15.6426,6.670766320845874,9.087494541977337,114.7856,63.1321,17.7918,ro_ro,LNG,Port_Blair,Chennai
0,2,2,70130,9.8,61.5,189,0.93,941.1920000000002,0.615,6.027,5.247024072160486,11.158120200662147,24.8597,13.6728,3.8532,bulk_carrier,LNG,Kochi,Tuticorin
1,3,2,21724,21.1,76.3,850,2.38,9393.931000000002,0.763,16.099300000000003,6.7464121285733745,9.986218950133592,307.0794,208.814,49.1711,container_ship,MGO,Kochi,Mumbai
1,0,2,17711,21.9,77.3,528,1.84,10503.458999999997,0.773,16.9287,6.270988431858299,9.781997654948418,175.9082,91.4723,26.1292,container_ship,HFO,New_Mangalore,JNPA
0,0,2,29708,14.3,96.6,1181,1.73,2924.2070000000003,0.966,13.8138,7.074963197966044,10.299205309189412,290.0361,150.8188,43.0817,bulk_carrier,HFO,Chennai,Mumbai
6,2,2,55666,9.7,78.6,311,2.19,912.6729999999998,0.7859999999999999,7.624199999999998,5.7430031878094825,10.927142790736806,40.3092,22.1701,6.2479,tanker,LNG,Paradip,Visakhapatnam
0,3,2,71338,10.2,91.7,1190,1.35,1061.2079999999999,0.917,9.3534,7.0825485693553,11.175198441433086,215.5978,146.6065,34.5226,bulk_carrier,MGO,JNPA,Chennai
5,2,2,4651,22.4,54.0,359,2.04,11239.423999999997,0.54,12.096,5.886104031450156,8.445052513638554,40.5867,22.3227,6.2909,ro_ro,LNG,Mormugao,JNPA
6,2,0,76931,13.7,83.8,22,1.24,2571.3529999999996,0.838,11.480599999999999,3.1354942159291497,11.250677193775257,6.4402,3.5421,0.9982,tanker,LNG,Mumbai,JNPA
6,0,2,72064,12.1,98.1,1179,3.17,1771.561,0.981,11.870099999999999,7.07326971745971,11.185323768517204,405.5057,210.863,60.2334,tanker,HFO,Mumbai,Chennai
5,3,0,8727,15.2,58.7,422,3.34,3511.8079999999995,0.5870000000000001,8.922400000000001,6.0473721790462776,9.074291527512907,46.7318,31.7776,7.4829,ro_ro,MGO,Mormugao,Kochi
0,2,2,45319,12.8,85.2,406,0.33,2097.1520000000005,0.852,10.9056,6.008813185442595,10.721503715141942,68.3208,37.5764,10.5897,bulk_carrier,LNG,Visakhapatnam,Chennai
3,3,2,15643,12.2,72.6,359,2.68,1815.8479999999997,0.726,8.857199999999999,5.886104031450156,9.657842735875406,34.7581,23.6355,5.5656,general_cargo,MGO,Mormugao,JNPA
0,0,2,34731,11.4,67.2,358,1.5,1481.544,0.672,7.660800000000001,5.883322388488279,10.455416731180536,48.0905,25.0071,7.1433,bulk_carrier,HFO,JNPA,Mormugao
6,0,2,56969,11.9,87.6,876,0.75,1685.159,0.8759999999999999,10.424399999999999,6.776506992372183,10.950280092474442,205.1679,106.6873,30.4754,tanker,HFO,JNPA,Kochi
6,0,2,39649,13.2,93.8,349,1.28,2299.968,0.938,12.381599999999999,5.857933154483459,10.587846227062993,81.4775,42.3683,12.1026,tanker,HFO,Mumbai,Mormugao
0,0,0,29708,11.9,94.2,761,2.13,1685.159,0.9420000000000001,11.209800000000001,6.635946555686647,10.299205309189412,134.5425,69.9621,19.9848,bulk_carrier,HFO,Tuticorin,Port_Blair
3,0,2,19799,11.4,85.7,757,2.69,1481.544,0.857,9.7698,6.630683385642372,9.893437216682626,92.1312,47.9082,13.6851,general_cargo,HFO,Port_Blair,Tuticorin
5,3,2,11514,15.5,66.6,700,2.45,3723.875,0.6659999999999999,10.322999999999999,6.55250788703459,9.351405812254786,82.9645,56.4158,13.2847,ro_ro,MGO,Paradip,Chennai
6,0,2,47767,13.3,92.6,491,2.27,2352.637,0.9259999999999999,12.3158,6.198478716492308,10.774111238226828,138.6772,72.1121,20.599,tanker,HFO,Visakhapatnam,Kolkata_SMPK
3,0,2,15648,14.4,55.2,850,1.78,2985.9840000000004,0.552,7.948800000000001,6.7464121285733745,9.658162296163171,105.9096,55.073,15.7317,general_cargo,HFO,Kochi,Mumbai
1,3,2,12017,18.1,83.6,797,1.8,5929.741000000002,0.836,15.1316,6.682108597449809,9.394160804893874,136.2833,92.6727,21.8224,container_ship,MGO,Chennai,Port_Blair
1,4,2,27264,14.5,96.2,364,2.41,3048.625,0.9620000000000001,13.949000000000002,5.8998973535824915,10.213359107360162,170.3818,59.6336,9.8327,container_ship,Methanol,Tuticorin,Chennai
0,2,0,62925,14.4,70.6,870,2.88,2985.9840000000004,0.706,10.1664,6.769641976852503,11.049714711812085,272.5088,149.8798,42.2389,bulk_carrier,LNG,Kochi,JNPA
2,2,2,2604,14.6,99.0,189,2.79,3112.136,0.99,14.453999999999999,5.247024072160486,7.865187954187467,7.7722,4.2747,1.2047,ferry,LNG,Kochi,Tuticorin
6,2,2,28073,13.5,78.2,529,0.51,2460.375,0.782,10.557,6.272877006546167,10.24259916009427,67.8295,37.3062,10.5136,tanker,LNG,Mormugao,Kandla
0,0,2,31987,11.6,73.6,282,3.1,1560.896,0.736,8.5376,5.645446897643238,10.37311611145178,42.9219,22.3194,6.3756,bulk_carrier,HFO,Mumbai,Kandla
6,0,0,50271,14.2,58.1,290,2.26,2863.2879999999996,0.581,8.2502,5.673323267171493,10.825203541055348,87.1116,45.298,12.9395,tanker,HFO,Kandla,JNPA
0,3,1,42726,12.3,61.9,24,2.08,1860.8670000000004,0.619,7.613700000000001,3.2188758248682006,10.662586317888776,4.2799,2.9104,0.6853,bulk_carrier,MGO,JNPA,Mumbai
6,3,2,55666,12.1,99.4,850,0.65,1771.561,0.9940000000000001,12.0274,6.7464121285733745,10.927142790736806,172.4172,117.2437,27.6083,tanker,MGO,Kochi,Mumbai
3,0,2,7216,14.9,71.3,290,2.99,3307.949,0.713,10.6237,5.673323267171493,8.884194633072273,30.3312,15.7722,4.5054,general_cargo,HFO,Kandla,JNPA
6,0,2,47767,10.3,63.8,18,2.07,1092.7270000000003,0.638,6.571400000000001,2.9444389791664403,10.774111238226828,2.5463,1.3241,0.3782,tanker,HFO,Chennai,Kamarajar
3,3,2,17380,10.5,58.6,850,1.07,1157.625,0.586,6.153,6.7464121285733745,9.76313293456348,57.0875,38.8195,9.1411,general_cargo,MGO,Kochi,Mumbai
0,0,2,42343,11.5,95.4,169,1.08,1520.875,0.9540000000000001,10.971,5.135798437050262,10.653582013537823,32.3623,16.8284,4.8071,bulk_carrier,HFO,New_Mangalore,Mormugao
5,2,2,11514,12.6,81.3,359,1.38,2000.3759999999997,0.813,10.243799999999998,5.886104031450156,9.351405812254786,24.5291,13.491,3.802,ro_ro,LNG,Mormugao,JNPA
1,3,1,37761,16.5,54.3,183,1.19,4492.125,0.5429999999999999,8.959499999999998,5.214935757608986,10.539058584958477,51.9827,35.3482,8.3237,container_ship,MGO,Tuticorin,Kochi
6,2,2,67954,11.3,66.2,345,1.85,1442.8970000000002,0.662,7.480600000000001,5.846438775057725,11.126601000389448,61.1945,33.657,9.4851,tanker,LNG,New_Mangalore,Kochi
3,0,2,14985,13.9,65.3,788,2.78,2685.619,0.653,9.0767,6.670766320845874,9.614871710924255,113.1631,58.8448,16.8091,general_cargo,HFO,Port_Blair,Chennai
2,5,2,932,13.2,66.4,495,1.33,2299.968,0.664,8.7648,6.206575926724928,6.838405200847344,99.5072,11.9409,0.2937,ferry,Shore_Power,Kolkata_SMPK,Visakhapatnam
0,2,2,60013,11.6,67.5,348,0.52,1560.896,0.675,7.83,5.855071922202427,11.002333147319582,54.7413,30.1077,8.4849,bulk_carrier,LNG,Kochi,New_Mangalore
6,2,2,27184,10.9,83.4,347,2.75,1295.0290000000002,0.8340000000000001,9.0906,5.8522024797744745,10.210420629580021,35.093,19.3012,5.4394,tanker,LNG,Mormugao,Mumbai
6,2,2,25705,15.3,86.5,529,2.69,3581.5770000000007,0.865,13.2345,6.272877006546167,10.154479706670077,102.6304,56.4467,15.9077,tanker,LNG,Mormugao,Kandla
5,0,2,4206,13.9,74.8,282,3.47,2685.619,0.748,10.3972,5.645446897643238,8.344505083590521,17.3359,9.0147,2.5751,ro_ro,HFO,Mumbai,Kandla
5,0,1,8843,19.0,76.0,276,1.76,6859.0,0.76,14.44,5.6240175061873385,9.087494541977337,47.1347,24.5101,7.0013,ro_ro,HFO,Kandla,Mumbai
1,0,2,17711,23.1,97.9,761,0.91,12326.391000000001,0.9790000000000001,22.614900000000002,6.635946555686647,9.781997654948418,286.6675,149.0671,42.5813,container_ship,HFO,Tuticorin,Port_Blair
4,2,2,1902,20.2,62.3,406,2.74,8242.408,0.623,12.5846,6.008813185442595,7.551186867296149,24.5779,13.5178,3.8096,passenger,LNG,Visakhapatnam,Chennai
6,0,2,35987,10.9,60.3,276,3.1,1295.0290000000002,0.603,6.5727,5.6240175061873385,10.49094082853701,42.7243,22.2167,6.3462,tanker,HFO,Mumbai,Kandla
1,2,2,34470,21.9,72.1,297,0.88,10503.458999999997,0.721,15.789899999999998,5.697093486505405,10.44787366982408,129.537,71.2454,20.0782,container_ship,LNG,JNPA,Kandla
1,2,1,33073,13.1,55.2,282,0.7,2248.091,0.552,7.2312,5.645446897643238,10.406502754210141,35.8722,19.7297,5.5602,container_ship,LNG,Mumbai,Kandla
0,2,1,42343,13.6,91.6,313,2.08,2515.4559999999997,0.9159999999999999,12.4576,5.749392985908253,10.653582013537823,70.3979,38.7188,10.9117,bulk_carrier,LNG,Visakhapatnam,Paradip
6,3,2,55666,10.3,56.9,1196,2.71,1092.7270000000003,0.569,5.8607,7.087573705557973,10.927142790736806,182.159,123.8681,29.1682,tanker,MGO,Chennai,JNPA
6,0,2,54273,13.8,74.7,17,3.16,2628.0720000000006,0.747,10.3086,2.8903717578961645,10.901800569887673,5.5791,2.9011,0.8287,tanker,HFO,Kamarajar,Chennai
0,0,2,60844,12.9,82.2,290,0.59,2146.6890000000003,0.8220000000000001,10.603800000000001,5.673323267171493,11.016084925770901,79.0715,41.1172,11.7452,bulk_carrier,HFO,Kandla,JNPA
6,2,2,55620,16.3,52.9,18,3.0,4330.747,0.529,8.6227,2.9444389791664403,10.926316106770527,5.9757,3.2866,0.9262,tanker,LNG,Chennai,Kamarajar
3,3,2,14088,12.7,94.4,359,1.45,2048.383,0.9440000000000001,11.9888,5.886104031450156,9.553149630053277,33.6337,22.8709,5.3856,general_cargo,MGO,Mormugao,JNPA
0,2,2,34473,10.9,74.1,870,3.19,1295.0290000000002,0.741,8.0769,6.769641976852503,10.447960695714336,108.2892,59.5591,16.7848,bulk_carrier,LNG,Kochi,JNPA
2,1,2,536,17.4,86.6,1179,1.82,5268.0239999999985,0.866,15.068399999999999,7.07326971745971,6.285998094508865,9.4096,30.1108,0.6775,ferry,Hydrogen,Mumbai,Chennai
0,2,0,58420,13.9,76.5,297,2.34,2685.619,0.765,10.6335,5.697093486505405,10.975430693220769,78.815,43.3482,12.2163,bulk_carrier,LNG,JNPA,Kandla
3,3,2,14985,12.0,81.3,419,1.63,1728.0,0.813,9.756,6.040254711277414,9.614871710924255,38.7507,26.3505,6.205,general_cargo,MGO,Kamarajar,Visakhapatnam
4,3,2,3504,15.3,87.1,406,2.17,3581.5770000000007,0.871,13.3263,6.008813185442595,8.16194579946869,24.4459,16.6232,3.9144,passenger,MGO,Visakhapatnam,Chennai
0,3,0,27915,12.0,75.9,876,2.61,1728.0,0.759,9.108,6.776506992372183,10.236955280137042,119.0201,80.9336,19.0581,bulk_carrier,MGO,JNPA,Kochi
0,3,0,33063,12.8,68.6,1179,1.28,2097.1520000000005,0.6859999999999999,8.7808,7.07326971745971,10.406200356191569,205.2418,139.5644,32.8643,bulk_carrier,MGO,Mumbai,Chennai
5,0,1,6851,15.1,52.9,396,3.08,3442.9509999999996,0.529,7.9879,5.983936280687191,8.832295859444011,38.0775,19.8003,5.656,ro_ro,HFO,Chennai,Visakhapatnam
6,2,2,68994,11.3,52.2,528,2.02,1442.8970000000002,0.522,5.898600000000001,6.270988431858299,11.141789317185655,87.3962,48.0679,13.5464,tanker,LNG,New_Mangalore,JNPA
1,3,2,12578,23.9,62.6,189,2.33,13651.918999999998,0.626,14.9614,5.247024072160486,9.439784035838873,57.4609,39.0734,9.2009,container_ship,MGO,Kochi,Tuticorin
0,2,2,34473,11.7,88.5,538,3.12,1601.6129999999996,0.885,10.3545,6.289715570908998,10.447960695714336,81.1002,44.6051,12.5705,bulk_carrier,LNG,Kochi,Chennai
0,0,0,41291,10.1,52.4,358,2.61,1030.301,0.524,5.2924,5.883322388488279,10.62842405558548,45.7977,23.8148,6.8027,bulk_carrier,HFO,JNPA,Mormugao
0,2,2,63697,10.4,64.2,1179,1.98,1124.864,0.642,6.6768,7.07326971745971,11.061908443893099,170.5072,93.779,26.4286,bulk_carrier,LNG,Mumbai,Chennai
6,2,2,39701,11.7,94.5,359,2.48,1601.6129999999996,0.945,11.056499999999998,5.886104031450156,10.589156843240115,59.4106,32.6759,9.2087,tanker,LNG,Mormugao,JNPA
0,3,0,33529,11.1,94.0,542,1.99,1367.6309999999999,0.94,10.434,6.297109319933935,10.420195839460273,81.5953,55.4848,13.0654,bulk_carrier,MGO,Chennai,Kochi
1,4,0,19734,23.9,87.2,364,2.15,13651.918999999998,0.872,20.840799999999998,5.8998973535824915,9.890148988096948,355.2656,124.343,20.5024,container_ship,Methanol,Tuticorin,Chennai
3,0,2,14844,10.4,77.9,542,1.04,1124.864,0.779,8.101600000000001,6.297109319933935,9.60541838719786,35.7147,18.5716,5.305,general_cargo,HFO,Chennai,Kochi
6,3,1,55666,11.5,73.3,419,3.04,1520.875,0.733,8.429499999999999,6.040254711277414,10.927142790736806,92.525,62.917,14.8156,tanker,MGO,Kochi,Mormugao
6,2,2,37083,9.8,79.9,345,1.26,941.1920000000002,0.799,7.830200000000001,5.846438775057725,10.520940888726873,28.8431,15.8637,4.4707,tanker,LNG,New_Mangalore,Kochi
0,2,2,45790,8.9,60.8,529,2.46,704.969,0.608,5.4112,6.272877006546167,10.731842844242117,45.3405,24.9373,7.0278,bulk_carrier,LNG,Mormugao,Kandla
6,0,2,72064,10.9,84.8,859,2.46,1295.0290000000002,0.848,9.2432,6.756932389247553,11.185323768517204,209.2185,108.7936,31.0771,tanker,HFO,Mumbai,Kochi
0,2,0,31987,9.4,98.5,850,2.47,830.5840000000001,0.985,9.259,6.7464121285733745,10.37311611145178,77.8612,42.8237,12.0685,bulk_carrier,LNG,Kochi,Mumbai
1,2,2,31457,12.5,59.9,870,2.74,1953.125,0.599,7.4875,6.769641976852503,10.356408601800588,121.9052,67.0479,18.8953,container_ship,LNG,Kochi,JNPA
6,0,2,47233,10.9,88.9,290,2.87,1295.0290000000002,0.889,9.690100000000001,5.673323267171493,10.762869251237097,56.758,29.5142,8.4308,tanker,HFO,JNPA,Kandla
6,3,0,35203,12.2,57.4,757,2.27,1815.8479999999997,0.574,7.002799999999999,6.630683385642372,10.468914991493703,123.4289,83.9317,19.7641,tanker,MGO,Port_Blair,Tuticorin
0,3,2,34473,10.0,61.3,788,2.35,1000.0,0.613,6.13,6.670766320845874,10.447960695714336,76.9104,52.2991,12.3153,bulk_carrier,MGO,Port_Blair,Chennai
1,3,2,26077,15.8,73.5,406,3.38,3944.3120000000004,0.735,11.613,6.008813185442595,10.168847325983418,103.3733,70.2938,16.5526,container_ship,MGO,Visakhapatnam,Chennai
0,3,2,63249,10.2,66.3,850,2.74,1061.2079999999999,0.6629999999999999,6.762599999999999,6.7464121285733745,11.054850406589766,149.2165,101.4672,23.8933,bulk_carrier,MGO,Kochi,Mumbai
6,2,2,68263,11.0,68.7,359,2.76,1331.0,0.687,7.557,5.886104031450156,11.13113782021642,68.9746,37.936,10.6911,tanker,LNG,Mormugao,JNPA
1,3,2,37761,17.2,92.7,347,0.69,5088.447999999999,0.927,15.9444,5.8522024797744745,10.539058584958477,121.7082,82.7616,19.4885,container_ship,MGO,Mormugao,Mumbai
5,2,2,4206,13.8,86.0,290,0.43,2628.0720000000006,0.86,11.868,5.673323267171493,8.344505083590521,12.196,6.7078,1.8904,ro_ro,LNG,Kandla,JNPA
0,0,2,58095,14.1,61.1,876,1.38,2803.221,0.611,8.6151,6.776506992372183,10.969852093654117,286.288,148.8697,42.5249,bulk_carrier,HFO,JNPA,Kochi
1,2,2,12017,21.0,82.6,286,2.97,9261.0,0.826,17.346,5.659482215759621,9.394160804893874,65.2816,35.9049,10.1187,container_ship,LNG,Kandla,JNPA
1,2,0,26077,19.4,80.4,297,2.18,7301.383999999998,0.804,15.5976,5.697093486505405,10.168847325983418,82.7238,45.4981,12.8222,container_ship,LNG,JNPA,Kandla
5,3,2,4206,13.0,53.7,797,0.81,2197.0,0.537,6.981000000000001,6.682108597449809,8.344505083590521,31.1628,21.1907,4.9899,ro_ro,MGO,Chennai,Port_Blair
0,0,2,45319,12.6,95.5,311,3.18,2000.3759999999997,0.955,12.033,5.7430031878094825,10.721503715141942,89.358,46.4661,13.2731,bulk_carrier,HFO,Paradip,Visakhapatnam
3,3,2,7216,13.5,70.5,419,0.32,2460.375,0.705,9.5175,6.040254711277414,8.884194633072273,25.8071,17.5488,4.1324,general_cargo,MGO,Kamarajar,Visakhapatnam
4,3,2,3808,19.1,83.3,528,1.73,6967.871000000002,0.833,15.910300000000001,6.270988431858299,8.245121966478605,48.8124,33.1924,7.8161,passenger,MGO,New_Mangalore,JNPA
6,3,0,66768,13.7,68.8,419,0.43,2571.3529999999996,0.688,9.4256,6.040254711277414,11.108994179953779,116.0273,78.8986,18.5789,tanker,MGO,Kamarajar,Visakhapatnam
4,3,2,3504,18.8,91.9,277,1.84,6644.6720000000005,0.919,17.2772,5.627621113690637,8.16194579946869,24.7445,16.8262,3.9622,passenger,MGO,Kandla,Mumbai
0,3,2,34731,11.9,98.5,276,1.44,1685.159,0.985,11.7215,5.6240175061873385,10.455416731180536,42.6967,29.0337,6.8368,bulk_carrier,MGO,Mumbai,Kandla
1,3,0,18598,23.6,50.7,290,3.2,13144.256000000003,0.507,11.965200000000001,5.673323267171493,9.830863094815127,127.7681,86.8823,20.4589,container_ship,MGO,JNPA,Kandla
4,1,2,3808,19.3,59.0,277,0.73,7189.057000000001,0.59,11.387,5.627621113690637,8.245121966478605,7.4591,23.869,0.5371,passenger,Hydrogen,Kandla,Mumbai
6,0,0,55666,12.3,78.5,313,1.2,1860.8670000000004,0.785,9.655500000000002,5.749392985908253,10.927142790736806,71.5748,37.2189,10.6317,tanker,HFO,Visakhapatnam,Paradip
1,0,1,12578,20.0,68.7,692,3.41,8000.0,0.687,13.740000000000002,6.541029999189903,9.439784035838873,194.9145,101.3555,28.9524,container_ship,HFO,Chennai,Paradip
0,2,2,58490,12.5,80.9,419,3.27,1953.125,0.809,10.1125,6.040254711277414,10.976628175230568,99.4858,54.7172,15.4203,bulk_carrier,LNG,Kochi,Mormugao
0,3,2,31987,12.7,52.8,349,0.66,2048.383,0.528,6.7056,5.857933154483459,10.37311611145178,49.2295,33.4761,7.8829,bulk_carrier,MGO,Mumbai,Mormugao
6,2,1,22608,12.9,55.9,542,0.85,2146.6890000000003,0.5589999999999999,7.211099999999999,6.297109319933935,10.026103336076316,57.9901,31.8946,8.9885,tanker,LNG,Chennai,Kochi
3,3,2,7328,10.7,61.7,345,0.98,1225.0429999999997,0.617,6.6019,5.846438775057725,8.89959435992585,13.9473,9.4842,2.2333,general_cargo,MGO,New_Mangalore,Kochi
6,3,1,68263,15.6,93.0,856,1.74,3796.4159999999997,0.93,14.508000000000001,6.75343791859778,11.13113782021642,387.9259,263.7896,62.1166,tanker,MGO,Kolkata_SMPK,Chennai
0,0,2,32714,14.7,70.7,538,1.26,3176.5229999999997,0.7070000000000001,10.392900000000001,6.289715570908998,10.395588967303839,126.2982,65.6751,18.7602,bulk_carrier,HFO,Kochi,Chennai
2,3,2,1735,14.0,78.6,358,1.12,2744.0,0.7859999999999999,11.004,5.883322388488279,7.459338895220296,9.8459,6.6952,1.5766,ferry,MGO,JNPA,Mormugao
0,3,2,62925,15.1,80.9,529,3.39,3442.9509999999996,0.809,12.215900000000001,6.272877006546167,11.049714711812085,238.6637,162.2913,38.216,bulk_carrier,MGO,Mormugao,Kandla
6,2,2,35987,9.7,91.7,17,1.53,912.6729999999998,0.917,8.8949,2.8903717578961645,10.49094082853701,1.4942,0.8218,0.2316,tanker,LNG,Kamarajar,Chennai
6,0,2,68994,11.9,79.7,276,1.74,1685.159,0.797,9.484300000000001,5.6240175061873385,11.141789317185655,71.0424,36.942,10.5526,tanker,HFO,Kandla,Mumbai
3,0,2,17758,12.0,86.0,507,1.32,1728.0,0.86,10.32,6.230481447578482,9.784647708654596,51.4623,26.7604,7.6442,general_cargo,HFO,Mumbai,New_Mangalore
1,3,2,13324,13.6,55.1,396,2.32,2515.4559999999997,0.551,7.493600000000001,5.983936280687191,9.497397249034046,41.7543,28.3929,6.6859,container_ship,MGO,Chennai,Visakhapatnam
0,3,2,41493,11.2,52.1,521,0.96,1404.9279999999997,0.521,5.8351999999999995,6.257667587882639,10.633304117453084,71.9946,48.9563,11.5281,bulk_carrier,MGO,Kandla,Mormugao
6,0,2,55666,9.5,65.1,542,2.44,857.375,0.6509999999999999,6.184499999999999,6.297109319933935,10.927142790736806,80.0871,41.6453,11.8961,tanker,HFO,Chennai,Kochi
1,3,2,33687,18.3,73.5,507,2.47,6128.487000000001,0.735,13.4505,6.230481447578482,10.424896969841763,198.5993,135.0475,31.8007,container_ship,MGO,Mumbai,New_Mangalore
1,4,2,12017,16.8,51.6,850,0.54,4741.6320000000005,0.516,8.668800000000001,6.7464121285733745,9.394160804893874,222.5663,77.8982,12.8443,container_ship,Methanol,Kochi,Mumbai
0,2,2,41291,10.1,54.3,692,0.77,1030.301,0.5429999999999999,5.484299999999999,6.541029999189903,10.62842405558548,61.557,33.8564,9.5413,bulk_carrier,LNG,Chennai,Paradip
6,3,2,55666,12.2,53.2,870,1.5,1815.8479999999997,0.532,6.4904,6.769641976852503,10.927142790736806,182.2674,123.9418,29.1856,tanker,MGO,Kochi,JNPA
1,4,2,13324,13.4,66.8,1196,1.88,2406.1040000000003,0.6679999999999999,8.9512,7.087573705557973,9.497397249034046,275.4076,96.3927,15.8938,container_ship,Methanol,Chennai,JNPA
6,0,1,39649,10.4,94.4,345,2.52,1124.864,0.9440000000000001,9.8176,5.846438775057725,10.587846227062993,56.9743,29.6266,8.4629,tanker,HFO,New_Mangalore,Kochi
3,0,2,6658,14.2,53.7,313,2.59,2863.2879999999996,0.537,7.6254,5.749392985908253,8.803724602110622,23.6349,12.2902,3.5107,general_cargo,HFO,Visakhapatnam,Paradip
0,3,2,40297,10.2,52.8,700,1.56,1061.2079999999999,0.528,5.3856,6.55250788703459,10.604057118911712,72.0193,48.9731,11.5321,bulk_carrier,MGO,Paradip,Chennai
6,3,2,28073,11.1,68.8,24,2.87,1367.6309999999999,0.688,7.636799999999999,3.2188758248682006,10.24259916009427,3.1558,2.146,0.5053,tanker,MGO,JNPA,Mumbai
1,2,0,21724,19.3,61.3,370,0.74,7189.057000000001,0.613,11.8309,5.916202062607435,9.986218950133592,83.2649,45.7957,12.9061,container_ship,LNG,Chennai,Tuticorin
1,3,2,19734,20.6,50.2,358,1.99,8741.816000000003,0.502,10.3412,5.883322388488279,9.890148988096948,106.4729,72.4016,17.049,container_ship,MGO,JNPA,Mormugao
0,3,2,47945,14.1,85.0,518,3.17,2803.221,0.85,11.985,6.251903883165888,10.777830656602518,162.9948,110.8365,26.0995,bulk_carrier,MGO,JNPA,New_Mangalore
1,2,2,21825,17.0,65.4,22,2.86,4913.0,0.654,11.118,3.1354942159291497,9.990857198673035,4.5397,2.4968,0.7036,container_ship,LNG,Mumbai,JNPA
3,0,2,7328,11.8,84.0,692,3.07,1643.0320000000004,0.84,9.912,6.541029999189903,8.89959435992585,45.7562,23.7932,6.7966,general_cargo,HFO,Chennai,Paradip
1,0,2,31457,13.1,71.1,700,2.76,2248.091,0.711,9.3141,6.55250788703459,10.356408601800588,142.9793,74.3492,21.238,container_ship,HFO,Paradip,Chennai
0,3,0,45319,13.5,84.4,859,0.64,2460.375,0.8440000000000001,11.394000000000002,6.756932389247553,10.721503715141942,198.4894,134.9728,31.7831,bulk_carrier,MGO,Mumbai,Kochi
0,3,2,63249,12.6,64.9,189,1.75,2000.3759999999997,0.649,8.1774,5.247024072160486,11.054850406589766,47.8379,32.5298,7.66,bulk_carrier,MGO,Kochi,Tuticorin
6,3,0,54273,10.9,93.0,169,2.1,1295.0290000000002,0.93,10.137,5.135798437050262,10.901800569887673,34.4959,23.4572,5.5237,tanker,MGO,New_Mangalore,Mormugao
4,2,0,3808,24.1,67.1,347,0.75,13997.521000000002,0.6709999999999999,16.1711,5.8522024797744745,8.245121966478605,39.6018,21.781,6.1383,passenger,LNG,Mormugao,Mumbai
3,3,2,10749,15.6,79.8,542,1.94,3796.4159999999997,0.7979999999999999,12.448799999999999,6.297109319933935,9.28266103355581,66.8231,45.4397,10.7,general_cargo,MGO,Chennai,Kochi
3,3,2,16177,14.1,90.6,850,2.15,2803.221,0.9059999999999999,12.774599999999998,6.7464121285733745,9.691407573577898,121.5735,82.6699,19.4669,general_cargo,MGO,Kochi,Mumbai
6,3,2,28632,12.6,65.6,692,2.45,2000.3759999999997,0.6559999999999999,8.2656,6.541029999189903,10.262315177792935,115.3734,78.4539,18.4742,tanker,MGO,Chennai,Paradip
0,2,2,58490,12.4,54.3,358,1.69,1906.6240000000003,0.5429999999999999,6.733199999999999,5.883322388488279,10.976628175230568,67.2657,36.9961,10.4262,bulk_carrier,LNG,JNPA,Mormugao
6,3,2,28632,13.8,68.1,700,1.6,2628.0720000000006,0.6809999999999999,9.3978,6.55250788703459,10.262315177792935,125.6725,85.4573,20.1233,tanker,MGO,Paradip,Chennai
0,3,2,42343,13.1,72.1,169,3.1,2248.091,0.721,9.4451,5.135798437050262,10.653582013537823,40.6394,27.6348,6.5074,bulk_carrier,MGO,New_Mangalore,Mormugao
1,3,2,9661,20.3,85.0,1179,2.27,8365.427000000001,0.85,17.255,7.07326971745971,9.175955945114351,249.9736,169.9821,40.027,container_ship,MGO,Mumbai,Chennai
3,0,2,19799,15.4,71.3,491,2.58,3652.264,0.713,10.9802,6.198478716492308,9.893437216682626,96.9945,50.4372,14.4075,general_cargo,HFO,Visakhapatnam,Kolkata_SMPK
2,2,2,932,13.2,51.1,521,3.4,2299.968,0.511,6.7452,6.257667587882639,6.838405200847344,7.5578,4.1568,1.1715,ferry,LNG,Kandla,Mormugao
2,3,0,884,19.0,57.7,797,0.43,6859.0,0.5770000000000001,10.963000000000001,6.682108597449809,6.785587645007929,22.7843,15.4933,3.6483,ferry,MGO,Chennai,Port_Blair
6,2,2,47233,10.1,59.3,876,1.63,1030.301,0.593,5.989299999999999,6.776506992372183,10.762869251237097,109.209,60.065,16.9274,tanker,LNG,JNPA,Kochi
2,3,0,1735,14.6,98.0,348,1.23,3112.136,0.98,14.308,5.855071922202427,7.459338895220296,11.8485,8.057,1.8972,ferry,MGO,Kochi,New_Mangalore
6,0,0,66768,11.2,91.7,276,2.17,1404.9279999999997,0.917,10.2704,5.6240175061873385,11.108994179953779,70.307,36.5596,10.4433,tanker,HFO,Kandla,Mumbai
1,4,2,41157,13.4,89.9,276,2.3,2406.1040000000003,0.899,12.0466,5.6240175061873385,10.625173597902494,153.8401,53.844,8.8781,container_ship,Methanol,Mumbai,Kandla
1,0,2,26077,16.0,91.5,348,2.5,4096.0,0.915,14.64,5.855071922202427,10.168847325983418,96.3865,50.121,14.3172,container_ship,HFO,Kochi,New_Mangalore
3,3,2,10004,16.2,96.1,521,0.77,4251.527999999999,0.961,15.5682,6.257667587882639,9.210840247017833,66.5229,45.2356,10.652,general_cargo,MGO,Kandla,Mormugao
0,3,2,59816,10.4,53.2,853,1.55,1124.864,0.532,5.532800000000001,6.74993119378857,10.99904518047501,136.0806,92.5348,21.7899,bulk_carrier,MGO,Chennai,Kolkata_SMPK
1,4,1,13324,15.4,57.2,364,2.29,3652.264,0.5720000000000001,8.808800000000002,5.8998973535824915,9.497397249034046,112.1849,39.2647,6.4742,container_ship,Methanol,Tuticorin,Chennai
5,2,1,6679,12.8,70.2,700,0.3,2097.1520000000005,0.7020000000000001,8.985600000000002,6.55250788703459,8.806873266530692,35.9598,19.7779,5.5738,ro_ro,LNG,Paradip,Chennai
0,2,0,58420,11.9,93.4,757,0.38,1685.159,0.934,11.114600000000001,6.630683385642372,10.975430693220769,136.4356,75.0396,21.1475,bulk_carrier,LNG,Port_Blair,Tuticorin
0,2,2,40297,10.6,93.8,850,3.18,1191.0159999999998,0.938,9.942799999999998,6.7464121285733745,10.604057118911712,121.7261,66.9493,18.8675,bulk_carrier,LNG,Kochi,Mumbai
0,3,0,45790,10.2,66.8,422,1.89,1061.2079999999999,0.6679999999999999,6.813599999999999,6.0473721790462776,10.731842844242117,56.184,38.2051,8.9965,bulk_carrier,MGO,Mormugao,Kochi
1,0,2,34470,19.6,76.7,700,1.74,7529.536000000002,0.767,15.0332,6.55250788703459,10.44787366982408,303.2601,157.6952,45.0459,container_ship,HFO,Paradip,Chennai
6,0,2,28244,13.4,67.4,290,3.14,2406.1040000000003,0.674,9.031600000000001,5.673323267171493,10.248671729759362,55.3181,28.7654,8.2169,tanker,HFO,JNPA,Kandla
0,3,2,34731,13.9,84.9,788,1.27,2685.619,0.8490000000000001,11.801100000000002,6.670766320845874,10.455416731180536,165.9855,112.8701,26.5784,bulk_carrier,MGO,Port_Blair,Chennai
1,4,1,27264,16.5,51.8,419,1.47,4492.125,0.518,8.547,6.040254711277414,10.213359107360162,203.4496,71.2074,11.7411,container_ship,Methanol,Kamarajar,Visakhapatnam
1,3,2,26077,15.7,65.1,24,1.97,3869.8929999999996,0.6509999999999999,10.220699999999999,3.2188758248682006,10.168847325983418,5.3912,3.666,0.8633,container_ship,MGO,JNPA,Mumbai
1,2,0,18598,24.0,95.2,24,3.26,13824.0,0.9520000000000001,22.848000000000003,3.2188758248682006,9.830863094815127,10.4649,5.7557,1.6221,container_ship,LNG,JNPA,Mumbai
4,2,0,4149,20.7,53.9,370,0.84,8869.742999999999,0.539,11.157300000000001,5.916202062607435,8.330863613224745,28.5589,15.7074,4.4266,passenger,LNG,Chennai,Tuticorin
1,2,2,16607,18.8,99.2,276,2.11,6644.6720000000005,0.992,18.6496,5.6240175061873385,9.717639785965615,68.0387,37.4213,10.546,container_ship,LNG,Kandla,Mumbai
2,3,0,536,20.9,63.9,518,0.93,9129.328999999998,0.639,13.3551,6.251903883165888,6.285998094508865,13.702,9.3174,2.194,ferry,MGO,JNPA,New_Mangalore
6,0,2,56969,12.0,51.9,528,2.68,1728.0,0.519,6.228,6.270988431858299,10.950280092474442,119.1718,61.9694,17.7017,tanker,HFO,New_Mangalore,JNPA
0,3,2,29708,12.3,72.3,364,0.32,1860.8670000000004,0.723,8.892900000000001,5.8998973535824915,10.299205309189412,47.5375,32.3255,7.6119,bulk_carrier,MGO,Tuticorin,Chennai
5,3,0,11514,14.2,52.4,229,2.46,2863.2879999999996,0.524,7.4408,5.438079308923196,9.351405812254786,20.9384,14.2381,3.3528,ro_ro,MGO,Kolkata_SMPK,Paradip
1,0,2,36763,20.8,70.4,396,2.17,8998.912,0.7040000000000001,14.643200000000002,5.983936280687191,10.512274384478,206.4656,107.3621,30.6682,container_ship,HFO,Chennai,Visakhapatnam
0,2,2,32714,15.4,81.9,396,1.29,3652.264,0.8190000000000001,12.6126,5.983936280687191,10.395588967303839,86.474,47.5607,13.4035,bulk_carrier,LNG,Chennai,Visakhapatnam
1,0,0,8659,13.8,84.3,290,2.3,2628.0720000000006,0.843,11.6334,5.673323267171493,9.06647000155648,29.3853,15.2803,4.3649,container_ship,HFO,Kandla,JNPA
1,4,0,38751,13.9,69.1,169,0.61,2685.619,0.691,9.604899999999999,5.135798437050262,10.564937646352819,77.9974,27.2991,4.5012,container_ship,Methanol,New_Mangalore,Mormugao
0,0,2,30900,15.6,94.9,277,0.61,3796.4159999999997,0.9490000000000001,14.804400000000001,5.627621113690637,10.33854382482173,65.3804,33.9978,9.7115,bulk_carrier,HFO,Kandla,Mumbai
3,0,2,14844,12.0,77.9,870,3.36,1728.0,0.779,9.348,6.769641976852503,9.60541838719786,93.4743,48.6066,13.8846,general_cargo,HFO,Kochi,JNPA
0,3,2,31987,12.1,80.0,290,2.36,1771.561,0.8,9.68,5.673323267171493,10.37311611145178,50.1925,34.1309,8.0371,bulk_carrier,MGO,Kandla,JNPA
0,2,2,47945,10.6,59.1,24,0.87,1191.0159999999998,0.591,6.2646,3.2188758248682006,10.777830656602518,2.693,1.4811,0.4174,bulk_carrier,LNG,JNPA,Mumbai
6,2,0,68994,9.8,93.5,518,0.33,941.1920000000002,0.935,9.163000000000002,6.251903883165888,11.141789317185655,65.259,35.8924,10.1151,tanker,LNG,JNPA,New_Mangalore
6,3,2,35203,11.5,89.7,276,1.42,1520.875,0.897,10.3155,5.6240175061873385,10.468914991493703,41.6375,28.3135,6.6672,tanker,MGO,Mumbai,Kandla
3,0,2,11634,11.5,81.3,797,2.98,1520.875,0.813,9.349499999999999,6.682108597449809,9.361773075736393,76.6056,39.8349,11.3789,general_cargo,HFO,Chennai,Port_Blair
3,0,2,13823,11.1,89.8,518,3.29,1367.6309999999999,0.898,9.9678,6.251903883165888,9.534161491043838,48.6171,25.2809,7.2215,general_cargo,HFO,JNPA,New_Mangalore
0,0,2,45319,15.4,82.4,189,1.78,3652.264,0.8240000000000001,12.6896,5.247024072160486,10.721503715141942,63.5976,33.0707,9.4467,bulk_carrier,HFO,Kochi,Tuticorin
5,2,1,6851,20.6,92.4,422,3.14,8741.816000000003,0.924,19.0344,6.0473721790462776,8.832295859444011,66.9669,36.8318,10.3799,ro_ro,LNG,Mormugao,Kochi
0,3,2,48674,13.3,62.4,1181,1.45,2352.637,0.624,8.2992,7.074963197966044,10.7929208302404,282.8605,192.3451,45.293,bulk_carrier,MGO,Chennai,Mumbai
0,0,2,49115,12.9,75.3,507,0.78,2146.6890000000003,0.753,9.713700000000001,6.230481447578482,10.801940126280403,122.799,63.8555,18.2404,bulk_carrier,HFO,Mumbai,New_Mangalore
6,2,2,59471,13.3,85.8,176,2.81,2352.637,0.858,11.4114,5.176149732573829,10.993260892537034,50.1462,27.5804,7.7727,tanker,LNG,Mormugao,New_Mangalore
6,2,2,28073,13.2,73.3,853,0.54,2299.968,0.733,9.6756,6.74993119378857,10.24259916009427,108.679,59.7735,16.8453,tanker,LNG,Chennai,Kolkata_SMPK
3,0,0,11634,9.4,86.5,528,1.22,830.5840000000001,0.865,8.131,6.270988431858299,9.361773075736393,26.9301,14.0037,4.0002,general_cargo,HFO,New_Mangalore,JNPA
6,2,2,68263,10.7,51.1,311,2.23,1225.0429999999997,0.511,5.4677,5.7430031878094825,11.13113782021642,49.6446,27.3045,7.6949,tanker,LNG,Paradip,Visakhapatnam
6,0,0,71643,12.4,50.5,169,1.87,1906.6240000000003,0.505,6.2620000000000005,5.135798437050262,11.17946468934515,45.8853,23.8604,6.8158,tanker,HFO,New_Mangalore,Mormugao
2,5,2,536,14.6,68.5,396,1.06,3112.136,0.685,10.001000000000001,5.983936280687191,6.285998094508865,67.6271,8.1152,0.1996,ferry,Shore_Power,Chennai,Visakhapatnam
1,4,1,21724,19.6,90.8,169,0.99,7529.536000000002,0.9079999999999999,17.7968,5.135798437050262,9.986218950133592,105.828,37.0398,6.1073,container_ship,Methanol,New_Mangalore,Mormugao
1,2,0,12017,16.6,62.1,345,3.38,4574.296000000001,0.621,10.3086,5.846438775057725,9.394160804893874,46.9306,25.8119,7.2743,container_ship,LNG,New_Mangalore,Kochi
5,3,2,8843,17.5,58.9,422,1.47,5359.375,0.589,10.3075,6.0473721790462776,9.087494541977337,49.8644,33.9078,7.9845,ro_ro,MGO,Mormugao,Kochi
1,4,2,33687,19.7,77.4,347,2.88,7645.373,0.774,15.2478,5.8522024797744745,10.424896969841763,373.9569,130.8849,21.5811,container_ship,Methanol,Mormugao,Mumbai
4,3,2,4149,17.4,66.6,290,3.18,5268.0239999999985,0.6659999999999999,11.588399999999998,5.673323267171493,8.330863613224745,26.1804,17.8027,4.1921,passenger,MGO,JNPA,Kandla
0,0,2,32714,13.7,85.2,692,1.84,2571.3529999999996,0.852,11.6724,6.541029999189903,10.395588967303839,150.2501,78.1301,22.318,bulk_carrier,HFO,Chennai,Paradip
6,2,2,59471,12.2,58.4,538,2.36,1815.8479999999997,0.584,7.1248,6.289715570908998,10.993260892537034,105.1404,57.8272,16.2968,tanker,LNG,Kochi,Chennai
2,3,0,1735,11.7,94.9,692,2.12,1601.6129999999996,0.9490000000000001,11.1033,6.541029999189903,7.459338895220296,16.1714,10.9966,2.5895,ferry,MGO,Chennai,Paradip
0,3,2,26135,11.9,69.3,169,3.3,1685.159,0.693,8.246699999999999,5.135798437050262,10.171068953280907,26.2432,17.8454,4.2022,bulk_carrier,MGO,New_Mangalore,Mormugao
0,3,2,58420,12.6,54.7,761,1.97,2000.3759999999997,0.547,6.892200000000001,6.635946555686647,10.975430693220769,186.8292,127.0439,29.916,bulk_carrier,MGO,Tuticorin,Port_Blair
6,3,2,70614,14.8,82.4,370,1.1,3241.7920000000004,0.8240000000000001,12.195200000000002,5.916202062607435,11.164997865503164,140.5409,95.5678,22.5041,tanker,MGO,Chennai,Tuticorin
6,3,1,35203,13.8,96.2,348,1.43,2628.0720000000006,0.9620000000000001,13.275600000000003,5.855071922202427,10.468914991493703,73.5112,49.9876,11.771,tanker,MGO,Kochi,New_Mangalore
6,0,2,35987,11.1,70.7,349,3.11,1367.6309999999999,0.7070000000000001,7.847700000000001,5.857933154483459,10.49094082853701,54.5347,28.358,8.1005,tanker,HFO,Mumbai,Mormugao
0,2,1,58420,12.3,59.3,169,2.16,1860.8670000000004,0.593,7.2939,5.135798437050262,10.975430693220769,30.9647,17.0306,4.7995,bulk_carrier,LNG,New_Mangalore,Mormugao
3,3,0,16651,12.9,90.8,856,3.34,2146.6890000000003,0.9079999999999999,11.713199999999999,6.75343791859778,9.720285608314866,130.5103,88.747,20.898,general_cargo,MGO,Kolkata_SMPK,Chennai
6,3,1,68263,11.8,57.9,542,0.44,1643.0320000000004,0.579,6.8322,6.297109319933935,11.13113782021642,110.6976,75.2744,17.7255,tanker,MGO,Chennai,Kochi
1,4,2,17470,23.5,91.6,276,1.96,12977.875,0.9159999999999999,21.526,5.6240175061873385,9.768297642474444,233.3086,81.658,13.4642,container_ship,Methanol,Mumbai,Kandla
2,5,2,932,11.7,89.7,348,2.4,1601.6129999999996,0.897,10.4949,5.855071922202427,6.838405200847344,62.2789,7.4735,0.1838,ferry,Shore_Power,Kochi,New_Mangalore
0,0,2,33529,15.6,62.7,507,2.91,3796.4159999999997,0.627,9.7812,6.230481447578482,10.420195839460273,142.3516,74.0228,21.1448,bulk_carrier,HFO,Mumbai,New_Mangalore
5,2,0,4651,19.1,90.2,229,3.18,6967.871000000002,0.902,17.2282,5.438079308923196,8.445052513638554,25.4852,14.0169,3.9502,ro_ro,LNG,Kolkata_SMPK,Paradip
1,3,2,41892,18.4,63.4,24,0.85,6229.503999999999,0.634,11.6656,3.2188758248682006,10.64287402751427,8.5759,5.8316,1.3732,container_ship,MGO,JNPA,Mumbai
1,4,2,38751,18.0,72.8,276,2.31,5832.0,0.728,13.104,5.6240175061873385,10.564937646352819,217.182,76.0137,12.5336,container_ship,Methanol,Kandla,Mumbai
0,2,2,26135,9.9,80.9,491,0.82,970.2990000000001,0.809,8.0091,6.198478716492308,10.171068953280907,35.8564,19.721,5.5577,bulk_carrier,LNG,Visakhapatnam,Kolkata_SMPK
6,0,1,76931,14.9,92.2,859,1.99,3307.949,0.922,13.737800000000002,6.756932389247553,11.250677193775257,399.6012,207.7926,59.3564,tanker,HFO,Mumbai,Kochi
3,3,2,9058,12.5,50.4,1179,1.73,1953.125,0.504,6.3,7.07326971745971,9.111514017669288,74.8135,50.8732,11.9795,general_cargo,MGO,Mumbai,Chennai
0,2,1,70130,14.3,66.0,542,0.81,2924.2070000000003,0.66,9.438,6.297109319933935,11.158120200662147,137.9637,75.88,21.3844,bulk_carrier,LNG,Chennai,Kochi
5,3,2,11514,13.3,77.5,521,1.6,2352.637,0.775,10.307500000000001,6.257667587882639,9.351405812254786,48.697,33.114,7.7976,ro_ro,MGO,Kandla,Mormugao
6,2,2,28632,16.4,62.0,169,3.39,4410.943999999999,0.62,10.168,5.135798437050262,10.262315177792935,40.2808,22.1544,6.2435,tanker,LNG,New_Mangalore,Mormugao
3,3,2,5817,12.5,74.5,411,1.32,1953.125,0.745,9.3125,6.021023349349527,8.668711839055147,21.5066,14.6245,3.4437,general_cargo,MGO,Visakhapatnam,Kamarajar
0,2,0,33529,15.2,61.2,290,3.48,3511.8079999999995,0.612,9.302399999999999,5.673323267171493,10.420195839460273,68.5346,37.694,10.6229,bulk_carrier,LNG,Kandla,JNPA
3,0,2,14985,13.9,73.3,348,3.23,2685.619,0.733,10.1887,5.855071922202427,9.614871710924255,53.0189,27.5698,7.8754,general_cargo,HFO,Kochi,New_Mangalore
6,2,2,72064,14.0,55.3,22,2.4,2744.0,0.5529999999999999,7.741999999999999,3.1354942159291497,11.185323768517204,5.715,3.1432,0.8858,tanker,LNG,Mumbai,JNPA
0,3,0,63697,10.3,67.8,853,0.77,1092.7270000000003,0.6779999999999999,6.9834,6.74993119378857,11.061908443893099,138.1723,93.9571,22.1248,bulk_carrier,MGO,Chennai,Kolkata_SMPK
3,0,2,16704,12.9,80.9,349,1.69,2146.6890000000003,0.809,10.436100000000001,5.857933154483459,9.723463354790857,43.4207,22.5788,6.4497,general_cargo,HFO,Mumbai,Mormugao
1,2,2,17470,19.0,83.0,757,1.51,6859.0,0.83,15.77,6.630683385642372,9.768297642474444,160.9923,88.5458,24.9538,container_ship,LNG,Port_Blair,Tuticorin
0,3,2,41291,10.8,86.7,313,0.45,1259.7120000000002,0.867,9.3636,5.749392985908253,10.62842405558548,44.4808,30.247,7.1225,bulk_carrier,MGO,Visakhapatnam,Paradip
1,2,0,17470,17.5,97.3,542,2.02,5359.375,0.973,17.0275,6.297109319933935,9.768297642474444,110.6647,60.8656,17.153,container_ship,LNG,Chennai,Kochi
4,3,2,4545,22.1,77.3,529,2.38,10793.861000000003,0.773,17.0833,6.272877006546167,8.422003004412488,71.9364,48.9168,11.5188,passenger,MGO,Mormugao,Kandla
0,2,2,31987,11.7,93.7,521,0.57,1601.6129999999996,0.937,10.9629,6.257667587882639,10.37311611145178,64.299,35.3644,9.9663,bulk_carrier,LNG,Kandla,Mormugao
1,4,2,21825,17.1,61.7,311,2.58,5000.211000000001,0.617,10.5507,5.7430031878094825,9.990857198673035,151.8048,53.1317,8.7607,container_ship,Methanol,Paradip,Visakhapatnam
3,0,1,10749,14.5,62.6,1196,2.91,3048.625,0.626,9.077,7.087573705557973,9.28266103355581,146.4903,76.175,21.7595,general_cargo,HFO,Chennai,JNPA
3,0,2,16651,12.0,81.9,217,2.22,1728.0,0.8190000000000001,9.828000000000001,5.384495062789089,9.720285608314866,25.5434,13.2826,3.7942,general_cargo,HFO,Paradip,Kolkata_SMPK
4,3,2,3504,15.3,56.3,217,2.22,3581.5770000000007,0.563,8.6139,5.384495062789089,8.16194579946869,12.2765,8.348,1.9658,passenger,MGO,Paradip,Kolkata_SMPK
0,2,2,42343,14.5,66.9,521,1.79,3048.625,0.669,9.7005,6.257667587882639,10.653582013537823,115.7073,63.639,17.9346,bulk_carrier,LNG,Kandla,Mormugao
0,0,2,71338,15.0,63.2,761,0.59,3375.0,0.632,9.48,6.635946555686647,11.175198441433086,255.0403,132.6209,37.8834,bulk_carrier,HFO,Tuticorin,Port_Blair
6,3,2,27184,14.0,93.3,411,2.2,2744.0,0.9329999999999999,13.062,6.021023349349527,10.210420629580021,87.9235,59.788,14.0788,tanker,MGO,Visakhapatnam,Kamarajar
0,2,1,42343,12.4,91.1,183,3.46,1906.6240000000003,0.9109999999999999,11.2964,5.214935757608986,10.653582013537823,36.0397,19.8218,5.5861,bulk_carrier,LNG,Tuticorin,Kochi
3,0,1,5817,10.2,75.8,229,0.94,1061.2079999999999,0.758,7.731599999999999,5.438079308923196,8.668711839055147,8.1306,4.2279,1.2077,general_cargo,HFO,Kolkata_SMPK,Paradip
1,2,2,31457,16.9,68.3,528,1.9,4826.808999999998,0.6829999999999999,11.542699999999998,6.270988431858299,10.356408601800588,135.3132,74.4223,20.9736,container_ship,LNG,New_Mangalore,JNPA
1,4,0,21724,18.2,90.4,313,1.79,6028.567999999999,0.904,16.4528,5.749392985908253,9.986218950133592,200.8344,70.292,11.5902,container_ship,Methanol,Visakhapatnam,Paradip
0,2,2,34473,11.5,92.3,495,3.34,1520.875,0.9229999999999999,10.6145,6.206575926724928,10.447960695714336,76.0334,41.8184,11.7852,bulk_carrier,LNG,Kolkata_SMPK,Visakhapatnam
2,2,2,1735,12.7,64.3,18,0.8,2048.383,0.643,8.1661,2.9444389791664403,7.459338895220296,0.3364,0.185,0.0521,ferry,LNG,Chennai,Kamarajar
6,3,2,39649,11.6,50.0,797,2.76,1560.896,0.5,5.8,6.682108597449809,10.587846227062993,132.4135,90.0411,21.2027,tanker,MGO,Chennai,Port_Blair
1,2,2,21825,13.1,67.1,297,1.85,2248.091,0.6709999999999999,8.790099999999999,5.697093486505405,9.990857198673035,36.6746,20.171,5.6846,container_ship,LNG,JNPA,Kandla
0,2,2,64303,9.6,92.4,797,1.1,884.7359999999999,0.924,8.8704,6.682108597449809,11.071377116688982,99.1295,54.5212,15.3651,bulk_carrier,LNG,Chennai,Port_Blair
0,0,0,40197,11.7,86.9,286,1.41,1601.6129999999996,0.8690000000000001,10.167300000000001,5.659482215759621,10.601572522125696,51.1257,26.5854,7.5942,bulk_carrier,HFO,Kandla,JNPA
3,0,2,16581,12.7,92.0,297,1.08,2048.383,0.92,11.684,5.697093486505405,9.716073048676163,34.4021,17.8891,5.11,general_cargo,HFO,JNPA,Kandla
0,0,2,44373,12.4,73.1,276,1.69,1906.6240000000003,0.731,9.064400000000001,5.6240175061873385,10.700408991312528,55.6912,28.9594,8.2723,bulk_carrier,HFO,Kandla,Mumbai
6,3,2,55468,12.4,65.8,491,1.83,1906.6240000000003,0.6579999999999999,8.159199999999998,6.198478716492308,10.923579585124024,110.421,75.0863,17.6812,tanker,MGO,Visakhapatnam,Kolkata_SMPK
6,3,2,25705,14.6,99.8,859,2.27,3112.136,0.998,14.5708,6.756932389247553,10.154479706670077,181.8211,123.6383,29.1141,tanker,MGO,Mumbai,Kochi
0,2,1,44373,11.6,93.3,529,3.41,1560.896,0.9329999999999999,10.822799999999999,6.272877006546167,10.700408991312528,94.5826,52.0204,14.6603,bulk_carrier,LNG,Mormugao,Kandla
5,2,0,6851,18.4,87.0,797,1.81,6229.503999999999,0.87,16.008,6.682108597449809,8.832295859444011,84.2365,46.3301,13.0567,ro_ro,LNG,Chennai,Port_Blair
0,3,0,41291,12.0,53.7,276,1.11,1728.0,0.537,6.444000000000001,5.6240175061873385,10.62842405558548,46.6361,31.7125,7.4676,bulk_carrier,MGO,Kandla,Mumbai
1,0,2,23507,24.0,85.8,870,2.46,13824.0,0.858,20.592,6.769641976852503,10.065096067732542,484.0109,251.6857,71.8945,container_ship,HFO,Kochi,JNPA
5,2,2,4206,17.8,88.2,311,2.76,5639.752,0.882,15.6996,5.7430031878094825,8.344505083590521,26.0344,14.3189,4.0353,ro_ro,LNG,Paradip,Visakhapatnam
6,3,2,55620,14.9,85.0,422,2.05,3307.949,0.85,12.665,6.0473721790462776,10.926316106770527,154.693,105.1912,24.7702,tanker,MGO,Mormugao,Kochi
1,0,0,34470,16.9,71.2,521,0.77,4826.808999999998,0.7120000000000001,12.0328,6.257667587882639,10.44787366982408,161.2511,83.8506,23.9521,container_ship,HFO,Kandla,Mormugao
6,3,2,27184,12.0,89.0,1179,0.34,1728.0,0.89,10.68,7.07326971745971,10.210420629580021,147.6711,100.4163,23.6458,tanker,MGO,Mumbai,Chennai
6,0,2,50271,11.7,76.1,183,0.59,1601.6129999999996,0.7609999999999999,8.903699999999999,5.214935757608986,10.825203541055348,35.6798,18.5535,5.2998,tanker,HFO,Tuticorin,Kochi
6,0,2,27184,10.6,91.9,1196,1.93,1191.0159999999998,0.919,9.7414,7.087573705557973,10.210420629580021,137.2996,71.3958,20.3943,tanker,HFO,Chennai,JNPA
0,2,0,56365,12.8,96.6,396,1.43,2097.1520000000005,0.966,12.3648,5.983936280687191,10.939621418827507,89.8925,49.4409,13.9333,bulk_carrier,LNG,Chennai,Visakhapatnam
3,3,2,16704,12.8,98.3,183,2.83,2097.1520000000005,0.983,12.5824,5.214935757608986,9.723463354790857,24.3016,16.5251,3.8913,general_cargo,MGO,Tuticorin,Kochi
6,2,2,45552,11.6,70.4,176,1.2,1560.896,0.7040000000000001,8.166400000000001,5.176149732573829,10.726631762209768,24.5394,13.4966,3.8036,tanker,LNG,Mormugao,New_Mangalore
1,3,2,27264,20.0,54.0,1196,1.8,8000.0,0.54,10.8,7.087573705557973,10.213359107360162,419.3221,285.139,67.1439,container_ship,MGO,Chennai,JNPA
6,0,2,66768,13.6,82.9,692,1.3,2515.4559999999997,0.8290000000000001,11.2744,6.541029999189903,11.108994179953779,232.9464,121.1321,34.6016,tanker,HFO,Chennai,Paradip
0,0,1,66381,12.0,95.4,176,0.38,1728.0,0.9540000000000001,11.448,5.176149732573829,11.103181214377175,43.6978,22.7229,6.4908,bulk_carrier,HFO,Mormugao,New_Mangalore
4,2,2,1902,19.9,72.7,176,2.39,7880.598999999998,0.727,14.467299999999998,5.176149732573829,7.551186867296149,10.449,5.747,1.6196,passenger,LNG,Mormugao,New_Mangalore
0,0,2,34731,14.3,69.6,411,1.87,2924.2070000000003,0.696,9.9528,6.021023349349527,10.455416731180536,91.7992,47.7356,13.6358,bulk_carrier,HFO,Visakhapatnam,Kamarajar
6,2,0,28632,17.2,97.7,282,0.51,5088.447999999999,0.977,16.804399999999998,5.645446897643238,10.262315177792935,69.725,38.3487,10.8074,tanker,LNG,Mumbai,Kandla
6,2,0,56969,11.1,79.5,495,1.12,1367.6309999999999,0.795,8.8245,6.206575926724928,10.950280092474442,76.373,42.0052,11.8378,tanker,LNG,Kolkata_SMPK,Visakhapatnam
4,1,2,4149,17.0,56.1,18,2.18,4913.0,0.561,9.537,2.9444389791664403,8.330863613224745,0.4474,1.4318,0.0322,passenger,Hydrogen,Chennai,Kamarajar
6,2,2,55666,12.9,70.7,853,2.72,2146.6890000000003,0.7070000000000001,9.120300000000002,6.74993119378857,10.927142790736806,212.7099,116.9905,32.97,tanker,LNG,Chennai,Kolkata_SMPK
1,0,2,35698,16.9,64.3,491,2.29,4826.808999999998,0.643,10.8667,6.198478716492308,10.482877956170928,179.4055,93.2909,26.6487,container_ship,HFO,Visakhapatnam,Kolkata_SMPK
5,2,0,8727,19.3,63.5,505,1.69,7189.057000000001,0.635,12.255500000000001,6.226536669287466,9.074291527512907,66.3065,36.4686,10.2775,ro_ro,LNG,New_Mangalore,Mumbai
1,3,0,21724,22.6,54.4,507,2.8,11543.176000000001,0.544,12.294400000000001,6.230481447578482,9.986218950133592,223.709,152.1221,35.8214,container_ship,MGO,Mumbai,New_Mangalore
0,3,2,58242,14.2,61.9,276,1.63,2863.2879999999996,0.619,8.7898,5.6240175061873385,10.972379192532934,81.4538,55.3886,13.0428,bulk_carrier,MGO,Mumbai,Kandla
3,3,2,16704,13.1,73.9,370,3.42,2248.091,0.7390000000000001,9.680900000000001,5.916202062607435,9.723463354790857,52.9059,35.976,8.4716,general_cargo,MGO,Chennai,Tuticorin
1,3,2,26077,17.9,79.2,22,1.68,5735.338999999999,0.792,14.1768,3.1354942159291497,10.168847325983418,5.9264,4.03,0.949,container_ship,MGO,Mumbai,JNPA
3,0,2,7328,12.3,64.2,286,1.0,1860.8670000000004,0.642,7.8966,5.659482215759621,8.89959435992585,17.0375,8.8595,2.5307,general_cargo,HFO,Kandla,JNPA
1,2,2,19734,22.8,81.9,518,1.22,11852.352,0.8190000000000001,18.6732,6.251903883165888,9.890148988096948,182.0462,100.1254,28.2172,container_ship,LNG,JNPA,New_Mangalore
0,3,0,48674,13.0,87.7,542,1.9,2197.0,0.877,11.401,6.297109319933935,10.7929208302404,122.1161,83.0389,19.5538,bulk_carrier,MGO,Chennai,Kochi
6,0,2,66768,11.6,70.9,297,2.92,1560.896,0.7090000000000001,8.224400000000001,5.697093486505405,11.108994179953779,83.7444,43.5471,12.4393,tanker,HFO,JNPA,Kandla
0,0,2,58490,11.2,92.7,850,2.61,1404.9279999999997,0.927,10.3824,6.7464121285733745,10.976628175230568,197.7991,102.8555,29.3809,bulk_carrier,HFO,Kochi,Mumbai
0,0,2,70130,14.2,61.5,876,1.36,2863.2879999999996,0.615,8.732999999999999,6.776506992372183,11.158120200662147,308.4648,160.4017,45.8191,bulk_carrier,HFO,JNPA,Kochi
3,3,2,16651,11.4,93.3,856,0.8,1481.544,0.9329999999999999,10.636199999999999,6.75343791859778,9.720285608314866,72.8413,49.5321,11.6637,general_cargo,MGO,Kolkata_SMPK,Chennai
4,2,2,3808,24.4,96.2,229,1.58,14526.783999999998,0.9620000000000001,23.4728,5.438079308923196,8.245121966478605,32.7516,18.0134,5.0765,passenger,LNG,Kolkata_SMPK,Paradip
0,3,2,58420,9.8,62.5,788,0.84,941.1920000000002,0.625,6.125,6.670766320845874,10.975430693220769,102.837,69.9292,16.4668,bulk_carrier,MGO,Port_Blair,Chennai
6,0,2,70614,16.6,60.2,528,2.92,4574.296000000001,0.602,9.9932,6.270988431858299,11.164997865503164,307.6096,159.957,45.692,tanker,HFO,New_Mangalore,JNPA
0,0,2,60013,10.7,50.9,521,2.57,1225.0429999999997,0.509,5.4463,6.257667587882639,11.002333147319582,83.2161,43.2724,12.3608,bulk_carrier,HFO,Kandla,Mormugao
1,2,0,36763,24.1,86.4,370,1.66,13997.521000000002,0.8640000000000001,20.822400000000005,5.916202062607435,10.512274384478,207.7683,114.2725,32.2041,container_ship,LNG,Chennai,Tuticorin
3,0,1,9258,14.1,88.4,282,1.92,2803.221,0.884,12.4644,5.645446897643238,9.133351330448047,29.879,15.5371,4.4382,general_cargo,HFO,Mumbai,Kandla
0,2,2,66381,13.6,77.4,17,2.48,2515.4559999999997,0.774,10.5264,2.8903717578961645,11.103181214377175,4.8599,2.673,0.7533,bulk_carrier,LNG,Kamarajar,Chennai
6,3,2,42416,10.6,61.0,853,0.8,1191.0159999999998,0.61,6.465999999999999,6.74993119378857,10.65530450425995,96.5742,65.6705,15.4639,tanker,MGO,Chennai,Kolkata_SMPK
1,2,2,37761,19.0,93.2,359,2.66,6859.0,0.932,17.708000000000002,5.886104031450156,10.539058584958477,158.9238,87.4081,24.6332,container_ship,LNG,Mormugao,JNPA
3,0,2,9258,13.0,65.1,859,1.78,2197.0,0.6509999999999999,8.463,6.756932389247553,9.133351330448047,66.7746,34.7228,9.9186,general_cargo,HFO,Mumbai,Kochi
1,2,2,17711,22.8,81.4,277,2.65,11852.352,0.8140000000000001,18.5592,5.627621113690637,9.781997654948418,98.3576,54.0967,15.2454,container_ship,LNG,Kandla,Mumbai
6,0,2,59471,10.4,95.6,290,1.07,1124.864,0.956,9.9424,5.673323267171493,10.993260892537034,50.2116,26.1101,7.4584,tanker,HFO,JNPA,Kandla
6,3,0,55666,10.4,78.1,364,1.1,1124.864,0.7809999999999999,8.122399999999999,5.8998973535824915,10.927142790736806,55.9018,38.0132,8.9513,tanker,MGO,Tuticorin,Chennai
1,2,2,34898,19.9,60.8,229,2.07,7880.598999999998,0.608,12.099199999999998,5.438079308923196,10.460213454484876,85.3205,46.9262,13.2247,container_ship,LNG,Kolkata_SMPK,Paradip
0,3,2,49332,13.4,77.6,761,3.27,2406.1040000000003,0.7759999999999999,10.398399999999999,6.635946555686647,10.806348507298559,232.0565,157.7984,37.158,bulk_carrier,MGO,Tuticorin,Port_Blair
1,0,2,38751,16.6,77.5,521,2.97,4574.296000000001,0.775,12.865000000000002,6.257667587882639,10.564937646352819,196.0369,101.9392,29.1191,container_ship,HFO,Kandla,Mormugao
6,0,2,71643,13.3,90.0,348,0.62,2352.637,0.9,11.97,5.855071922202427,11.17946468934515,106.0716,55.1572,15.7558,tanker,HFO,Kochi,New_Mangalore
6,2,1,71643,13.7,62.5,856,0.34,2571.3529999999996,0.625,8.5625,6.75343791859778,11.17946468934515,218.2556,120.0406,33.8296,tanker,LNG,Kolkata_SMPK,Chennai
6,3,2,28073,11.7,83.7,856,2.83,1601.6129999999996,0.8370000000000001,9.7929,6.75343791859778,10.24259916009427,133.7625,90.9585,21.4187,tanker,MGO,Kolkata_SMPK,Chennai
1,2,0,34470,22.9,76.4,348,0.5,12008.988999999998,0.764,17.4956,5.855071922202427,10.44787366982408,149.2878,82.1083,23.1396,container_ship,LNG,Kochi,New_Mangalore
6,0,2,47959,15.4,76.2,18,1.49,3652.264,0.762,11.7348,2.9444389791664403,10.77812260914145,5.9568,3.0975,0.8848,tanker,HFO,Chennai,Kamarajar
3,0,2,19799,11.8,59.5,491,1.29,1643.0320000000004,0.595,7.021,6.198478716492308,9.893437216682626,51.6204,26.8426,7.6676,general_cargo,HFO,Visakhapatnam,Kolkata_SMPK
5,2,2,6679,16.4,74.9,396,2.44,4410.943999999999,0.7490000000000001,12.283600000000002,5.983936280687191,8.806873266530692,33.4268,18.3847,5.1811,ro_ro,LNG,Chennai,Visakhapatnam
3,3,2,17741,11.0,59.3,396,2.88,1331.0,0.593,6.523,5.983936280687191,9.783689989080532,32.7047,22.2392,5.2368,general_cargo,MGO,Chennai,Visakhapatnam
6,3,2,50271,13.0,82.7,396,0.55,2197.0,0.8270000000000001,10.751000000000001,5.983936280687191,10.825203541055348,87.5824,59.556,14.0241,tanker,MGO,Chennai,Visakhapatnam
6,0,2,25705,12.0,82.8,217,2.35,1728.0,0.828,9.936,5.384495062789089,10.154479706670077,31.6747,16.4708,4.7049,tanker,HFO,Paradip,Kolkata_SMPK
0,3,2,59816,14.4,88.4,419,1.38,2985.9840000000004,0.884,12.7296,6.040254711277414,10.99904518047501,144.6423,98.3568,23.1608,bulk_carrier,MGO,Kochi,Mormugao
4,1,1,4545,28.0,86.8,229,2.05,21952.0,0.868,24.304,5.438079308923196,8.422003004412488,21.5507,68.9622,1.5516,passenger,Hydrogen,Kolkata_SMPK,Paradip
6,3,2,39701,11.4,67.4,788,1.65,1481.544,0.674,7.683600000000001,6.670766320845874,10.589156843240115,112.4138,76.4414,18.0003,tanker,MGO,Port_Blair,Chennai
1,3,0,12578,19.9,58.5,406,2.49,7880.598999999998,0.585,11.641499999999999,6.008813185442595,9.439784035838873,86.8001,59.0241,13.8989,container_ship,MGO,Visakhapatnam,Chennai
0,0,2,42726,15.3,73.5,347,3.0,3581.5770000000007,0.735,11.2455,5.8522024797744745,10.662586317888776,130.2303,67.7198,19.3443,bulk_carrier,HFO,Mormugao,Mumbai
1,0,2,34898,17.4,52.5,538,2.01,5268.0239999999985,0.525,9.135,6.289715570908998,10.460213454484876,179.2732,93.2221,26.6291,container_ship,HFO,Kochi,Chennai
6,3,1,55620,12.5,59.0,542,3.43,1953.125,0.59,7.375,6.297109319933935,10.926316106770527,137.6315,93.5894,22.0382,tanker,MGO,Chennai,Kochi
4,1,0,3808,22.5,67.0,183,3.08,11390.625,0.67,15.075000000000001,5.214935757608986,8.245121966478605,8.926,28.5631,0.6427,passenger,Hydrogen,Tuticorin,Kochi
3,3,2,14985,13.8,74.7,491,0.55,2628.0720000000006,0.747,10.3086,6.198478716492308,9.614871710924255,47.0699,32.0075,7.5371,general_cargo,MGO,Visakhapatnam,Kolkata_SMPK
6,2,2,27184,11.2,88.8,189,2.65,1404.9279999999997,0.888,9.945599999999999,5.247024072160486,10.210420629580021,21.6898,11.9294,3.3619,tanker,LNG,Kochi,Tuticorin
6,3,1,37083,10.6,54.7,859,3.43,1191.0159999999998,0.547,5.7982000000000005,6.756932389247553,10.520940888726873,121.2675,82.4619,19.418,tanker,MGO,Mumbai,Kochi
2,1,0,884,18.8,78.7,419,2.96,6644.6720000000005,0.787,14.7956,6.040254711277414,6.785587645007929,5.761,18.4351,0.4148,ferry,Hydrogen,Kamarajar,Visakhapatnam
0,0,2,42343,13.8,63.0,1181,3.29,2628.0720000000006,0.63,8.694,7.074963197966044,10.653582013537823,337.3818,175.4386,50.1144,bulk_carrier,HFO,Chennai,Mumbai
6,0,2,23117,14.8,94.1,757,2.85,3241.7920000000004,0.941,13.9268,6.630683385642372,10.048366813854212,172.9241,89.9205,25.686,tanker,HFO,Port_Blair,Tuticorin
0,0,2,45319,10.7,66.6,870,2.99,1225.0429999999997,0.6659999999999999,7.126199999999999,6.769641976852503,10.721503715141942,149.2985,77.6352,22.1767,bulk_carrier,HFO,Kochi,JNPA
6,2,1,25705,11.3,57.3,411,0.63,1442.8970000000002,0.573,6.4749,6.021023349349527,10.154479706670077,29.0703,15.9887,4.5059,tanker,LNG,Visakhapatnam,Kamarajar
0,0,2,48674,9.6,93.5,1181,2.44,884.7359999999999,0.935,8.976,7.074963197966044,10.7929208302404,190.519,99.0699,28.2995,bulk_carrier,HFO,Chennai,Mumbai
1,0,2,9661,19.0,86.3,217,1.27,6859.0,0.863,16.397,5.384495062789089,9.175955945114351,40.0351,20.8182,5.9468,container_ship,HFO,Paradip,Kolkata_SMPK
6,0,2,68994,12.3,54.5,700,2.02,1860.8670000000004,0.545,6.703500000000001,6.55250788703459,11.141789317185655,194.4848,101.1321,28.8886,tanker,HFO,Paradip,Chennai
1,0,2,13324,13.9,73.2,757,2.97,2685.619,0.732,10.1748,6.630683385642372,9.497397249034046,97.8397,50.8767,14.533,container_ship,HFO,Port_Blair,Tuticorin
0,0,2,30900,11.7,84.7,853,2.28,1601.6129999999996,0.847,9.909899999999999,6.74993119378857,10.33854382482173,133.0375,69.1795,19.7613,bulk_carrier,HFO,Chennai,Kolkata_SMPK
6,2,0,47767,14.6,65.4,507,0.88,3112.136,0.654,9.5484,6.230481447578482,10.774111238226828,107.4714,59.1093,16.6581,tanker,LNG,Mumbai,New_Mangalore
3,3,2,16651,13.3,74.8,290,3.38,2352.637,0.748,9.948400000000001,5.673323267171493,9.720285608314866,36.7342,24.9793,5.8821,general_cargo,MGO,JNPA,Kandla
3,3,1,7216,11.0,59.6,347,0.79,1331.0,0.596,6.556,5.8522024797744745,8.884194633072273,14.4378,9.8177,2.3119,general_cargo,MGO,Mormugao,Mumbai
5,3,1,4206,18.4,94.6,311,3.46,6229.503999999999,0.946,17.406399999999998,5.7430031878094825,8.344505083590521,34.4076,23.3972,5.5095,ro_ro,MGO,Paradip,Visakhapatnam
0,0,2,56365,11.3,93.1,1196,1.83,1442.8970000000002,0.9309999999999999,10.5203,7.087573705557973,10.939621418827507,274.3387,142.6561,40.75,bulk_carrier,HFO,Chennai,JNPA
0,0,2,33529,12.7,64.2,422,2.69,2048.383,0.642,8.1534,6.0473721790462776,10.420195839460273,78.8406,40.9971,11.7109,bulk_carrier,HFO,Mormugao,Kochi
1,3,1,35698,19.6,73.8,1179,2.47,7529.536000000002,0.738,14.4648,7.07326971745971,10.482877956170928,507.361,345.0055,81.2412,container_ship,MGO,Mumbai,Chennai
1,2,0,17470,20.4,98.1,229,3.01,8489.663999999999,0.981,20.0124,5.438079308923196,9.768297642474444,70.6573,38.8615,10.9519,container_ship,LNG,Kolkata_SMPK,Paradip
0,3,2,49115,13.4,77.6,507,0.94,2406.1040000000003,0.7759999999999999,10.398399999999999,6.230481447578482,10.801940126280403,124.5072,84.6649,19.9367,bulk_carrier,MGO,Mumbai,New_Mangalore
0,3,2,58242,14.2,56.2,521,2.16,2863.2879999999996,0.562,7.9804,6.257667587882639,10.972379192532934,156.3942,106.3481,25.0426,bulk_carrier,MGO,Kandla,Mormugao
1,0,2,34470,22.0,67.8,396,3.24,10648.0,0.6779999999999999,14.915999999999999,5.983936280687191,10.44787366982408,251.3209,130.6869,37.331,container_ship,HFO,Chennai,Visakhapatnam
6,3,0,35987,10.2,65.8,18,0.38,1061.2079999999999,0.6579999999999999,6.711599999999999,2.9444389791664403,10.49094082853701,1.869,1.2709,0.2993,tanker,MGO,Chennai,Kamarajar
2,5,2,1735,11.5,95.1,24,2.5,1520.875,0.951,10.936499999999999,3.2188758248682006,7.459338895220296,5.8012,0.6961,0.0171,ferry,Shore_Power,JNPA,Mumbai
3,3,2,13823,11.8,91.5,359,1.88,1643.0320000000004,0.915,10.797,5.886104031450156,9.534161491043838,32.0726,21.8093,5.1356,general_cargo,MGO,Mormugao,JNPA
0,2,2,60013,11.1,79.6,217,3.39,1367.6309999999999,0.7959999999999999,8.8356,5.384495062789089,11.002333147319582,44.1631,24.2897,6.8453,bulk_carrier,LNG,Paradip,Kolkata_SMPK
1,3,0,31457,11.9,68.6,276,2.46,1685.159,0.6859999999999999,8.1634,5.6240175061873385,10.356408601800588,45.7806,31.1308,7.3306,container_ship,MGO,Mumbai,Kandla
0,2,0,32714,14.9,91.9,518,0.9,3307.949,0.919,13.693100000000001,6.251903883165888,10.395588967303839,107.8503,59.3177,16.7168,bulk_carrier,LNG,JNPA,New_Mangalore
0,0,2,58242,14.4,73.0,757,0.94,2985.9840000000004,0.73,10.512,6.630683385642372,10.972379192532934,245.1037,127.4539,36.4075,bulk_carrier,HFO,Port_Blair,Tuticorin
6,3,2,23323,10.3,67.8,176,2.65,1092.7270000000003,0.6779999999999999,6.9834,5.176149732573829,10.057238152342046,17.2583,11.7356,2.7635,tanker,MGO,Mormugao,New_Mangalore
0,2,2,29708,15.0,86.7,311,2.15,3375.0,0.867,13.004999999999999,5.7430031878094825,10.299205309189412,61.4011,33.7706,9.5172,bulk_carrier,LNG,Paradip,Visakhapatnam
0,0,2,63249,14.2,82.7,290,1.89,2863.2879999999996,0.8270000000000001,11.743400000000001,5.673323267171493,11.054850406589766,107.2123,55.7504,15.9252,bulk_carrier,HFO,Kandla,JNPA
3,3,2,16651,10.5,80.1,297,2.84,1157.625,0.8009999999999999,8.410499999999999,5.697093486505405,9.720285608314866,25.9006,17.6124,4.1473,general_cargo,MGO,JNPA,Kandla
2,3,2,2604,13.2,71.5,347,2.25,2299.968,0.715,9.437999999999999,5.8522024797744745,7.865187954187467,12.0299,8.1803,1.9263,ferry,MGO,Mormugao,Mumbai
3,3,1,7216,16.0,78.2,24,0.62,4096.0,0.782,12.512,3.2188758248682006,8.884194633072273,2.2116,1.5039,0.3541,general_cargo,MGO,JNPA,Mumbai
3,0,2,15643,13.2,99.4,358,2.09,2299.968,0.9940000000000001,13.120800000000001,5.883322388488279,9.657842735875406,44.6642,23.2254,6.6344,general_cargo,HFO,JNPA,Mormugao
6,0,2,72064,10.9,69.4,856,2.81,1295.0290000000002,0.6940000000000001,7.564600000000001,6.75343791859778,11.185323768517204,213.8145,111.1835,31.7598,tanker,HFO,Kolkata_SMPK,Chennai
4,1,2,4545,23.8,69.0,518,2.03,13481.272,0.69,16.422,6.251903883165888,8.422003004412488,30.4678,97.4968,2.1937,passenger,Hydrogen,JNPA,New_Mangalore
1,3,1,30177,17.2,83.3,700,0.4,5088.447999999999,0.833,14.327599999999999,6.55250788703459,10.314868461073596,187.6155,127.5785,30.0419,container_ship,MGO,Paradip,Chennai
3,3,1,14844,10.8,89.9,297,1.79,1259.7120000000002,0.899,9.709200000000001,5.697093486505405,9.60541838719786,24.4561,16.6301,3.916,general_cargo,MGO,JNPA,Kandla
6,0,0,55666,10.6,76.3,518,0.67,1191.0159999999998,0.763,8.0878,6.251903883165888,10.927142790736806,87.9916,45.7556,13.0702,tanker,HFO,JNPA,New_Mangalore
0,0,2,58242,13.5,55.7,347,3.02,2460.375,0.557,7.519500000000001,5.8522024797744745,10.972379192532934,114.4254,59.5012,16.9966,bulk_carrier,HFO,Mormugao,Mumbai
0,2,2,64303,9.8,76.0,18,2.1,941.1920000000002,0.76,7.448,2.9444389791664403,11.071377116688982,2.7336,1.5035,0.4237,bulk_carrier,LNG,Chennai,Kamarajar
0,2,2,49115,14.3,77.2,290,3.11,2924.2070000000003,0.772,11.0396,5.673323267171493,10.801940126280403,78.0536,42.9295,12.0983,bulk_carrier,LNG,JNPA,Kandla
6,3,2,45552,11.9,55.9,370,1.98,1685.159,0.5589999999999999,6.6521,5.916202062607435,10.726631762209768,67.1414,45.6562,10.751,tanker,MGO,Chennai,Tuticorin
6,0,2,37289,14.0,85.7,853,1.7,2744.0,0.857,11.998,6.74993119378857,10.526480473172866,220.9091,114.8727,32.8136,tanker,HFO,Chennai,Kolkata_SMPK
0,0,1,58095,12.5,62.7,364,2.88,1953.125,0.627,7.8375,5.8998973535824915,10.969852093654117,95.3209,49.5668,14.1589,bulk_carrier,HFO,Tuticorin,Chennai
6,2,1,56969,12.3,76.6,313,1.46,1860.8670000000004,0.7659999999999999,9.4218,5.749392985908253,10.950280092474442,59.2111,32.5661,9.1777,tanker,LNG,Visakhapatnam,Paradip
2,1,2,884,18.4,56.7,422,0.69,6229.503999999999,0.5670000000000001,10.4328,6.0473721790462776,6.785587645007929,4.0939,13.1005,0.2948,ferry,Hydrogen,Mormugao,Kochi
5,2,1,8727,13.6,96.2,229,0.83,2515.4559999999997,0.9620000000000001,13.083200000000001,5.438079308923196,9.074291527512907,14.9889,8.2439,2.3233,ro_ro,LNG,Kolkata_SMPK,Paradip
0,3,2,29708,15.2,75.6,1190,3.06,3511.8079999999995,0.7559999999999999,11.491199999999997,7.0825485693553,10.299205309189412,329.0522,223.7555,52.6895,bulk_carrier,MGO,JNPA,Chennai
3,0,0,5817,11.5,85.5,347,2.0,1520.875,0.855,9.8325,5.8522024797744745,8.668711839055147,17.8112,9.2618,2.6457,general_cargo,HFO,Mormugao,Mumbai
0,0,2,34731,11.3,54.3,422,1.57,1442.8970000000002,0.5429999999999999,6.1358999999999995,6.0473721790462776,10.455416731180536,57.403,29.8496,8.5266,bulk_carrier,HFO,Mormugao,Kochi
4,2,1,2268,18.4,89.5,282,2.77,6229.503999999999,0.895,16.468,5.645446897643238,7.727094484779841,16.5892,9.124,2.5713,passenger,LNG,Mumbai,Kandla
1,4,2,26077,19.3,68.6,411,0.93,7189.057000000001,0.6859999999999999,13.239799999999999,6.021023349349527,10.168847325983418,278.6644,97.5325,16.0817,container_ship,Methanol,Visakhapatnam,Kamarajar
6,0,2,55468,16.4,69.9,521,1.39,4410.943999999999,0.6990000000000001,11.4636,6.257667587882639,10.923579585124024,222.7344,115.8219,33.0847,tanker,HFO,Kandla,Mormugao
6,2,2,39649,13.5,65.6,859,1.85,2460.375,0.6559999999999999,8.855999999999998,6.756932389247553,10.587846227062993,160.4372,88.2405,24.8678,tanker,LNG,Mumbai,Kochi
5,3,2,7575,14.3,90.2,347,1.19,2924.2070000000003,0.902,12.898600000000002,5.8522024797744745,8.932740634865914,28.068,19.0862,4.4944,ro_ro,MGO,Mormugao,Mumbai
5,0,0,8727,18.2,87.6,507,1.62,6028.567999999999,0.8759999999999999,15.943199999999997,6.230481447578482,9.074291527512907,78.9756,41.0673,11.731,ro_ro,HFO,Mumbai,New_Mangalore
6,2,0,37289,14.7,84.5,345,0.62,3176.5229999999997,0.845,12.421499999999998,5.846438775057725,10.526480473172866,70.122,38.5671,10.8689,tanker,LNG,New_Mangalore,Kochi
2,5,2,536,15.6,65.5,859,2.47,3796.4159999999997,0.655,10.218,6.756932389247553,6.285998094508865,172.8961,20.7475,0.5104,ferry,Shore_Power,Mumbai,Kochi
0,0,1,60013,10.3,93.0,406,3.15,1092.7270000000003,0.93,9.579,6.008813185442595,11.002333147319582,91.0181,47.3294,13.5197,bulk_carrier,HFO,Visakhapatnam,Chennai
6,2,2,50271,17.1,96.3,518,1.94,5000.211000000001,0.963,16.4673,6.251903883165888,10.825203541055348,220.1616,121.0889,34.125,tanker,LNG,JNPA,New_Mangalore
3,3,2,18455,11.2,56.4,856,3.32,1404.9279999999997,0.564,6.316799999999999,6.75343791859778,9.823144799853589,92.97,63.2196,14.8868,general_cargo,MGO,Kolkata_SMPK,Chennai
3,0,2,7216,12.3,52.4,22,0.83,1860.8670000000004,0.524,6.445200000000001,3.1354942159291497,8.884194633072273,1.0724,0.5577,0.1593,general_cargo,HFO,Mumbai,JNPA
5,0,2,4651,18.4,85.7,364,2.57,6229.503999999999,0.857,15.768799999999999,5.8998973535824915,8.445052513638554,42.1756,21.9313,6.2647,ro_ro,HFO,Tuticorin,Chennai
6,2,2,47767,14.4,85.0,757,0.86,2985.9840000000004,0.85,12.24,6.630683385642372,10.774111238226828,181.6476,99.9062,28.1554,tanker,LNG,Port_Blair,Tuticorin
3,3,2,17741,9.5,87.8,422,1.55,857.375,0.878,8.341,6.0473721790462776,9.783689989080532,27.8864,18.9627,4.4653,general_cargo,MGO,Mormugao,Kochi
0,0,0,71338,10.7,62.0,521,1.81,1225.0429999999997,0.62,6.6339999999999995,6.257667587882639,11.175198441433086,103.8848,54.0201,15.4309,bulk_carrier,HFO,Kandla,Mormugao
3,3,0,17741,8.8,61.3,277,3.03,681.4720000000002,0.613,5.3944,5.627621113690637,9.783689989080532,16.0552,10.9175,2.5708,general_cargo,MGO,Kandla,Mumbai
5,0,2,6851,16.3,79.5,406,2.2,4330.747,0.795,12.9585,6.008813185442595,8.832295859444011,45.3275,23.5703,6.7329,ro_ro,HFO,Visakhapatnam,Chennai
0,0,1,41493,10.7,98.7,788,1.17,1225.0429999999997,0.987,10.560899999999998,6.670766320845874,10.633304117453084,111.3577,57.906,16.541,bulk_carrier,HFO,Port_Blair,Chennai
6,0,1,47959,13.6,74.5,18,0.69,2515.4559999999997,0.745,10.132,2.9444389791664403,10.77812260914145,4.4046,2.2904,0.6543,tanker,HFO,Chennai,Kamarajar
0,2,2,48674,10.1,96.0,217,1.48,1030.301,0.96,9.696,5.384495062789089,10.7929208302404,24.2434,13.3339,3.7577,bulk_carrier,LNG,Paradip,Kolkata_SMPK
0,2,2,40297,11.3,80.9,521,1.85,1442.8970000000002,0.809,9.141700000000002,6.257667587882639,10.604057118911712,72.3615,39.7988,11.216,bulk_carrier,LNG,Kandla,Mormugao
5,0,0,6679,14.9,56.7,853,1.07,3307.949,0.5670000000000001,8.448300000000001,6.74993119378857,8.806873266530692,64.1636,33.3651,9.5308,ro_ro,HFO,Chennai,Kolkata_SMPK
1,4,2,33073,12.1,70.5,22,1.88,1771.561,0.705,8.5305,3.1354942159291497,10.406502754210141,6.5592,2.2957,0.3785,container_ship,Methanol,Mumbai,JNPA
1,4,2,12017,17.0,55.6,189,0.9,4913.0,0.556,9.452000000000002,5.247024072160486,9.394160804893874,52.7425,18.4599,3.0438,container_ship,Methanol,Kochi,Tuticorin
3,3,2,15643,9.9,89.3,505,2.18,970.2990000000001,0.893,8.8407,6.226536669287466,9.657842735875406,36.1796,24.6021,5.7933,general_cargo,MGO,New_Mangalore,Mumbai
3,0,2,18455,11.5,63.1,859,1.15,1520.875,0.631,7.2565,6.756932389247553,9.823144799853589,78.0152,40.5679,11.5883,general_cargo,HFO,Mumbai,Kochi
6,2,2,45552,12.5,65.5,370,1.51,1953.125,0.655,8.1875,5.916202062607435,10.726631762209768,55.5217,30.5369,8.6059,tanker,LNG,Chennai,Tuticorin
0,3,2,58420,12.0,86.0,505,3.13,1728.0,0.86,10.32,6.226536669287466,10.975430693220769,126.5481,86.0527,20.2635,bulk_carrier,MGO,New_Mangalore,Mumbai
0,3,2,59816,11.9,66.5,542,2.79,1685.159,0.665,7.913500000000001,6.297109319933935,10.99904518047501,127.2038,86.4986,20.3685,bulk_carrier,MGO,Chennai,Kochi
0,0,2,59816,10.7,84.7,856,1.11,1225.0429999999997,0.847,9.062899999999999,6.75343791859778,10.99904518047501,168.7171,87.7329,25.0611,bulk_carrier,HFO,Kolkata_SMPK,Chennai
1,2,2,8659,13.1,59.7,229,2.65,2248.091,0.597,7.8206999999999995,5.438079308923196,9.06647000155648,14.5966,8.0281,2.2625,container_ship,LNG,Kolkata_SMPK,Paradip
3,0,0,5817,14.7,94.2,542,2.23,3176.5229999999997,0.9420000000000001,13.8474,6.297109319933935,8.668711839055147,47.001,24.4405,6.9815,general_cargo,HFO,Chennai,Kochi
5,3,0,7575,17.5,61.2,1190,1.91,5359.375,0.612,10.709999999999999,7.0825485693553,8.932740634865914,136.7654,93.0004,21.8996,ro_ro,MGO,JNPA,Chennai
3,3,0,17741,12.7,56.8,419,1.93,2048.383,0.568,7.213599999999999,6.040254711277414,9.783689989080532,50.7341,34.4992,8.1238,general_cargo,MGO,Kochi,Mormugao
0,3,1,35729,13.6,60.1,297,3.44,2515.4559999999997,0.601,8.173599999999999,5.697093486505405,10.483745951017456,66.5656,45.2646,10.6588,bulk_carrier,MGO,JNPA,Kandla
0,0,2,38293,15.8,53.8,757,1.12,3944.3120000000004,0.5379999999999999,8.500399999999999,6.630683385642372,10.55304850493315,215.3756,111.9953,31.9917,bulk_carrier,HFO,Port_Blair,Tuticorin
0,3,2,29708,16.5,82.5,542,1.78,4492.125,0.825,13.612499999999999,6.297109319933935,10.299205309189412,154.1638,104.8314,24.6855,bulk_carrier,MGO,Chennai,Kochi
1,2,2,16607,18.6,75.6,761,2.35,6434.856000000002,0.7559999999999999,14.061599999999999,6.635946555686647,9.717639785965615,166.5582,91.607,25.8165,container_ship,LNG,Tuticorin,Port_Blair
1,3,0,17470,19.9,77.9,17,3.2,7880.598999999998,0.779,15.502099999999999,2.8903717578961645,9.768297642474444,5.1798,3.5223,0.8294,container_ship,MGO,Kamarajar,Chennai
2,2,2,932,11.6,73.8,277,0.97,1560.896,0.738,8.5608,5.627621113690637,6.838405200847344,2.8001,1.54,0.434,ferry,LNG,Kandla,Mumbai
6,3,2,39701,14.3,81.4,542,2.02,2924.2070000000003,0.8140000000000001,11.640200000000002,6.297109319933935,10.589156843240115,132.1402,89.8553,21.1589,tanker,MGO,Chennai,Kochi
6,3,0,27184,13.9,88.2,419,1.22,2685.619,0.882,12.2598,6.040254711277414,10.210420629580021,76.7396,52.1829,12.2879,tanker,MGO,Kamarajar,Visakhapatnam
0,2,2,47170,9.6,67.1,529,1.35,884.7359999999999,0.6709999999999999,6.441599999999999,6.272877006546167,10.761534575968792,44.4166,24.4291,6.8846,bulk_carrier,LNG,Mormugao,Kandla
0,3,2,45790,9.5,72.9,876,2.43,857.375,0.7290000000000001,6.925500000000001,6.776506992372183,10.731842844242117,110.1582,74.9076,17.6391,bulk_carrier,MGO,JNPA,Kochi
0,0,2,32714,13.5,99.9,870,0.87,2460.375,0.9990000000000001,13.486500000000001,6.769641976852503,10.395588967303839,178.7481,92.949,26.5511,bulk_carrier,HFO,Kochi,JNPA
1,0,2,36763,24.0,97.9,313,1.42,13824.0,0.9790000000000001,23.496000000000002,5.749392985908253,10.512274384478,213.3572,110.9458,31.6919,container_ship,HFO,Visakhapatnam,Paradip
0,0,2,34473,11.5,51.3,286,1.89,1520.875,0.513,5.8995,5.659482215759621,10.447960695714336,39.9866,20.793,5.9396,bulk_carrier,HFO,Kandla,JNPA
0,0,1,56365,10.5,88.9,358,2.96,1157.625,0.889,9.3345,5.883322388488279,10.939621418827507,74.2234,38.5961,11.0251,bulk_carrier,HFO,JNPA,Mormugao
6,2,2,66768,14.3,76.7,757,2.45,2924.2070000000003,0.767,10.968100000000002,6.630683385642372,11.108994179953779,233.1568,128.2362,36.1393,tanker,LNG,Port_Blair,Tuticorin
0,2,2,58490,13.2,95.9,311,1.68,2299.968,0.9590000000000001,12.658800000000001,5.7430031878094825,10.976628175230568,76.4972,42.0734,11.8571,bulk_carrier,LNG,Paradip,Visakhapatnam
5,3,2,8843,22.2,61.5,17,3.22,10941.047999999999,0.615,13.652999999999999,2.8903717578961645,9.087494541977337,4.2408,2.8838,0.6791,ro_ro,MGO,Kamarajar,Chennai
4,1,2,3808,21.4,67.4,347,3.2,9800.343999999997,0.674,14.4236,5.8522024797744745,8.245121966478605,16.5552,52.9767,1.192,passenger,Hydrogen,Mormugao,Mumbai
1,0,1,21825,15.4,69.4,856,2.47,3652.264,0.6940000000000001,10.687600000000002,6.75343791859778,9.990857198673035,186.5167,96.9887,27.705,container_ship,HFO,Kolkata_SMPK,Chennai
6,2,2,56969,11.3,71.7,282,1.59,1442.8970000000002,0.7170000000000001,8.102100000000002,5.645446897643238,10.950280092474442,44.2975,24.3636,6.8661,tanker,LNG,Mumbai,Kandla
0,3,1,63249,11.4,99.4,349,3.27,1481.544,0.9940000000000001,11.331600000000002,5.857933154483459,11.054850406589766,98.5784,67.0333,15.7849,bulk_carrier,MGO,Mumbai,Mormugao
0,3,0,32714,10.3,95.7,692,3.37,1092.7270000000003,0.9570000000000001,9.8571,6.541029999189903,10.395588967303839,98.8833,67.2407,15.8337,bulk_carrier,MGO,Chennai,Paradip
0,2,2,34473,10.2,78.6,797,2.64,1061.2079999999999,0.7859999999999999,8.017199999999999,6.682108597449809,10.447960695714336,90.0321,49.5176,13.955,bulk_carrier,LNG,Chennai,Port_Blair
1,4,2,12578,23.2,91.8,521,0.72,12487.168,0.9179999999999999,21.2976,6.257667587882639,9.439784035838873,352.4779,123.3673,20.3415,container_ship,Methanol,Kandla,Mormugao
3,3,2,17741,11.2,62.1,189,3.28,1404.9279999999997,0.621,6.9552,5.247024072160486,9.783689989080532,16.8923,11.4867,2.7049,general_cargo,MGO,Kochi,Tuticorin
4,3,0,3081,20.1,54.6,859,0.58,8120.6010000000015,0.546,10.974600000000002,6.756932389247553,8.033334015880062,67.4847,45.8896,10.806,passenger,MGO,Mumbai,Kochi
0,2,2,58420,10.8,88.0,1190,0.42,1259.7120000000002,0.88,9.504000000000001,7.0825485693553,10.975430693220769,190.8704,104.9787,29.5849,bulk_carrier,LNG,JNPA,Chennai
3,3,2,17741,12.6,81.6,189,1.78,2000.3759999999997,0.816,10.2816,5.247024072160486,9.783689989080532,20.8699,14.1916,3.3418,general_cargo,MGO,Kochi,Tuticorin
1,4,2,12578,23.9,79.1,538,1.4,13651.918999999998,0.7909999999999999,18.904899999999998,6.289715570908998,9.439784035838873,317.286,111.0501,18.3106,container_ship,Methanol,Kochi,Chennai
1,0,2,30177,19.4,96.8,276,1.75,7301.383999999998,0.968,18.7792,5.6240175061873385,10.314868461073596,124.2852,64.6283,18.4612,container_ship,HFO,Kandla,Mumbai
1,4,0,26077,16.0,63.7,1196,0.91,4096.0,0.637,10.192,7.087573705557973,10.168847325983418,558.538,195.4883,32.2332,container_ship,Methanol,Chennai,JNPA
3,3,2,18455,10.7,76.7,757,2.24,1225.0429999999997,0.767,8.2069,6.630683385642372,9.823144799853589,72.8396,49.5309,11.6634,general_cargo,MGO,Port_Blair,Tuticorin
6,3,1,42416,11.0,96.0,169,1.59,1331.0,0.96,10.559999999999999,5.135798437050262,10.65530450425995,26.4418,17.9805,4.234,tanker,MGO,New_Mangalore,Mormugao
0,3,2,63697,10.1,66.8,876,2.45,1030.301,0.6679999999999999,6.7467999999999995,6.776506992372183,11.061908443893099,134.3161,91.3349,21.5074,bulk_carrier,MGO,JNPA,Kochi
0,0,2,45319,14.5,86.8,370,0.65,3048.625,0.868,12.586,5.916202062607435,10.721503715141942,102.0532,53.0676,15.1589,bulk_carrier,HFO,Chennai,Tuticorin
3,3,2,17380,10.8,86.5,542,2.4,1259.7120000000002,0.865,9.342,6.297109319933935,9.76313293456348,53.0033,36.0423,8.4872,general_cargo,MGO,Chennai,Kochi
0,0,2,58420,11.8,69.1,518,1.55,1643.0320000000004,0.691,8.1538,6.251903883165888,10.975430693220769,122.2463,63.5681,18.1583,bulk_carrier,HFO,JNPA,New_Mangalore
6,2,2,28073,12.1,56.5,217,2.23,1771.561,0.565,6.836499999999999,5.384495062789089,10.24259916009427,26.0724,14.3398,4.0412,tanker,LNG,Paradip,Kolkata_SMPK
0,0,0,48674,9.6,67.2,24,0.88,884.7359999999999,0.672,6.4512,3.2188758248682006,10.7929208302404,3.1097,1.617,0.4619,bulk_carrier,HFO,JNPA,Mumbai
6,3,1,59471,11.2,68.3,290,1.24,1404.9279999999997,0.6829999999999999,7.649599999999999,5.673323267171493,10.993260892537034,54.8649,37.3081,8.7852,tanker,MGO,JNPA,Kandla
0,0,2,40297,12.1,60.1,1181,1.89,1771.561,0.601,7.272099999999999,7.074963197966044,10.604057118911712,221.9006,115.3883,32.9609,bulk_carrier,HFO,Chennai,Mumbai
1,4,0,35698,17.2,57.1,297,1.43,5088.447999999999,0.5710000000000001,9.821200000000001,5.697093486505405,10.482877956170928,207.3382,72.5684,11.9655,container_ship,Methanol,JNPA,Kandla
1,0,2,9661,15.2,88.6,518,1.02,3511.8079999999995,0.8859999999999999,13.467199999999998,6.251903883165888,9.175955945114351,59.3095,30.841,8.8098,container_ship,HFO,JNPA,New_Mangalore
0,3,2,71338,14.9,96.7,24,0.64,3307.949,0.9670000000000001,14.408300000000002,3.2188758248682006,11.175198441433086,9.9484,6.7649,1.593,bulk_carrier,MGO,JNPA,Mumbai
0,0,2,47170,13.1,53.9,692,2.7,2248.091,0.539,7.0609,6.541029999189903,10.761534575968792,169.0208,87.8908,25.1062,bulk_carrier,HFO,Chennai,Paradip
4,1,2,4149,23.1,83.5,1196,0.37,12326.391000000001,0.835,19.2885,7.087573705557973,8.330863613224745,51.2502,164.0006,3.69,passenger,Hydrogen,Chennai,JNPA
0,0,2,45790,10.8,91.4,18,1.54,1259.7120000000002,0.914,9.871200000000002,2.9444389791664403,10.731842844242117,3.129,1.6271,0.4648,bulk_carrier,HFO,Chennai,Kamarajar
6,3,2,55468,16.0,81.3,22,3.4,4096.0,0.813,13.008,3.1354942159291497,10.923579585124024,10.4949,7.1366,1.6805,tanker,MGO,Mumbai,JNPA
4,1,1,3808,17.2,63.7,505,2.11,5088.447999999999,0.637,10.9564,6.226536669287466,8.245121966478605,13.2277,42.3288,0.9524,passenger,Hydrogen,New_Mangalore,Mumbai
2,5,2,1735,14.9,90.0,422,2.78,3307.949,0.9,13.41,6.0473721790462776,7.459338895220296,206.2771,24.7533,0.6089,ferry,Shore_Power,Mormugao,Kochi
4,2,1,3081,22.6,89.4,419,2.18,11543.176000000001,0.894,20.204400000000003,6.040254711277414,8.033334015880062,41.2271,22.6749,6.3902,passenger,LNG,Kochi,Mormugao
6,0,1,45552,15.2,78.0,528,2.3,3511.8079999999995,0.78,11.856,6.270988431858299,10.726631762209768,204.3306,106.2519,30.3511,tanker,HFO,New_Mangalore,JNPA
0,3,0,63697,13.6,87.6,176,1.35,2515.4559999999997,0.8759999999999999,11.913599999999999,5.176149732573829,11.061908443893099,48.6868,33.107,7.796,bulk_carrier,MGO,Mormugao,New_Mangalore
3,3,0,15643,13.3,86.7,761,2.64,2352.637,0.867,11.5311,6.635946555686647,9.657842735875406,104.9415,71.3602,16.8038,general_cargo,MGO,Tuticorin,Port_Blair
0,2,2,30900,13.0,93.2,17,0.34,2197.0,0.932,12.116000000000001,2.8903717578961645,10.33854382482173,2.4448,1.3447,0.379,bulk_carrier,LNG,Kamarajar,Chennai
5,2,2,7575,16.8,84.6,217,2.8,4741.6320000000005,0.846,14.2128,5.384495062789089,8.932740634865914,24.5008,13.4754,3.7976,ro_ro,LNG,Paradip,Kolkata_SMPK
4,3,2,3504,15.7,93.1,419,3.45,3869.8929999999996,0.9309999999999999,14.616699999999998,6.040254711277414,8.16194579946869,30.8288,20.9636,4.9365,passenger,MGO,Kochi,Mormugao
3,3,2,15648,12.6,98.1,521,0.5,2000.3759999999997,0.981,12.3606,6.257667587882639,9.658162296163171,48.5871,33.0392,7.78,general_cargo,MGO,Kandla,Mormugao
3,3,0,17380,12.7,82.6,1196,2.63,2048.383,0.826,10.4902,7.087573705557973,9.76313293456348,161.1903,109.6094,25.8106,general_cargo,MGO,Chennai,JNPA
1,4,2,17711,17.6,88.4,859,1.99,5451.776000000002,0.884,15.5584,6.756932389247553,9.781997654948418,407.225,142.5287,23.501,container_ship,Methanol,Mumbai,Kochi
1,3,0,41892,16.9,51.8,859,1.87,4826.808999999998,0.518,8.754199999999999,6.756932389247553,10.64287402751427,276.1513,187.7829,44.2187,container_ship,MGO,Mumbai,Kochi
3,3,2,7216,12.3,66.0,176,1.84,1860.8670000000004,0.66,8.118,5.176149732573829,8.884194633072273,9.6584,6.5677,1.5465,general_cargo,MGO,Mormugao,New_Mangalore
3,0,0,9058,11.0,71.1,286,2.08,1331.0,0.711,7.821,5.659482215759621,9.111514017669288,16.735,8.7022,2.4858,general_cargo,HFO,Kandla,JNPA
1,2,2,16607,19.5,76.2,359,1.48,7414.875,0.762,14.859,5.886104031450156,9.717639785965615,80.5595,44.3077,12.4867,container_ship,LNG,Mormugao,JNPA
0,3,2,41291,13.6,56.1,528,0.99,2515.4559999999997,0.561,7.629600000000001,6.270988431858299,10.62842405558548,108.4617,73.754,17.3674,bulk_carrier,MGO,New_Mangalore,JNPA
0,2,2,64303,8.9,93.9,692,2.62,704.969,0.9390000000000001,8.3571,6.541029999189903,11.071377116688982,91.8218,50.502,14.2324,bulk_carrier,LNG,Chennai,Paradip
6,2,2,42416,12.2,50.7,422,2.82,1815.8479999999997,0.507,6.1854,6.0473721790462776,10.65530450425995,66.4378,36.5408,10.2979,tanker,LNG,Mormugao,Kochi
0,0,0,44373,13.3,64.4,529,1.66,2352.637,0.644,8.5652,6.272877006546167,10.700408991312528,133.1927,69.2602,19.7843,bulk_carrier,HFO,Mormugao,Kandla
6,0,2,27184,13.2,76.8,18,0.31,2299.968,0.768,10.137599999999999,2.9444389791664403,10.210420629580021,2.8575,1.4859,0.4245,tanker,HFO,Chennai,Kamarajar
6,3,2,50271,13.6,75.7,311,1.62,2515.4559999999997,0.757,10.2952,5.7430031878094825,10.825203541055348,83.4333,56.7347,13.3598,tanker,MGO,Paradip,Visakhapatnam
4,2,1,2268,19.3,92.2,419,1.37,7189.057000000001,0.922,17.794600000000003,6.040254711277414,7.727094484779841,24.0506,13.2278,3.7278,passenger,LNG,Kochi,Mormugao
0,2,2,58242,12.4,53.0,313,3.46,1906.6240000000003,0.53,6.572000000000001,5.749392985908253,10.972379192532934,69.8438,38.4141,10.8258,bulk_carrier,LNG,Visakhapatnam,Paradip
1,4,0,33073,13.5,90.9,349,2.08,2460.375,0.909,12.2715,5.857933154483459,10.406502754210141,167.8638,58.7523,9.6874,container_ship,Methanol,Mumbai,Mormugao
6,0,2,39701,12.8,82.6,538,2.35,2097.1520000000005,0.826,10.5728,6.289715570908998,10.589156843240115,132.3618,68.8281,19.6609,tanker,HFO,Kochi,Chennai
1,3,2,37761,16.0,64.4,359,2.01,4096.0,0.644,10.304,5.886104031450156,10.539058584958477,100.7327,68.4982,16.1298,container_ship,MGO,Mormugao,JNPA
2,5,2,1735,12.3,59.6,364,1.89,1860.8670000000004,0.596,7.3308,5.8998973535824915,7.459338895220296,89.9989,10.7999,0.2657,ferry,Shore_Power,Tuticorin,Chennai
0,3,0,41493,10.1,95.3,22,1.98,1030.301,0.953,9.6253,3.1354942159291497,10.633304117453084,3.076,2.0917,0.4925,bulk_carrier,MGO,Mumbai,JNPA
0,3,2,70130,13.9,61.3,290,1.27,2685.619,0.613,8.5207,5.673323267171493,11.158120200662147,94.9387,64.5583,15.2021,bulk_carrier,MGO,Kandla,JNPA
6,2,2,59471,13.4,83.9,876,0.67,2406.1040000000003,0.8390000000000001,11.242600000000001,6.776506992372183,10.993260892537034,202.6306,111.4468,31.4077,tanker,LNG,JNPA,Kochi
5,2,2,8727,19.1,84.7,22,0.96,6967.871000000002,0.847,16.1777,3.1354942159291497,9.074291527512907,3.037,1.6703,0.4707,ro_ro,LNG,Mumbai,JNPA
0,3,2,35729,11.3,88.4,761,2.45,1442.8970000000002,0.884,9.9892,6.635946555686647,10.483745951017456,130.2883,88.5961,20.8624,bulk_carrier,MGO,Tuticorin,Port_Blair
1,2,2,12017,18.8,60.8,217,0.49,6644.6720000000005,0.608,11.4304,5.384495062789089,9.394160804893874,32.2789,17.7534,5.0032,container_ship,LNG,Paradip,Kolkata_SMPK
1,3,2,26077,20.3,82.2,189,0.54,8365.427000000001,0.8220000000000001,16.686600000000002,5.247024072160486,10.168847325983418,69.2067,47.0606,11.0817,container_ship,MGO,Kochi,Tuticorin
5,3,2,8727,17.8,74.9,542,2.69,5639.752,0.7490000000000001,13.332200000000002,6.297109319933935,9.074291527512907,82.9151,56.3823,13.2768,ro_ro,MGO,Chennai,Kochi
0,3,2,64303,10.9,67.1,518,0.78,1295.0290000000002,0.6709999999999999,7.313899999999999,6.251903883165888,11.071377116688982,96.7216,65.7707,15.4875,bulk_carrier,MGO,JNPA,New_Mangalore
3,0,0,5817,13.2,89.1,176,3.03,2299.968,0.8909999999999999,11.761199999999999,5.176149732573829,8.668711839055147,13.3988,6.9674,1.9902,general_cargo,HFO,Mormugao,New_Mangalore
0,3,0,60013,11.8,85.5,18,2.77,1643.0320000000004,0.855,10.089,2.9444389791664403,11.002333147319582,4.3968,2.9898,0.704,bulk_carrier,MGO,Chennai,Kamarajar
1,3,2,12578,20.3,97.7,313,1.58,8365.427000000001,0.977,19.8331,5.749392985908253,9.439784035838873,72.8119,49.5121,11.659,container_ship,MGO,Visakhapatnam,Paradip
0,2,2,42726,14.2,50.7,491,0.8,2863.2879999999996,0.507,7.1994,6.198478716492308,10.662586317888776,100.2672,55.147,15.5414,bulk_carrier,LNG,Visakhapatnam,Kolkata_SMPK
0,0,2,42343,13.0,83.2,17,2.74,2197.0,0.8320000000000001,10.816,2.8903717578961645,10.653582013537823,4.2707,2.2207,0.6344,bulk_carrier,HFO,Kamarajar,Chennai
0,0,2,49332,14.7,94.4,853,1.5,3176.5229999999997,0.9440000000000001,13.8768,6.74993119378857,10.806348507298559,282.6132,146.9589,41.9791,bulk_carrier,HFO,Chennai,Kolkata_SMPK
6,3,2,35987,13.4,94.9,176,3.4,2406.1040000000003,0.9490000000000001,12.716600000000001,5.176149732573829,10.49094082853701,41.7007,28.3565,6.6773,tanker,MGO,Mormugao,New_Mangalore
6,2,2,66768,11.1,57.6,853,0.94,1367.6309999999999,0.5760000000000001,6.3936,6.74993119378857,11.108994179953779,126.3514,69.4932,19.5845,tanker,LNG,Chennai,Kolkata_SMPK
0,3,2,59816,9.7,90.2,859,3.26,912.6729999999998,0.902,8.7494,6.756932389247553,10.99904518047501,161.1828,109.6043,25.8094,bulk_carrier,MGO,Mumbai,Kochi
1,4,2,35698,20.0,93.4,1190,2.66,8000.0,0.934,18.68,7.0825485693553,10.482877956170928,1310.4153,458.6454,75.6241,container_ship,Methanol,JNPA,Chennai
0,2,1,42343,11.4,82.7,358,1.88,1481.544,0.8270000000000001,9.427800000000001,5.883322388488279,10.653582013537823,50.1024,27.5563,7.7659,bulk_carrier,LNG,JNPA,Mormugao
3,3,0,17741,9.5,92.0,692,2.55,857.375,0.92,8.74,6.541029999189903,9.783689989080532,52.8108,35.9113,8.4563,general_cargo,MGO,Chennai,Paradip
6,2,2,66768,12.2,64.3,229,3.15,1815.8479999999997,0.643,7.8446,5.438079308923196,11.108994179953779,53.1025,29.2064,8.2309,tanker,LNG,Kolkata_SMPK,Paradip
1,0,2,35698,20.0,99.1,700,2.43,8000.0,0.991,19.82,6.55250788703459,10.482877956170928,371.1836,193.0155,55.1352,container_ship,HFO,Paradip,Chennai
6,0,2,76931,13.5,76.0,529,2.66,2460.375,0.76,10.26,6.272877006546167,11.250677193775257,221.8065,115.3394,32.9469,tanker,HFO,Mormugao,Kandla
6,3,2,66768,14.9,76.7,358,2.76,3307.949,0.767,11.4283,5.883322388488279,11.108994179953779,141.5404,96.2475,22.6642,tanker,MGO,JNPA,Mormugao
3,3,2,9258,12.6,84.9,276,2.08,2000.3759999999997,0.8490000000000001,10.6974,5.6240175061873385,9.133351330448047,21.5196,14.6334,3.4458,general_cargo,MGO,Mumbai,Kandla
4,2,0,1902,22.4,83.8,370,2.73,11239.423999999997,0.838,18.771199999999997,5.916202062607435,7.551186867296149,26.5151,14.5833,4.1098,passenger,LNG,Chennai,Tuticorin
2,3,2,536,20.5,66.6,313,2.43,8615.125,0.6659999999999999,13.652999999999999,5.749392985908253,6.285998094508865,8.2473,5.6082,1.3206,ferry,MGO,Visakhapatnam,Paradip
6,0,0,37083,10.8,59.1,277,3.45,1259.7120000000002,0.591,6.3828000000000005,5.627621113690637,10.520940888726873,42.0086,21.8445,6.2399,tanker,HFO,Kandla,Mumbai
0,3,1,58490,10.5,53.2,538,2.91,1157.625,0.532,5.586,6.289715570908998,10.976628175230568,103.6961,70.5134,16.6043,bulk_carrier,MGO,Kochi,Chennai
6,0,2,55666,12.7,95.5,419,1.61,2048.383,0.955,12.128499999999999,6.040254711277414,10.927142790736806,113.788,59.1698,16.902,tanker,HFO,Kochi,Mormugao
0,2,2,44373,12.0,55.0,788,3.44,1728.0,0.55,6.6000000000000005,6.670766320845874,10.700408991312528,137.9285,75.8607,21.3789,bulk_carrier,LNG,Port_Blair,Chennai
6,3,2,47233,12.8,74.9,229,1.07,2097.1520000000005,0.7490000000000001,9.587200000000001,5.438079308923196,10.762869251237097,50.7462,34.5074,8.1257,tanker,MGO,Kolkata_SMPK,Paradip
0,2,2,44373,9.8,52.8,422,1.86,941.1920000000002,0.528,5.1744,6.0473721790462776,10.700408991312528,43.4375,23.8906,6.7328,bulk_carrier,LNG,Mormugao,Kochi
6,3,2,47233,11.2,50.8,411,3.31,1404.9279999999997,0.508,5.6895999999999995,6.021023349349527,10.762869251237097,71.3537,48.5205,11.4255,tanker,MGO,Visakhapatnam,Kamarajar
6,2,2,37289,11.7,58.5,542,0.66,1601.6129999999996,0.585,6.844499999999999,6.297109319933935,10.526480473172866,63.7087,35.0398,9.8749,tanker,LNG,Chennai,Kochi
0,0,2,41493,12.4,55.8,276,1.68,1906.6240000000003,0.5579999999999999,6.919199999999999,5.6240175061873385,10.633304117453084,52.8984,27.5072,7.8575,bulk_carrier,HFO,Kandla,Mumbai
3,0,2,5602,9.0,50.9,286,1.58,729.0,0.509,4.581,5.659482215759621,8.631057447565285,6.7862,3.5288,1.008,general_cargo,HFO,Kandla,JNPA
6,0,2,72064,13.1,72.3,290,0.91,2248.091,0.723,9.4713,5.673323267171493,11.185323768517204,94.2741,49.0225,14.0034,tanker,HFO,JNPA,Kandla
6,3,2,55666,9.7,52.7,859,2.94,912.6729999999998,0.527,5.1118999999999994,6.756932389247553,10.927142790736806,123.3886,83.9042,19.7576,tanker,MGO,Mumbai,Kochi
1,4,2,9661,19.6,76.6,1190,2.27,7529.536000000002,0.7659999999999999,15.013599999999999,7.0825485693553,9.175955945114351,488.2506,170.8877,28.1769,container_ship,Methanol,JNPA,Chennai
0,3,1,58095,13.7,69.3,396,2.15,2571.3529999999996,0.693,9.4941,5.983936280687191,10.969852093654117,124.2794,84.51,19.9002,bulk_carrier,MGO,Chennai,Visakhapatnam
0,0,1,56365,10.6,77.8,290,2.54,1191.0159999999998,0.778,8.2468,5.673323267171493,10.939621418827507,55.9236,29.0803,8.3068,bulk_carrier,HFO,JNPA,Kandla
4,2,2,3808,23.1,52.7,349,2.04,12326.391000000001,0.527,12.173700000000002,5.857933154483459,8.245121966478605,41.2201,22.671,6.3891,passenger,LNG,Mumbai,Mormugao
4,1,2,3504,19.5,70.5,297,1.86,7414.875,0.705,13.747499999999999,5.697093486505405,8.16194579946869,8.9306,28.5779,0.643,passenger,Hydrogen,JNPA,Kandla
6,3,0,54273,13.4,72.2,370,1.63,2406.1040000000003,0.722,9.6748,5.916202062607435,10.901800569887673,99.5289,67.6797,15.9371,tanker,MGO,Chennai,Tuticorin
4,1,2,3808,18.2,95.5,290,2.78,6028.567999999999,0.955,17.381,5.673323267171493,8.245121966478605,9.5485,30.5551,0.6875,passenger,Hydrogen,JNPA,Kandla
0,2,2,45790,9.2,55.2,18,0.63,778.6879999999999,0.552,5.0784,2.9444389791664403,10.731842844242117,1.4111,0.7761,0.2187,bulk_carrier,LNG,Chennai,Kamarajar
1,0,2,17470,23.2,78.1,853,2.28,12487.168,0.7809999999999999,18.119199999999996,6.74993119378857,9.768297642474444,361.2682,187.8595,53.6624,container_ship,HFO,Chennai,Kolkata_SMPK
0,2,2,40197,12.3,96.8,870,1.72,1860.8670000000004,0.968,11.9064,6.769641976852503,10.601572522125696,125.1774,68.8475,19.4025,bulk_carrier,LNG,Kochi,JNPA
0,2,2,47170,10.2,62.5,348,1.75,1061.2079999999999,0.625,6.375,5.855071922202427,10.761534575968792,39.8678,21.9273,6.1795,bulk_carrier,LNG,Kochi,New_Mangalore
1,2,1,38751,17.2,94.1,521,3.09,5088.447999999999,0.941,16.1852,6.257667587882639,10.564937646352819,184.2437,101.3341,28.5578,container_ship,LNG,Kandla,Mormugao
0,0,2,49332,12.2,73.1,528,1.82,1815.8479999999997,0.731,8.918199999999999,6.270988431858299,10.806348507298559,116.1442,60.395,17.252,bulk_carrier,HFO,New_Mangalore,JNPA
3,3,2,11634,13.7,58.6,495,0.55,2571.3529999999996,0.586,8.028199999999998,6.206575926724928,9.361773075736393,39.2777,26.7088,6.2893,general_cargo,MGO,Kolkata_SMPK,Visakhapatnam
0,3,2,58242,15.5,77.9,349,1.45,3723.875,0.779,12.0745,5.857933154483459,10.972379192532934,129.5361,88.0846,20.742,bulk_carrier,MGO,Mumbai,Mormugao
0,3,2,33529,13.2,64.3,1179,2.34,2299.968,0.643,8.4876,7.07326971745971,10.420195839460273,231.6657,157.5327,37.0955,bulk_carrier,MGO,Mumbai,Chennai
6,0,2,28073,13.9,85.4,1181,1.48,2685.619,0.8540000000000001,11.870600000000001,7.074963197966044,10.24259916009427,239.121,124.3429,35.5188,tanker,HFO,Chennai,Mumbai
6,3,2,25705,13.6,64.8,229,1.86,2515.4559999999997,0.648,8.8128,5.438079308923196,10.154479706670077,36.9183,25.1044,5.9115,tanker,MGO,Kolkata_SMPK,Paradip
6,3,2,37083,14.0,60.9,176,1.74,2744.0,0.609,8.526,5.176149732573829,10.520940888726873,34.9006,23.7324,5.5885,tanker,MGO,Mormugao,New_Mangalore
6,0,0,33954,11.8,68.9,419,2.21,1643.0320000000004,0.6890000000000001,8.1302,6.040254711277414,10.432791397547891,71.6443,37.255,10.642,tanker,HFO,Kamarajar,Visakhapatnam
6,2,2,37083,13.3,50.5,761,2.75,2352.637,0.505,6.716500000000001,6.635946555686647,10.520940888726873,139.4702,76.7086,21.6179,tanker,LNG,Tuticorin,Port_Blair
1,2,0,12017,21.8,86.9,507,1.12,10360.232000000002,0.8690000000000001,18.944200000000002,6.230481447578482,9.394160804893874,106.1581,58.387,16.4545,container_ship,LNG,Mumbai,New_Mangalore
0,0,2,62925,15.2,74.5,217,3.11,3511.8079999999995,0.745,11.324,5.384495062789089,11.049714711812085,99.2645,51.6175,14.7446,bulk_carrier,HFO,Paradip,Kolkata_SMPK
0,3,2,66381,10.4,56.9,396,2.63,1124.864,0.569,5.917599999999999,5.983936280687191,11.103181214377175,78.0028,53.0419,12.4902,bulk_carrier,MGO,Chennai,Visakhapatnam
6,2,1,39649,10.6,61.2,18,1.1,1191.0159999999998,0.612,6.4872,2.9444389791664403,10.587846227062993,1.9372,1.0654,0.3003,tanker,LNG,Chennai,Kamarajar
1,4,2,17470,22.2,56.6,311,0.92,10941.047999999999,0.5660000000000001,12.5652,5.7430031878094825,9.768297642474444,199.3697,69.7794,11.5056,container_ship,Methanol,Paradip,Visakhapatnam
6,3,0,76931,16.4,67.9,345,2.15,4410.943999999999,0.679,11.1356,5.846438775057725,11.250677193775257,175.2224,119.1512,28.0575,tanker,MGO,New_Mangalore,Kochi
1,2,2,16607,17.4,56.6,859,2.34,5268.0239999999985,0.5660000000000001,9.8484,6.756932389247553,9.717639785965615,142.418,78.3299,22.0748,container_ship,LNG,Mumbai,Kochi
0,3,1,42343,15.0,62.9,876,3.09,3375.0,0.629,9.435,6.776506992372183,10.653582013537823,249.9251,169.9491,40.0193,bulk_carrier,MGO,JNPA,Kochi
1,2,2,19734,20.6,70.7,505,2.95,8741.816000000003,0.7070000000000001,14.564200000000003,6.226536669287466,9.890148988096948,157.1913,86.4552,24.3647,container_ship,LNG,New_Mangalore,Mumbai
6,2,2,54273,13.9,73.1,348,1.0,2685.619,0.731,10.1609,5.855071922202427,10.901800569887673,82.8583,45.5721,12.843,tanker,LNG,Kochi,New_Mangalore
0,0,2,45790,11.4,78.1,850,1.4,1481.544,0.7809999999999999,8.9034,6.7464121285733745,10.731842844242117,157.7232,82.016,23.428,bulk_carrier,HFO,Kochi,Mumbai
3,3,2,15643,9.5,81.4,850,2.76,857.375,0.8140000000000001,7.7330000000000005,6.7464121285733745,9.657842735875406,56.8218,38.6388,9.0986,general_cargo,MGO,Kochi,Mumbai
3,3,2,5602,11.6,65.1,529,2.62,1560.896,0.6509999999999999,7.551599999999999,6.272877006546167,8.631057447565285,22.7189,15.4488,3.6379,general_cargo,MGO,Mormugao,Kandla
6,2,2,47959,13.9,63.0,277,0.96,2685.619,0.63,8.757,5.627621113690637,10.77812260914145,56.0894,30.8492,8.6939,tanker,LNG,Kandla,Mumbai
4,3,2,4545,20.4,83.8,183,3.08,8489.663999999999,0.838,17.0952,5.214935757608986,8.422003004412488,23.5625,16.0225,3.773,passenger,MGO,Tuticorin,Kochi
6,2,2,39701,11.2,72.2,1181,0.88,1404.9279999999997,0.722,8.0864,7.074963197966044,10.589156843240115,133.5163,73.4339,20.695,tanker,LNG,Chennai,Mumbai
3,3,2,15643,9.9,61.4,406,3.07,970.2990000000001,0.614,6.0786,6.008813185442595,9.657842735875406,29.2852,19.9139,4.6893,general_cargo,MGO,Visakhapatnam,Chennai
3,3,2,14985,13.1,82.9,850,0.71,2248.091,0.8290000000000001,10.859900000000001,6.7464121285733745,9.614871710924255,84.3778,57.3769,13.511,general_cargo,MGO,Kochi,Mumbai
1,0,2,21825,13.1,85.3,528,2.71,2248.091,0.853,11.174299999999999,6.270988431858299,9.990857198673035,98.7272,51.3382,14.6648,container_ship,HFO,New_Mangalore,JNPA
0,2,2,58490,12.5,79.9,419,2.61,1953.125,0.799,9.9875,6.040254711277414,10.976628175230568,106.588,58.6234,16.5211,bulk_carrier,LNG,Kochi,Mormugao
0,3,2,58490,10.4,82.6,286,0.77,1124.864,0.826,8.5904,5.659482215759621,10.976628175230568,42.605,28.9714,6.8221,bulk_carrier,MGO,Kandla,JNPA
0,2,0,32714,14.6,54.4,313,1.77,3112.136,0.544,7.9424,5.749392985908253,10.395588967303839,56.6466,31.1556,8.7802,bulk_carrier,LNG,Visakhapatnam,Paradip
0,0,2,63249,12.6,55.3,505,2.85,2000.3759999999997,0.5529999999999999,6.967799999999999,6.226536669287466,11.054850406589766,147.9561,76.9372,21.9773,bulk_carrier,HFO,New_Mangalore,Mumbai
6,0,2,47233,10.6,67.6,169,0.66,1191.0159999999998,0.6759999999999999,7.165599999999999,5.135798437050262,10.762869251237097,23.3494,12.1417,3.4683,tanker,HFO,New_Mangalore,Mormugao
3,3,0,16651,10.8,81.5,189,1.22,1259.7120000000002,0.815,8.802,5.247024072160486,9.720285608314866,14.5182,9.8724,2.3247,general_cargo,MGO,Kochi,Tuticorin
0,2,1,26135,12.0,82.2,491,2.71,1728.0,0.8220000000000001,9.864,6.198478716492308,10.171068953280907,59.5909,32.775,9.2366,bulk_carrier,LNG,Visakhapatnam,Kolkata_SMPK
6,0,1,68263,15.2,86.8,290,1.21,3511.8079999999995,0.868,13.1936,5.673323267171493,11.13113782021642,127.439,66.2683,18.9297,tanker,HFO,Kandla,JNPA
6,3,2,55666,9.7,71.3,505,2.29,912.6729999999998,0.713,6.916099999999999,6.226536669287466,10.927142790736806,80.4506,54.7064,12.8821,tanker,MGO,New_Mangalore,Mumbai
1,4,2,33073,17.4,76.9,406,3.33,5268.0239999999985,0.769,13.3806,6.008813185442595,10.406502754210141,315.0166,110.2558,18.1796,container_ship,Methanol,Visakhapatnam,Chennai
1,2,2,18598,17.1,71.8,850,2.31,5000.211000000001,0.718,12.277800000000001,6.7464121285733745,9.830863094815127,175.6574,96.6116,27.2269,container_ship,LNG,Kochi,Mumbai
0,0,0,26135,11.5,81.5,797,2.24,1520.875,0.815,9.372499999999999,6.682108597449809,10.171068953280907,119.8705,62.3326,17.8054,bulk_carrier,HFO,Chennai,Port_Blair
3,3,2,18455,12.3,97.6,349,3.05,1860.8670000000004,0.976,12.004800000000001,5.857933154483459,9.823144799853589,50.0332,34.0226,8.0116,general_cargo,MGO,Mumbai,Mormugao
6,3,0,72064,11.3,78.2,276,0.98,1442.8970000000002,0.782,8.8366,5.6240175061873385,11.185323768517204,63.4384,43.1381,10.1581,tanker,MGO,Kandla,Mumbai
3,0,2,14985,12.2,97.5,419,2.75,1815.8479999999997,0.975,11.895,6.040254711277414,9.614871710924255,48.2275,25.0783,7.1637,general_cargo,HFO,Kochi,Mormugao
1,0,2,31457,12.0,92.2,169,0.39,1728.0,0.922,11.064,5.135798437050262,10.356408601800588,25.9455,13.4916,3.8539,container_ship,HFO,New_Mangalore,Mormugao
6,2,2,27184,12.9,95.0,290,2.43,2146.6890000000003,0.95,12.254999999999999,5.673323267171493,10.210420629580021,47.5373,26.1455,7.3683,tanker,LNG,Kandla,JNPA
6,2,2,23117,14.1,95.6,290,2.79,2803.221,0.956,13.4796,5.673323267171493,10.048366813854212,52.8713,29.0792,8.195,tanker,LNG,Kandla,JNPA
6,2,1,22608,12.8,97.0,229,2.45,2097.1520000000005,0.97,12.416,5.438079308923196,10.026103336076316,30.0154,16.5085,4.6524,tanker,LNG,Kolkata_SMPK,Paradip
6,2,2,70614,14.7,80.5,797,0.99,3176.5229999999997,0.805,11.8335,6.682108597449809,11.164997865503164,253.5378,139.4458,39.2984,tanker,LNG,Chennai,Port_Blair
1,3,2,18598,22.2,76.2,495,2.98,10941.047999999999,0.762,16.9164,6.206575926724928,9.830863094815127,199.5986,135.727,31.9607,container_ship,MGO,Kolkata_SMPK,Visakhapatnam
6,3,2,50271,16.2,70.1,1181,2.16,4251.527999999999,0.701,11.3562,7.074963197966044,10.825203541055348,458.791,311.9779,73.4639,tanker,MGO,Chennai,Mumbai
4,3,2,1902,18.9,63.3,761,2.11,6751.268999999998,0.633,11.9637,6.635946555686647,7.551186867296149,43.0747,29.2908,6.8973,passenger,MGO,Tuticorin,Port_Blair
1,4,2,33073,14.6,73.3,1179,1.98,3112.136,0.733,10.701799999999999,7.07326971745971,10.406502754210141,552.7027,193.446,31.8965,container_ship,Methanol,Mumbai,Chennai
6,0,2,47233,11.6,95.0,277,1.94,1560.896,0.95,11.02,5.627621113690637,10.762869251237097,56.586,29.4247,8.4052,tanker,HFO,Kandla,Mumbai
6,0,2,28073,14.5,58.8,24,3.4,3048.625,0.588,8.526,3.2188758248682006,10.24259916009427,6.212,3.2302,0.9227,tanker,HFO,JNPA,Mumbai
0,3,1,71338,12.4,85.6,364,0.52,1906.6240000000003,0.856,10.6144,5.8998973535824915,11.175198441433086,92.7132,63.045,14.8457,bulk_carrier,MGO,Tuticorin,Chennai
6,2,2,42416,11.4,54.9,183,2.28,1481.544,0.5489999999999999,6.2585999999999995,5.214935757608986,10.65530450425995,25.3049,13.9177,3.9223,tanker,LNG,Tuticorin,Kochi
1,3,2,12578,24.2,53.0,538,0.93,14172.488,0.53,12.826,6.289715570908998,9.439784035838873,166.4638,113.1954,26.655,container_ship,MGO,Kochi,Chennai
0,2,1,71338,12.3,90.8,297,0.82,1860.8670000000004,0.9079999999999999,11.1684,5.697093486505405,11.175198441433086,67.5269,37.1398,10.4667,bulk_carrier,LNG,JNPA,Kandla
0,0,2,71338,12.8,93.0,692,2.58,2097.1520000000005,0.93,11.904000000000002,6.541029999189903,11.175198441433086,232.1943,120.741,34.4899,bulk_carrier,HFO,Chennai,Paradip
1,0,2,36763,20.8,91.5,1190,2.17,8998.912,0.915,19.032,7.0825485693553,10.512274384478,687.921,357.7189,102.1831,container_ship,HFO,JNPA,Chennai
3,0,1,10004,16.3,53.4,313,1.36,4330.747,0.534,8.7042,5.749392985908253,9.210840247017833,37.9131,19.7148,5.6316,general_cargo,HFO,Visakhapatnam,Paradip
6,3,0,50271,12.3,80.6,290,1.9,1860.8670000000004,0.8059999999999999,9.9138,5.673323267171493,10.825203541055348,65.6711,44.6563,10.5156,tanker,MGO,JNPA,Kandla
0,3,2,58420,13.2,50.3,505,3.37,2299.968,0.503,6.6396,6.226536669287466,10.975430693220769,152.2981,103.5627,24.3867,bulk_carrier,MGO,New_Mangalore,Mumbai
0,3,1,56365,10.7,78.5,542,1.3,1225.0429999999997,0.785,8.3995,6.297109319933935,10.939621418827507,97.5067,66.3046,15.6133,bulk_carrier,MGO,Chennai,Kochi
3,0,2,5602,10.5,70.7,797,1.24,1157.625,0.7070000000000001,7.423500000000001,6.682108597449809,8.631057447565285,31.9684,16.6236,4.7486,general_cargo,HFO,Chennai,Port_Blair
3,3,0,10749,15.0,59.2,419,3.05,3375.0,0.5920000000000001,8.88,6.040254711277414,9.28266103355581,53.0166,36.0513,8.4893,general_cargo,MGO,Kochi,Mormugao
0,0,0,58490,9.9,98.2,528,1.26,970.2990000000001,0.982,9.7218,6.270988431858299,10.976628175230568,81.737,42.5032,12.1411,bulk_carrier,HFO,New_Mangalore,JNPA
6,0,2,72064,12.7,79.7,290,0.52,2048.383,0.797,10.1219,5.673323267171493,11.185323768517204,86.6111,45.0378,12.8651,tanker,HFO,JNPA,Kandla
1,0,2,38751,14.6,77.9,761,2.63,3112.136,0.779,11.3734,6.635946555686647,10.564937646352819,235.6403,122.533,35.0018,container_ship,HFO,Tuticorin,Port_Blair
6,2,0,47959,12.4,52.6,348,2.16,1906.6240000000003,0.526,6.5224,5.855071922202427,10.77812260914145,61.2532,33.6893,9.4942,tanker,LNG,Kochi,New_Mangalore
4,3,2,3808,17.5,53.0,276,1.21,5359.375,0.53,9.275,5.6240175061873385,8.245121966478605,18.8695,12.8313,3.0215,passenger,MGO,Mumbai,Kandla
1,4,0,33073,17.7,67.6,1181,0.49,5545.232999999999,0.6759999999999999,11.965199999999998,7.074963197966044,10.406502754210141,704.0807,246.4282,40.6325,container_ship,Methanol,Chennai,Mumbai
1,2,2,33687,14.9,54.2,507,1.83,3307.949,0.542,8.075800000000001,6.230481447578482,10.424896969841763,101.9422,56.0682,15.801,container_ship,LNG,Mumbai,New_Mangalore
6,0,2,59471,15.2,75.6,370,2.7,3511.8079999999995,0.7559999999999999,11.491199999999997,5.916202062607435,10.993260892537034,157.5707,81.9368,23.4054,tanker,HFO,Chennai,Tuticorin
1,0,2,8659,16.9,51.1,406,2.03,4826.808999999998,0.511,8.6359,6.008813185442595,9.06647000155648,44.8562,23.3252,6.6629,container_ship,HFO,Visakhapatnam,Chennai
6,0,2,45552,14.7,87.7,505,0.98,3176.5229999999997,0.877,12.8919,6.226536669287466,10.726631762209768,155.9384,81.088,23.1629,tanker,HFO,New_Mangalore,Mumbai
1,4,0,41157,12.4,93.1,507,0.48,1906.6240000000003,0.9309999999999999,11.5444,6.230481447578482,10.625173597902494,194.5333,68.0866,11.2265,container_ship,Methanol,Mumbai,New_Mangalore
0,2,2,33063,10.2,50.8,856,3.12,1061.2079999999999,0.508,5.1815999999999995,6.75343791859778,10.406200356191569,82.4951,45.3723,12.7867,bulk_carrier,LNG,Kolkata_SMPK,Chennai
3,0,0,7216,12.2,67.1,761,1.23,1815.8479999999997,0.6709999999999999,8.1862,6.635946555686647,8.884194633072273,43.1772,22.4522,6.4135,general_cargo,HFO,Tuticorin,Port_Blair
0,3,2,40197,11.5,66.5,1179,0.89,1520.875,0.665,7.647500000000001,7.07326971745971,10.601572522125696,165.096,112.2653,26.436,bulk_carrier,MGO,Mumbai,Chennai
6,2,2,47767,13.4,51.9,419,2.58,2406.1040000000003,0.519,6.9546,6.040254711277414,10.774111238226828,88.2153,48.5184,13.6734,tanker,LNG,Kochi,Mormugao
0,3,2,26135,9.6,55.9,528,0.97,884.7359999999999,0.5589999999999999,5.3664,6.270988431858299,10.171068953280907,35.127,23.8864,5.6247,bulk_carrier,MGO,New_Mangalore,JNPA
3,3,2,14985,15.2,93.5,290,2.59,3511.8079999999995,0.935,14.212,5.673323267171493,9.614871710924255,52.1586,35.4679,8.3519,general_cargo,MGO,JNPA,Kandla
3,0,2,15648,14.1,58.1,406,3.34,2803.221,0.581,8.1921,6.008813185442595,9.658162296163171,60.5414,31.4815,8.9928,general_cargo,HFO,Visakhapatnam,Chennai
0,2,2,29708,15.2,61.7,529,0.9,3511.8079999999995,0.617,9.3784,6.272877006546167,10.299205309189412,90.3375,49.6856,14.0023,bulk_carrier,LNG,Mormugao,Kandla
3,0,2,17380,9.4,69.4,18,1.05,830.5840000000001,0.6940000000000001,6.523600000000001,2.9444389791664403,9.76313293456348,1.0691,0.5559,0.1588,general_cargo,HFO,Chennai,Kamarajar
1,3,0,34470,15.9,62.3,348,1.2,4019.679,0.623,9.9057,5.855071922202427,10.44787366982408,79.8115,54.2719,12.7798,container_ship,MGO,Kochi,New_Mangalore
2,2,2,1735,11.3,50.1,347,2.24,1442.8970000000002,0.501,5.661300000000001,5.8522024797744745,7.459338895220296,5.6921,3.1306,0.8823,ferry,LNG,Mormugao,Mumbai
6,0,2,28632,15.7,52.2,411,1.64,3869.8929999999996,0.522,8.1954,6.021023349349527,10.262315177792935,85.313,44.3628,12.6723,tanker,HFO,Visakhapatnam,Kamarajar
5,2,2,8727,17.2,63.0,176,2.79,5088.447999999999,0.63,10.836,5.176149732573829,9.074291527512907,20.6374,11.3506,3.1988,ro_ro,LNG,Mormugao,New_Mangalore
1,2,2,21825,15.2,95.9,349,0.33,3511.8079999999995,0.9590000000000001,14.5768,5.857933154483459,9.990857198673035,54.822,30.1521,8.4974,container_ship,LNG,Mumbai,Mormugao
0,3,2,71338,12.3,71.7,521,3.4,1860.8670000000004,0.7170000000000001,8.819100000000002,6.257667587882639,11.175198441433086,168.2323,114.3979,26.9382,bulk_carrier,MGO,Kandla,Mormugao
0,3,0,42726,16.7,62.8,406,2.49,4657.463,0.628,10.4876,6.008813185442595,10.662586317888776,153.8231,104.5997,24.6309,bulk_carrier,MGO,Visakhapatnam,Chennai
0,3,2,63697,13.0,81.3,761,1.7,2197.0,0.813,10.568999999999999,6.635946555686647,11.061908443893099,208.3894,141.7048,33.3684,bulk_carrier,MGO,Tuticorin,Port_Blair
3,0,2,17758,11.3,81.5,17,0.91,1442.8970000000002,0.815,9.2095,2.8903717578961645,9.784647708654596,1.4566,0.7574,0.2164,general_cargo,HFO,Kamarajar,Chennai
1,3,2,41157,16.1,94.3,856,2.51,4173.281000000001,0.943,15.1823,6.75343791859778,10.625173597902494,333.1038,226.5106,53.3383,container_ship,MGO,Kolkata_SMPK,Chennai
0,3,2,34731,13.4,95.4,22,2.33,2406.1040000000003,0.9540000000000001,12.783600000000002,3.1354942159291497,10.455416731180536,4.8213,3.2785,0.772,bulk_carrier,MGO,Mumbai,JNPA
1,3,2,30177,19.6,52.8,1196,0.37,7529.536000000002,0.528,10.3488,7.087573705557973,10.314868461073596,406.2141,276.2256,65.045,container_ship,MGO,Chennai,JNPA
1,3,0,18598,18.4,94.6,505,0.96,6229.503999999999,0.946,17.406399999999998,6.226536669287466,9.830863094815127,126.8058,86.2279,20.3048,container_ship,MGO,New_Mangalore,Mumbai
0,0,0,56514,13.3,89.7,358,1.76,2352.637,0.897,11.930100000000001,5.883322388488279,10.942261368624832,121.0603,62.9513,17.9822,bulk_carrier,HFO,JNPA,Mormugao
3,3,2,11634,11.2,83.5,229,0.81,1404.9279999999997,0.835,9.351999999999999,5.438079308923196,9.361773075736393,14.1615,9.6298,2.2676,general_cargo,MGO,Kolkata_SMPK,Paradip
6,0,1,72064,12.8,61.4,176,1.45,2097.1520000000005,0.614,7.8592,5.176149732573829,11.185323768517204,52.224,27.1565,7.7573,tanker,HFO,Mormugao,New_Mangalore
6,3,2,23117,11.8,58.4,1190,2.56,1643.0320000000004,0.584,6.8911999999999995,7.0825485693553,10.048366813854212,133.3337,90.6669,21.3501,tanker,MGO,JNPA,Chennai
0,2,1,33063,14.0,62.9,313,1.85,2744.0,0.629,8.806000000000001,5.749392985908253,10.406200356191569,52.5226,28.8874,8.141,bulk_carrier,LNG,Visakhapatnam,Paradip
0,3,0,63249,14.2,75.3,349,3.47,2863.2879999999996,0.753,10.692599999999999,5.857933154483459,11.054850406589766,125.6094,85.4144,20.1132,bulk_carrier,MGO,Mumbai,Mormugao
0,3,2,59816,13.7,84.3,364,0.91,2571.3529999999996,0.843,11.5491,5.8998973535824915,10.99904518047501,100.9903,68.6734,16.1711,bulk_carrier,MGO,Tuticorin,Chennai
0,2,2,47945,14.3,70.1,348,2.05,2924.2070000000003,0.701,10.0243,5.855071922202427,10.777830656602518,85.5475,47.0512,13.2599,bulk_carrier,LNG,Kochi,New_Mangalore
0,2,1,45319,13.6,68.8,876,0.54,2515.4559999999997,0.688,9.3568,6.776506992372183,10.721503715141942,156.8275,86.2551,24.3083,bulk_carrier,LNG,JNPA,Kochi
6,3,2,45552,14.2,82.2,347,3.23,2863.2879999999996,0.8220000000000001,11.6724,5.8522024797744745,10.726631762209768,108.6051,73.8515,17.3904,tanker,MGO,Mormugao,Mumbai
0,2,2,56365,10.9,65.6,859,3.13,1295.0290000000002,0.6559999999999999,7.150399999999999,6.756932389247553,10.939621418827507,153.9795,84.6887,23.8668,bulk_carrier,LNG,Mumbai,Kochi
0,3,2,44373,13.1,54.4,491,2.35,2248.091,0.544,7.1264,6.198478716492308,10.700408991312528,109.969,74.7789,17.6088,bulk_carrier,MGO,Visakhapatnam,Kolkata_SMPK
1,3,2,21724,19.4,87.8,345,3.14,7301.383999999998,0.878,17.033199999999997,5.846438775057725,9.986218950133592,122.4686,83.2787,19.6103,container_ship,MGO,New_Mangalore,Kochi
5,0,2,4206,13.8,80.8,788,2.57,2628.0720000000006,0.8079999999999999,11.1504,6.670766320845874,8.344505083590521,47.813,24.8628,7.1021,ro_ro,HFO,Port_Blair,Chennai
6,0,2,47233,11.5,84.0,859,3.32,1520.875,0.84,9.66,6.756932389247553,10.762869251237097,185.2301,96.3197,27.5139,tanker,HFO,Mumbai,Kochi
3,0,2,14844,10.0,69.9,1190,0.52,1000.0,0.6990000000000001,6.99,7.0825485693553,9.60541838719786,71.3455,37.0997,10.5976,general_cargo,HFO,JNPA,Chennai
6,0,2,55468,14.5,81.8,757,1.96,3048.625,0.818,11.860999999999999,6.630683385642372,10.923579585124024,275.228,143.1185,40.8821,tanker,HFO,Port_Blair,Tuticorin
1,2,1,17470,16.5,57.4,797,1.0,4492.125,0.574,9.471,6.682108597449809,9.768297642474444,118.8451,65.3648,18.421,container_ship,LNG,Chennai,Port_Blair
0,0,2,45319,14.0,83.4,507,2.22,2744.0,0.8340000000000001,11.676000000000002,6.230481447578482,10.721503715141942,146.4852,76.1723,21.7588,bulk_carrier,HFO,Mumbai,New_Mangalore
1,4,0,34470,22.8,87.8,788,1.05,11852.352,0.878,20.0184,6.670766320845874,10.44787366982408,940.0789,329.0276,54.252,container_ship,Methanol,Port_Blair,Chennai
6,0,2,70614,13.9,74.2,277,1.29,2685.619,0.742,10.3138,5.627621113690637,11.164997865503164,96.0658,49.9542,14.2695,tanker,HFO,Kandla,Mumbai
4,1,2,4149,16.7,70.8,286,1.81,4657.463,0.708,11.823599999999999,5.659482215759621,8.330863613224745,7.5657,24.2102,0.5447,passenger,Hydrogen,Kandla,JNPA
0,0,2,56365,12.3,89.8,169,1.84,1860.8670000000004,0.898,11.0454,5.135798437050262,10.939621418827507,43.0702,22.3965,6.3976,bulk_carrier,HFO,New_Mangalore,Mormugao
1,3,2,30177,16.2,96.5,359,1.16,4251.527999999999,0.965,15.633,5.886104031450156,10.314868461073596,90.935,61.8358,14.561,container_ship,MGO,Mormugao,JNPA
0,2,2,47170,12.4,84.3,507,3.04,1906.6240000000003,0.843,10.4532,6.230481447578482,10.761534575968792,103.4957,56.9226,16.0418,bulk_carrier,LNG,Mumbai,New_Mangalore
6,3,2,47959,15.7,72.8,347,2.97,3869.8929999999996,0.728,11.429599999999999,5.8522024797744745,10.77812260914145,145.4926,98.935,23.297,tanker,MGO,Mormugao,Mumbai
0,0,2,58490,11.1,82.1,290,1.11,1367.6309999999999,0.821,9.1131,5.673323267171493,10.976628175230568,54.9321,28.5647,8.1596,bulk_carrier,HFO,Kandla,JNPA
0,2,2,32714,11.6,99.4,538,0.75,1560.896,0.9940000000000001,11.5304,6.289715570908998,10.395588967303839,63.7419,35.058,9.88,bulk_carrier,LNG,Kochi,Chennai
0,2,1,32714,12.7,78.0,528,2.54,2048.383,0.78,9.906,6.270988431858299,10.395588967303839,82.679,45.4734,12.8152,bulk_carrier,LNG,New_Mangalore,JNPA
0,2,2,64303,12.5,66.2,406,2.63,1953.125,0.662,8.275,6.008813185442595,11.071377116688982,92.0023,50.6013,14.2604,bulk_carrier,LNG,Visakhapatnam,Chennai
0,3,1,59816,11.9,75.3,229,1.82,1685.159,0.753,8.960700000000001,5.438079308923196,10.99904518047501,52.1163,35.4391,8.3451,bulk_carrier,MGO,Kolkata_SMPK,Paradip
4,2,1,2268,14.0,67.9,290,0.54,2744.0,0.679,9.506,5.673323267171493,7.727094484779841,7.3924,4.0658,1.1458,passenger,LNG,Kandla,JNPA
0,3,1,26135,9.6,71.3,1196,1.24,884.7359999999999,0.713,6.844799999999999,7.087573705557973,10.171068953280907,96.4501,65.5861,15.4441,bulk_carrier,MGO,Chennai,JNPA
0,0,0,60013,12.5,70.3,528,2.49,1953.125,0.703,8.7875,6.270988431858299,11.002333147319582,149.652,77.819,22.2292,bulk_carrier,HFO,New_Mangalore,JNPA
6,2,2,68994,12.8,54.2,406,2.65,2097.1520000000005,0.542,6.937600000000001,6.008813185442595,11.141789317185655,95.8148,52.6982,14.8513,tanker,LNG,Visakhapatnam,Chennai
6,3,1,67954,11.5,58.1,22,2.66,1520.875,0.581,6.6815,3.1354942159291497,11.126601000389448,5.035,3.4238,0.8062,tanker,MGO,Mumbai,JNPA
0,3,0,59816,10.8,88.5,290,2.7,1259.7120000000002,0.885,9.558000000000002,5.673323267171493,10.99904518047501,63.1493,42.9416,10.1118,bulk_carrier,MGO,Kandla,JNPA
3,0,2,17741,9.9,60.8,169,0.7,970.2990000000001,0.608,6.0192,5.135798437050262,9.783689989080532,10.5403,5.481,1.5657,general_cargo,HFO,New_Mangalore,Mormugao
0,3,2,58242,14.9,62.5,507,2.49,3307.949,0.625,9.3125,6.230481447578482,10.972379192532934,183.1324,124.5301,29.3241,bulk_carrier,MGO,Mumbai,New_Mangalore
3,0,2,17741,10.9,97.7,1179,3.32,1295.0290000000002,0.977,10.6493,7.07326971745971,9.783689989080532,135.6204,70.5226,20.1449,general_cargo,HFO,Mumbai,Chennai
2,1,2,1735,12.9,66.1,419,3.27,2146.6890000000003,0.6609999999999999,8.5269,6.040254711277414,7.459338895220296,4.1572,13.3031,0.2993,ferry,Hydrogen,Kochi,Mormugao
1,0,2,8659,17.7,84.7,411,0.73,5545.232999999999,0.847,14.9919,6.021023349349527,9.06647000155648,55.0259,28.6135,8.1735,container_ship,HFO,Visakhapatnam,Kamarajar
6,3,2,56969,10.5,63.9,422,0.84,1157.625,0.639,6.7095,6.0473721790462776,10.950280092474442,65.8637,44.7873,10.5464,tanker,MGO,Mormugao,Kochi
5,3,0,11514,15.4,98.4,495,3.48,3652.264,0.9840000000000001,15.153600000000003,6.206575926724928,9.351405812254786,76.5415,52.0482,12.2562,ro_ro,MGO,Kolkata_SMPK,Visakhapatnam
0,0,2,45319,15.0,72.5,856,0.49,3375.0,0.725,10.875,6.75343791859778,10.721503715141942,255.4395,132.8285,37.9427,bulk_carrier,HFO,Kolkata_SMPK,Chennai
6,2,2,67954,11.9,66.5,518,0.49,1685.159,0.665,7.913500000000001,6.251903883165888,11.126601000389448,91.2916,50.2104,14.1502,tanker,LNG,JNPA,New_Mangalore
1,4,2,18598,21.4,63.8,859,1.82,9800.343999999997,0.638,13.6532,6.756932389247553,9.830863094815127,649.5172,227.331,37.4836,container_ship,Methanol,Mumbai,Kochi
4,3,1,2268,18.4,54.1,419,2.92,6229.503999999999,0.541,9.9544,6.040254711277414,7.727094484779841,27.222,18.511,4.3589,passenger,MGO,Kamarajar,Visakhapatnam
1,0,2,36763,21.3,53.5,286,0.54,9663.597000000002,0.535,11.3955,5.659482215759621,10.512274384478,127.606,66.3551,18.9545,container_ship,HFO,Kandla,JNPA
3,3,2,6658,16.6,58.8,856,2.02,4574.296000000001,0.588,9.7608,6.75343791859778,8.803724602110622,87.8635,59.7472,14.0691,general_cargo,MGO,Kolkata_SMPK,Chennai
0,3,2,32714,11.7,61.3,18,1.9,1601.6129999999996,0.613,7.1720999999999995,2.9444389791664403,10.395588967303839,2.5788,1.7536,0.4129,bulk_carrier,MGO,Chennai,Kamarajar
3,0,2,16581,11.1,84.3,856,0.99,1367.6309999999999,0.843,9.357299999999999,6.75343791859778,9.716073048676163,77.1562,40.1212,11.4607,general_cargo,HFO,Kolkata_SMPK,Chennai
6,0,0,27184,12.4,60.4,358,2.23,1906.6240000000003,0.604,7.4896,5.883322388488279,10.210420629580021,54.6124,28.3985,8.1121,tanker,HFO,JNPA,Mormugao
6,2,0,45552,16.3,56.2,282,1.87,4330.747,0.562,9.1606,5.645446897643238,10.726631762209768,78.7769,43.3273,12.2104,tanker,LNG,Mumbai,Kandla
5,3,2,4206,15.8,92.9,347,1.55,3944.3120000000004,0.929,14.678200000000002,5.8522024797744745,8.344505083590521,22.648,15.4006,3.6265,ro_ro,MGO,Mormugao,Mumbai
0,0,2,42343,14.7,89.6,297,1.55,3176.5229999999997,0.8959999999999999,13.171199999999997,5.697093486505405,10.653582013537823,88.1746,45.8508,13.0974,bulk_carrier,HFO,JNPA,Kandla
4,1,2,3808,18.3,96.7,282,2.74,6128.487000000001,0.9670000000000001,17.6961,5.645446897643238,8.245121966478605,10.6617,34.1173,0.7676,passenger,Hydrogen,Mumbai,Kandla
3,3,2,9058,11.5,62.0,24,1.18,1520.875,0.62,7.13,3.2188758248682006,9.111514017669288,1.2891,0.8766,0.2064,general_cargo,MGO,JNPA,Mumbai
1,0,0,12578,17.7,56.7,1190,2.01,5545.232999999999,0.5670000000000001,10.0359,7.0825485693553,9.439784035838873,217.2521,112.9711,32.2704,container_ship,HFO,JNPA,Chennai
3,3,2,5602,11.6,60.1,348,2.13,1560.896,0.601,6.9716,5.855071922202427,8.631057447565285,14.9023,10.1336,2.3862,general_cargo,MGO,Kochi,New_Mangalore
0,2,0,60844,14.1,54.8,345,1.19,2803.221,0.5479999999999999,7.726799999999999,5.846438775057725,11.016084925770901,84.0775,46.2426,13.032,bulk_carrier,LNG,New_Mangalore,Kochi
0,0,2,60013,11.6,97.8,282,2.95,1560.896,0.978,11.3448,5.645446897643238,11.002333147319582,78.4218,40.7793,11.6487,bulk_carrier,HFO,Mumbai,Kandla
0,0,2,29708,15.7,99.2,22,3.11,3869.8929999999996,0.992,15.574399999999999,3.1354942159291497,10.299205309189412,6.8035,3.5378,1.0106,bulk_carrier,HFO,Mumbai,JNPA
3,0,2,9058,11.7,75.7,169,1.77,1601.6129999999996,0.757,8.8569,5.135798437050262,9.111514017669288,11.0022,5.7211,1.6343,general_cargo,HFO,New_Mangalore,Mormugao
6,0,2,37289,11.6,65.6,859,2.43,1560.896,0.6559999999999999,7.609599999999999,6.756932389247553,10.526480473172866,131.3386,68.2961,19.5089,tanker,HFO,Mumbai,Kochi
6,0,2,28244,16.2,71.1,24,1.71,4251.527999999999,0.711,11.518199999999998,3.2188758248682006,10.248671729759362,6.2611,3.2558,0.93,tanker,HFO,JNPA,Mumbai
1,3,2,17470,22.6,63.2,297,3.04,11543.176000000001,0.632,14.2832,5.697093486505405,9.768297642474444,115.8624,78.7864,18.5525,container_ship,MGO,JNPA,Kandla
3,3,2,17380,13.3,86.9,411,2.14,2352.637,0.8690000000000001,11.557700000000002,6.021023349349527,9.76313293456348,59.4102,40.399,9.5131,general_cargo,MGO,Visakhapatnam,Kamarajar
3,0,2,9058,12.3,54.2,495,0.7,1860.8670000000004,0.542,6.666600000000001,6.206575926724928,9.111514017669288,28.1053,14.6148,4.1747,general_cargo,HFO,Kolkata_SMPK,Visakhapatnam
1,2,2,23507,24.0,63.8,419,1.57,13824.0,0.638,15.312000000000001,6.040254711277414,10.065096067732542,155.8531,85.7192,24.1572,container_ship,LNG,Kamarajar,Visakhapatnam
2,2,2,932,13.6,74.9,359,2.54,2515.4559999999997,0.7490000000000001,10.1864,5.886104031450156,6.838405200847344,6.0021,3.3011,0.9303,ferry,LNG,Mormugao,JNPA
0,3,0,59816,11.5,66.5,276,1.26,1520.875,0.665,7.647500000000001,5.6240175061873385,10.99904518047501,57.5858,39.1583,9.2209,bulk_carrier,MGO,Mumbai,Kandla
6,3,2,55468,11.1,59.8,277,3.39,1367.6309999999999,0.598,6.6377999999999995,5.627621113690637,10.923579585124024,56.4554,38.3897,9.0399,tanker,MGO,Kandla,Mumbai
2,5,2,536,19.2,67.6,1181,1.88,7077.887999999999,0.6759999999999999,12.979199999999999,7.074963197966044,6.285998094508865,353.4927,42.4191,1.0435,ferry,Shore_Power,Chennai,Mumbai
5,3,0,8843,16.8,63.1,370,3.15,4741.6320000000005,0.631,10.600800000000001,5.916202062607435,9.087494541977337,49.8579,33.9034,7.9835,ro_ro,MGO,Chennai,Tuticorin
6,2,2,28244,12.5,90.9,876,0.36,1953.125,0.909,11.3625,6.776506992372183,10.248671729759362,118.8883,65.3886,18.4277,tanker,LNG,JNPA,Kochi
1,2,2,21724,19.6,87.1,1181,3.16,7529.536000000002,0.871,17.0716,7.074963197966044,9.986218950133592,393.3053,216.3179,60.9623,container_ship,LNG,Chennai,Mumbai
5,3,2,8843,19.9,61.5,419,0.92,7880.598999999998,0.615,12.238499999999998,6.040254711277414,9.087494541977337,61.9798,42.1463,9.9245,ro_ro,MGO,Kochi,Mormugao
6,3,2,27184,14.0,91.4,18,2.04,2744.0,0.914,12.796000000000001,2.9444389791664403,10.210420629580021,3.4578,2.3513,0.5537,tanker,MGO,Chennai,Kamarajar
5,3,2,8843,18.5,88.9,692,1.88,6331.625,0.889,16.4465,6.541029999189903,9.087494541977337,107.2934,72.9595,17.1803,ro_ro,MGO,Chennai,Paradip
1,0,2,33073,16.5,68.7,491,3.38,4492.125,0.687,11.335500000000001,6.198478716492308,10.406502754210141,169.5737,88.1783,25.1883,container_ship,HFO,Visakhapatnam,Kolkata_SMPK
4,1,2,2268,17.8,80.0,495,0.65,5639.752,0.8,14.240000000000002,6.206575926724928,7.727094484779841,9.0153,28.8489,0.6491,passenger,Hydrogen,Kolkata_SMPK,Visakhapatnam
0,3,0,40197,10.4,52.5,217,1.96,1124.864,0.525,5.460000000000001,5.384495062789089,10.601572522125696,28.3685,19.2906,4.5425,bulk_carrier,MGO,Paradip,Kolkata_SMPK
0,0,2,27915,13.5,54.1,297,0.41,2460.375,0.541,7.3035000000000005,5.697093486505405,10.236955280137042,45.8772,23.8562,6.8146,bulk_carrier,HFO,JNPA,Kandla
3,0,0,16581,10.4,84.6,359,3.36,1124.864,0.846,8.7984,5.886104031450156,9.716073048676163,33.2416,17.2856,4.9377,general_cargo,HFO,Mormugao,JNPA
6,3,2,27184,13.1,52.2,406,2.28,2248.091,0.522,6.8382000000000005,6.008813185442595,10.210420629580021,60.0694,40.8472,9.6186,tanker,MGO,Visakhapatnam,Chennai
1,4,0,8659,13.1,63.0,347,2.26,2248.091,0.63,8.253,5.8522024797744745,9.06647000155648,57.827,20.2394,3.3372,container_ship,Methanol,Mormugao,Mumbai
1,2,2,17470,20.6,90.0,761,2.64,8741.816000000003,0.9,18.540000000000003,6.635946555686647,9.768297642474444,228.3661,125.6014,35.3968,container_ship,LNG,Tuticorin,Port_Blair
6,0,1,39701,13.6,53.3,347,0.44,2515.4559999999997,0.5329999999999999,7.248799999999998,5.8522024797744745,10.589156843240115,70.5003,36.6601,10.472,tanker,HFO,Mormugao,Mumbai
1,3,2,41892,16.8,91.8,282,3.38,4741.6320000000005,0.9179999999999999,15.4224,5.645446897643238,10.64287402751427,120.5883,82.0,19.3092,container_ship,MGO,Mumbai,Kandla
3,0,0,13823,14.1,93.4,18,2.95,2803.221,0.934,13.1694,2.9444389791664403,9.534161491043838,3.0403,1.581,0.4516,general_cargo,HFO,Chennai,Kamarajar
6,3,2,54273,12.7,69.2,313,1.25,2048.383,0.6920000000000001,8.788400000000001,5.749392985908253,10.901800569887673,72.9066,49.5765,11.6742,tanker,MGO,Visakhapatnam,Paradip
3,0,2,17758,11.0,95.1,229,0.55,1331.0,0.951,10.461,5.438079308923196,9.784647708654596,19.8921,10.3439,2.9548,general_cargo,HFO,Kolkata_SMPK,Paradip
5,2,2,6679,13.5,55.1,17,0.49,2460.375,0.551,7.4385,2.8903717578961645,8.806873266530692,0.7909,0.435,0.1226,ro_ro,LNG,Kamarajar,Chennai
1,3,0,21724,17.0,51.2,876,0.39,4913.0,0.512,8.704,6.776506992372183,9.986218950133592,158.6536,107.8844,25.4044,container_ship,MGO,JNPA,Kochi
6,3,0,35203,13.2,81.2,1190,3.1,2299.968,0.812,10.7184,7.0825485693553,10.468914991493703,252.9588,172.012,40.505,tanker,MGO,JNPA,Chennai
0,2,2,34731,13.3,93.5,169,0.7,2352.637,0.935,12.435500000000001,5.135798437050262,10.455416731180536,28.2348,15.5291,4.3764,bulk_carrier,LNG,New_Mangalore,Mormugao
6,2,2,47233,13.1,61.9,17,0.71,2248.091,0.619,8.1089,2.8903717578961645,10.762869251237097,3.0188,1.6604,0.4679,tanker,LNG,Kamarajar,Chennai
3,0,1,9258,11.4,79.7,396,0.77,1481.544,0.797,9.0858,5.983936280687191,9.133351330448047,23.0178,11.9693,3.419,general_cargo,HFO,Chennai,Visakhapatnam
3,0,2,14985,10.4,59.3,518,2.45,1124.864,0.593,6.1672,6.251903883165888,9.614871710924255,41.0564,21.3493,6.0985,general_cargo,HFO,JNPA,New_Mangalore
1,2,2,34898,20.9,71.5,1196,2.8,9129.328999999998,0.715,14.943499999999998,7.087573705557973,10.460213454484876,512.2428,281.7335,79.3976,container_ship,LNG,Chennai,JNPA
1,2,2,13324,14.5,90.8,406,0.35,3048.625,0.9079999999999999,13.165999999999999,6.008813185442595,9.497397249034046,39.8704,21.9287,6.1799,container_ship,LNG,Visakhapatnam,Chennai
0,0,2,47945,14.8,50.2,518,1.28,3241.7920000000004,0.502,7.429600000000001,6.251903883165888,10.777830656602518,139.6846,72.636,20.7486,bulk_carrier,HFO,JNPA,New_Mangalore
1,0,1,18598,23.3,69.5,277,2.98,12649.337000000001,0.695,16.1935,5.627621113690637,9.830863094815127,122.6685,63.7876,18.2211,container_ship,HFO,Kandla,Mumbai
5,2,2,6851,15.0,94.3,495,0.92,3375.0,0.943,14.145,6.206575926724928,8.832295859444011,33.9485,18.6717,5.262,ro_ro,LNG,Kolkata_SMPK,Visakhapatnam
1,4,1,17470,19.6,99.3,538,2.75,7529.536000000002,0.993,19.4628,6.289715570908998,9.768297642474444,393.7589,137.8156,22.7238,container_ship,Methanol,Kochi,Chennai
0,2,2,40297,10.9,91.4,788,0.34,1295.0290000000002,0.914,9.9626,6.670766320845874,10.604057118911712,96.5061,53.0784,14.9584,bulk_carrier,LNG,Port_Blair,Chennai
6,3,2,33954,11.6,67.8,876,1.32,1560.896,0.6779999999999999,7.864799999999999,6.776506992372183,10.432791397547891,137.1339,93.251,21.9586,tanker,MGO,JNPA,Kochi
6,3,2,39701,14.7,72.8,419,0.82,3176.5229999999997,0.728,10.7016,6.040254711277414,10.589156843240115,102.6153,69.7784,16.4313,tanker,MGO,Kamarajar,Visakhapatnam
6,0,2,28244,13.8,73.1,1190,0.62,2628.0720000000006,0.731,10.0878,7.0825485693553,10.248671729759362,194.1443,100.9551,28.838,tanker,HFO,JNPA,Chennai
1,3,2,33073,16.1,65.5,850,0.56,4173.281000000001,0.655,10.5455,6.7464121285733745,10.406502754210141,205.6331,139.8305,32.927,container_ship,MGO,Kochi,Mumbai
5,3,0,8727,19.3,68.4,850,3.15,7189.057000000001,0.684,13.201200000000002,6.7464121285733745,9.074291527512907,150.4479,102.3045,24.0905,ro_ro,MGO,Kochi,Mumbai
3,3,1,15648,16.1,60.7,1196,1.34,4173.281000000001,0.607,9.7727,7.087573705557973,9.658162296163171,179.1911,121.8499,28.693,general_cargo,MGO,Chennai,JNPA
1,0,2,12017,17.6,61.0,761,3.37,5451.776000000002,0.61,10.736,6.635946555686647,9.394160804893874,155.8329,81.0331,23.1473,container_ship,HFO,Tuticorin,Port_Blair
3,0,2,17380,11.2,97.5,286,0.52,1404.9279999999997,0.975,10.92,5.659482215759621,9.76313293456348,26.0949,13.5693,3.8761,general_cargo,HFO,Kandla,JNPA
1,3,1,17470,24.4,77.9,870,1.2,14526.783999999998,0.779,19.0076,6.769641976852503,9.768297642474444,341.6716,232.3367,54.7102,container_ship,MGO,Kochi,JNPA
5,0,2,11514,14.3,67.3,183,2.72,2924.2070000000003,0.6729999999999999,9.623899999999999,5.214935757608986,9.351405812254786,20.5891,10.7063,3.0583,ro_ro,HFO,Tuticorin,Kochi
2,5,1,536,15.4,54.3,419,0.87,3652.264,0.5429999999999999,8.3622,6.040254711277414,6.285998094508865,66.6428,7.9971,0.1967,ferry,Shore_Power,Kochi,Mormugao
6,3,0,39701,10.9,80.4,856,1.7,1295.0290000000002,0.804,8.7636,6.75343791859778,10.589156843240115,123.7544,84.153,19.8162,tanker,MGO,Kolkata_SMPK,Chennai
3,3,1,7216,11.3,99.0,290,0.49,1442.8970000000002,0.99,11.187000000000001,5.673323267171493,8.884194633072273,12.9732,8.8218,2.0773,general_cargo,MGO,Kandla,JNPA
0,2,2,49115,11.4,60.4,850,0.43,1481.544,0.604,6.8856,6.7464121285733745,10.801940126280403,112.0536,61.6295,17.3683,bulk_carrier,LNG,Kochi,Mumbai
1,4,0,31457,12.1,78.1,700,0.55,1771.561,0.7809999999999999,9.450099999999999,6.55250788703459,10.356408601800588,205.7384,72.0084,11.8732,container_ship,Methanol,Paradip,Chennai
3,3,0,6658,14.8,87.9,757,2.02,3241.7920000000004,0.879,13.0092,6.630683385642372,8.803724602110622,70.511,47.9475,11.2906,general_cargo,MGO,Port_Blair,Tuticorin
0,0,2,32714,13.0,75.5,797,2.87,2197.0,0.755,9.815,6.682108597449809,10.395588967303839,164.5413,85.5615,24.4408,bulk_carrier,HFO,Chennai,Port_Blair
0,0,2,58490,13.4,77.2,364,2.5,2406.1040000000003,0.772,10.344800000000001,5.8998973535824915,10.976628175230568,112.9925,58.7561,16.7838,bulk_carrier,HFO,Tuticorin,Chennai
0,3,0,60844,12.2,91.0,176,1.31,1815.8479999999997,0.91,11.102,5.176149732573829,11.016084925770901,38.5071,26.1848,6.166,bulk_carrier,MGO,Mormugao,New_Mangalore
0,0,2,63697,13.7,62.7,17,1.36,2571.3529999999996,0.627,8.5899,2.8903717578961645,11.061908443893099,5.5613,2.8919,0.8261,bulk_carrier,HFO,Kamarajar,Chennai
0,2,2,41493,9.0,87.6,411,2.87,729.0,0.8759999999999999,7.883999999999999,6.021023349349527,10.633304117453084,40.2579,22.1418,6.24,bulk_carrier,LNG,Visakhapatnam,Kamarajar
6,3,0,23323,13.2,98.5,505,0.94,2299.968,0.985,13.001999999999999,6.226536669287466,10.057238152342046,79.2517,53.8911,12.6902,tanker,MGO,New_Mangalore,Mumbai
3,3,2,15648,11.7,89.3,853,0.73,1601.6129999999996,0.893,10.4481,6.74993119378857,9.658162296163171,71.3418,48.5124,11.4236,general_cargo,MGO,Chennai,Kolkata_SMPK
6,3,1,47767,10.7,91.2,277,3.02,1225.0429999999997,0.912,9.7584,5.627621113690637,10.774111238226828,55.1638,37.5114,8.8331,tanker,MGO,Kandla,Mumbai
0,2,1,34731,14.0,88.4,349,2.15,2744.0,0.884,12.376,5.857933154483459,10.455416731180536,66.3783,36.508,10.2886,bulk_carrier,LNG,Mumbai,Mormugao
4,1,2,4545,21.3,62.4,491,2.85,9663.597000000002,0.624,13.2912,6.198478716492308,8.422003004412488,21.1856,67.7939,1.5254,passenger,Hydrogen,Visakhapatnam,Kolkata_SMPK
6,3,1,47959,15.7,63.4,189,1.62,3869.8929999999996,0.634,9.9538,5.247024072160486,10.77812260914145,58.6265,39.866,9.3876,tanker,MGO,Kochi,Tuticorin
6,0,2,68994,13.8,92.1,692,3.07,2628.0720000000006,0.9209999999999999,12.7098,6.541029999189903,11.141789317185655,270.0983,140.4511,40.1201,tanker,HFO,Chennai,Paradip
3,3,2,11634,9.4,58.2,313,0.54,830.5840000000001,0.5820000000000001,5.4708000000000006,5.749392985908253,9.361773075736393,11.7246,7.9727,1.8774,general_cargo,MGO,Visakhapatnam,Paradip
0,0,2,27915,11.9,57.1,276,1.31,1685.159,0.5710000000000001,6.794900000000001,5.6240175061873385,10.236955280137042,31.1021,16.1731,4.6199,bulk_carrier,HFO,Mumbai,Kandla
3,0,1,13823,13.8,94.7,358,2.59,2628.0720000000006,0.9470000000000001,13.068600000000002,5.883322388488279,9.534161491043838,48.2267,25.0779,7.1635,general_cargo,HFO,JNPA,Mormugao
0,0,0,59816,9.9,60.9,17,2.34,970.2990000000001,0.609,6.0291,2.8903717578961645,10.99904518047501,2.8214,1.4671,0.4191,bulk_carrier,HFO,Kamarajar,Chennai
0,2,2,32714,11.1,99.1,297,1.95,1367.6309999999999,0.991,11.0001,5.697093486505405,10.395588967303839,36.1924,19.9058,5.6098,bulk_carrier,LNG,JNPA,Kandla
3,3,2,11634,10.9,61.1,529,1.15,1295.0290000000002,0.611,6.6599,6.272877006546167,9.361773075736393,29.4316,20.0135,4.7127,general_cargo,MGO,Mormugao,Kandla
3,0,2,16704,10.6,68.2,406,2.28,1191.0159999999998,0.682,7.2292000000000005,6.008813185442595,9.723463354790857,32.5117,16.9061,4.8293,general_cargo,HFO,Visakhapatnam,Chennai
3,0,2,16581,11.6,96.8,358,0.45,1560.896,0.968,11.2288,5.883322388488279,9.716073048676163,33.1109,17.2177,4.9183,general_cargo,HFO,JNPA,Mormugao
6,2,0,47959,11.4,83.3,518,1.54,1481.544,0.833,9.4962,6.251903883165888,10.77812260914145,79.0897,43.4994,12.2589,tanker,LNG,JNPA,New_Mangalore
5,2,2,11514,13.5,84.2,528,0.8,2460.375,0.8420000000000001,11.367,6.270988431858299,9.351405812254786,42.3578,23.2968,6.5655,ro_ro,LNG,New_Mangalore,JNPA
3,3,0,16651,11.8,86.3,507,1.92,1643.0320000000004,0.863,10.1834,6.230481447578482,9.720285608314866,47.265,32.1402,7.5683,general_cargo,MGO,Mumbai,New_Mangalore
3,0,2,6658,12.4,79.8,542,1.37,1906.6240000000003,0.7979999999999999,9.895199999999999,6.297109319933935,8.803724602110622,31.7853,16.5284,4.7214,general_cargo,HFO,Chennai,Kochi
6,0,1,70614,14.0,76.2,286,2.39,2744.0,0.762,10.668,5.659482215759621,11.164997865503164,112.8717,58.6933,16.7658,tanker,HFO,Kandla,JNPA
2,3,2,884,15.5,76.7,282,0.99,3723.875,0.767,11.8885,5.645446897643238,6.785587645007929,6.1995,4.2157,0.9927,ferry,MGO,Mumbai,Kandla
1,4,2,12017,16.9,86.2,700,1.86,4826.808999999998,0.862,14.567799999999998,6.55250788703459,9.394160804893874,218.9657,76.638,12.6365,container_ship,Methanol,Paradip,Chennai
0,2,2,38293,16.4,73.1,313,1.3,4410.943999999999,0.731,11.988399999999999,5.749392985908253,10.55304850493315,77.2245,42.4735,11.9698,bulk_carrier,LNG,Visakhapatnam,Paradip
6,3,2,55468,11.5,63.0,176,1.29,1520.875,0.63,7.245,5.176149732573829,10.923579585124024,29.7669,20.2415,4.7664,tanker,MGO,Mormugao,New_Mangalore
6,0,2,76931,16.0,79.9,538,1.67,4096.0,0.799,12.784,6.289715570908998,11.250677193775257,288.812,150.1822,42.8998,tanker,HFO,Kochi,Chennai
3,0,2,16704,10.6,97.6,359,0.86,1191.0159999999998,0.976,10.3456,5.886104031450156,9.723463354790857,26.3779,13.7165,3.9181,general_cargo,HFO,Mormugao,JNPA
0,2,2,56365,14.5,90.2,311,2.19,3048.625,0.902,13.079,5.7430031878094825,10.939621418827507,94.4545,51.95,14.6404,bulk_carrier,LNG,Paradip,Visakhapatnam
1,4,2,17711,16.5,68.9,311,3.05,4492.125,0.6890000000000001,11.368500000000001,5.7430031878094825,9.781997654948418,145.5443,50.9405,8.3994,container_ship,Methanol,Paradip,Visakhapatnam
0,2,2,38293,11.2,94.1,277,2.73,1404.9279999999997,0.941,10.5392,5.627621113690637,10.55304850493315,41.7072,22.9389,6.4646,bulk_carrier,LNG,Kandla,Mumbai
3,3,2,9058,13.9,53.4,422,3.42,2685.619,0.534,7.422600000000001,6.0473721790462776,9.111514017669288,39.0613,26.5617,6.2547,general_cargo,MGO,Mormugao,Kochi
1,0,2,17470,20.5,69.5,419,2.35,8615.125,0.695,14.247499999999999,6.040254711277414,9.768297642474444,141.5616,73.612,21.0274,container_ship,HFO,Kamarajar,Visakhapatnam
1,2,2,27264,19.3,75.7,276,2.5,7189.057000000001,0.757,14.610100000000001,5.6240175061873385,10.213359107360162,94.2796,51.8538,14.6133,container_ship,LNG,Mumbai,Kandla
5,2,0,7575,18.9,72.4,311,3.24,6751.268999999998,0.7240000000000001,13.6836,5.7430031878094825,8.932740634865914,41.5256,22.8391,6.4365,ro_ro,LNG,Paradip,Visakhapatnam
6,0,2,23323,11.8,51.1,290,1.31,1643.0320000000004,0.511,6.029800000000001,5.673323267171493,10.057238152342046,30.7174,15.9731,4.5627,tanker,HFO,JNPA,Kandla
0,0,2,31987,11.3,57.7,276,1.28,1442.8970000000002,0.5770000000000001,6.520100000000001,5.6240175061873385,10.37311611145178,34.8481,18.121,5.1763,bulk_carrier,HFO,Kandla,Mumbai
3,0,2,7328,11.0,60.5,495,2.19,1331.0,0.605,6.654999999999999,6.206575926724928,8.89959435992585,23.8931,12.4244,3.5491,general_cargo,HFO,Kolkata_SMPK,Visakhapatnam
2,3,0,2604,11.0,81.8,1181,0.74,1331.0,0.818,8.998,7.074963197966044,7.865187954187467,27.511,18.7075,4.4052,ferry,MGO,Chennai,Mumbai
6,2,2,67954,14.1,50.7,528,2.98,2803.221,0.507,7.1487,6.270988431858299,11.126601000389448,155.9428,85.7685,24.1711,tanker,LNG,New_Mangalore,JNPA
0,2,2,56514,12.3,91.0,277,2.57,1860.8670000000004,0.91,11.193000000000001,5.627621113690637,10.942261368624832,62.3571,34.2964,9.6653,bulk_carrier,LNG,Kandla,Mumbai
6,2,2,47767,12.1,75.1,345,2.18,1771.561,0.7509999999999999,9.087099999999998,5.846438775057725,10.774111238226828,56.6764,31.172,8.7848,tanker,LNG,New_Mangalore,Kochi
1,2,2,27264,14.7,69.7,349,3.22,3176.5229999999997,0.6970000000000001,10.2459,5.857933154483459,10.213359107360162,71.6963,39.433,11.1129,container_ship,LNG,Mumbai,Mormugao
1,2,2,17470,22.6,59.7,757,1.76,11543.176000000001,0.597,13.4922,6.630683385642372,9.768297642474444,223.3796,122.8588,34.6238,container_ship,LNG,Port_Blair,Tuticorin
1,0,2,23507,23.9,75.1,518,3.37,13651.918999999998,0.7509999999999999,17.948899999999995,6.251903883165888,10.065096067732542,331.0971,172.1705,49.1808,container_ship,HFO,JNPA,New_Mangalore
6,2,2,72064,14.4,78.6,176,1.1,2985.9840000000004,0.7859999999999999,11.318399999999999,5.176149732573829,11.185323768517204,58.1868,32.0027,9.019,tanker,LNG,Mormugao,New_Mangalore
1,0,2,35698,19.1,96.2,521,2.97,6967.871000000002,0.9620000000000001,18.374200000000002,6.257667587882639,10.482877956170928,275.0948,143.0493,40.8623,container_ship,HFO,Kandla,Mormugao
1,0,2,13324,11.4,73.1,1179,2.3,1481.544,0.731,8.3334,7.07326971745971,9.497397249034046,95.8327,49.833,14.2349,container_ship,HFO,Mumbai,Chennai
0,3,1,66381,14.4,54.1,495,3.19,2985.9840000000004,0.541,7.790400000000001,6.206575926724928,11.103181214377175,192.2532,130.7322,30.7845,bulk_carrier,MGO,Kolkata_SMPK,Visakhapatnam
6,2,0,28632,15.4,70.6,495,1.7,3652.264,0.706,10.872399999999999,6.206575926724928,10.262315177792935,96.6298,53.1464,14.9776,tanker,LNG,Kolkata_SMPK,Visakhapatnam
6,2,2,54273,12.4,92.5,876,1.81,1906.6240000000003,0.925,11.47,6.776506992372183,10.901800569887673,188.0774,103.4426,29.152,tanker,LNG,JNPA,Kochi
4,1,0,4545,26.9,81.0,24,1.68,19465.108999999997,0.81,21.789,3.2188758248682006,8.422003004412488,1.8309,5.8589,0.1318,passenger,Hydrogen,JNPA,Mumbai
6,3,0,23117,14.0,69.0,788,0.54,2744.0,0.69,9.66,6.670766320845874,10.048366813854212,120.7457,82.1071,19.3344,tanker,MGO,Port_Blair,Chennai
2,3,2,1735,11.8,90.5,491,3.36,1643.0320000000004,0.905,10.679,6.198478716492308,7.459338895220296,11.5015,7.821,1.8417,ferry,MGO,Visakhapatnam,Kolkata_SMPK
2,3,0,932,15.5,74.1,169,2.18,3723.875,0.741,11.4855,5.135798437050262,6.838405200847344,4.0407,2.7477,0.647,ferry,MGO,New_Mangalore,Mormugao
6,0,2,56969,12.1,94.1,22,3.28,1771.561,0.941,11.386099999999999,3.1354942159291497,10.950280092474442,6.536,3.3987,0.9709,tanker,HFO,Mumbai,JNPA
6,0,2,39701,15.3,77.8,850,2.54,3581.5770000000007,0.778,11.903400000000001,6.7464121285733745,10.589156843240115,261.7352,136.1023,38.8779,tanker,HFO,Kochi,Mumbai
1,4,2,17470,23.0,93.8,229,0.67,12167.0,0.938,21.573999999999998,5.438079308923196,9.768297642474444,180.3176,63.1112,10.4061,container_ship,Methanol,Kolkata_SMPK,Paradip
0,3,2,59816,13.4,50.4,859,2.74,2406.1040000000003,0.504,6.7536000000000005,6.756932389247553,10.99904518047501,247.0859,168.0184,39.5646,bulk_carrier,MGO,Mumbai,Kochi
0,3,2,71338,12.8,89.5,18,1.7,2097.1520000000005,0.895,11.456000000000001,2.9444389791664403,11.175198441433086,4.9664,3.3772,0.7952,bulk_carrier,MGO,Chennai,Kamarajar
5,2,0,11514,14.4,95.7,1179,2.61,2985.9840000000004,0.9570000000000001,13.780800000000001,7.07326971745971,9.351405812254786,135.0161,74.2589,20.9275,ro_ro,LNG,Mumbai,Chennai
0,3,2,32714,11.6,71.6,1181,1.0,1560.896,0.716,8.3056,7.074963197966044,10.395588967303839,142.7669,97.0815,22.8605,bulk_carrier,MGO,Chennai,Mumbai
0,0,2,35729,11.0,53.8,419,1.1,1331.0,0.5379999999999999,5.917999999999999,6.040254711277414,10.483745951017456,55.1677,28.6872,8.1946,bulk_carrier,HFO,Kochi,Mormugao
6,3,0,28244,13.4,76.7,788,1.81,2406.1040000000003,0.767,10.277800000000001,6.670766320845874,10.248671729759362,136.4335,92.7748,21.8464,tanker,MGO,Port_Blair,Chennai
1,0,1,12017,20.1,71.7,276,1.31,8120.6010000000015,0.7170000000000001,14.411700000000003,5.6240175061873385,9.394160804893874,55.4196,28.8182,8.232,container_ship,HFO,Mumbai,Kandla
4,1,2,4545,23.2,83.3,538,1.72,12487.168,0.833,19.325599999999998,6.289715570908998,8.422003004412488,31.7078,101.465,2.283,passenger,Hydrogen,Kochi,Chennai
1,2,0,23507,20.7,86.4,411,2.61,8869.742999999999,0.8640000000000001,17.884800000000002,6.021023349349527,10.065096067732542,155.1819,85.3501,24.0532,container_ship,LNG,Visakhapatnam,Kamarajar
3,0,2,6658,13.8,57.8,495,3.09,2628.0720000000006,0.578,7.9764,6.206575926724928,8.803724602110622,37.196,19.3419,5.5251,general_cargo,HFO,Kolkata_SMPK,Visakhapatnam
3,3,2,16581,12.9,71.3,217,2.42,2146.6890000000003,0.713,9.1977,5.384495062789089,9.716073048676163,22.9907,15.6337,3.6814,general_cargo,MGO,Paradip,Kolkata_SMPK
0,0,2,49332,11.3,94.8,700,2.75,1442.8970000000002,0.948,10.7124,6.55250788703459,10.806348507298559,166.1859,86.4166,24.6851,bulk_carrier,HFO,Paradip,Chennai
6,2,2,66768,15.6,72.6,495,2.46,3796.4159999999997,0.726,11.3256,6.206575926724928,11.108994179953779,188.4831,103.6657,29.2149,tanker,LNG,Kolkata_SMPK,Visakhapatnam
6,2,0,37083,13.3,74.2,853,0.39,2352.637,0.742,9.8686,6.74993119378857,10.520940888726873,134.953,74.2242,20.9177,tanker,LNG,Chennai,Kolkata_SMPK
0,0,2,56514,11.7,99.3,797,0.67,1601.6129999999996,0.993,11.6181,6.682108597449809,10.942261368624832,181.0405,94.1411,26.8916,bulk_carrier,HFO,Chennai,Port_Blair
2,1,2,1735,14.6,88.1,870,2.77,3112.136,0.8809999999999999,12.862599999999999,6.769641976852503,7.459338895220296,11.4752,36.7206,0.8262,ferry,Hydrogen,Kochi,JNPA
6,0,2,72064,14.0,70.5,183,1.98,2744.0,0.705,9.87,5.214935757608986,11.185323768517204,69.6533,36.2197,10.3462,tanker,HFO,Tuticorin,Kochi
6,0,1,28073,13.1,54.4,277,3.48,2248.091,0.544,7.1264,5.627621113690637,10.24259916009427,51.209,26.6287,7.6065,tanker,HFO,Kandla,Mumbai
1,2,2,17470,23.5,77.4,370,0.93,12977.875,0.774,18.189,5.916202062607435,9.768297642474444,125.8972,69.2435,19.5141,container_ship,LNG,Chennai,Tuticorin
4,3,2,3808,24.0,57.4,757,1.08,13824.0,0.574,13.776,6.630683385642372,8.245121966478605,92.5865,62.9588,14.8254,passenger,MGO,Port_Blair,Tuticorin
6,3,2,25705,11.5,77.9,276,1.03,1520.875,0.779,8.9585,5.6240175061873385,10.154479706670077,33.6584,22.8877,5.3895,tanker,MGO,Kandla,Mumbai
1,3,1,18598,24.4,79.5,345,2.13,14526.783999999998,0.795,19.398,5.846438775057725,9.830863094815127,164.7382,112.022,26.3787,container_ship,MGO,New_Mangalore,Kochi
1,4,2,9661,17.7,93.2,761,0.88,5545.232999999999,0.932,16.4964,6.635946555686647,9.175955945114351,241.1396,84.3989,13.9162,container_ship,Methanol,Tuticorin,Port_Blair
0,2,1,56365,12.8,93.3,370,2.57,2097.1520000000005,0.9329999999999999,11.9424,5.916202062607435,10.939621418827507,96.2432,52.9338,14.9177,bulk_carrier,LNG,Chennai,Tuticorin
0,0,2,30900,12.5,59.2,1190,1.94,1953.125,0.5920000000000001,7.400000000000001,7.0825485693553,10.33854382482173,183.0485,95.1852,27.1898,bulk_carrier,HFO,JNPA,Chennai
6,2,1,45552,15.5,64.6,297,3.22,3723.875,0.6459999999999999,10.012999999999998,5.697093486505405,10.726631762209768,82.2164,45.219,12.7435,tanker,LNG,JNPA,Kandla
1,3,0,30177,19.8,82.0,761,2.74,7762.392000000001,0.82,16.236,6.635946555686647,10.314868461073596,331.1141,225.1576,53.0196,container_ship,MGO,Tuticorin,Port_Blair
0,0,1,70130,10.8,71.1,856,2.6,1259.7120000000002,0.711,7.6788,6.75343791859778,11.158120200662147,200.5366,104.279,29.7875,bulk_carrier,HFO,Kolkata_SMPK,Chennai
3,0,2,11634,13.1,95.4,290,0.87,2248.091,0.9540000000000001,12.4974,5.673323267171493,9.361773075736393,29.2574,15.2138,4.3459,general_cargo,HFO,Kandla,JNPA
6,2,2,68263,14.9,86.9,345,0.69,3307.949,0.8690000000000001,12.948100000000002,5.846438775057725,11.13113782021642,106.9236,58.808,16.5732,tanker,LNG,New_Mangalore,Kochi
3,0,0,16704,14.6,57.9,24,0.63,3112.136,0.579,8.453399999999998,3.2188758248682006,9.723463354790857,3.0748,1.5989,0.4567,general_cargo,HFO,JNPA,Mumbai
6,3,2,47233,10.6,54.0,700,1.64,1191.0159999999998,0.54,5.724,6.55250788703459,10.762869251237097,96.2214,65.4305,15.4074,tanker,MGO,Paradip,Chennai
3,0,2,16651,12.7,76.1,349,0.4,2048.383,0.7609999999999999,9.664699999999998,5.857933154483459,9.720285608314866,36.1362,18.7908,5.3676,general_cargo,HFO,Mumbai,Mormugao
0,2,2,59816,11.8,88.0,229,0.47,1643.0320000000004,0.88,10.384,5.438079308923196,10.99904518047501,40.8499,22.4674,6.3317,bulk_carrier,LNG,Kolkata_SMPK,Paradip
0,3,2,71338,11.6,70.2,276,2.8,1560.896,0.7020000000000001,8.1432,5.6240175061873385,11.175198441433086,73.133,49.7305,11.7104,bulk_carrier,MGO,Kandla,Mumbai
3,0,2,5817,14.9,78.8,528,2.95,3307.949,0.7879999999999999,11.7412,6.270988431858299,8.668711839055147,43.4596,22.599,6.4554,general_cargo,HFO,New_Mangalore,JNPA
0,0,2,58095,13.7,93.2,313,1.8,2571.3529999999996,0.932,12.7684,5.749392985908253,10.969852093654117,90.8532,47.2437,13.4952,bulk_carrier,HFO,Visakhapatnam,Paradip
5,0,2,4651,15.5,54.8,313,3.47,3723.875,0.5479999999999999,8.494,5.749392985908253,8.445052513638554,25.9411,13.4894,3.8533,ro_ro,HFO,Visakhapatnam,Paradip
0,3,2,47945,12.1,99.1,229,0.4,1771.561,0.991,11.9911,5.438079308923196,10.777830656602518,38.9761,26.5038,6.2411,bulk_carrier,MGO,Kolkata_SMPK,Paradip
6,2,2,37083,12.0,93.6,856,1.63,1728.0,0.9359999999999999,11.232,6.75343791859778,10.520940888726873,130.6529,71.8591,20.2512,tanker,LNG,Kolkata_SMPK,Chennai
3,0,2,7216,15.6,95.8,176,2.46,3796.4159999999997,0.958,14.944799999999999,5.176149732573829,8.884194633072273,21.0595,10.9509,3.1282,general_cargo,HFO,Mormugao,New_Mangalore
0,0,0,42343,12.9,52.6,538,1.56,2146.6890000000003,0.526,6.7854,6.289715570908998,10.653582013537823,104.7619,54.4762,15.5612,bulk_carrier,HFO,Kochi,Chennai
6,0,2,72064,15.2,87.8,349,3.27,3511.8079999999995,0.878,13.3456,5.857933154483459,11.185323768517204,199.7769,103.884,29.6747,tanker,HFO,Mumbai,Mormugao
1,3,2,31457,14.3,88.7,24,2.93,2924.2070000000003,0.887,12.6841,3.2188758248682006,10.356408601800588,5.4015,3.673,0.8649,container_ship,MGO,JNPA,Mumbai
0,2,2,47170,10.1,67.4,788,1.56,1030.301,0.674,6.8074,6.670766320845874,10.761534575968792,88.9198,48.9059,13.7826,bulk_carrier,LNG,Port_Blair,Chennai
1,4,2,31457,12.1,89.0,538,0.69,1771.561,0.89,10.769,6.289715570908998,10.356408601800588,161.4502,56.5076,9.3173,container_ship,Methanol,Kochi,Chennai
0,2,2,71338,12.0,82.8,17,0.87,1728.0,0.828,9.936,2.8903717578961645,11.175198441433086,3.4283,1.8856,0.5314,bulk_carrier,LNG,Kamarajar,Chennai
1,4,2,34898,15.5,86.3,422,0.72,3723.875,0.863,13.3765,6.0473721790462776,10.460213454484876,240.9501,84.3325,13.9052,container_ship,Methanol,Mormugao,Kochi
6,0,2,47959,15.6,56.6,419,2.97,3796.4159999999997,0.5660000000000001,8.829600000000001,6.040254711277414,10.77812260914145,150.7166,78.3727,22.3873,tanker,HFO,Kamarajar,Visakhapatnam
3,0,0,18455,12.0,52.5,797,2.48,1728.0,0.525,6.300000000000001,6.682108597449809,9.823144799853589,85.0507,44.2264,12.6333,general_cargo,HFO,Chennai,Port_Blair
6,2,1,50271,11.7,57.8,297,2.3,1601.6129999999996,0.578,6.762599999999999,5.697093486505405,10.825203541055348,45.3949,24.9672,7.0362,tanker,LNG,JNPA,Kandla
0,0,2,60013,12.7,91.2,282,3.1,2048.383,0.912,11.5824,5.645446897643238,11.002333147319582,94.71,49.2492,14.0681,bulk_carrier,HFO,Mumbai,Kandla
0,3,0,45790,9.1,91.6,788,1.62,753.5709999999999,0.9159999999999999,8.3356,6.670766320845874,10.731842844242117,89.4423,60.8208,14.322,bulk_carrier,MGO,Port_Blair,Chennai
0,3,0,63697,10.2,98.7,169,3.34,1061.2079999999999,0.987,10.0674,5.135798437050262,11.061908443893099,33.9969,23.1179,5.4438,bulk_carrier,MGO,New_Mangalore,Mormugao
6,3,2,22608,11.7,94.2,518,0.34,1601.6129999999996,0.9420000000000001,11.0214,6.251903883165888,10.026103336076316,55.3596,37.6445,8.8645,tanker,MGO,JNPA,New_Mangalore
1,0,0,30177,21.5,85.2,788,0.51,9938.375,0.852,18.317999999999998,6.670766320845874,10.314868461073596,394.3865,205.081,58.5818,container_ship,HFO,Port_Blair,Chennai
0,3,2,60013,10.6,58.1,282,2.71,1191.0159999999998,0.581,6.158599999999999,5.645446897643238,11.002333147319582,50.6991,34.4754,8.1182,bulk_carrier,MGO,Mumbai,Kandla
3,0,2,19799,13.2,50.3,370,3.35,2299.968,0.503,6.6396,5.916202062607435,9.893437216682626,51.4502,26.7541,7.6424,general_cargo,HFO,Chennai,Tuticorin
3,0,2,17380,10.0,77.7,419,1.07,1000.0,0.777,7.7700000000000005,6.040254711277414,9.76313293456348,29.8182,15.5055,4.4292,general_cargo,HFO,Kamarajar,Visakhapatnam
6,3,2,39649,13.8,66.1,491,1.91,2628.0720000000006,0.6609999999999999,9.121799999999999,6.198478716492308,10.587846227062993,111.5921,75.8826,17.8687,tanker,MGO,Visakhapatnam,Kolkata_SMPK
0,0,2,44373,11.4,100.0,507,1.37,1481.544,1.0,11.4,6.230481447578482,10.700408991312528,89.2974,46.4347,13.2642,bulk_carrier,HFO,Mumbai,New_Mangalore
0,3,2,42343,11.7,93.9,856,0.97,1601.6129999999996,0.9390000000000001,10.9863,6.75343791859778,10.653582013537823,134.5974,91.5262,21.5524,bulk_carrier,MGO,Kolkata_SMPK,Chennai
0,3,2,71338,12.3,74.6,189,1.97,1860.8670000000004,0.746,9.1758,5.247024072160486,11.175198441433086,50.661,34.4495,8.1121,bulk_carrier,MGO,Kochi,Tuticorin
6,0,2,22608,13.0,75.3,370,2.23,2197.0,0.753,9.789,5.916202062607435,10.026103336076316,60.0513,31.2267,8.92,tanker,HFO,Chennai,Tuticorin
3,3,0,7216,12.4,56.6,358,1.24,1906.6240000000003,0.5660000000000001,7.018400000000001,5.883322388488279,8.884194633072273,19.0978,12.9865,3.058,general_cargo,MGO,JNPA,Mormugao
3,0,2,16651,9.9,85.1,1190,0.55,970.2990000000001,0.851,8.424900000000001,7.0825485693553,9.720285608314866,79.8184,41.5056,11.8561,general_cargo,HFO,JNPA,Chennai
6,3,2,45552,11.9,55.6,538,2.11,1685.159,0.556,6.6164000000000005,6.289715570908998,10.726631762209768,97.9779,66.625,15.6887,tanker,MGO,Kochi,Chennai
0,3,2,59816,11.1,68.6,700,0.89,1367.6309999999999,0.6859999999999999,7.614599999999999,6.55250788703459,10.99904518047501,122.5195,83.3132,19.6184,bulk_carrier,MGO,Paradip,Chennai
6,3,0,54273,15.0,91.6,422,0.32,3375.0,0.9159999999999999,13.739999999999998,6.0473721790462776,10.901800569887673,140.592,95.6025,22.5123,tanker,MGO,Mormugao,Kochi
3,3,2,6658,13.0,73.9,538,2.46,2197.0,0.7390000000000001,9.607000000000001,6.289715570908998,8.803724602110622,34.5036,23.4625,5.5249,general_cargo,MGO,Kochi,Chennai
0,2,2,58242,10.9,58.4,313,0.77,1295.0290000000002,0.584,6.3656,5.749392985908253,10.972379192532934,47.919,26.3555,7.4274,bulk_carrier,LNG,Visakhapatnam,Paradip
6,0,2,35203,11.1,54.1,183,3.34,1367.6309999999999,0.541,6.0051000000000005,5.214935757608986,10.468914991493703,28.2065,14.6674,4.1898,tanker,HFO,Tuticorin,Kochi
0,3,2,41493,9.6,59.9,700,0.53,884.7359999999999,0.599,5.7504,6.55250788703459,10.633304117453084,72.2944,49.1602,11.5761,bulk_carrier,MGO,Paradip,Chennai
6,3,2,55666,12.0,94.4,169,2.2,1728.0,0.9440000000000001,11.328000000000001,5.135798437050262,10.927142790736806,41.5465,28.2516,6.6526,tanker,MGO,New_Mangalore,Mormugao
3,0,2,18455,10.2,87.7,542,0.65,1061.2079999999999,0.877,8.9454,6.297109319933935,9.823144799853589,40.772,21.2015,6.0562,general_cargo,HFO,Chennai,Kochi
1,3,2,31457,12.2,99.4,17,1.89,1815.8479999999997,0.9940000000000001,12.126800000000001,2.8903717578961645,10.356408601800588,2.9323,1.994,0.4695,container_ship,MGO,Kamarajar,Chennai
0,2,2,64303,10.5,74.0,313,2.54,1157.625,0.74,7.77,5.749392985908253,11.071377116688982,46.6835,25.6759,7.2359,bulk_carrier,LNG,Visakhapatnam,Paradip
1,4,2,27197,17.0,90.2,396,3.15,4913.0,0.902,15.334,5.983936280687191,10.210898720168904,294.3139,103.0099,16.9849,container_ship,Methanol,Chennai,Visakhapatnam
0,0,0,47170,12.1,68.5,345,3.25,1771.561,0.685,8.2885,5.846438775057725,10.761534575968792,76.8636,39.9691,11.4172,bulk_carrier,HFO,New_Mangalore,Kochi
4,1,2,1902,17.1,58.9,290,3.24,5000.211000000001,0.589,10.0719,5.673323267171493,7.551186867296149,5.806,18.5793,0.418,passenger,Hydrogen,Kandla,JNPA
3,0,2,15648,14.5,53.8,542,2.21,3048.625,0.5379999999999999,7.800999999999999,6.297109319933935,9.658162296163171,72.1624,37.5244,10.7189,general_cargo,HFO,Chennai,Kochi
6,0,2,68994,12.9,76.2,870,1.22,2146.6890000000003,0.762,9.8298,6.769641976852503,11.141789317185655,249.1723,129.5696,37.0118,tanker,HFO,Kochi,JNPA
6,2,2,68263,13.4,96.3,491,0.67,2406.1040000000003,0.963,12.9042,6.198478716492308,11.13113782021642,136.56,75.108,21.1668,tanker,LNG,Visakhapatnam,Kolkata_SMPK
0,2,1,63249,12.1,53.8,277,1.25,1771.561,0.5379999999999999,6.5097999999999985,5.627621113690637,11.054850406589766,51.0334,28.0684,7.9102,bulk_carrier,LNG,Kandla,Mumbai
6,3,0,67954,10.8,66.4,859,1.87,1259.7120000000002,0.664,7.171200000000001,6.756932389247553,11.126601000389448,181.5334,123.4427,29.068,tanker,MGO,Mumbai,Kochi
6,2,2,68994,10.4,52.5,24,0.72,1124.864,0.525,5.460000000000001,3.2188758248682006,11.141789317185655,3.2202,1.7711,0.4991,tanker,LNG,JNPA,Mumbai
6,3,2,47233,13.8,70.1,507,3.49,2628.0720000000006,0.701,9.6738,6.230481447578482,10.762869251237097,153.7833,104.5727,24.6246,tanker,MGO,Mumbai,New_Mangalore
5,0,1,4651,15.4,76.4,290,2.56,3652.264,0.764,11.765600000000001,5.673323267171493,8.445052513638554,25.4195,13.2181,3.7758,ro_ro,HFO,Kandla,JNPA
3,3,2,7328,13.1,50.9,797,1.38,2248.091,0.509,6.6678999999999995,6.682108597449809,8.89959435992585,43.8714,29.8326,7.0249,general_cargo,MGO,Chennai,Port_Blair
6,2,2,66768,15.5,71.2,169,0.95,3723.875,0.7120000000000001,11.036000000000001,5.135798437050262,11.108994179953779,53.4273,29.385,8.2812,tanker,LNG,New_Mangalore,Mormugao
1,4,2,23507,21.0,84.7,345,1.73,9261.0,0.847,17.787,5.846438775057725,10.065096067732542,292.65,102.4275,16.8888,container_ship,Methanol,New_Mangalore,Kochi
5,0,2,6679,16.3,50.8,700,1.05,4330.747,0.508,8.2804,6.55250788703459,8.806873266530692,62.7728,32.6419,9.3242,ro_ro,HFO,Paradip,Chennai
6,3,2,37083,10.3,87.4,276,3.49,1092.7270000000003,0.8740000000000001,9.002200000000002,5.6240175061873385,10.520940888726873,44.1276,30.0068,7.0659,tanker,MGO,Kandla,Mumbai
0,2,2,62925,11.0,81.1,422,3.46,1331.0,0.8109999999999999,8.921,6.0473721790462776,11.049714711812085,95.0881,52.2984,14.7387,bulk_carrier,LNG,Mormugao,Kochi
6,3,1,47959,14.9,66.4,276,2.93,3307.949,0.664,9.893600000000001,5.6240175061873385,10.77812260914145,87.7036,59.6385,14.0435,tanker,MGO,Kandla,Mumbai
3,3,2,9058,13.5,75.5,24,1.53,2460.375,0.755,10.1925,3.2188758248682006,9.111514017669288,2.0118,1.368,0.3221,general_cargo,MGO,JNPA,Mumbai
0,2,1,47945,12.4,69.1,1190,0.66,1906.6240000000003,0.691,8.5684,7.0825485693553,10.777830656602518,190.6871,104.8779,29.5565,bulk_carrier,LNG,JNPA,Chennai
0,3,2,34473,12.3,91.9,850,1.93,1860.8670000000004,0.919,11.303700000000001,6.7464121285733745,10.447960695714336,154.1521,104.8235,24.6836,bulk_carrier,MGO,Kochi,Mumbai
1,0,2,9661,19.5,62.1,286,3.34,7414.875,0.621,12.1095,5.659482215759621,9.175955945114351,59.2112,30.7898,8.7952,container_ship,HFO,Kandla,JNPA
0,2,0,29708,16.6,94.1,700,0.43,4574.296000000001,0.941,15.6206,6.55250788703459,10.299205309189412,152.3588,83.7973,23.6156,bulk_carrier,LNG,Paradip,Chennai
6,3,2,33954,11.4,74.9,406,2.03,1481.544,0.7490000000000001,8.5386,6.008813185442595,10.432791397547891,61.1547,41.5852,9.7924,tanker,MGO,Visakhapatnam,Chennai
3,3,2,5817,11.3,90.7,692,0.53,1442.8970000000002,0.907,10.2491,6.541029999189903,8.668711839055147,30.9711,21.0604,4.9593,general_cargo,MGO,Chennai,Paradip
0,2,2,33063,14.6,97.3,345,2.03,3112.136,0.973,14.2058,5.846438775057725,10.406200356191569,72.701,39.9855,11.2687,bulk_carrier,LNG,New_Mangalore,Kochi
3,3,2,17758,12.6,52.0,364,0.42,2000.3759999999997,0.52,6.552,5.8998973535824915,9.784647708654596,34.4803,23.4466,5.5212,general_cargo,MGO,Tuticorin,Chennai
3,0,2,5817,14.9,69.6,22,0.45,3307.949,0.696,10.3704,3.1354942159291497,8.668711839055147,1.5994,0.8317,0.2376,general_cargo,HFO,Mumbai,JNPA
1,2,2,35698,23.5,71.6,700,1.33,12977.875,0.716,16.826,6.55250788703459,10.482877956170928,383.7455,211.06,59.4806,container_ship,LNG,Paradip,Chennai
0,2,2,71338,11.0,68.8,495,0.45,1331.0,0.688,7.568,6.206575926724928,11.175198441433086,80.5384,44.2961,12.4835,bulk_carrier,LNG,Kolkata_SMPK,Visakhapatnam
0,3,1,49332,10.4,79.5,797,2.15,1124.864,0.795,8.268,6.682108597449809,10.806348507298559,122.9468,83.6038,19.6869,bulk_carrier,MGO,Chennai,Port_Blair
0,2,2,27915,13.4,65.0,521,2.07,2406.1040000000003,0.65,8.71,6.257667587882639,10.236955280137042,73.1014,40.2057,11.3307,bulk_carrier,LNG,Kandla,Mormugao
1,2,2,16607,14.5,61.0,850,3.08,3048.625,0.61,8.845,6.7464121285733745,9.717639785965615,117.3099,64.5204,18.183,container_ship,LNG,Kochi,Mumbai
1,3,2,27197,13.6,81.9,538,1.07,2515.4559999999997,0.8190000000000001,11.1384,6.289715570908998,10.210898720168904,90.3994,61.4716,14.4752,container_ship,MGO,Kochi,Chennai
3,0,1,16177,13.8,94.3,507,0.44,2628.0720000000006,0.943,13.0134,6.230481447578482,9.691407573577898,63.4325,32.9849,9.4222,general_cargo,HFO,Mumbai,New_Mangalore
0,0,2,45790,9.8,78.1,311,1.29,941.1920000000002,0.7809999999999999,7.6537999999999995,5.7430031878094825,10.731842844242117,42.0245,21.8528,6.2423,bulk_carrier,HFO,Paradip,Visakhapatnam
0,3,0,59816,13.5,80.5,853,1.22,2460.375,0.805,10.867500000000001,6.74993119378857,10.99904518047501,239.09,162.5812,38.2843,bulk_carrier,MGO,Chennai,Kolkata_SMPK
0,3,2,58242,12.1,97.8,853,1.37,1771.561,0.978,11.8338,6.74993119378857,10.972379192532934,187.0136,127.1693,29.9456,bulk_carrier,MGO,Chennai,Kolkata_SMPK
6,3,2,25705,15.5,80.8,176,0.68,3723.875,0.8079999999999999,12.524,5.176149732573829,10.154479706670077,37.5712,25.5484,6.0161,tanker,MGO,Mormugao,New_Mangalore
2,3,2,536,17.0,63.6,276,2.16,4913.0,0.636,10.812,5.6240175061873385,6.285998094508865,5.0133,3.409,0.8028,ferry,MGO,Kandla,Mumbai
5,3,2,4651,20.3,95.6,345,2.03,8365.427000000001,0.956,19.4068,5.846438775057725,8.445052513638554,43.8349,29.8077,7.0191,ro_ro,MGO,New_Mangalore,Kochi
0,0,2,63697,13.5,60.0,311,2.09,2460.375,0.6,8.1,5.7430031878094825,11.061908443893099,93.8926,48.8241,13.9467,bulk_carrier,HFO,Paradip,Visakhapatnam
0,2,2,29708,13.7,88.5,348,0.43,2571.3529999999996,0.885,12.1245,5.855071922202427,10.299205309189412,51.0444,28.0744,7.9119,bulk_carrier,LNG,Kochi,New_Mangalore
3,3,1,15648,14.0,51.5,313,1.66,2744.0,0.515,7.21,5.749392985908253,9.658162296163171,35.7864,24.3348,5.7303,general_cargo,MGO,Visakhapatnam,Paradip
6,0,2,47959,15.2,60.6,411,0.51,3511.8079999999995,0.606,9.2112,6.021023349349527,10.77812260914145,117.7674,61.2391,17.4931,tanker,HFO,Visakhapatnam,Kamarajar
3,3,2,16704,12.5,77.2,411,3.03,1953.125,0.772,9.65,6.021023349349527,9.723463354790857,51.3145,34.8939,8.2167,general_cargo,MGO,Visakhapatnam,Kamarajar
3,3,2,15643,11.6,72.1,18,2.3,1560.896,0.721,8.3636,2.9444389791664403,9.657842735875406,1.6496,1.1217,0.2641,general_cargo,MGO,Chennai,Kamarajar
0,0,1,62925,11.3,70.7,850,2.62,1442.8970000000002,0.7070000000000001,7.989100000000001,6.7464121285733745,11.049714711812085,205.414,106.8153,30.512,bulk_carrier,HFO,Kochi,Mumbai
1,3,2,35698,18.6,97.4,491,0.92,6434.856000000002,0.9740000000000001,18.116400000000002,6.198478716492308,10.482877956170928,187.8058,127.708,30.0724,container_ship,MGO,Visakhapatnam,Kolkata_SMPK
1,3,2,27197,14.0,81.2,870,0.94,2744.0,0.812,11.368,6.769641976852503,10.210898720168904,160.7269,109.2943,25.7364,container_ship,MGO,Kochi,JNPA
0,0,0,34473,11.7,71.4,419,0.8,1601.6129999999996,0.7140000000000001,8.3538,6.040254711277414,10.447960695714336,61.0427,31.7422,9.0672,bulk_carrier,HFO,Kamarajar,Visakhapatnam
1,0,0,9661,17.3,62.0,189,1.85,5177.717000000001,0.62,10.726,5.247024072160486,9.175955945114351,29.1867,15.1771,4.3354,container_ship,HFO,Kochi,Tuticorin
0,3,2,60013,10.8,83.9,411,1.86,1259.7120000000002,0.8390000000000001,9.061200000000001,6.021023349349527,11.002333147319582,74.0153,50.3304,11.8517,bulk_carrier,MGO,Visakhapatnam,Kamarajar
1,0,2,23507,18.0,66.1,217,1.15,5832.0,0.6609999999999999,11.897999999999998,5.384495062789089,10.065096067732542,60.4308,31.424,8.9763,container_ship,HFO,Paradip,Kolkata_SMPK
6,2,2,66768,14.6,78.5,850,2.16,3112.136,0.785,11.461,6.7464121285733745,11.108994179953779,276.1757,151.8966,42.8072,tanker,LNG,Kochi,Mumbai
0,3,2,42343,11.2,89.0,169,0.61,1404.9279999999997,0.89,9.968,5.135798437050262,10.653582013537823,26.3652,17.9284,4.2217,bulk_carrier,MGO,New_Mangalore,Mormugao
4,3,2,3081,23.6,96.2,757,3.11,13144.256000000003,0.9620000000000001,22.703200000000002,6.630683385642372,8.033334015880062,119.3064,81.1283,19.1039,passenger,MGO,Port_Blair,Tuticorin
6,3,2,47767,14.2,68.7,521,0.99,2863.2879999999996,0.687,9.7554,6.257667587882639,10.774111238226828,140.7373,95.7013,22.5356,tanker,MGO,Kandla,Mormugao
6,0,2,25705,16.4,51.7,22,3.34,4410.943999999999,0.517,8.4788,3.1354942159291497,10.154479706670077,5.82,3.0264,0.8645,tanker,HFO,Mumbai,JNPA
3,3,2,19799,13.2,94.8,521,2.04,2299.968,0.948,12.513599999999999,6.257667587882639,9.893437216682626,75.3501,51.2381,12.0654,general_cargo,MGO,Kandla,Mormugao
1,2,2,21825,17.3,83.2,276,2.23,5177.717000000001,0.8320000000000001,14.393600000000001,5.6240175061873385,9.990857198673035,61.0833,33.5958,9.4679,container_ship,LNG,Mumbai,Kandla
0,3,0,44373,11.6,90.1,411,2.58,1560.896,0.9009999999999999,10.4516,6.021023349349527,10.700408991312528,79.107,53.7927,12.667,bulk_carrier,MGO,Visakhapatnam,Kamarajar
1,4,0,30177,21.9,50.2,870,2.57,10503.458999999997,0.502,10.993799999999998,6.769641976852503,10.314868461073596,874.6866,306.1403,50.4782,container_ship,Methanol,Kochi,JNPA
3,3,0,10004,11.9,51.1,290,0.93,1685.159,0.511,6.080900000000001,5.673323267171493,9.210840247017833,15.4243,10.4885,2.4698,general_cargo,MGO,JNPA,Kandla
6,2,1,37289,15.0,91.0,358,2.18,3375.0,0.91,13.65,5.883322388488279,10.526480473172866,87.8743,48.3308,13.6205,tanker,LNG,JNPA,Mormugao
6,0,2,55666,11.5,63.9,495,0.69,1520.875,0.639,7.3485000000000005,6.206575926724928,10.927142790736806,99.8086,51.9005,14.8255,tanker,HFO,Kolkata_SMPK,Visakhapatnam
3,0,0,10749,12.8,56.8,859,1.55,2097.1520000000005,0.568,7.2703999999999995,6.756932389247553,9.28266103355581,69.9736,36.3863,10.3938,general_cargo,HFO,Mumbai,Kochi
6,3,2,37289,15.6,74.3,18,0.44,3796.4159999999997,0.743,11.5908,2.9444389791664403,10.526480473172866,4.7419,3.2245,0.7593,tanker,MGO,Chennai,Kamarajar
2,1,2,536,17.3,77.3,491,2.8,5177.717000000001,0.773,13.372900000000001,6.198478716492308,6.285998094508865,3.8898,12.4473,0.2801,ferry,Hydrogen,Visakhapatnam,Kolkata_SMPK
6,3,2,70614,14.4,88.4,176,3.31,2985.9840000000004,0.884,12.7296,5.176149732573829,11.164997865503164,77.4848,52.6896,12.4072,tanker,MGO,Mormugao,New_Mangalore
1,2,1,30177,22.5,76.3,859,3.12,11390.625,0.763,17.1675,6.756932389247553,10.314868461073596,444.1527,244.284,68.8437,container_ship,LNG,Mumbai,Kochi
0,0,2,49332,13.4,67.3,542,2.44,2406.1040000000003,0.6729999999999999,9.018199999999998,6.297109319933935,10.806348507298559,156.7076,81.488,23.2772,bulk_carrier,HFO,Chennai,Kochi
6,0,2,45552,15.0,57.9,692,0.85,3375.0,0.579,8.684999999999999,6.541029999189903,10.726631762209768,196.0933,101.9685,29.1275,tanker,HFO,Chennai,Paradip
6,0,2,55468,15.0,84.9,797,0.59,3375.0,0.8490000000000001,12.735000000000001,6.682108597449809,10.923579585124024,263.3911,136.9634,39.1239,tanker,HFO,Chennai,Port_Blair
6,0,1,55468,14.5,94.7,370,1.69,3048.625,0.9470000000000001,13.7315,5.916202062607435,10.923579585124024,128.6436,66.8947,19.1086,tanker,HFO,Chennai,Tuticorin
6,0,2,37289,11.1,68.6,18,0.88,1367.6309999999999,0.6859999999999999,7.614599999999999,2.9444389791664403,10.526480473172866,2.4195,1.2582,0.3594,tanker,HFO,Chennai,Kamarajar
2,1,0,2604,12.8,89.9,528,0.58,2097.1520000000005,0.899,11.507200000000001,6.270988431858299,7.865187954187467,6.0705,19.4256,0.4371,ferry,Hydrogen,New_Mangalore,JNPA
6,2,1,68263,13.3,88.9,348,2.58,2352.637,0.889,11.8237,5.855071922202427,11.13113782021642,104.207,57.3138,16.1521,tanker,LNG,Kochi,New_Mangalore
4,2,2,1902,16.9,52.7,692,1.67,4826.808999999998,0.527,8.9063,6.541029999189903,7.551186867296149,24.0341,13.2188,3.7253,passenger,LNG,Chennai,Paradip
1,0,2,27264,18.4,71.1,856,2.97,6229.503999999999,0.711,13.082399999999998,6.75343791859778,10.213359107360162,320.9088,166.8726,47.6675,container_ship,HFO,Kolkata_SMPK,Chennai
0,0,2,62925,11.5,50.7,491,2.5,1520.875,0.507,5.8305,6.198478716492308,11.049714711812085,108.8291,56.5911,16.1654,bulk_carrier,HFO,Visakhapatnam,Kolkata_SMPK
5,2,1,6851,18.4,79.6,542,3.13,6229.503999999999,0.7959999999999999,14.646399999999998,6.297109319933935,8.832295859444011,71.3115,39.2213,11.0533,ro_ro,LNG,Chennai,Kochi
0,2,0,47170,9.3,74.8,419,3.25,804.3570000000002,0.748,6.9564,6.040254711277414,10.761534575968792,47.797,26.2884,7.4085,bulk_carrier,LNG,Kochi,Mormugao
3,0,2,6658,16.0,52.4,850,2.08,4096.0,0.524,8.384,6.7464121285733745,8.803724602110622,75.6855,39.3564,11.2422,general_cargo,HFO,Kochi,Mumbai
0,3,0,30900,14.9,87.5,419,2.66,3307.949,0.875,13.0375,6.040254711277414,10.33854382482173,116.2495,79.0496,18.6144,bulk_carrier,MGO,Kochi,Mormugao
0,3,2,35729,11.2,88.5,491,2.43,1404.9279999999997,0.885,9.911999999999999,6.198478716492308,10.483745951017456,80.0023,54.4016,12.8104,bulk_carrier,MGO,Visakhapatnam,Kolkata_SMPK
3,0,0,6658,12.2,88.9,797,1.09,1815.8479999999997,0.889,10.845799999999999,6.682108597449809,8.803724602110622,43.5286,22.6349,6.4657,general_cargo,HFO,Chennai,Port_Blair
6,2,2,27184,11.5,93.6,419,2.43,1520.875,0.9359999999999999,10.764,6.040254711277414,10.210420629580021,49.8387,27.4113,7.725,tanker,LNG,Kamarajar,Visakhapatnam
0,2,0,63249,12.2,56.0,870,1.7,1815.8479999999997,0.56,6.832,6.769641976852503,11.054850406589766,156.9673,86.332,24.3299,bulk_carrier,LNG,Kochi,JNPA
0,2,0,66381,11.1,80.1,528,3.04,1367.6309999999999,0.8009999999999999,8.8911,6.270988431858299,11.103181214377175,103.1738,56.7456,15.9919,bulk_carrier,LNG,New_Mangalore,JNPA
6,3,1,59471,14.8,67.4,761,1.92,3241.7920000000004,0.674,9.975200000000001,6.635946555686647,10.993260892537034,271.1045,184.3511,43.4106,tanker,MGO,Tuticorin,Port_Blair
5,3,0,6679,15.5,62.3,692,3.02,3723.875,0.623,9.6565,6.541029999189903,8.806873266530692,68.5542,46.6168,10.9772,ro_ro,MGO,Chennai,Paradip
5,0,2,4206,18.1,58.6,277,2.71,5929.741000000002,0.586,10.6066,5.627621113690637,8.344505083590521,28.9812,15.0702,4.3048,ro_ro,HFO,Kandla,Mumbai
