vessel_id,vessel_type,capacity_dwt,speed_knots,cargo_load_pct,distance_nm,fuel_type,wave_height_m,route_id,origin_port,destination_port,fuel_consumption_mt,travel_hours,fuel_cost_inr_lakh,co2_emissions_t,operational_mode,data_source
V074,tanker,68994,10.5,97.8,757,HFO,0.91,R050,Port_Blair,Tuticorin,153.1593,72.1,79.6429,22.7501,sea_passage,DERIVED_PHYSICS_IMO_GHG2020_SEED42
V044,container_ship,41157,13.1,57.8,229,MGO,0.61,R044,Kolkata_SMPK,Paradip,41.6195,17.48,28.3013,6.6643,sea_passage,DERIVED_PHYSICS_IMO_GHG2020_SEED42
V119,general_cargo,18455,11.7,66.3,422,MGO,3.24,R054,Mormugao,Kochi,39.9075,36.07,27.1371,6.3902,coastal,DERIVED_PHYSICS_IMO_GHG2020_SEED42
V053,container_ship,27197,17.6,67.9,347,LNG,1.21,R022,Mormugao,Mumbai,81.0819,19.72,44.595,12.5677,sea_passage,DERIVED_PHYSICS_IMO_GHG2020_SEED42
V075,tanker,55666,9.7,50.2,189,MGO,3.28,R025,Kochi,Tuticorin,26.9157,19.48,18.3027,4.3099,sea_passage,DERIVED_PHYSICS_IMO_GHG2020_SEED42
V130,general_cargo,15643,10.4,78.5,1190,HFO,3.15,R005,JNPA,Chennai,102.7246,114.42,53.4168,15.2586,sea_passage,DERIVED_PHYSICS_IMO_GHG2020_SEED42
V115,general_cargo,11634,10.8,84.9,24,MGO,3.44,R001,JNPA,Mumbai,1.879,2.22,1.2778,0.3009,sea_passage,DERIVED_PHYSICS_IMO_GHG2020_SEED42
V021,bulk_carrier,35729,11.6,71.3,276,MGO,3.47,R047,Kandla,Mumbai,49.8657,23.79,33.9087,7.9848,sea_passage,DERIVED_PHYSICS_IMO_GHG2020_SEED42
V016,bulk_carrier,58242,12.6,51.8,411,LNG,1.99,R058,Visakhapatnam,Kamarajar,79.2005,32.62,43.5603,12.2761,sea_passage,DERIVED_PHYSICS_IMO_GHG2020_SEED42
V025,bulk_carrier,26135,9.5,86.4,313,MGO,2.6,R039,Visakhapatnam,Paradip,29.0557,32.95,19.7579,4.6525,sea_passage,DERIVED_PHYSICS_IMO_GHG2020_SEED42
V041,bulk_carrier,49332,13.9,56.8,797,LNG,0.92,R051,Chennai,Port_Blair,153.9563,57.34,84.676,23.8632,sea_passage,DERIVED_PHYSICS_IMO_GHG2020_SEED42
V080,tanker,50271,14.0,89.4,359,MGO,0.78,R012,Mormugao,JNPA,90.4987,25.64,61.5391,14.4911,river_mouth,DERIVED_PHYSICS_IMO_GHG2020_SEED42
V127,general_cargo,7328,13.0,77.9,297,HFO,0.9,R007,JNPA,Kandla,19.0018,22.85,9.8809,2.8225,sea_passage,DERIVED_PHYSICS_IMO_GHG2020_SEED42
V128,general_cargo,15648,13.3,64.5,518,MGO,0.4,R009,JNPA,New_Mangalore,48.9894,38.95,33.3128,7.8444,sea_passage,DERIVED_PHYSICS_IMO_GHG2020_SEED42
V018,bulk_carrier,58420,11.6,79.9,345,MGO,1.09,R028,New_Mangalore,Kochi,70.6192,29.74,48.0211,11.3079,sea_passage,DERIVED_PHYSICS_IMO_GHG2020_SEED42
V036,bulk_carrier,45790,11.5,59.8,370,LNG,1.7,R029,Chennai,Tuticorin,48.9063,32.17,26.8985,7.5805,sea_passage,DERIVED_PHYSICS_IMO_GHG2020_SEED42
V128,general_cargo,15648,11.9,75.5,22,HFO,0.66,R002,Mumbai,JNPA,2.1614,1.85,1.1239,0.3211,sea_passage,DERIVED_PHYSICS_IMO_GHG2020_SEED42
V106,general_cargo,10004,13.4,71.7,176,MGO,3.21,R056,Mormugao,New_Mangalore,15.4555,13.13,10.5097,2.4748,coastal,DERIVED_PHYSICS_IMO_GHG2020_SEED42
V125,general_cargo,5602,10.5,53.8,529,MGO,1.65,R059,Mormugao,Kandla,17.8584,50.38,12.1437,2.8596,coastal,DERIVED_PHYSICS_IMO_GHG2020_SEED42
V120,general_cargo,16651,11.5,82.0,370,HFO,0.87,R029,Chennai,Tuticorin,32.7832,32.17,17.0472,4.8696,coastal,DERIVED_PHYSICS_IMO_GHG2020_SEED42
V110,general_cargo,16704,10.2,96.9,359,HFO,3.38,R012,Mormugao,JNPA,35.9719,35.2,18.7054,5.3432,sea_passage,DERIVED_PHYSICS_IMO_GHG2020_SEED42
V079,tanker,55468,15.6,60.2,370,HFO,1.67,R029,Chennai,Tuticorin,146.0485,23.72,75.9452,21.6939,river_mouth,DERIVED_PHYSICS_IMO_GHG2020_SEED42
V140,passenger,1902,22.0,55.5,176,LNG,1.84,R056,Mormugao,New_Mangalore,10.3441,8.0,5.6893,1.6033,coastal,DERIVED_PHYSICS_IMO_GHG2020_SEED42
V126,general_cargo,16177,10.9,52.7,349,MGO,2.55,R021,Mumbai,Mormugao,27.6501,32.02,18.8021,4.4275,coastal,DERIVED_PHYSICS_IMO_GHG2020_SEED42
V116,general_cargo,6658,15.7,51.9,290,HFO,0.39,R046,JNPA,Kandla,25.0222,18.47,13.0116,3.7168,sea_passage,DERIVED_PHYSICS_IMO_GHG2020_SEED42
V138,ro_ro,6679,15.7,51.3,491,HFO,0.41,R041,Visakhapatnam,Kolkata_SMPK,35.737,31.27,18.5832,5.3083,sea_passage,DERIVED_PHYSICS_IMO_GHG2020_SEED42
V123,general_cargo,17741,11.7,53.0,518,MGO,2.76,R009,JNPA,New_Mangalore,50.0174,44.27,34.0118,8.009,sea_passage,DERIVED_PHYSICS_IMO_GHG2020_SEED42
V130,general_cargo,15643,9.3,91.9,276,MGO,2.09,R048,Mumbai,Kandla,16.9091,29.68,11.4982,2.7076,river_mouth,DERIVED_PHYSICS_IMO_GHG2020_SEED42
V005,bulk_carrier,47170,13.1,86.0,217,HFO,3.27,R043,Paradip,Kolkata_SMPK,66.09,16.56,34.3668,9.8169,river_mouth,DERIVED_PHYSICS_IMO_GHG2020_SEED42
V112,general_cargo,17758,10.8,89.8,286,HFO,2.87,R045,Kandla,JNPA,28.6691,26.48,14.908,4.2585,sea_passage,DERIVED_PHYSICS_IMO_GHG2020_SEED42
V002,bulk_carrier,29708,12.3,75.0,24,MGO,1.97,R001,JNPA,Mumbai,3.5524,1.95,2.4156,0.5688,coastal,DERIVED_PHYSICS_IMO_GHG2020_SEED42
V022,bulk_carrier,27915,9.6,84.7,528,LNG,3.02,R010,New_Mangalore,JNPA,51.4452,55.0,28.2949,7.974,coastal,DERIVED_PHYSICS_IMO_GHG2020_SEED42
V008,bulk_carrier,34731,13.8,97.6,700,LNG,0.79,R036,Paradip,Chennai,121.287,50.72,66.7079,18.7995,sea_passage,DERIVED_PHYSICS_IMO_GHG2020_SEED42
V124,general_cargo,16581,13.1,85.3,870,HFO,1.86,R004,Kochi,JNPA,115.4145,66.41,60.0156,17.1436,sea_passage,DERIVED_PHYSICS_IMO_GHG2020_SEED42
V090,tanker,33954,14.5,55.5,282,HFO,2.21,R017,Mumbai,Kandla,64.8323,19.45,33.7128,9.6301,coastal,DERIVED_PHYSICS_IMO_GHG2020_SEED42
V102,tanker,47959,13.6,70.2,370,MGO,1.1,R029,Chennai,Tuticorin,87.9647,27.21,59.816,14.0854,river_mouth,DERIVED_PHYSICS_IMO_GHG2020_SEED42
V084,tanker,23117,14.4,87.3,189,HFO,1.51,R025,Kochi,Tuticorin,37.1863,13.12,19.3369,5.5236,sea_passage,DERIVED_PHYSICS_IMO_GHG2020_SEED42
V055,container_ship,17711,17.7,85.7,297,LNG,3.09,R007,JNPA,Kandla,67.2423,16.78,36.9833,10.4226,coastal,DERIVED_PHYSICS_IMO_GHG2020_SEED42
V040,bulk_carrier,49115,12.1,81.9,856,MGO,3.36,R038,Kolkata_SMPK,Chennai,196.3644,70.74,133.5278,31.4429,sea_passage,DERIVED_PHYSICS_IMO_GHG2020_SEED42
V019,bulk_carrier,63249,13.6,88.6,876,MGO,3.24,R003,JNPA,Kochi,323.1474,64.41,219.7402,51.744,sea_passage,DERIVED_PHYSICS_IMO_GHG2020_SEED42
V093,tanker,39701,13.2,66.4,419,LNG,3.32,R053,Kochi,Mormugao,85.7533,31.74,47.1643,13.2918,sea_passage,DERIVED_PHYSICS_IMO_GHG2020_SEED42
V048,container_ship,21724,18.6,82.0,297,MGO,1.96,R007,JNPA,Kandla,86.1675,15.97,58.5939,13.7976,coastal,DERIVED_PHYSICS_IMO_GHG2020_SEED42
V095,tanker,37289,13.5,60.3,507,LNG,2.07,R019,Mumbai,New_Mangalore,85.6401,37.56,47.1021,13.2742,river_mouth,DERIVED_PHYSICS_IMO_GHG2020_SEED42
V063,container_ship,12578,22.1,64.2,217,MGO,0.95,R043,Paradip,Kolkata_SMPK,52.1877,9.82,35.4876,8.3566,coastal,DERIVED_PHYSICS_IMO_GHG2020_SEED42
V134,ro_ro,8843,18.6,85.3,495,HFO,3.09,R042,Kolkata_SMPK,Visakhapatnam,94.1093,26.61,48.9368,13.9789,coastal,DERIVED_PHYSICS_IMO_GHG2020_SEED42
V016,bulk_carrier,58242,11.3,93.9,396,HFO,1.18,R031,Chennai,Visakhapatnam,84.7056,35.04,44.0469,12.5821,river_mouth,DERIVED_PHYSICS_IMO_GHG2020_SEED42
V067,container_ship,23507,17.7,81.3,364,MGO,1.32,R030,Tuticorin,Chennai,94.6523,20.56,64.3636,15.1562,sea_passage,DERIVED_PHYSICS_IMO_GHG2020_SEED42
V006,bulk_carrier,66381,14.0,89.7,761,HFO,0.8,R049,Tuticorin,Port_Blair,244.3083,54.36,127.0403,36.2893,coastal,DERIVED_PHYSICS_IMO_GHG2020_SEED42
V136,ro_ro,4206,13.7,50.1,757,LNG,1.98,R050,Port_Blair,Tuticorin,31.9287,55.26,17.5608,4.949,coastal,DERIVED_PHYSICS_IMO_GHG2020_SEED42
V035,bulk_carrier,56365,14.8,60.4,229,HFO,2.38,R044,Kolkata_SMPK,Paradip,88.5203,15.47,46.0306,13.1487,sea_passage,DERIVED_PHYSICS_IMO_GHG2020_SEED42
V115,general_cargo,11634,11.2,97.3,853,HFO,2.01,R037,Chennai,Kolkata_SMPK,67.5867,76.16,35.1451,10.0393,sea_passage,DERIVED_PHYSICS_IMO_GHG2020_SEED42
V050,container_ship,17470,18.1,93.9,538,Methanol,2.51,R023,Kochi,Chennai,288.4449,29.72,100.9557,16.6462,sea_passage,DERIVED_PHYSICS_IMO_GHG2020_SEED42
V107,general_cargo,9058,13.1,54.0,856,MGO,0.37,R038,Kolkata_SMPK,Chennai,51.364,65.34,34.9275,8.2247,sea_passage,DERIVED_PHYSICS_IMO_GHG2020_SEED42
V053,container_ship,27197,16.0,56.8,700,LNG,1.62,R036,Paradip,Chennai,133.58,43.75,73.469,20.7049,sea_passage,DERIVED_PHYSICS_IMO_GHG2020_SEED42
V100,tanker,35203,14.0,69.4,850,MGO,1.92,R014,Kochi,Mumbai,190.4691,60.71,129.519,30.4989,coastal,DERIVED_PHYSICS_IMO_GHG2020_SEED42
V130,general_cargo,15643,11.4,74.7,358,MGO,3.21,R011,JNPA,Mormugao,39.3355,31.4,26.7482,6.2986,coastal,DERIVED_PHYSICS_IMO_GHG2020_SEED42
V121,general_cargo,14844,9.1,84.5,757,MGO,1.8,R050,Port_Blair,Tuticorin,38.709,83.19,26.3221,6.1983,coastal,DERIVED_PHYSICS_IMO_GHG2020_SEED42
V034,bulk_carrier,62925,12.0,64.2,276,HFO,1.87,R047,Kandla,Mumbai,67.1639,23.0,34.9252,9.9765,sea_passage,DERIVED_PHYSICS_IMO_GHG2020_SEED42
V091,tanker,39649,12.5,86.2,505,LNG,1.93,R020,New_Mangalore,Mumbai,89.9307,40.4,49.4619,13.9393,sea_passage,DERIVED_PHYSICS_IMO_GHG2020_SEED42
V029,bulk_carrier,30900,15.1,85.8,538,LNG,1.15,R023,Kochi,Chennai,99.4456,35.63,54.6951,15.4141,coastal,DERIVED_PHYSICS_IMO_GHG2020_SEED42
V090,tanker,33954,13.9,97.7,22,MGO,3.07,R002,Mumbai,JNPA,5.6121,1.58,3.8162,0.8986,sea_passage,DERIVED_PHYSICS_IMO_GHG2020_SEED42
V075,tanker,55666,14.2,78.4,18,HFO,0.67,R033,Chennai,Kamarajar,5.4064,1.27,2.8113,0.8031,sea_passage,DERIVED_PHYSICS_IMO_GHG2020_SEED42
V124,general_cargo,16581,12.2,87.9,870,HFO,1.79,R004,Kochi,JNPA,92.646,71.31,48.1759,13.7615,coastal,DERIVED_PHYSICS_IMO_GHG2020_SEED42
V035,bulk_carrier,56365,14.9,94.4,419,HFO,1.11,R053,Kochi,Mormugao,148.2736,28.12,77.1023,22.0244,sea_passage,DERIVED_PHYSICS_IMO_GHG2020_SEED42
V041,bulk_carrier,49332,11.1,83.2,1181,HFO,3.02,R016,Chennai,Mumbai,254.8713,106.4,132.5331,37.8583,coastal,DERIVED_PHYSICS_IMO_GHG2020_SEED42
V083,tanker,42416,10.6,72.1,18,LNG,1.81,R033,Chennai,Kamarajar,1.9814,1.7,1.0897,0.3071,sea_passage,DERIVED_PHYSICS_IMO_GHG2020_SEED42
V035,bulk_carrier,56365,11.6,79.0,358,LNG,3.11,R011,JNPA,Mormugao,71.9613,30.86,39.5787,11.154,sea_passage,DERIVED_PHYSICS_IMO_GHG2020_SEED42
V105,tanker,59471,15.1,52.3,183,LNG,2.18,R026,Tuticorin,Kochi,56.4182,12.12,31.03,8.7448,coastal,DERIVED_PHYSICS_IMO_GHG2020_SEED42
V086,tanker,66768,11.9,87.6,757,HFO,0.78,R050,Port_Blair,Tuticorin,179.3988,63.61,93.2874,26.6477,coastal,DERIVED_PHYSICS_IMO_GHG2020_SEED42
V142,passenger,4149,21.8,60.5,542,MGO,1.27,R024,Chennai,Kochi,64.5368,24.86,43.8851,10.334,sea_passage,DERIVED_PHYSICS_IMO_GHG2020_SEED42
V027,bulk_carrier,59816,10.7,67.1,290,MGO,3.5,R046,JNPA,Kandla,62.0414,27.1,42.1881,9.9344,sea_passage,DERIVED_PHYSICS_IMO_GHG2020_SEED42
V098,tanker,28244,14.8,54.2,277,HFO,1.18,R018,Kandla,Mumbai,58.5284,18.72,30.4348,8.6938,coastal,DERIVED_PHYSICS_IMO_GHG2020_SEED42
V004,bulk_carrier,71338,12.5,58.6,761,LNG,0.69,R049,Tuticorin,Port_Blair,151.4476,60.88,83.2962,23.4744,sea_passage,DERIVED_PHYSICS_IMO_GHG2020_SEED42
V024,bulk_carrier,45319,14.7,94.6,507,HFO,1.09,R019,Mumbai,New_Mangalore,160.0432,34.49,83.2225,23.7727,sea_passage,DERIVED_PHYSICS_IMO_GHG2020_SEED42
V143,passenger,3504,21.5,51.8,419,Hydrogen,2.09,R053,Kochi,Mormugao,14.5055,19.49,46.4177,1.0444,sea_passage,DERIVED_PHYSICS_IMO_GHG2020_SEED42
V002,bulk_carrier,29708,15.9,62.0,419,HFO,2.99,R053,Kochi,Mormugao,116.8166,26.35,60.7446,17.3518,sea_passage,DERIVED_PHYSICS_IMO_GHG2020_SEED42
V002,bulk_carrier,29708,15.9,57.2,370,HFO,3.1,R029,Chennai,Tuticorin,115.2035,23.27,59.9058,17.1122,sea_passage,DERIVED_PHYSICS_IMO_GHG2020_SEED42
V071,tanker,72064,12.7,55.9,521,MGO,3.32,R060,Kandla,Mormugao,169.4842,41.02,115.2492,27.1387,sea_passage,DERIVED_PHYSICS_IMO_GHG2020_SEED42
V112,general_cargo,17758,12.7,80.8,529,MGO,3.17,R059,Mormugao,Kandla,73.8246,41.65,50.2007,11.8212,sea_passage,DERIVED_PHYSICS_IMO_GHG2020_SEED42
V102,tanker,47959,14.0,80.3,1181,MGO,1.69,R016,Chennai,Mumbai,347.9941,84.36,236.636,55.7226,coastal,DERIVED_PHYSICS_IMO_GHG2020_SEED42
V028,bulk_carrier,56514,13.9,91.0,396,MGO,2.23,R031,Chennai,Visakhapatnam,137.9724,28.49,93.8212,22.0928,sea_passage,DERIVED_PHYSICS_IMO_GHG2020_SEED42
V015,bulk_carrier,31987,11.1,62.9,870,LNG,0.31,R004,Kochi,JNPA,84.1722,78.38,46.2947,13.0467,coastal,DERIVED_PHYSICS_IMO_GHG2020_SEED42
V028,bulk_carrier,56514,10.6,84.6,495,HFO,1.69,R042,Kolkata_SMPK,Visakhapatnam,87.2822,46.7,45.3867,12.9648,river_mouth,DERIVED_PHYSICS_IMO_GHG2020_SEED42
V084,tanker,23117,13.7,62.2,859,MGO,1.16,R013,Mumbai,Kochi,116.3499,62.7,79.1179,18.6305,sea_passage,DERIVED_PHYSICS_IMO_GHG2020_SEED42
V045,container_ship,12017,15.8,63.6,282,LNG,0.81,R017,Mumbai,Kandla,30.0721,17.85,16.5396,4.6612,sea_passage,DERIVED_PHYSICS_IMO_GHG2020_SEED42
V102,tanker,47959,15.1,61.1,1179,HFO,0.65,R015,Mumbai,Chennai,339.7773,78.08,176.6842,50.4702,coastal,DERIVED_PHYSICS_IMO_GHG2020_SEED42
V132,ro_ro,8727,17.0,55.6,518,MGO,3.45,R009,JNPA,New_Mangalore,72.1858,30.47,49.0863,11.5587,sea_passage,DERIVED_PHYSICS_IMO_GHG2020_SEED42
V113,general_cargo,13823,14.7,62.2,370,HFO,1.15,R029,Chennai,Tuticorin,44.7829,25.17,23.2871,6.652,sea_passage,DERIVED_PHYSICS_IMO_GHG2020_SEED42
V017,bulk_carrier,47945,12.2,50.6,797,HFO,3.21,R051,Chennai,Port_Blair,177.0714,65.33,92.0771,26.302,sea_passage,DERIVED_PHYSICS_IMO_GHG2020_SEED42
V140,passenger,1902,18.3,85.0,276,MGO,2.47,R048,Mumbai,Kandla,16.9192,15.08,11.5051,2.7092,coastal,DERIVED_PHYSICS_IMO_GHG2020_SEED42
V121,general_cargo,14844,11.8,63.1,876,MGO,0.69,R003,JNPA,Kochi,71.3953,74.24,48.5488,11.4322,coastal,DERIVED_PHYSICS_IMO_GHG2020_SEED42
V092,tanker,76931,13.9,51.2,1190,MGO,2.92,R005,JNPA,Chennai,400.445,85.61,272.3026,64.1213,sea_passage,DERIVED_PHYSICS_IMO_GHG2020_SEED42
V036,bulk_carrier,45790,9.0,53.6,757,LNG,0.38,R050,Port_Blair,Tuticorin,56.5556,84.11,31.1056,8.7661,sea_passage,DERIVED_PHYSICS_IMO_GHG2020_SEED42
V025,bulk_carrier,26135,11.5,99.5,358,MGO,2.44,R011,JNPA,Mormugao,48.8608,31.13,33.2253,7.8238,sea_passage,DERIVED_PHYSICS_IMO_GHG2020_SEED42
V050,container_ship,17470,21.4,97.9,347,Methanol,2.82,R022,Mormugao,Mumbai,280.4697,16.21,98.1644,16.1859,sea_passage,DERIVED_PHYSICS_IMO_GHG2020_SEED42
V103,tanker,67954,15.1,56.8,276,MGO,3.02,R048,Mumbai,Kandla,114.2152,18.28,77.6664,18.2887,coastal,DERIVED_PHYSICS_IMO_GHG2020_SEED42
V050,container_ship,17470,20.4,59.6,757,Methanol,3.0,R050,Port_Blair,Tuticorin,571.8663,37.11,200.1532,33.0024,sea_passage,DERIVED_PHYSICS_IMO_GHG2020_SEED42
V140,passenger,1902,20.8,71.8,286,Hydrogen,2.49,R045,Kandla,JNPA,7.4471,13.75,23.8308,0.5362,sea_passage,DERIVED_PHYSICS_IMO_GHG2020_SEED42
V044,container_ship,41157,12.2,72.9,528,Methanol,2.41,R010,New_Mangalore,JNPA,218.1217,43.28,76.3426,12.5878,sea_passage,DERIVED_PHYSICS_IMO_GHG2020_SEED42
V020,bulk_carrier,40197,12.0,61.1,282,LNG,1.43,R017,Mumbai,Kandla,39.4029,23.5,21.6716,6.1075,coastal,DERIVED_PHYSICS_IMO_GHG2020_SEED42
V118,general_cargo,14985,12.6,72.6,528,HFO,0.49,R010,New_Mangalore,JNPA,50.6904,41.9,26.359,7.5295,coastal,DERIVED_PHYSICS_IMO_GHG2020_SEED42
V095,tanker,37289,13.7,64.0,529,MGO,1.4,R059,Mormugao,Kandla,93.6592,38.61,63.6882,14.9972,coastal,DERIVED_PHYSICS_IMO_GHG2020_SEED42
V139,passenger,2268,14.4,81.2,277,LNG,3.43,R018,Kandla,Mumbai,11.3893,19.24,6.2641,1.7653,sea_passage,DERIVED_PHYSICS_IMO_GHG2020_SEED42
V100,tanker,35203,13.4,58.3,411,MGO,2.0,R058,Visakhapatnam,Kamarajar,72.2539,30.67,49.1326,11.5697,sea_passage,DERIVED_PHYSICS_IMO_GHG2020_SEED42
V021,bulk_carrier,35729,13.6,65.6,419,HFO,2.32,R053,Kochi,Mormugao,93.7843,30.81,48.7678,13.9306,coastal,DERIVED_PHYSICS_IMO_GHG2020_SEED42
V082,tanker,54273,14.1,92.0,521,HFO,2.3,R060,Kandla,Mormugao,172.8243,36.95,89.8686,25.6711,sea_passage,DERIVED_PHYSICS_IMO_GHG2020_SEED42
V085,tanker,70614,14.1,56.5,859,HFO,1.66,R013,Mumbai,Kochi,290.9415,60.92,151.2896,43.2162,sea_passage,DERIVED_PHYSICS_IMO_GHG2020_SEED42
V072,tanker,45552,12.4,87.6,406,MGO,2.15,R032,Visakhapatnam,Chennai,91.54,32.74,62.2472,14.6578,sea_passage,DERIVED_PHYSICS_IMO_GHG2020_SEED42
V070,container_ship,16607,19.8,54.9,183,Methanol,3.43,R026,Tuticorin,Kochi,111.3605,9.24,38.9762,6.4266,sea_passage,DERIVED_PHYSICS_IMO_GHG2020_SEED42
V024,bulk_carrier,45319,15.0,66.6,491,LNG,2.22,R041,Visakhapatnam,Kolkata_SMPK,118.1833,32.73,65.0008,18.3184,sea_passage,DERIVED_PHYSICS_IMO_GHG2020_SEED42
V095,tanker,37289,11.7,54.9,538,LNG,2.25,R023,Kochi,Chennai,71.8381,45.98,39.5109,11.1349,sea_passage,DERIVED_PHYSICS_IMO_GHG2020_SEED42
V107,general_cargo,9058,12.7,50.8,1181,HFO,1.17,R016,Chennai,Mumbai,77.4886,92.99,40.2941,11.5101,river_mouth,DERIVED_PHYSICS_IMO_GHG2020_SEED42
V066,container_ship,31457,12.2,89.9,419,MGO,3.13,R053,Kochi,Mormugao,79.5196,34.34,54.0734,12.7331,sea_passage,DERIVED_PHYSICS_IMO_GHG2020_SEED42
V093,tanker,39701,10.8,79.6,290,MGO,3.21,R008,Kandla,JNPA,46.7807,26.85,31.8109,7.4908,sea_passage,DERIVED_PHYSICS_IMO_GHG2020_SEED42
V025,bulk_carrier,26135,12.3,73.8,518,LNG,2.92,R009,JNPA,New_Mangalore,67.1414,42.11,36.9278,10.4069,sea_passage,DERIVED_PHYSICS_IMO_GHG2020_SEED42
V056,container_ship,38751,15.5,73.2,370,LNG,3.43,R029,Chennai,Tuticorin,105.308,23.87,57.9194,16.3227,sea_passage,DERIVED_PHYSICS_IMO_GHG2020_SEED42
V002,bulk_carrier,29708,14.2,67.7,518,LNG,2.61,R009,JNPA,New_Mangalore,93.2339,36.48,51.2787,14.4513,sea_passage,DERIVED_PHYSICS_IMO_GHG2020_SEED42
V140,passenger,1902,21.7,53.0,396,LNG,2.4,R031,Chennai,Visakhapatnam,24.5286,18.25,13.4907,3.8019,sea_passage,DERIVED_PHYSICS_IMO_GHG2020_SEED42
V104,tanker,27184,13.0,92.3,345,MGO,1.5,R028,New_Mangalore,Kochi,63.4337,26.54,43.1349,10.1573,coastal,DERIVED_PHYSICS_IMO_GHG2020_SEED42
V070,container_ship,16607,18.3,81.6,364,LNG,2.08,R030,Tuticorin,Chennai,73.0441,19.89,40.1743,11.3218,sea_passage,DERIVED_PHYSICS_IMO_GHG2020_SEED42
V124,general_cargo,16581,11.2,70.4,311,HFO,2.42,R040,Paradip,Visakhapatnam,27.2281,27.77,14.1586,4.0444,sea_passage,DERIVED_PHYSICS_IMO_GHG2020_SEED42
V056,container_ship,38751,17.4,88.6,290,LNG,1.98,R046,JNPA,Kandla,98.7739,16.67,54.3257,15.31,sea_passage,DERIVED_PHYSICS_IMO_GHG2020_SEED42
V118,general_cargo,14985,11.1,64.3,276,MGO,1.38,R048,Mumbai,Kandla,19.1873,24.86,13.0474,3.0724,sea_passage,DERIVED_PHYSICS_IMO_GHG2020_SEED42
V141,passenger,3808,18.8,81.7,411,Hydrogen,0.91,R058,Visakhapatnam,Kamarajar,11.385,21.86,36.432,0.8197,river_mouth,DERIVED_PHYSICS_IMO_GHG2020_SEED42
V086,tanker,66768,16.0,74.5,528,MGO,0.41,R010,New_Mangalore,JNPA,221.1764,33.0,150.4,35.4159,sea_passage,DERIVED_PHYSICS_IMO_GHG2020_SEED42
V104,tanker,27184,9.5,93.1,853,MGO,2.28,R037,Chennai,Kolkata_SMPK,88.7134,89.79,60.3251,14.2052,sea_passage,DERIVED_PHYSICS_IMO_GHG2020_SEED42
V092,tanker,76931,13.2,98.7,217,MGO,1.58,R043,Paradip,Kolkata_SMPK,74.0568,16.44,50.3586,11.8583,sea_passage,DERIVED_PHYSICS_IMO_GHG2020_SEED42
V089,tanker,35987,12.5,99.2,345,MGO,3.17,R028,New_Mangalore,Kochi,78.4673,27.6,53.3577,12.5646,river_mouth,DERIVED_PHYSICS_IMO_GHG2020_SEED42
V084,tanker,23117,13.7,80.1,419,HFO,0.56,R053,Kochi,Mormugao,72.8091,30.58,37.8608,10.815,sea_passage,DERIVED_PHYSICS_IMO_GHG2020_SEED42
V116,general_cargo,6658,12.3,97.7,189,MGO,3.49,R025,Kochi,Tuticorin,12.5395,15.37,8.5269,2.0079,coastal,DERIVED_PHYSICS_IMO_GHG2020_SEED42
V145,passenger,3081,19.5,66.8,276,LNG,1.05,R047,Kandla,Mumbai,16.8719,14.15,9.2796,2.6152,sea_passage,DERIVED_PHYSICS_IMO_GHG2020_SEED42
V045,container_ship,12017,15.8,60.9,1196,MGO,3.2,R006,Chennai,JNPA,166.4523,75.7,113.1876,26.6532,sea_passage,DERIVED_PHYSICS_IMO_GHG2020_SEED42
V014,bulk_carrier,44373,10.9,75.9,282,MGO,0.44,R017,Mumbai,Kandla,38.6897,25.87,26.309,6.1952,sea_passage,DERIVED_PHYSICS_IMO_GHG2020_SEED42
V059,container_ship,13324,15.1,78.4,313,LNG,1.7,R039,Visakhapatnam,Paradip,38.5026,20.73,21.1764,5.9679,sea_passage,DERIVED_PHYSICS_IMO_GHG2020_SEED42
V060,container_ship,33073,12.1,66.4,528,MGO,2.47,R010,New_Mangalore,JNPA,91.7549,43.64,62.3933,14.6923,sea_passage,DERIVED_PHYSICS_IMO_GHG2020_SEED42
V064,container_ship,26077,19.8,69.9,521,LNG,2.87,R060,Kandla,Mormugao,165.2251,26.31,90.8738,25.6099,river_mouth,DERIVED_PHYSICS_IMO_GHG2020_SEED42
V057,container_ship,30177,18.2,80.4,542,Methanol,2.31,R024,Chennai,Kochi,446.8681,29.78,156.4038,25.7888,sea_passage,DERIVED_PHYSICS_IMO_GHG2020_SEED42
V108,general_cargo,7216,11.3,60.5,370,HFO,0.79,R029,Chennai,Tuticorin,14.9009,32.74,7.7484,2.2134,river_mouth,DERIVED_PHYSICS_IMO_GHG2020_SEED42
V025,bulk_carrier,26135,11.3,97.4,859,MGO,1.45,R013,Mumbai,Kochi,104.5749,76.02,71.1109,16.7451,sea_passage,DERIVED_PHYSICS_IMO_GHG2020_SEED42
V085,tanker,70614,13.5,73.9,217,HFO,2.91,R043,Paradip,Kolkata_SMPK,90.3989,16.07,47.0075,13.4278,coastal,DERIVED_PHYSICS_IMO_GHG2020_SEED42
V043,container_ship,27264,16.2,87.4,797,Methanol,2.23,R051,Chennai,Port_Blair,442.2373,49.2,154.7831,25.5215,coastal,DERIVED_PHYSICS_IMO_GHG2020_SEED42
V053,container_ship,27197,17.8,94.3,183,Methanol,1.42,R026,Tuticorin,Kochi,122.8151,10.28,42.9853,7.0877,sea_passage,DERIVED_PHYSICS_IMO_GHG2020_SEED42
V139,passenger,2268,17.7,89.6,290,Hydrogen,1.64,R046,JNPA,Kandla,5.9644,16.38,19.0862,0.4294,sea_passage,DERIVED_PHYSICS_IMO_GHG2020_SEED42
V012,bulk_carrier,58490,10.4,63.0,859,MGO,3.22,R013,Mumbai,Kochi,156.7006,82.6,106.5564,25.0917,river_mouth,DERIVED_PHYSICS_IMO_GHG2020_SEED42
V089,tanker,35987,13.0,78.7,406,LNG,2.53,R032,Visakhapatnam,Chennai,71.1454,31.23,39.13,11.0275,coastal,DERIVED_PHYSICS_IMO_GHG2020_SEED42
V002,bulk_carrier,29708,16.2,78.2,217,HFO,0.52,R043,Paradip,Kolkata_SMPK,54.9149,13.4,28.5557,8.157,coastal,DERIVED_PHYSICS_IMO_GHG2020_SEED42
V084,tanker,23117,14.9,79.8,358,LNG,1.52,R011,JNPA,Mormugao,55.9113,24.03,30.7512,8.6663,coastal,DERIVED_PHYSICS_IMO_GHG2020_SEED42
V033,bulk_carrier,40297,13.6,85.8,348,MGO,3.15,R027,Kochi,New_Mangalore,88.0336,25.59,59.8628,14.0964,river_mouth,DERIVED_PHYSICS_IMO_GHG2020_SEED42
V071,tanker,72064,14.2,85.8,529,MGO,1.83,R059,Mormugao,Kandla,196.2721,37.25,133.465,31.4281,sea_passage,DERIVED_PHYSICS_IMO_GHG2020_SEED42
V051,container_ship,9661,16.1,95.5,788,HFO,1.44,R052,Port_Blair,Chennai,102.9547,48.94,53.5364,15.2928,sea_passage,DERIVED_PHYSICS_IMO_GHG2020_SEED42
V115,general_cargo,11634,9.7,78.2,859,HFO,2.02,R013,Mumbai,Kochi,46.0446,88.56,23.9432,6.8394,sea_passage,DERIVED_PHYSICS_IMO_GHG2020_SEED42
V111,general_cargo,19799,13.4,88.7,290,HFO,1.46,R046,JNPA,Kandla,46.0243,21.64,23.9326,6.8364,river_mouth,DERIVED_PHYSICS_IMO_GHG2020_SEED42
V029,bulk_carrier,30900,11.2,91.0,358,HFO,0.93,R011,JNPA,Mormugao,46.8529,31.96,24.3635,6.9595,coastal,DERIVED_PHYSICS_IMO_GHG2020_SEED42
V070,container_ship,16607,21.0,98.3,761,LNG,1.18,R049,Tuticorin,Port_Blair,202.4595,36.24,111.3527,31.3812,sea_passage,DERIVED_PHYSICS_IMO_GHG2020_SEED42
V024,bulk_carrier,45319,13.9,52.7,17,LNG,0.32,R034,Kamarajar,Chennai,2.9395,1.22,1.6167,0.4556,sea_passage,DERIVED_PHYSICS_IMO_GHG2020_SEED42
V034,bulk_carrier,62925,11.8,95.3,348,MGO,1.96,R027,Kochi,New_Mangalore,82.4856,29.49,56.0902,13.208,coastal,DERIVED_PHYSICS_IMO_GHG2020_SEED42
V029,bulk_carrier,30900,13.2,93.2,856,LNG,2.67,R038,Kolkata_SMPK,Chennai,132.2311,64.85,72.7271,20.4958,river_mouth,DERIVED_PHYSICS_IMO_GHG2020_SEED42
V122,general_cargo,14088,13.8,76.4,495,MGO,3.15,R042,Kolkata_SMPK,Visakhapatnam,68.8798,35.87,46.8382,11.0294,coastal,DERIVED_PHYSICS_IMO_GHG2020_SEED42
V059,container_ship,13324,11.3,76.4,757,HFO,0.54,R050,Port_Blair,Tuticorin,58.1846,66.99,30.256,8.6427,sea_passage,DERIVED_PHYSICS_IMO_GHG2020_SEED42
V007,bulk_carrier,42726,15.1,62.2,853,HFO,3.4,R037,Chennai,Kolkata_SMPK,293.0654,56.49,152.394,43.5316,sea_passage,DERIVED_PHYSICS_IMO_GHG2020_SEED42
V130,general_cargo,15643,11.3,99.3,22,MGO,3.44,R002,Mumbai,JNPA,2.5064,1.95,1.7043,0.4013,sea_passage,DERIVED_PHYSICS_IMO_GHG2020_SEED42
V131,ro_ro,4651,16.1,76.1,24,HFO,2.22,R001,JNPA,Mumbai,1.9942,1.49,1.037,0.2962,sea_passage,DERIVED_PHYSICS_IMO_GHG2020_SEED42
V022,bulk_carrier,27915,9.2,61.4,290,LNG,0.97,R046,JNPA,Kandla,19.6226,31.52,10.7924,3.0415,sea_passage,DERIVED_PHYSICS_IMO_GHG2020_SEED42
V124,general_cargo,16581,13.6,55.1,542,MGO,2.66,R024,Chennai,Kochi,68.2342,39.85,46.3992,10.926,river_mouth,DERIVED_PHYSICS_IMO_GHG2020_SEED42
V030,bulk_carrier,38293,12.2,54.3,17,HFO,1.04,R034,Kamarajar,Chennai,2.5289,1.39,1.315,0.3756,river_mouth,DERIVED_PHYSICS_IMO_GHG2020_SEED42
V099,tanker,55620,13.4,66.3,757,MGO,1.93,R050,Port_Blair,Tuticorin,199.6196,56.49,135.7413,31.9641,river_mouth,DERIVED_PHYSICS_IMO_GHG2020_SEED42
V106,general_cargo,10004,12.9,71.5,17,HFO,0.7,R034,Kamarajar,Chennai,1.3117,1.32,0.6821,0.1948,coastal,DERIVED_PHYSICS_IMO_GHG2020_SEED42
V083,tanker,42416,11.3,79.2,495,HFO,1.6,R042,Kolkata_SMPK,Visakhapatnam,83.4822,43.81,43.4107,12.4004,sea_passage,DERIVED_PHYSICS_IMO_GHG2020_SEED42
V103,tanker,67954,10.8,68.8,189,HFO,2.89,R025,Kochi,Tuticorin,41.7917,17.5,21.7317,6.2077,river_mouth,DERIVED_PHYSICS_IMO_GHG2020_SEED42
V061,container_ship,33687,17.5,85.4,22,MGO,2.43,R002,Mumbai,JNPA,7.718,1.26,5.2482,1.2358,sea_passage,DERIVED_PHYSICS_IMO_GHG2020_SEED42
V097,tanker,25705,15.6,73.1,870,MGO,1.03,R004,Kochi,JNPA,168.0902,55.77,114.3014,26.9155,sea_passage,DERIVED_PHYSICS_IMO_GHG2020_SEED42
V053,container_ship,27197,19.1,90.5,761,LNG,2.98,R049,Tuticorin,Port_Blair,275.4859,39.84,151.5172,42.7003,sea_passage,DERIVED_PHYSICS_IMO_GHG2020_SEED42
V010,bulk_carrier,41291,13.0,87.3,24,LNG,1.17,R001,JNPA,Mumbai,4.1208,1.85,2.2664,0.6387,sea_passage,DERIVED_PHYSICS_IMO_GHG2020_SEED42
V113,general_cargo,13823,12.8,78.7,1181,MGO,2.98,R016,Chennai,Mumbai,130.5963,92.27,88.8055,20.9117,sea_passage,DERIVED_PHYSICS_IMO_GHG2020_SEED42
V094,tanker,68263,13.1,66.8,313,HFO,1.05,R039,Visakhapatnam,Paradip,88.7864,23.89,46.1689,13.1882,sea_passage,DERIVED_PHYSICS_IMO_GHG2020_SEED42
V006,bulk_carrier,66381,11.4,78.6,276,HFO,0.5,R047,Kandla,Mumbai,58.613,24.21,30.4788,8.7063,sea_passage,DERIVED_PHYSICS_IMO_GHG2020_SEED42
V118,general_cargo,14985,13.1,66.9,297,MGO,0.77,R007,JNPA,Kandla,28.8373,22.67,19.6093,4.6176,sea_passage,DERIVED_PHYSICS_IMO_GHG2020_SEED42
V045,container_ship,12017,20.1,76.6,229,LNG,2.88,R044,Kolkata_SMPK,Paradip,47.7823,11.39,26.2803,7.4063,sea_passage,DERIVED_PHYSICS_IMO_GHG2020_SEED42
V016,bulk_carrier,58242,11.6,82.6,853,MGO,1.58,R037,Chennai,Kolkata_SMPK,181.4925,73.53,123.4149,29.0615,river_mouth,DERIVED_PHYSICS_IMO_GHG2020_SEED42
V073,tanker,47233,14.1,64.5,422,LNG,3.49,R054,Mormugao,Kochi,115.3834,29.93,63.4609,17.8844,sea_passage,DERIVED_PHYSICS_IMO_GHG2020_SEED42
V024,bulk_carrier,45319,12.3,72.5,797,LNG,2.43,R051,Chennai,Port_Blair,142.8003,64.8,78.5402,22.134,sea_passage,DERIVED_PHYSICS_IMO_GHG2020_SEED42
V068,container_ship,37761,15.9,83.8,505,Methanol,0.74,R020,New_Mangalore,Mumbai,267.0515,31.76,93.468,15.4115,coastal,DERIVED_PHYSICS_IMO_GHG2020_SEED42
V064,container_ship,26077,18.1,85.6,349,Methanol,2.75,R021,Mumbai,Mormugao,274.5464,19.28,96.0912,15.8441,coastal,DERIVED_PHYSICS_IMO_GHG2020_SEED42
V013,bulk_carrier,60013,12.6,67.0,297,HFO,2.74,R007,JNPA,Kandla,90.8997,23.57,47.2678,13.5021,sea_passage,DERIVED_PHYSICS_IMO_GHG2020_SEED42
V097,tanker,25705,15.2,100.0,349,HFO,2.15,R021,Mumbai,Mormugao,89.7946,22.96,46.6932,13.338,coastal,DERIVED_PHYSICS_IMO_GHG2020_SEED42
V075,tanker,55666,13.6,97.7,348,MGO,0.92,R027,Kochi,New_Mangalore,95.7567,25.59,65.1146,15.333,sea_passage,DERIVED_PHYSICS_IMO_GHG2020_SEED42
V106,general_cargo,10004,14.0,89.9,370,HFO,3.28,R029,Chennai,Tuticorin,44.1133,26.43,22.9389,6.5525,coastal,DERIVED_PHYSICS_IMO_GHG2020_SEED42
V086,tanker,66768,12.0,76.7,24,MGO,0.37,R001,JNPA,Mumbai,5.3344,2.0,3.6274,0.8542,sea_passage,DERIVED_PHYSICS_IMO_GHG2020_SEED42
V129,general_cargo,5817,13.4,67.9,18,HFO,0.32,R033,Chennai,Kamarajar,1.0252,1.34,0.5331,0.1523,river_mouth,DERIVED_PHYSICS_IMO_GHG2020_SEED42
V090,tanker,33954,14.8,66.3,411,LNG,1.13,R058,Visakhapatnam,Kamarajar,73.275,27.77,40.3013,11.3576,sea_passage,DERIVED_PHYSICS_IMO_GHG2020_SEED42
V045,container_ship,12017,15.5,70.1,17,MGO,1.13,R034,Kamarajar,Chennai,1.9053,1.1,1.2956,0.3051,sea_passage,DERIVED_PHYSICS_IMO_GHG2020_SEED42
V025,bulk_carrier,26135,11.5,76.3,1196,MGO,1.17,R006,Chennai,JNPA,132.7359,104.0,90.2604,21.2543,sea_passage,DERIVED_PHYSICS_IMO_GHG2020_SEED42
V139,passenger,2268,19.0,56.5,282,LNG,3.13,R017,Mumbai,Kandla,17.5518,14.84,9.6535,2.7205,sea_passage,DERIVED_PHYSICS_IMO_GHG2020_SEED42
V034,bulk_carrier,62925,12.4,67.2,358,LNG,0.32,R011,JNPA,Mormugao,71.946,28.87,39.5703,11.1516,sea_passage,DERIVED_PHYSICS_IMO_GHG2020_SEED42
V107,general_cargo,9058,12.0,52.0,700,MGO,0.86,R036,Paradip,Chennai,41.3846,58.33,28.1415,6.6267,sea_passage,DERIVED_PHYSICS_IMO_GHG2020_SEED42
V062,container_ship,34470,21.4,82.9,290,MGO,2.22,R046,JNPA,Kandla,160.8532,13.55,109.3802,25.7566,sea_passage,DERIVED_PHYSICS_IMO_GHG2020_SEED42
V040,bulk_carrier,49115,14.4,63.8,347,LNG,0.93,R022,Mormugao,Mumbai,67.7571,24.1,37.2664,10.5023,sea_passage,DERIVED_PHYSICS_IMO_GHG2020_SEED42
V150,ferry,884,16.6,56.8,856,Hydrogen,2.41,R038,Kolkata_SMPK,Chennai,8.1909,51.57,26.2109,0.5897,sea_passage,DERIVED_PHYSICS_IMO_GHG2020_SEED42
V037,bulk_carrier,41493,9.7,99.4,505,HFO,1.27,R020,New_Mangalore,Mumbai,71.6688,52.06,37.2678,10.6456,sea_passage,DERIVED_PHYSICS_IMO_GHG2020_SEED42
V060,container_ship,33073,14.1,80.3,538,MGO,2.8,R023,Kochi,Chennai,138.6367,38.16,94.273,22.1992,sea_passage,DERIVED_PHYSICS_IMO_GHG2020_SEED42
V112,general_cargo,17758,14.4,78.5,505,MGO,1.23,R020,New_Mangalore,Mumbai,76.7824,35.07,52.212,12.2948,coastal,DERIVED_PHYSICS_IMO_GHG2020_SEED42
V033,bulk_carrier,40297,12.3,99.4,870,MGO,3.11,R004,Kochi,JNPA,204.3567,70.73,138.9625,32.7226,coastal,DERIVED_PHYSICS_IMO_GHG2020_SEED42
V034,bulk_carrier,62925,13.2,75.7,419,LNG,3.03,R053,Kochi,Mormugao,103.0853,31.74,56.6969,15.9782,sea_passage,DERIVED_PHYSICS_IMO_GHG2020_SEED42
V094,tanker,68263,10.8,72.4,757,MGO,3.21,R050,Port_Blair,Tuticorin,185.9156,70.09,126.4226,29.7697,sea_passage,DERIVED_PHYSICS_IMO_GHG2020_SEED42
V094,tanker,68263,14.9,77.3,406,LNG,0.37,R032,Visakhapatnam,Chennai,116.4673,27.25,64.057,18.0524,sea_passage,DERIVED_PHYSICS_IMO_GHG2020_SEED42
V076,tanker,28632,13.6,81.4,1190,LNG,3.22,R005,JNPA,Chennai,198.1076,87.5,108.9592,30.7067,coastal,DERIVED_PHYSICS_IMO_GHG2020_SEED42
V144,passenger,4545,19.2,62.0,22,LNG,2.57,R002,Mumbai,JNPA,2.0154,1.15,1.1085,0.3124,sea_passage,DERIVED_PHYSICS_IMO_GHG2020_SEED42
V089,tanker,35987,12.6,80.6,17,LNG,2.67,R034,Kamarajar,Chennai,2.9863,1.35,1.6425,0.4629,sea_passage,DERIVED_PHYSICS_IMO_GHG2020_SEED42
V037,bulk_carrier,41493,9.4,96.6,1190,LNG,3.22,R005,JNPA,Chennai,143.7282,126.6,79.0505,22.2779,sea_passage,DERIVED_PHYSICS_IMO_GHG2020_SEED42
V073,tanker,47233,12.6,59.4,217,HFO,1.48,R043,Paradip,Kolkata_SMPK,45.6598,17.22,23.7431,6.7823,coastal,DERIVED_PHYSICS_IMO_GHG2020_SEED42
V116,general_cargo,6658,14.8,99.2,1179,MGO,2.5,R015,Mumbai,Chennai,102.9134,79.66,69.9811,16.479,river_mouth,DERIVED_PHYSICS_IMO_GHG2020_SEED42
V055,container_ship,17711,21.7,72.8,1190,HFO,2.41,R005,JNPA,Chennai,440.3391,54.84,228.9763,65.4075,sea_passage,DERIVED_PHYSICS_IMO_GHG2020_SEED42
V052,container_ship,35698,19.8,53.6,24,MGO,2.82,R001,JNPA,Mumbai,10.7625,1.21,7.3185,1.7234,sea_passage,DERIVED_PHYSICS_IMO_GHG2020_SEED42
V007,bulk_carrier,42726,13.3,64.0,396,MGO,1.59,R031,Chennai,Visakhapatnam,93.8161,29.77,63.7949,15.0223,sea_passage,DERIVED_PHYSICS_IMO_GHG2020_SEED42
V001,bulk_carrier,63697,13.9,98.5,290,MGO,1.77,R008,Kandla,JNPA,104.7451,20.86,71.2267,16.7723,sea_passage,DERIVED_PHYSICS_IMO_GHG2020_SEED42
V041,bulk_carrier,49332,10.0,69.6,276,HFO,3.28,R047,Kandla,Mumbai,50.4337,27.6,26.2255,7.4914,sea_passage,DERIVED_PHYSICS_IMO_GHG2020_SEED42
V098,tanker,28244,14.3,63.8,358,HFO,1.66,R011,JNPA,Mormugao,74.8771,25.03,38.9361,11.1222,coastal,DERIVED_PHYSICS_IMO_GHG2020_SEED42
V111,general_cargo,19799,12.3,82.9,406,MGO,1.54,R032,Visakhapatnam,Chennai,47.4425,33.01,32.2609,7.5967,sea_passage,DERIVED_PHYSICS_IMO_GHG2020_SEED42
V097,tanker,25705,11.9,95.1,419,LNG,2.05,R057,Kamarajar,Visakhapatnam,51.2474,35.21,28.1861,7.9433,coastal,DERIVED_PHYSICS_IMO_GHG2020_SEED42
V119,general_cargo,18455,8.7,65.7,276,HFO,2.02,R047,Kandla,Mumbai,14.7385,31.72,7.664,2.1892,sea_passage,DERIVED_PHYSICS_IMO_GHG2020_SEED42
V110,general_cargo,16704,10.4,51.8,297,MGO,0.8,R007,JNPA,Kandla,19.6131,28.56,13.3369,3.1406,sea_passage,DERIVED_PHYSICS_IMO_GHG2020_SEED42
V043,container_ship,27264,17.0,69.2,419,MGO,2.57,R057,Kamarajar,Visakhapatnam,120.542,24.65,81.9686,19.3018,sea_passage,DERIVED_PHYSICS_IMO_GHG2020_SEED42
V017,bulk_carrier,47945,12.4,88.5,358,HFO,3.17,R011,JNPA,Mormugao,99.7592,28.87,51.8748,14.8181,sea_passage,DERIVED_PHYSICS_IMO_GHG2020_SEED42
V034,bulk_carrier,62925,10.9,58.5,1181,MGO,2.81,R016,Chennai,Mumbai,232.4138,108.35,158.0414,37.2153,river_mouth,DERIVED_PHYSICS_IMO_GHG2020_SEED42
V142,passenger,4149,23.4,76.8,176,LNG,2.93,R056,Mormugao,New_Mangalore,24.1668,7.52,13.2917,3.7459,sea_passage,DERIVED_PHYSICS_IMO_GHG2020_SEED42
V095,tanker,37289,11.6,97.9,229,HFO,1.66,R044,Kolkata_SMPK,Paradip,42.079,19.74,21.8811,6.2504,sea_passage,DERIVED_PHYSICS_IMO_GHG2020_SEED42
V115,general_cargo,11634,13.6,53.1,761,MGO,0.68,R049,Tuticorin,Port_Blair,64.9274,55.96,44.1506,10.3965,sea_passage,DERIVED_PHYSICS_IMO_GHG2020_SEED42
V057,container_ship,30177,17.1,51.7,850,MGO,1.02,R014,Kochi,Mumbai,214.1585,49.71,145.6278,34.2921,sea_passage,DERIVED_PHYSICS_IMO_GHG2020_SEED42
V059,container_ship,13324,15.4,92.8,169,HFO,3.17,R055,New_Mangalore,Mormugao,30.3398,10.97,15.7767,4.5066,sea_passage,DERIVED_PHYSICS_IMO_GHG2020_SEED42
V045,container_ship,12017,22.5,88.5,1196,HFO,2.02,R006,Chennai,JNPA,374.1098,53.16,194.5371,55.5699,sea_passage,DERIVED_PHYSICS_IMO_GHG2020_SEED42
V032,bulk_carrier,70130,12.3,50.7,853,LNG,3.37,R037,Chennai,Kolkata_SMPK,212.6882,69.35,116.9785,32.9667,sea_passage,DERIVED_PHYSICS_IMO_GHG2020_SEED42
V123,general_cargo,17741,9.4,88.2,217,MGO,2.66,R043,Paradip,Kolkata_SMPK,14.6056,23.09,9.9318,2.3387,sea_passage,DERIVED_PHYSICS_IMO_GHG2020_SEED42
V051,container_ship,9661,19.4,60.3,347,LNG,3.11,R022,Mormugao,Mumbai,61.7831,17.89,33.9807,9.5764,sea_passage,DERIVED_PHYSICS_IMO_GHG2020_SEED42
V134,ro_ro,8843,15.9,59.9,870,MGO,1.2,R004,Kochi,JNPA,76.837,54.72,52.2491,12.3035,coastal,DERIVED_PHYSICS_IMO_GHG2020_SEED42
V141,passenger,3808,25.7,58.1,282,LNG,2.22,R017,Mumbai,Kandla,38.1483,10.97,20.9815,5.913,coastal,DERIVED_PHYSICS_IMO_GHG2020_SEED42
V045,container_ship,12017,19.8,85.8,348,HFO,0.73,R027,Kochi,New_Mangalore,75.4839,17.58,39.2516,11.2123,sea_passage,DERIVED_PHYSICS_IMO_GHG2020_SEED42
V104,tanker,27184,11.1,61.2,788,LNG,3.23,R052,Port_Blair,Chennai,85.603,70.99,47.0816,13.2685,coastal,DERIVED_PHYSICS_IMO_GHG2020_SEED42
V057,container_ship,30177,21.8,57.7,276,HFO,0.45,R047,Kandla,Mumbai,120.1133,12.66,62.4589,17.8415,sea_passage,DERIVED_PHYSICS_IMO_GHG2020_SEED42
V113,general_cargo,13823,12.7,74.5,282,HFO,1.07,R017,Mumbai,Kandla,27.6525,22.2,14.3793,4.1075,sea_passage,DERIVED_PHYSICS_IMO_GHG2020_SEED42
V027,bulk_carrier,59816,12.6,97.8,422,MGO,2.02,R054,Mormugao,Kochi,111.7851,33.49,76.0139,17.8996,coastal,DERIVED_PHYSICS_IMO_GHG2020_SEED42
V078,tanker,23323,12.7,74.1,345,LNG,2.13,R028,New_Mangalore,Kochi,39.4205,27.17,21.6813,6.1102,river_mouth,DERIVED_PHYSICS_IMO_GHG2020_SEED42
V150,ferry,884,19.4,50.2,505,MGO,0.98,R020,New_Mangalore,Mumbai,15.6741,26.03,10.6584,2.5098,coastal,DERIVED_PHYSICS_IMO_GHG2020_SEED42
V019,bulk_carrier,63249,11.0,90.7,347,HFO,1.43,R022,Mormugao,Mumbai,71.9702,31.55,37.4245,10.6904,sea_passage,DERIVED_PHYSICS_IMO_GHG2020_SEED42
V137,ro_ro,6851,17.4,74.0,507,MGO,1.18,R019,Mumbai,New_Mangalore,53.5023,29.14,36.3816,8.5671,river_mouth,DERIVED_PHYSICS_IMO_GHG2020_SEED42
V071,tanker,72064,15.7,77.5,24,MGO,2.76,R001,JNPA,Mumbai,11.465,1.53,7.7962,1.8358,coastal,DERIVED_PHYSICS_IMO_GHG2020_SEED42
V009,bulk_carrier,32714,11.6,51.0,313,MGO,0.81,R039,Visakhapatnam,Paradip,37.8737,26.98,25.7541,6.0645,river_mouth,DERIVED_PHYSICS_IMO_GHG2020_SEED42
V064,container_ship,26077,20.6,55.4,406,MGO,3.18,R032,Visakhapatnam,Chennai,160.1448,19.71,108.8985,25.6432,sea_passage,DERIVED_PHYSICS_IMO_GHG2020_SEED42
V120,general_cargo,16651,11.2,83.1,788,MGO,0.38,R052,Port_Blair,Chennai,61.7471,70.36,41.988,9.8873,coastal,DERIVED_PHYSICS_IMO_GHG2020_SEED42
V058,container_ship,36763,20.4,76.6,491,LNG,2.65,R041,Visakhapatnam,Kolkata_SMPK,206.8494,24.07,113.7672,32.0617,coastal,DERIVED_PHYSICS_IMO_GHG2020_SEED42
V104,tanker,27184,12.4,79.2,311,HFO,2.23,R040,Paradip,Visakhapatnam,52.1428,25.08,27.1143,7.7452,sea_passage,DERIVED_PHYSICS_IMO_GHG2020_SEED42
V146,ferry,1735,14.2,75.6,406,Hydrogen,3.09,R032,Visakhapatnam,Chennai,4.8946,28.59,15.6627,0.3524,sea_passage,DERIVED_PHYSICS_IMO_GHG2020_SEED42
V058,container_ship,36763,16.8,53.0,370,LNG,1.43,R029,Chennai,Tuticorin,85.7466,22.02,47.1606,13.2907,sea_passage,DERIVED_PHYSICS_IMO_GHG2020_SEED42
V138,ro_ro,6679,13.5,89.0,297,HFO,2.77,R007,JNPA,Kandla,24.6013,22.0,12.7927,3.6542,sea_passage,DERIVED_PHYSICS_IMO_GHG2020_SEED42
V102,tanker,47959,11.2,54.4,870,HFO,1.55,R004,Kochi,JNPA,146.4103,77.68,76.1334,21.7476,sea_passage,DERIVED_PHYSICS_IMO_GHG2020_SEED42
V133,ro_ro,11514,15.6,91.1,358,LNG,0.71,R011,JNPA,Mormugao,38.5169,22.95,21.1843,5.9701,river_mouth,DERIVED_PHYSICS_IMO_GHG2020_SEED42
V016,bulk_carrier,58242,12.3,82.4,518,LNG,3.42,R009,JNPA,New_Mangalore,131.1577,42.11,72.1368,20.3294,sea_passage,DERIVED_PHYSICS_IMO_GHG2020_SEED42
V025,bulk_carrier,26135,8.9,55.6,876,MGO,0.32,R003,JNPA,Kochi,52.6292,98.43,35.7879,8.4273,sea_passage,DERIVED_PHYSICS_IMO_GHG2020_SEED42
V034,bulk_carrier,62925,12.0,61.1,507,MGO,2.49,R019,Mumbai,New_Mangalore,125.5758,42.25,85.3915,20.1078,sea_passage,DERIVED_PHYSICS_IMO_GHG2020_SEED42
V027,bulk_carrier,59816,13.8,94.7,529,MGO,3.22,R059,Mormugao,Kandla,188.1097,38.33,127.9146,30.1211,sea_passage,DERIVED_PHYSICS_IMO_GHG2020_SEED42
V060,container_ship,33073,14.5,64.8,1179,MGO,3.13,R015,Mumbai,Chennai,280.1708,81.31,190.5162,44.8624,sea_passage,DERIVED_PHYSICS_IMO_GHG2020_SEED42
V021,bulk_carrier,35729,14.2,82.5,529,HFO,3.34,R059,Mormugao,Kandla,155.3347,37.25,80.774,23.0733,sea_passage,DERIVED_PHYSICS_IMO_GHG2020_SEED42
V067,container_ship,23507,16.7,99.1,290,Methanol,3.19,R008,Kandla,JNPA,178.801,17.37,62.5803,10.3186,sea_passage,DERIVED_PHYSICS_IMO_GHG2020_SEED42
V128,general_cargo,15648,12.6,92.3,406,MGO,0.81,R032,Visakhapatnam,Chennai,42.8405,32.22,29.1315,6.8598,sea_passage,DERIVED_PHYSICS_IMO_GHG2020_SEED42
V065,container_ship,18598,19.5,57.3,538,MGO,3.49,R023,Kochi,Chennai,153.1351,27.59,104.1318,24.5208,sea_passage,DERIVED_PHYSICS_IMO_GHG2020_SEED42
V110,general_cargo,16704,14.1,91.1,542,HFO,2.9,R024,Chennai,Kochi,79.2306,38.44,41.1999,11.7688,coastal,DERIVED_PHYSICS_IMO_GHG2020_SEED42
V095,tanker,37289,12.8,85.2,364,MGO,1.59,R030,Tuticorin,Chennai,73.535,28.44,50.0038,11.7748,river_mouth,DERIVED_PHYSICS_IMO_GHG2020_SEED42
V108,general_cargo,7216,13.8,78.7,507,HFO,3.17,R019,Mumbai,New_Mangalore,43.4219,36.74,22.5794,6.4498,coastal,DERIVED_PHYSICS_IMO_GHG2020_SEED42
V109,general_cargo,10749,10.8,66.1,22,MGO,3.17,R002,Mumbai,JNPA,1.4557,2.04,0.9899,0.2331,coastal,DERIVED_PHYSICS_IMO_GHG2020_SEED42
V095,tanker,37289,13.4,70.2,505,HFO,2.89,R020,New_Mangalore,Mumbai,117.8606,37.69,61.2875,17.5069,sea_passage,DERIVED_PHYSICS_IMO_GHG2020_SEED42
V049,container_ship,19734,22.5,92.2,419,LNG,1.32,R057,Kamarajar,Visakhapatnam,124.5232,18.62,68.4878,19.3011,sea_passage,DERIVED_PHYSICS_IMO_GHG2020_SEED42
V071,tanker,72064,13.0,52.8,1179,LNG,3.33,R015,Mumbai,Chennai,320.2557,90.69,176.1407,49.6396,sea_passage,DERIVED_PHYSICS_IMO_GHG2020_SEED42
V088,tanker,47767,14.4,75.4,276,HFO,2.55,R047,Kandla,Mumbai,90.5273,19.17,47.0742,13.4468,sea_passage,DERIVED_PHYSICS_IMO_GHG2020_SEED42
V031,bulk_carrier,60844,9.7,74.8,411,MGO,3.34,R058,Visakhapatnam,Kamarajar,75.5122,42.37,51.3483,12.0914,sea_passage,DERIVED_PHYSICS_IMO_GHG2020_SEED42
V077,tanker,37083,9.7,95.7,700,HFO,1.35,R036,Paradip,Chennai,81.0455,72.16,42.1436,12.0384,sea_passage,DERIVED_PHYSICS_IMO_GHG2020_SEED42
V005,bulk_carrier,47170,9.3,69.3,761,HFO,1.31,R049,Tuticorin,Port_Blair,85.0438,81.83,44.2228,12.6323,coastal,DERIVED_PHYSICS_IMO_GHG2020_SEED42
V029,bulk_carrier,30900,12.3,76.4,411,HFO,0.43,R058,Visakhapatnam,Kamarajar,63.5477,33.41,33.0448,9.4393,coastal,DERIVED_PHYSICS_IMO_GHG2020_SEED42
V028,bulk_carrier,56514,13.0,57.1,542,HFO,2.06,R024,Chennai,Kochi,137.3053,41.69,71.3988,20.3952,river_mouth,DERIVED_PHYSICS_IMO_GHG2020_SEED42
V031,bulk_carrier,60844,12.8,96.8,358,LNG,0.77,R011,JNPA,Mormugao,70.3217,27.97,38.6769,10.8999,coastal,DERIVED_PHYSICS_IMO_GHG2020_SEED42
V131,ro_ro,4651,20.2,75.6,1196,MGO,3.47,R006,Chennai,JNPA,164.7841,59.21,112.0532,26.3861,river_mouth,DERIVED_PHYSICS_IMO_GHG2020_SEED42
V075,tanker,55666,11.4,73.4,505,MGO,1.99,R020,New_Mangalore,Mumbai,99.5951,44.3,67.7246,15.9477,river_mouth,DERIVED_PHYSICS_IMO_GHG2020_SEED42
V027,bulk_carrier,59816,14.4,99.8,495,HFO,2.44,R042,Kolkata_SMPK,Visakhapatnam,216.4826,34.38,112.5709,32.1561,coastal,DERIVED_PHYSICS_IMO_GHG2020_SEED42
V121,general_cargo,14844,8.6,91.7,290,MGO,1.89,R046,JNPA,Kandla,15.0654,33.72,10.2445,2.4123,sea_passage,DERIVED_PHYSICS_IMO_GHG2020_SEED42
V137,ro_ro,6851,14.0,71.2,359,MGO,1.61,R012,Mormugao,JNPA,24.5398,25.64,16.687,3.9294,sea_passage,DERIVED_PHYSICS_IMO_GHG2020_SEED42
V011,bulk_carrier,34473,11.3,65.9,419,MGO,2.96,R053,Kochi,Mormugao,66.931,37.08,45.5131,10.7173,sea_passage,DERIVED_PHYSICS_IMO_GHG2020_SEED42
V022,bulk_carrier,27915,11.6,77.6,313,LNG,2.36,R039,Visakhapatnam,Paradip,38.0728,26.98,20.94,5.9013,sea_passage,DERIVED_PHYSICS_IMO_GHG2020_SEED42
V073,tanker,47233,10.7,73.2,290,HFO,1.49,R008,Kandla,JNPA,46.9932,27.1,24.4364,6.9803,sea_passage,DERIVED_PHYSICS_IMO_GHG2020_SEED42
V010,bulk_carrier,41291,11.5,61.8,757,MGO,1.18,R050,Port_Blair,Tuticorin,113.7585,65.83,77.3558,18.2156,sea_passage,DERIVED_PHYSICS_IMO_GHG2020_SEED42
V084,tanker,23117,16.5,88.5,850,LNG,1.7,R014,Kochi,Mumbai,160.1005,51.52,88.0553,24.8156,coastal,DERIVED_PHYSICS_IMO_GHG2020_SEED42
V117,general_cargo,9258,12.8,92.8,282,HFO,1.56,R017,Mumbai,Kandla,21.872,22.03,11.3735,3.2489,sea_passage,DERIVED_PHYSICS_IMO_GHG2020_SEED42
V028,bulk_carrier,56514,12.2,57.6,17,HFO,2.4,R034,Kamarajar,Chennai,3.9425,1.39,2.0501,0.5856,sea_passage,DERIVED_PHYSICS_IMO_GHG2020_SEED42
V144,passenger,4545,26.9,69.8,505,LNG,2.66,R020,New_Mangalore,Mumbai,97.0422,18.77,53.3732,15.0415,sea_passage,DERIVED_PHYSICS_IMO_GHG2020_SEED42
V081,tanker,22608,11.7,75.4,419,HFO,1.77,R057,Kamarajar,Visakhapatnam,52.3275,35.81,27.2103,7.7727,river_mouth,DERIVED_PHYSICS_IMO_GHG2020_SEED42
V025,bulk_carrier,26135,11.2,77.1,286,HFO,2.36,R045,Kandla,JNPA,37.8308,25.54,19.672,5.6193,coastal,DERIVED_PHYSICS_IMO_GHG2020_SEED42
V030,bulk_carrier,38293,15.9,63.4,1179,LNG,3.19,R015,Mumbai,Chennai,306.5164,74.15,168.584,47.51,sea_passage,DERIVED_PHYSICS_IMO_GHG2020_SEED42
V130,general_cargo,15643,9.4,51.4,370,HFO,1.41,R029,Chennai,Tuticorin,20.3605,39.36,10.5875,3.0243,sea_passage,DERIVED_PHYSICS_IMO_GHG2020_SEED42
V020,bulk_carrier,40197,12.5,62.7,1190,LNG,1.2,R005,JNPA,Chennai,173.6123,95.2,95.4868,26.9099,sea_passage,DERIVED_PHYSICS_IMO_GHG2020_SEED42
V137,ro_ro,6851,16.4,98.9,419,LNG,2.51,R057,Kamarajar,Visakhapatnam,43.4582,25.55,23.902,6.736,sea_passage,DERIVED_PHYSICS_IMO_GHG2020_SEED42
V031,bulk_carrier,60844,10.1,97.6,370,LNG,2.49,R029,Chennai,Tuticorin,57.1399,36.63,31.4269,8.8567,sea_passage,DERIVED_PHYSICS_IMO_GHG2020_SEED42
V002,bulk_carrier,29708,12.3,85.3,396,MGO,2.74,R031,Chennai,Visakhapatnam,66.6337,32.2,45.3109,10.6697,sea_passage,DERIVED_PHYSICS_IMO_GHG2020_SEED42
V120,general_cargo,16651,10.0,68.9,359,MGO,3.39,R012,Mormugao,JNPA,27.4066,35.9,18.6365,4.3885,coastal,DERIVED_PHYSICS_IMO_GHG2020_SEED42
V136,ro_ro,4206,13.9,85.6,411,LNG,1.9,R058,Visakhapatnam,Kamarajar,18.7008,29.57,10.2854,2.8986,sea_passage,DERIVED_PHYSICS_IMO_GHG2020_SEED42
V096,tanker,71643,12.4,86.8,757,MGO,1.08,R050,Port_Blair,Tuticorin,204.0819,61.05,138.7757,32.6786,sea_passage,DERIVED_PHYSICS_IMO_GHG2020_SEED42
V092,tanker,76931,12.8,90.2,282,HFO,1.43,R017,Mumbai,Kandla,90.8997,22.03,47.2679,13.5022,sea_passage,DERIVED_PHYSICS_IMO_GHG2020_SEED42
V039,bulk_carrier,42343,13.5,89.1,700,HFO,1.39,R036,Paradip,Chennai,179.6568,51.85,93.4216,26.686,sea_passage,DERIVED_PHYSICS_IMO_GHG2020_SEED42
V139,passenger,2268,16.7,85.1,406,Hydrogen,1.1,R032,Visakhapatnam,Chennai,7.144,24.31,22.8607,0.5144,sea_passage,DERIVED_PHYSICS_IMO_GHG2020_SEED42
V058,container_ship,36763,21.3,83.0,311,HFO,3.41,R040,Paradip,Visakhapatnam,189.9956,14.6,98.7977,28.2218,sea_passage,DERIVED_PHYSICS_IMO_GHG2020_SEED42
V067,container_ship,23507,19.2,62.7,850,LNG,3.46,R014,Kochi,Mumbai,266.3566,44.27,146.4961,41.2853,coastal,DERIVED_PHYSICS_IMO_GHG2020_SEED42
V089,tanker,35987,10.2,90.2,528,MGO,0.89,R010,New_Mangalore,JNPA,56.718,51.76,38.5683,9.082,sea_passage,DERIVED_PHYSICS_IMO_GHG2020_SEED42
V067,container_ship,23507,22.3,80.2,311,MGO,1.38,R040,Paradip,Visakhapatnam,128.2431,13.95,87.2053,20.5349,coastal,DERIVED_PHYSICS_IMO_GHG2020_SEED42
V110,general_cargo,16704,13.3,66.4,229,HFO,3.1,R044,Kolkata_SMPK,Paradip,32.1046,17.22,16.6944,4.7688,sea_passage,DERIVED_PHYSICS_IMO_GHG2020_SEED42
V138,ro_ro,6679,12.8,63.8,290,MGO,1.92,R046,JNPA,Kandla,17.0951,22.66,11.6247,2.7374,sea_passage,DERIVED_PHYSICS_IMO_GHG2020_SEED42
V016,bulk_carrier,58242,14.0,77.3,276,MGO,2.99,R047,Kandla,Mumbai,93.429,19.71,63.5317,14.9603,sea_passage,DERIVED_PHYSICS_IMO_GHG2020_SEED42
V057,container_ship,30177,22.5,59.8,229,HFO,1.08,R044,Kolkata_SMPK,Paradip,110.5333,10.18,57.4773,16.4185,coastal,DERIVED_PHYSICS_IMO_GHG2020_SEED42
V081,tanker,22608,12.5,51.9,507,HFO,0.71,R019,Mumbai,New_Mangalore,54.3156,40.56,28.2441,8.068,sea_passage,DERIVED_PHYSICS_IMO_GHG2020_SEED42
V021,bulk_carrier,35729,12.3,84.7,297,LNG,0.41,R007,JNPA,Kandla,41.2815,24.15,22.7048,6.3986,sea_passage,DERIVED_PHYSICS_IMO_GHG2020_SEED42
V119,general_cargo,18455,8.8,77.1,313,HFO,0.7,R039,Visakhapatnam,Paradip,17.3798,35.57,9.0375,2.5816,coastal,DERIVED_PHYSICS_IMO_GHG2020_SEED42
V061,container_ship,33687,21.3,63.7,406,HFO,0.39,R032,Visakhapatnam,Chennai,171.3651,19.06,89.1098,25.4544,coastal,DERIVED_PHYSICS_IMO_GHG2020_SEED42
V033,bulk_carrier,40297,10.3,68.0,850,LNG,1.25,R014,Kochi,Mumbai,92.0884,82.52,50.6486,14.2737,coastal,DERIVED_PHYSICS_IMO_GHG2020_SEED42
V049,container_ship,19734,20.9,95.5,277,MGO,0.63,R018,Kandla,Mumbai,88.3808,13.25,60.099,14.152,sea_passage,DERIVED_PHYSICS_IMO_GHG2020_SEED42
V009,bulk_carrier,32714,13.7,79.2,419,MGO,0.54,R057,Kamarajar,Visakhapatnam,74.5266,30.58,50.6781,11.9336,sea_passage,DERIVED_PHYSICS_IMO_GHG2020_SEED42
V056,container_ship,38751,15.8,97.3,411,MGO,2.42,R058,Visakhapatnam,Kamarajar,135.2619,26.01,91.9781,21.6588,sea_passage,DERIVED_PHYSICS_IMO_GHG2020_SEED42
V146,ferry,1735,13.7,91.4,528,LNG,1.93,R010,New_Mangalore,JNPA,12.6542,38.54,6.9598,1.9614,river_mouth,DERIVED_PHYSICS_IMO_GHG2020_SEED42
V067,container_ship,23507,20.0,93.7,290,HFO,3.18,R046,JNPA,Kandla,139.7868,14.5,72.6891,20.7638,coastal,DERIVED_PHYSICS_IMO_GHG2020_SEED42
V117,general_cargo,9258,11.0,96.5,1181,HFO,1.67,R016,Chennai,Mumbai,72.9385,107.36,37.928,10.8342,sea_passage,DERIVED_PHYSICS_IMO_GHG2020_SEED42
V105,tanker,59471,13.3,92.3,876,LNG,0.92,R003,JNPA,Kochi,217.7377,65.86,119.7557,33.7493,sea_passage,DERIVED_PHYSICS_IMO_GHG2020_SEED42
V112,general_cargo,17758,10.2,84.6,538,MGO,1.25,R023,Kochi,Chennai,40.0717,52.75,27.2487,6.4165,sea_passage,DERIVED_PHYSICS_IMO_GHG2020_SEED42
V042,bulk_carrier,48674,12.0,65.3,282,LNG,0.99,R017,Mumbai,Kandla,44.3841,23.5,24.4113,6.8795,sea_passage,DERIVED_PHYSICS_IMO_GHG2020_SEED42
V058,container_ship,36763,21.8,58.4,183,HFO,1.46,R026,Tuticorin,Kochi,102.306,8.39,53.1991,15.1964,sea_passage,DERIVED_PHYSICS_IMO_GHG2020_SEED42
V063,container_ship,12578,18.4,96.6,169,LNG,1.62,R055,New_Mangalore,Mormugao,29.8738,9.18,16.4306,4.6304,river_mouth,DERIVED_PHYSICS_IMO_GHG2020_SEED42
V053,container_ship,27197,17.2,80.7,359,LNG,3.14,R012,Mormugao,JNPA,94.9814,20.87,52.2398,14.7221,coastal,DERIVED_PHYSICS_IMO_GHG2020_SEED42
V110,general_cargo,16704,11.5,62.8,1196,MGO,0.64,R006,Chennai,JNPA,86.2425,104.0,58.6449,13.8096,sea_passage,DERIVED_PHYSICS_IMO_GHG2020_SEED42
V092,tanker,76931,13.2,84.6,797,LNG,2.57,R051,Chennai,Port_Blair,246.001,60.38,135.3006,38.1302,coastal,DERIVED_PHYSICS_IMO_GHG2020_SEED42
V100,tanker,35203,15.4,54.4,521,LNG,0.44,R060,Kandla,Mormugao,96.988,33.83,53.3434,15.0331,sea_passage,DERIVED_PHYSICS_IMO_GHG2020_SEED42
V132,ro_ro,8727,17.1,50.7,419,MGO,2.8,R057,Kamarajar,Visakhapatnam,53.2763,24.5,36.2279,8.5309,coastal,DERIVED_PHYSICS_IMO_GHG2020_SEED42
V031,bulk_carrier,60844,14.0,72.2,529,MGO,1.57,R059,Mormugao,Kandla,158.2214,37.79,107.5905,25.3352,river_mouth,DERIVED_PHYSICS_IMO_GHG2020_SEED42
V120,general_cargo,16651,13.3,88.4,348,MGO,0.95,R027,Kochi,New_Mangalore,43.0254,26.17,29.2573,6.8894,river_mouth,DERIVED_PHYSICS_IMO_GHG2020_SEED42
V076,tanker,28632,16.7,78.1,538,LNG,3.32,R023,Kochi,Chennai,157.9047,32.22,86.8476,24.4752,coastal,DERIVED_PHYSICS_IMO_GHG2020_SEED42
V142,passenger,4149,16.9,67.0,311,LNG,0.73,R040,Paradip,Visakhapatnam,16.7722,18.4,9.2247,2.5997,sea_passage,DERIVED_PHYSICS_IMO_GHG2020_SEED42
V020,bulk_carrier,40197,10.8,94.9,347,MGO,1.19,R022,Mormugao,Mumbai,51.0772,32.13,34.7325,8.1787,coastal,DERIVED_PHYSICS_IMO_GHG2020_SEED42
V012,bulk_carrier,58490,13.0,77.3,345,LNG,2.91,R028,New_Mangalore,Kochi,85.1186,26.54,46.8152,13.1934,sea_passage,DERIVED_PHYSICS_IMO_GHG2020_SEED42
V150,ferry,884,17.9,83.8,229,LNG,1.46,R044,Kolkata_SMPK,Paradip,5.9914,12.79,3.2953,0.9287,sea_passage,DERIVED_PHYSICS_IMO_GHG2020_SEED42
V118,general_cargo,14985,14.1,85.5,345,MGO,1.36,R028,New_Mangalore,Kochi,43.1541,24.47,29.3448,6.9101,sea_passage,DERIVED_PHYSICS_IMO_GHG2020_SEED42
V026,bulk_carrier,33063,14.4,70.7,495,MGO,1.08,R042,Kolkata_SMPK,Visakhapatnam,112.0111,34.38,76.1675,17.9358,sea_passage,DERIVED_PHYSICS_IMO_GHG2020_SEED42
V067,container_ship,23507,22.6,98.1,422,MGO,2.19,R054,Mormugao,Kochi,193.3193,18.67,131.4571,30.9552,sea_passage,DERIVED_PHYSICS_IMO_GHG2020_SEED42
V137,ro_ro,6851,16.0,50.1,538,HFO,3.07,R023,Kochi,Chennai,55.7026,33.62,28.9653,8.274,sea_passage,DERIVED_PHYSICS_IMO_GHG2020_SEED42
V036,bulk_carrier,45790,8.9,91.9,276,MGO,0.85,R047,Kandla,Mumbai,29.0498,31.01,19.7539,4.6516,coastal,DERIVED_PHYSICS_IMO_GHG2020_SEED42
V010,bulk_carrier,41291,13.8,60.5,183,LNG,2.59,R026,Tuticorin,Kochi,34.4785,13.26,18.9632,5.3442,sea_passage,DERIVED_PHYSICS_IMO_GHG2020_SEED42
V137,ro_ro,6851,18.6,69.7,290,MGO,2.7,R008,Kandla,JNPA,39.7598,15.59,27.0367,6.3665,coastal,DERIVED_PHYSICS_IMO_GHG2020_SEED42
V094,tanker,68263,13.7,78.9,370,LNG,1.27,R029,Chennai,Tuticorin,93.3156,27.01,51.3236,14.4639,coastal,DERIVED_PHYSICS_IMO_GHG2020_SEED42
V093,tanker,39701,14.0,61.7,521,LNG,2.04,R060,Kandla,Mormugao,101.8571,37.21,56.0214,15.7879,river_mouth,DERIVED_PHYSICS_IMO_GHG2020_SEED42
V005,bulk_carrier,47170,9.6,70.6,18,MGO,0.7,R033,Chennai,Kamarajar,2.0897,1.88,1.421,0.3346,sea_passage,DERIVED_PHYSICS_IMO_GHG2020_SEED42
V125,general_cargo,5602,11.4,61.4,290,HFO,1.74,R008,Kandla,JNPA,11.9689,25.44,6.2238,1.7778,sea_passage,DERIVED_PHYSICS_IMO_GHG2020_SEED42
V128,general_cargo,15648,12.5,98.9,757,MGO,3.47,R050,Port_Blair,Tuticorin,96.3719,60.56,65.5329,15.4315,sea_passage,DERIVED_PHYSICS_IMO_GHG2020_SEED42
V092,tanker,76931,12.1,78.9,217,HFO,0.7,R043,Paradip,Kolkata_SMPK,57.3079,17.93,29.8001,8.5125,river_mouth,DERIVED_PHYSICS_IMO_GHG2020_SEED42
V018,bulk_carrier,58420,12.0,55.1,406,HFO,1.39,R032,Visakhapatnam,Chennai,89.617,33.83,46.6009,13.3116,sea_passage,DERIVED_PHYSICS_IMO_GHG2020_SEED42
V045,container_ship,12017,22.4,52.2,18,HFO,3.05,R033,Chennai,Kamarajar,5.6954,0.8,2.9616,0.846,sea_passage,DERIVED_PHYSICS_IMO_GHG2020_SEED42
V076,tanker,28632,17.1,60.0,349,MGO,0.87,R021,Mumbai,Mormugao,81.3737,20.41,55.3341,13.03,coastal,DERIVED_PHYSICS_IMO_GHG2020_SEED42
V050,container_ship,17470,22.2,51.3,538,MGO,1.13,R023,Kochi,Chennai,144.9493,24.23,98.5655,23.21,sea_passage,DERIVED_PHYSICS_IMO_GHG2020_SEED42
V124,general_cargo,16581,11.9,63.0,406,HFO,3.33,R032,Visakhapatnam,Chennai,51.2334,34.12,26.6414,7.6102,sea_passage,DERIVED_PHYSICS_IMO_GHG2020_SEED42
V115,general_cargo,11634,13.6,79.1,422,MGO,1.37,R054,Mormugao,Kochi,39.8561,31.03,27.1022,6.382,coastal,DERIVED_PHYSICS_IMO_GHG2020_SEED42
V023,bulk_carrier,58095,12.8,85.5,700,MGO,0.93,R036,Paradip,Chennai,167.5917,54.69,113.9624,26.8356,sea_passage,DERIVED_PHYSICS_IMO_GHG2020_SEED42
V001,bulk_carrier,63697,11.7,84.9,1179,MGO,2.25,R015,Mumbai,Chennai,278.795,100.77,189.5806,44.6421,sea_passage,DERIVED_PHYSICS_IMO_GHG2020_SEED42
V065,container_ship,18598,22.9,91.2,411,Methanol,1.13,R058,Visakhapatnam,Kamarajar,345.498,17.95,120.9243,19.9387,sea_passage,DERIVED_PHYSICS_IMO_GHG2020_SEED42
V101,tanker,56969,9.8,88.5,529,LNG,1.34,R059,Mormugao,Kandla,69.1645,53.98,38.0405,10.7205,sea_passage,DERIVED_PHYSICS_IMO_GHG2020_SEED42
V067,container_ship,23507,19.4,80.2,217,MGO,2.17,R043,Paradip,Kolkata_SMPK,73.3647,11.19,49.888,11.7475,sea_passage,DERIVED_PHYSICS_IMO_GHG2020_SEED42
V115,general_cargo,11634,13.1,54.6,396,HFO,1.94,R031,Chennai,Visakhapatnam,36.4396,30.23,18.9486,5.4127,sea_passage,DERIVED_PHYSICS_IMO_GHG2020_SEED42
V099,tanker,55620,14.8,98.7,853,MGO,3.09,R037,Chennai,Kolkata_SMPK,331.6655,57.64,225.5326,53.1079,sea_passage,DERIVED_PHYSICS_IMO_GHG2020_SEED42
V133,ro_ro,11514,14.6,69.6,505,LNG,2.07,R020,New_Mangalore,Mumbai,46.832,34.59,25.7576,7.259,sea_passage,DERIVED_PHYSICS_IMO_GHG2020_SEED42
V088,tanker,47767,13.6,84.4,495,LNG,3.42,R042,Kolkata_SMPK,Visakhapatnam,141.1618,36.4,77.639,21.8801,sea_passage,DERIVED_PHYSICS_IMO_GHG2020_SEED42
V083,tanker,42416,15.7,84.5,757,MGO,2.2,R050,Port_Blair,Tuticorin,259.6625,48.22,176.5705,41.5785,sea_passage,DERIVED_PHYSICS_IMO_GHG2020_SEED42
V114,general_cargo,17380,12.1,78.6,797,MGO,2.03,R051,Chennai,Port_Blair,84.7245,65.87,57.6126,13.5665,sea_passage,DERIVED_PHYSICS_IMO_GHG2020_SEED42
V042,bulk_carrier,48674,12.6,75.5,217,LNG,0.41,R043,Paradip,Kolkata_SMPK,36.8783,17.22,20.2831,5.7161,river_mouth,DERIVED_PHYSICS_IMO_GHG2020_SEED42
V020,bulk_carrier,40197,10.2,81.2,229,LNG,2.87,R044,Kolkata_SMPK,Paradip,27.5366,22.45,15.1451,4.2682,coastal,DERIVED_PHYSICS_IMO_GHG2020_SEED42
V112,general_cargo,17758,10.7,96.2,396,HFO,3.19,R031,Chennai,Visakhapatnam,43.0338,37.01,22.3776,6.3922,sea_passage,DERIVED_PHYSICS_IMO_GHG2020_SEED42
V028,bulk_carrier,56514,11.5,60.1,406,LNG,0.37,R032,Visakhapatnam,Chennai,53.676,35.3,29.5218,8.3198,sea_passage,DERIVED_PHYSICS_IMO_GHG2020_SEED42
V093,tanker,39701,13.7,65.0,422,HFO,1.49,R054,Mormugao,Kochi,96.7907,30.8,50.3312,14.3772,sea_passage,DERIVED_PHYSICS_IMO_GHG2020_SEED42
V086,tanker,66768,16.2,71.4,370,LNG,3.41,R029,Chennai,Tuticorin,169.9043,22.84,93.4473,26.3352,sea_passage,DERIVED_PHYSICS_IMO_GHG2020_SEED42
V028,bulk_carrier,56514,10.5,53.1,761,MGO,3.03,R049,Tuticorin,Port_Blair,123.2009,72.48,83.7766,19.7275,sea_passage,DERIVED_PHYSICS_IMO_GHG2020_SEED42
V104,tanker,27184,10.9,89.2,18,LNG,1.35,R033,Chennai,Kamarajar,1.8106,1.65,0.9959,0.2807,sea_passage,DERIVED_PHYSICS_IMO_GHG2020_SEED42
V115,general_cargo,11634,9.9,84.9,297,MGO,0.82,R007,JNPA,Kandla,15.2058,30.0,10.3399,2.4348,sea_passage,DERIVED_PHYSICS_IMO_GHG2020_SEED42
V032,bulk_carrier,70130,10.7,96.2,1179,HFO,2.25,R015,Mumbai,Chennai,289.1536,110.19,150.3599,42.9506,sea_passage,DERIVED_PHYSICS_IMO_GHG2020_SEED42
V067,container_ship,23507,24.3,76.0,297,HFO,2.44,R007,JNPA,Kandla,151.9828,12.22,79.0311,22.5754,sea_passage,DERIVED_PHYSICS_IMO_GHG2020_SEED42
V035,bulk_carrier,56365,15.0,68.2,359,HFO,3.32,R012,Mormugao,JNPA,156.6182,23.93,81.4415,23.2639,sea_passage,DERIVED_PHYSICS_IMO_GHG2020_SEED42
V103,tanker,67954,10.9,69.6,311,LNG,0.47,R040,Paradip,Visakhapatnam,47.354,28.53,26.0447,7.3399,sea_passage,DERIVED_PHYSICS_IMO_GHG2020_SEED42
V150,ferry,884,18.6,84.4,345,Shore_Power,0.94,R028,New_Mangalore,Kochi,127.2867,18.55,15.2744,0.3758,sea_passage,DERIVED_PHYSICS_IMO_GHG2020_SEED42
V005,bulk_carrier,47170,12.5,78.4,518,LNG,1.47,R009,JNPA,New_Mangalore,94.4541,41.44,51.9498,14.6404,coastal,DERIVED_PHYSICS_IMO_GHG2020_SEED42
V087,tanker,28073,14.1,98.2,277,MGO,3.29,R018,Kandla,Mumbai,71.4799,19.65,48.6063,11.4457,coastal,DERIVED_PHYSICS_IMO_GHG2020_SEED42
V109,general_cargo,10749,12.3,74.4,277,MGO,0.8,R018,Kandla,Mumbai,21.4962,22.52,14.6174,3.4421,coastal,DERIVED_PHYSICS_IMO_GHG2020_SEED42
V050,container_ship,17470,19.5,71.1,348,Methanol,2.69,R027,Kochi,New_Mangalore,205.6961,17.85,71.9936,11.8707,sea_passage,DERIVED_PHYSICS_IMO_GHG2020_SEED42
V085,tanker,70614,14.4,79.7,169,HFO,1.56,R055,New_Mangalore,Mormugao,65.4345,11.74,34.0259,9.7196,sea_passage,DERIVED_PHYSICS_IMO_GHG2020_SEED42
V140,passenger,1902,19.9,95.7,406,LNG,1.42,R032,Visakhapatnam,Chennai,27.2965,20.4,15.0131,4.231,sea_passage,DERIVED_PHYSICS_IMO_GHG2020_SEED42
V087,tanker,28073,10.6,84.4,1181,HFO,1.63,R016,Chennai,Mumbai,136.0992,111.42,70.7716,20.216,sea_passage,DERIVED_PHYSICS_IMO_GHG2020_SEED42
V018,bulk_carrier,58420,11.4,85.2,1181,LNG,1.56,R016,Chennai,Mumbai,195.2965,103.6,107.4131,30.271,sea_passage,DERIVED_PHYSICS_IMO_GHG2020_SEED42
V072,tanker,45552,15.0,56.0,313,HFO,2.51,R039,Visakhapatnam,Paradip,103.3983,20.87,53.7671,15.3587,sea_passage,DERIVED_PHYSICS_IMO_GHG2020_SEED42
V050,container_ship,17470,23.8,65.8,692,HFO,0.4,R035,Chennai,Paradip,241.3164,29.08,125.4845,35.8449,sea_passage,DERIVED_PHYSICS_IMO_GHG2020_SEED42
V108,general_cargo,7216,14.0,95.9,419,MGO,3.09,R053,Kochi,Mormugao,36.4748,29.93,24.8029,5.8405,sea_passage,DERIVED_PHYSICS_IMO_GHG2020_SEED42
V110,general_cargo,16704,12.4,53.2,757,MGO,3.3,R050,Port_Blair,Tuticorin,90.0169,61.05,61.2115,14.414,sea_passage,DERIVED_PHYSICS_IMO_GHG2020_SEED42
V066,container_ship,31457,15.9,78.4,183,HFO,2.86,R026,Tuticorin,Kochi,55.3085,11.51,28.7604,8.2155,sea_passage,DERIVED_PHYSICS_IMO_GHG2020_SEED42
V106,general_cargo,10004,11.4,79.2,313,HFO,0.98,R039,Visakhapatnam,Paradip,20.3252,27.46,10.5691,3.0191,coastal,DERIVED_PHYSICS_IMO_GHG2020_SEED42
V080,tanker,50271,12.2,70.0,529,MGO,2.65,R059,Mormugao,Kandla,122.1925,43.36,83.0909,19.5661,sea_passage,DERIVED_PHYSICS_IMO_GHG2020_SEED42
V050,container_ship,17470,19.4,91.6,521,MGO,1.93,R060,Kandla,Mormugao,146.9002,26.86,99.8921,23.5224,sea_passage,DERIVED_PHYSICS_IMO_GHG2020_SEED42
V143,passenger,3504,15.3,52.5,419,Hydrogen,3.19,R053,Kochi,Mormugao,8.7063,27.39,27.8602,0.6269,coastal,DERIVED_PHYSICS_IMO_GHG2020_SEED42
V148,ferry,932,14.6,89.8,411,Hydrogen,2.46,R058,Visakhapatnam,Kamarajar,3.1694,28.15,10.1422,0.2282,coastal,DERIVED_PHYSICS_IMO_GHG2020_SEED42
V032,bulk_carrier,70130,10.4,58.6,348,HFO,3.18,R027,Kochi,New_Mangalore,82.1661,33.46,42.7264,12.2049,sea_passage,DERIVED_PHYSICS_IMO_GHG2020_SEED42
V078,tanker,23323,14.3,56.0,692,MGO,2.72,R035,Chennai,Paradip,114.8049,48.39,78.0674,18.3831,sea_passage,DERIVED_PHYSICS_IMO_GHG2020_SEED42
V035,bulk_carrier,56365,12.1,77.4,692,MGO,0.96,R035,Chennai,Paradip,142.6823,57.19,97.024,22.847,sea_passage,DERIVED_PHYSICS_IMO_GHG2020_SEED42
V094,tanker,68263,14.4,91.8,217,MGO,1.61,R043,Paradip,Kolkata_SMPK,80.6073,15.07,54.813,12.9072,sea_passage,DERIVED_PHYSICS_IMO_GHG2020_SEED42
V036,bulk_carrier,45790,11.0,55.4,189,MGO,1.3,R025,Kochi,Tuticorin,27.5393,17.18,18.7268,4.4097,sea_passage,DERIVED_PHYSICS_IMO_GHG2020_SEED42
V104,tanker,27184,12.2,71.5,189,HFO,2.11,R025,Kochi,Tuticorin,28.7592,15.49,14.9548,4.2719,sea_passage,DERIVED_PHYSICS_IMO_GHG2020_SEED42
V105,tanker,59471,12.6,85.1,505,LNG,0.49,R020,New_Mangalore,Mumbai,106.9641,40.08,58.8302,16.5794,sea_passage,DERIVED_PHYSICS_IMO_GHG2020_SEED42
V038,bulk_carrier,33529,16.4,89.8,345,LNG,1.91,R028,New_Mangalore,Kochi,92.8082,21.04,51.0445,14.3853,sea_passage,DERIVED_PHYSICS_IMO_GHG2020_SEED42
V065,container_ship,18598,23.2,96.6,169,Methanol,2.94,R055,New_Mangalore,Mormugao,169.3932,7.28,59.2876,9.7757,coastal,DERIVED_PHYSICS_IMO_GHG2020_SEED42
V139,passenger,2268,17.3,84.3,358,Hydrogen,1.9,R011,JNPA,Mormugao,7.0703,20.69,22.625,0.5091,sea_passage,DERIVED_PHYSICS_IMO_GHG2020_SEED42
V090,tanker,33954,10.6,91.4,311,LNG,3.32,R040,Paradip,Visakhapatnam,38.1059,29.34,20.9582,5.9064,sea_passage,DERIVED_PHYSICS_IMO_GHG2020_SEED42
V017,bulk_carrier,47945,11.4,92.1,419,HFO,2.4,R053,Kochi,Mormugao,85.348,36.75,44.381,12.6775,sea_passage,DERIVED_PHYSICS_IMO_GHG2020_SEED42
V040,bulk_carrier,49115,13.5,89.5,311,HFO,1.05,R040,Paradip,Visakhapatnam,77.1188,23.04,40.1018,11.4552,sea_passage,DERIVED_PHYSICS_IMO_GHG2020_SEED42
V145,passenger,3081,18.4,94.1,176,MGO,2.36,R056,Mormugao,New_Mangalore,14.8598,9.57,10.1047,2.3794,coastal,DERIVED_PHYSICS_IMO_GHG2020_SEED42
V015,bulk_carrier,31987,10.8,89.9,419,HFO,3.3,R053,Kochi,Mormugao,68.2806,38.8,35.5059,10.1423,coastal,DERIVED_PHYSICS_IMO_GHG2020_SEED42
V138,ro_ro,6679,14.1,70.6,507,LNG,3.06,R019,Mumbai,New_Mangalore,35.6663,35.96,19.6165,5.5283,sea_passage,DERIVED_PHYSICS_IMO_GHG2020_SEED42
V132,ro_ro,8727,18.2,55.5,1181,HFO,2.84,R016,Chennai,Mumbai,176.8384,64.89,91.956,26.2674,sea_passage,DERIVED_PHYSICS_IMO_GHG2020_SEED42
V089,tanker,35987,14.2,59.9,17,LNG,0.55,R034,Kamarajar,Chennai,3.0061,1.2,1.6534,0.4659,coastal,DERIVED_PHYSICS_IMO_GHG2020_SEED42
V015,bulk_carrier,31987,11.9,77.6,290,HFO,3.24,R008,Kandla,JNPA,53.9302,24.37,28.0437,8.0107,sea_passage,DERIVED_PHYSICS_IMO_GHG2020_SEED42
V045,container_ship,12017,19.9,75.2,850,MGO,1.55,R014,Kochi,Mumbai,179.3065,42.71,121.9284,28.7114,sea_passage,DERIVED_PHYSICS_IMO_GHG2020_SEED42
V023,bulk_carrier,58095,11.7,72.4,1179,LNG,2.87,R015,Mumbai,Chennai,244.5593,100.77,134.5076,37.9067,sea_passage,DERIVED_PHYSICS_IMO_GHG2020_SEED42
V093,tanker,39701,11.8,89.7,521,HFO,1.74,R060,Kandla,Mormugao,96.0643,44.15,49.9534,14.2693,coastal,DERIVED_PHYSICS_IMO_GHG2020_SEED42
V020,bulk_carrier,40197,8.6,58.7,422,HFO,2.95,R054,Mormugao,Kochi,43.3556,49.07,22.5449,6.44,coastal,DERIVED_PHYSICS_IMO_GHG2020_SEED42
V022,bulk_carrier,27915,13.5,53.2,217,LNG,2.86,R043,Paradip,Kolkata_SMPK,31.1884,16.07,17.1536,4.8342,sea_passage,DERIVED_PHYSICS_IMO_GHG2020_SEED42
V076,tanker,28632,17.1,70.2,507,LNG,3.14,R019,Mumbai,New_Mangalore,149.2731,29.65,82.1002,23.1373,sea_passage,DERIVED_PHYSICS_IMO_GHG2020_SEED42
V055,container_ship,17711,24.0,77.8,1190,HFO,0.32,R005,JNPA,Chennai,457.6113,49.58,237.9579,67.9731,coastal,DERIVED_PHYSICS_IMO_GHG2020_SEED42
V112,general_cargo,17758,11.0,79.9,276,HFO,2.48,R047,Kandla,Mumbai,28.051,25.09,14.5865,4.1667,sea_passage,DERIVED_PHYSICS_IMO_GHG2020_SEED42
V035,bulk_carrier,56365,14.7,93.0,358,MGO,1.22,R011,JNPA,Mormugao,116.5335,24.35,79.2428,18.6599,sea_passage,DERIVED_PHYSICS_IMO_GHG2020_SEED42
V122,general_cargo,14088,15.7,69.7,349,HFO,2.1,R021,Mumbai,Mormugao,53.4712,22.23,27.805,7.9426,sea_passage,DERIVED_PHYSICS_IMO_GHG2020_SEED42
V038,bulk_carrier,33529,11.6,80.9,348,LNG,1.47,R027,Kochi,New_Mangalore,43.8928,30.0,24.141,6.8034,sea_passage,DERIVED_PHYSICS_IMO_GHG2020_SEED42
V122,general_cargo,14088,11.4,91.7,18,MGO,2.93,R033,Chennai,Kamarajar,1.639,1.58,1.1145,0.2624,coastal,DERIVED_PHYSICS_IMO_GHG2020_SEED42
V021,bulk_carrier,35729,12.6,51.9,528,LNG,0.93,R010,New_Mangalore,JNPA,70.9699,41.9,39.0334,11.0003,coastal,DERIVED_PHYSICS_IMO_GHG2020_SEED42
V052,container_ship,35698,18.0,55.6,370,MGO,3.34,R029,Chennai,Tuticorin,155.5237,20.56,105.7561,24.9032,sea_passage,DERIVED_PHYSICS_IMO_GHG2020_SEED42
V088,tanker,47767,10.2,65.7,297,HFO,3.42,R007,JNPA,Kandla,54.0267,29.12,28.0939,8.0251,sea_passage,DERIVED_PHYSICS_IMO_GHG2020_SEED42
V106,general_cargo,10004,15.0,77.6,518,HFO,2.68,R009,JNPA,New_Mangalore,68.8383,34.53,35.7959,10.2252,sea_passage,DERIVED_PHYSICS_IMO_GHG2020_SEED42
V089,tanker,35987,13.3,85.5,876,MGO,2.83,R003,JNPA,Kochi,198.7578,65.86,135.1553,31.8261,sea_passage,DERIVED_PHYSICS_IMO_GHG2020_SEED42
V033,bulk_carrier,40297,13.7,65.0,276,MGO,3.1,R047,Kandla,Mumbai,75.322,20.15,51.219,12.0609,sea_passage,DERIVED_PHYSICS_IMO_GHG2020_SEED42
V041,bulk_carrier,49332,11.0,70.8,24,LNG,1.48,R001,JNPA,Mumbai,3.2557,2.18,1.7906,0.5046,sea_passage,DERIVED_PHYSICS_IMO_GHG2020_SEED42
V015,bulk_carrier,31987,12.1,89.7,419,LNG,2.31,R053,Kochi,Mormugao,59.0034,34.63,32.4519,9.1455,coastal,DERIVED_PHYSICS_IMO_GHG2020_SEED42
V097,tanker,25705,16.4,76.2,870,MGO,0.37,R004,Kochi,JNPA,191.6045,53.05,130.2911,30.6807,sea_passage,DERIVED_PHYSICS_IMO_GHG2020_SEED42
V034,bulk_carrier,62925,11.2,79.2,529,MGO,1.46,R059,Mormugao,Kandla,104.6912,47.23,71.19,16.7637,sea_passage,DERIVED_PHYSICS_IMO_GHG2020_SEED42
V086,tanker,66768,12.9,57.0,17,MGO,1.7,R034,Kamarajar,Chennai,4.2744,1.32,2.9066,0.6844,sea_passage,DERIVED_PHYSICS_IMO_GHG2020_SEED42
V040,bulk_carrier,49115,13.3,52.2,311,LNG,3.09,R040,Paradip,Visakhapatnam,69.4897,23.38,38.2193,10.7709,sea_passage,DERIVED_PHYSICS_IMO_GHG2020_SEED42
V082,tanker,54273,13.7,82.5,529,HFO,1.67,R059,Mormugao,Kandla,163.1117,38.61,84.8181,24.2285,sea_passage,DERIVED_PHYSICS_IMO_GHG2020_SEED42
V022,bulk_carrier,27915,9.4,64.9,859,LNG,3.46,R013,Mumbai,Kochi,73.39,91.38,40.3645,11.3755,sea_passage,DERIVED_PHYSICS_IMO_GHG2020_SEED42
V077,tanker,37083,13.1,63.0,507,LNG,0.82,R019,Mumbai,New_Mangalore,75.9546,38.7,41.775,11.773,coastal,DERIVED_PHYSICS_IMO_GHG2020_SEED42
V099,tanker,55620,14.9,53.5,528,HFO,0.67,R010,New_Mangalore,JNPA,156.5581,35.44,81.4102,23.255,sea_passage,DERIVED_PHYSICS_IMO_GHG2020_SEED42
V095,tanker,37289,12.1,86.3,370,MGO,3.3,R029,Chennai,Tuticorin,75.201,30.58,51.1367,12.0416,sea_passage,DERIVED_PHYSICS_IMO_GHG2020_SEED42
V048,container_ship,21724,21.2,67.2,761,LNG,0.46,R049,Tuticorin,Port_Blair,209.0299,35.9,114.9665,32.3996,river_mouth,DERIVED_PHYSICS_IMO_GHG2020_SEED42
V108,general_cargo,7216,15.7,75.4,229,HFO,1.95,R044,Kolkata_SMPK,Paradip,23.6264,14.59,12.2857,3.5094,sea_passage,DERIVED_PHYSICS_IMO_GHG2020_SEED42
V060,container_ship,33073,12.5,73.9,788,MGO,1.13,R052,Port_Blair,Chennai,124.8213,63.04,84.8785,19.987,sea_passage,DERIVED_PHYSICS_IMO_GHG2020_SEED42
V127,general_cargo,7328,11.9,99.5,22,HFO,0.48,R002,Mumbai,JNPA,1.203,1.85,0.6255,0.1787,sea_passage,DERIVED_PHYSICS_IMO_GHG2020_SEED42
V080,tanker,50271,13.7,84.2,349,HFO,1.09,R021,Mumbai,Mormugao,102.5728,25.47,53.3379,15.2361,sea_passage,DERIVED_PHYSICS_IMO_GHG2020_SEED42
V132,ro_ro,8727,20.0,99.0,538,HFO,0.68,R023,Kochi,Chennai,93.2292,26.9,48.4792,13.8482,sea_passage,DERIVED_PHYSICS_IMO_GHG2020_SEED42
V094,tanker,68263,11.6,74.5,850,HFO,2.1,R014,Kochi,Mumbai,221.6873,73.28,115.2774,32.9292,sea_passage,DERIVED_PHYSICS_IMO_GHG2020_SEED42
V090,tanker,33954,15.2,96.2,692,MGO,0.54,R035,Chennai,Paradip,173.058,45.53,117.6795,27.7109,sea_passage,DERIVED_PHYSICS_IMO_GHG2020_SEED42
V095,tanker,37289,15.0,79.8,422,HFO,3.15,R054,Mormugao,Kochi,141.459,28.13,73.5587,21.0122,sea_passage,DERIVED_PHYSICS_IMO_GHG2020_SEED42
V132,ro_ro,8727,14.8,56.4,542,MGO,2.63,R024,Chennai,Kochi,53.657,36.62,36.4867,8.5918,sea_passage,DERIVED_PHYSICS_IMO_GHG2020_SEED42
V133,ro_ro,11514,17.3,84.7,700,LNG,0.73,R036,Paradip,Chennai,82.4287,40.46,45.3358,12.7764,coastal,DERIVED_PHYSICS_IMO_GHG2020_SEED42
V042,bulk_carrier,48674,10.3,56.4,290,HFO,2.8,R046,JNPA,Kandla,46.6053,28.16,24.2348,6.9227,sea_passage,DERIVED_PHYSICS_IMO_GHG2020_SEED42
V008,bulk_carrier,34731,13.7,75.3,276,LNG,1.35,R048,Mumbai,Kandla,46.6585,20.15,25.6622,7.2321,sea_passage,DERIVED_PHYSICS_IMO_GHG2020_SEED42
V075,tanker,55666,11.9,57.5,1190,HFO,1.45,R005,JNPA,Chennai,249.8946,100.0,129.9452,37.1191,sea_passage,DERIVED_PHYSICS_IMO_GHG2020_SEED42
V134,ro_ro,8843,17.2,77.5,850,LNG,0.97,R014,Kochi,Mumbai,98.4647,49.42,54.1556,15.262,sea_passage,DERIVED_PHYSICS_IMO_GHG2020_SEED42
V116,general_cargo,6658,11.9,51.9,876,HFO,0.41,R003,JNPA,Kochi,36.6566,73.61,19.0614,5.4449,coastal,DERIVED_PHYSICS_IMO_GHG2020_SEED42
V113,general_cargo,13823,11.0,89.3,518,HFO,2.59,R009,JNPA,New_Mangalore,45.2483,47.09,23.5291,6.7211,sea_passage,DERIVED_PHYSICS_IMO_GHG2020_SEED42
V143,passenger,3504,15.5,76.6,757,LNG,0.43,R050,Port_Blair,Tuticorin,35.1578,48.84,19.3368,5.4495,sea_passage,DERIVED_PHYSICS_IMO_GHG2020_SEED42
V063,container_ship,12578,22.3,87.5,276,HFO,1.92,R048,Mumbai,Kandla,88.3049,12.38,45.9185,13.1167,river_mouth,DERIVED_PHYSICS_IMO_GHG2020_SEED42
V053,container_ship,27197,13.8,68.2,176,LNG,1.01,R056,Mormugao,New_Mangalore,24.0201,12.75,13.211,3.7231,sea_passage,DERIVED_PHYSICS_IMO_GHG2020_SEED42
V070,container_ship,16607,17.5,88.2,364,MGO,1.18,R030,Tuticorin,Chennai,77.1577,20.8,52.4672,12.3549,sea_passage,DERIVED_PHYSICS_IMO_GHG2020_SEED42
V095,tanker,37289,14.7,50.4,176,HFO,2.41,R056,Mormugao,New_Mangalore,45.6202,11.97,23.7225,6.7764,coastal,DERIVED_PHYSICS_IMO_GHG2020_SEED42
V121,general_cargo,14844,10.9,70.1,700,MGO,2.52,R036,Paradip,Chennai,52.5094,64.22,35.7064,8.4081,coastal,DERIVED_PHYSICS_IMO_GHG2020_SEED42
V041,bulk_carrier,49332,13.3,70.7,276,LNG,2.82,R047,Kandla,Mumbai,70.3515,20.75,38.6933,10.9045,sea_passage,DERIVED_PHYSICS_IMO_GHG2020_SEED42
V006,bulk_carrier,66381,11.4,63.5,286,MGO,0.83,R045,Kandla,JNPA,54.8286,25.09,37.2835,8.7794,sea_passage,DERIVED_PHYSICS_IMO_GHG2020_SEED42
V133,ro_ro,11514,13.1,63.5,505,LNG,2.43,R020,New_Mangalore,Mumbai,39.5319,38.55,21.7426,6.1274,sea_passage,DERIVED_PHYSICS_IMO_GHG2020_SEED42
V128,general_cargo,15648,15.6,99.2,1190,MGO,2.11,R005,JNPA,Chennai,213.2278,76.28,144.9949,34.1431,sea_passage,DERIVED_PHYSICS_IMO_GHG2020_SEED42
V068,container_ship,37761,18.5,87.6,277,MGO,2.46,R018,Kandla,Mumbai,119.3155,14.97,81.1345,19.1054,sea_passage,DERIVED_PHYSICS_IMO_GHG2020_SEED42
V012,bulk_carrier,58490,13.4,93.3,217,LNG,1.06,R043,Paradip,Kolkata_SMPK,47.2477,16.19,25.9862,7.3234,sea_passage,DERIVED_PHYSICS_IMO_GHG2020_SEED42
V121,general_cargo,14844,9.5,86.3,507,MGO,1.04,R019,Mumbai,New_Mangalore,25.4389,53.37,17.2985,4.0734,sea_passage,DERIVED_PHYSICS_IMO_GHG2020_SEED42
V008,bulk_carrier,34731,11.3,90.9,1190,LNG,3.13,R005,JNPA,Chennai,184.7346,105.31,101.604,28.6339,sea_passage,DERIVED_PHYSICS_IMO_GHG2020_SEED42
V005,bulk_carrier,47170,11.6,79.6,276,MGO,1.83,R048,Mumbai,Kandla,49.1821,23.79,33.4438,7.8753,sea_passage,DERIVED_PHYSICS_IMO_GHG2020_SEED42
V051,container_ship,9661,16.4,58.9,411,LNG,1.2,R058,Visakhapatnam,Kamarajar,39.5023,25.06,21.7262,6.1228,sea_passage,DERIVED_PHYSICS_IMO_GHG2020_SEED42
V095,tanker,37289,14.2,51.2,876,MGO,2.82,R003,JNPA,Kochi,199.926,61.69,135.9497,32.0131,coastal,DERIVED_PHYSICS_IMO_GHG2020_SEED42
V107,general_cargo,9058,13.3,99.6,297,MGO,2.18,R007,JNPA,Kandla,25.0078,22.33,17.0053,4.0044,river_mouth,DERIVED_PHYSICS_IMO_GHG2020_SEED42
V116,general_cargo,6658,16.0,89.6,17,HFO,2.78,R034,Kamarajar,Chennai,1.9383,1.06,1.0079,0.2879,sea_passage,DERIVED_PHYSICS_IMO_GHG2020_SEED42
V017,bulk_carrier,47945,12.0,82.0,491,HFO,2.66,R041,Visakhapatnam,Kolkata_SMPK,115.3616,40.92,59.988,17.1357,coastal,DERIVED_PHYSICS_IMO_GHG2020_SEED42
V046,container_ship,34898,22.9,58.9,183,HFO,3.34,R026,Tuticorin,Kochi,117.3367,7.99,61.0151,17.4291,sea_passage,DERIVED_PHYSICS_IMO_GHG2020_SEED42
V144,passenger,4545,19.9,78.4,22,Hydrogen,1.55,R002,Mumbai,JNPA,0.9334,1.11,2.9868,0.0672,sea_passage,DERIVED_PHYSICS_IMO_GHG2020_SEED42
V056,container_ship,38751,13.1,84.7,349,MGO,0.87,R021,Mumbai,Mormugao,68.9242,26.64,46.8685,11.0365,sea_passage,DERIVED_PHYSICS_IMO_GHG2020_SEED42
V029,bulk_carrier,30900,14.4,88.9,788,LNG,2.21,R052,Port_Blair,Chennai,162.9075,54.72,89.5991,25.2507,sea_passage,DERIVED_PHYSICS_IMO_GHG2020_SEED42
V098,tanker,28244,17.5,69.5,1196,LNG,0.78,R006,Chennai,JNPA,268.7431,68.34,147.8087,41.6552,sea_passage,DERIVED_PHYSICS_IMO_GHG2020_SEED42
V001,bulk_carrier,63697,12.3,59.2,1190,LNG,3.12,R005,JNPA,Chennai,293.5815,96.75,161.4698,45.5051,sea_passage,DERIVED_PHYSICS_IMO_GHG2020_SEED42
V085,tanker,70614,12.9,69.4,876,HFO,3.03,R003,JNPA,Kochi,280.7312,67.91,145.9802,41.6995,sea_passage,DERIVED_PHYSICS_IMO_GHG2020_SEED42
V119,general_cargo,18455,10.5,54.5,217,HFO,1.6,R043,Paradip,Kolkata_SMPK,16.7733,20.67,8.7221,2.4915,sea_passage,DERIVED_PHYSICS_IMO_GHG2020_SEED42
V111,general_cargo,19799,15.0,50.8,757,MGO,2.78,R050,Port_Blair,Tuticorin,132.5598,50.47,90.1407,21.2261,sea_passage,DERIVED_PHYSICS_IMO_GHG2020_SEED42
V129,general_cargo,5817,14.6,84.5,359,MGO,0.85,R012,Mormugao,JNPA,22.9373,24.59,15.5974,3.6728,coastal,DERIVED_PHYSICS_IMO_GHG2020_SEED42
V019,bulk_carrier,63249,13.4,51.2,856,HFO,1.9,R038,Kolkata_SMPK,Chennai,254.0903,63.88,132.1269,37.7423,sea_passage,DERIVED_PHYSICS_IMO_GHG2020_SEED42
V147,ferry,2604,13.1,88.8,700,Shore_Power,0.42,R036,Paradip,Chennai,273.4581,53.44,32.815,0.8072,coastal,DERIVED_PHYSICS_IMO_GHG2020_SEED42
V126,general_cargo,16177,11.4,69.7,359,MGO,0.68,R012,Mormugao,JNPA,26.8847,31.49,18.2816,4.3049,sea_passage,DERIVED_PHYSICS_IMO_GHG2020_SEED42
V102,tanker,47959,12.3,58.8,297,LNG,0.9,R007,JNPA,Kandla,45.2455,24.15,24.885,7.013,coastal,DERIVED_PHYSICS_IMO_GHG2020_SEED42
V016,bulk_carrier,58242,15.3,61.9,17,LNG,1.6,R034,Kamarajar,Chennai,5.2315,1.11,2.8773,0.8109,sea_passage,DERIVED_PHYSICS_IMO_GHG2020_SEED42
V103,tanker,67954,11.7,68.4,528,MGO,1.9,R010,New_Mangalore,JNPA,130.2032,45.13,88.5381,20.8488,sea_passage,DERIVED_PHYSICS_IMO_GHG2020_SEED42
V086,tanker,66768,12.4,76.8,505,LNG,1.0,R020,New_Mangalore,Mumbai,103.5317,40.73,56.9424,16.0474,coastal,DERIVED_PHYSICS_IMO_GHG2020_SEED42
V050,container_ship,17470,19.8,87.4,1179,MGO,0.32,R015,Mumbai,Chennai,290.9987,59.55,197.8791,46.5962,sea_passage,DERIVED_PHYSICS_IMO_GHG2020_SEED42
V028,bulk_carrier,56514,12.9,98.1,411,MGO,1.52,R058,Visakhapatnam,Kamarajar,102.2768,31.86,69.5482,16.3771,sea_passage,DERIVED_PHYSICS_IMO_GHG2020_SEED42
V109,general_cargo,10749,11.9,57.1,406,HFO,3.38,R032,Visakhapatnam,Chennai,34.9952,34.12,18.1975,5.1982,river_mouth,DERIVED_PHYSICS_IMO_GHG2020_SEED42
V022,bulk_carrier,27915,9.3,71.9,277,LNG,3.29,R018,Kandla,Mumbai,22.4824,29.78,12.3653,3.4848,sea_passage,DERIVED_PHYSICS_IMO_GHG2020_SEED42
V067,container_ship,23507,22.9,89.3,518,HFO,2.53,R009,JNPA,New_Mangalore,289.2111,22.62,150.3898,42.9591,coastal,DERIVED_PHYSICS_IMO_GHG2020_SEED42
V030,bulk_carrier,38293,12.0,64.8,797,MGO,1.9,R051,Chennai,Port_Blair,121.1135,66.42,82.3572,19.3933,river_mouth,DERIVED_PHYSICS_IMO_GHG2020_SEED42
V069,container_ship,8659,14.6,68.6,1196,MGO,2.45,R006,Chennai,JNPA,118.0527,81.92,80.2758,18.9032,sea_passage,DERIVED_PHYSICS_IMO_GHG2020_SEED42
V140,passenger,1902,18.6,68.8,422,LNG,2.56,R054,Mormugao,Kochi,20.1528,22.69,11.0841,3.1237,sea_passage,DERIVED_PHYSICS_IMO_GHG2020_SEED42
V043,container_ship,27264,14.8,75.3,856,LNG,1.32,R038,Kolkata_SMPK,Chennai,141.6886,57.84,77.9287,21.9617,sea_passage,DERIVED_PHYSICS_IMO_GHG2020_SEED42
V118,general_cargo,14985,12.2,91.4,538,HFO,0.48,R023,Kochi,Chennai,54.9231,44.1,28.56,8.1582,sea_passage,DERIVED_PHYSICS_IMO_GHG2020_SEED42
V139,passenger,2268,13.1,95.9,297,Hydrogen,2.59,R007,JNPA,Kandla,3.7841,22.67,12.1092,0.2725,sea_passage,DERIVED_PHYSICS_IMO_GHG2020_SEED42
V021,bulk_carrier,35729,12.6,91.3,853,LNG,2.21,R037,Chennai,Kolkata_SMPK,131.2742,67.7,72.2008,20.3475,sea_passage,DERIVED_PHYSICS_IMO_GHG2020_SEED42
V025,bulk_carrier,26135,12.9,51.6,507,MGO,1.54,R019,Mumbai,New_Mangalore,68.1147,39.3,46.318,10.9069,sea_passage,DERIVED_PHYSICS_IMO_GHG2020_SEED42
V111,general_cargo,19799,12.3,71.4,189,MGO,3.29,R025,Kochi,Tuticorin,27.0138,15.37,18.3694,4.3256,sea_passage,DERIVED_PHYSICS_IMO_GHG2020_SEED42
V052,container_ship,35698,24.0,82.1,276,HFO,3.1,R047,Kandla,Mumbai,239.7247,11.5,124.6568,35.6085,sea_passage,DERIVED_PHYSICS_IMO_GHG2020_SEED42
V105,tanker,59471,10.3,85.3,24,MGO,0.68,R001,JNPA,Mumbai,4.0357,2.33,2.7442,0.6462,sea_passage,DERIVED_PHYSICS_IMO_GHG2020_SEED42
V058,container_ship,36763,16.9,72.4,853,HFO,2.49,R037,Chennai,Kolkata_SMPK,311.5926,50.47,162.0282,46.2837,sea_passage,DERIVED_PHYSICS_IMO_GHG2020_SEED42
V092,tanker,76931,16.6,82.5,788,HFO,1.55,R052,Port_Blair,Chennai,442.4123,47.47,230.0544,65.7155,coastal,DERIVED_PHYSICS_IMO_GHG2020_SEED42
V066,container_ship,31457,13.5,99.6,411,Methanol,3.21,R058,Visakhapatnam,Kamarajar,215.273,30.44,75.3456,12.4234,coastal,DERIVED_PHYSICS_IMO_GHG2020_SEED42
V069,container_ship,8659,16.3,91.3,313,HFO,0.37,R039,Visakhapatnam,Paradip,34.0089,19.2,17.6846,5.0516,sea_passage,DERIVED_PHYSICS_IMO_GHG2020_SEED42
V079,tanker,55468,16.0,69.9,359,MGO,3.14,R012,Mormugao,JNPA,161.9555,22.44,110.1298,25.9331,sea_passage,DERIVED_PHYSICS_IMO_GHG2020_SEED42
V012,bulk_carrier,58490,12.3,68.0,788,MGO,0.44,R052,Port_Blair,Chennai,149.5166,64.07,101.6713,23.9413,sea_passage,DERIVED_PHYSICS_IMO_GHG2020_SEED42
V074,tanker,68994,11.1,80.4,856,LNG,1.28,R038,Kolkata_SMPK,Chennai,140.4211,77.12,77.2316,21.7653,sea_passage,DERIVED_PHYSICS_IMO_GHG2020_SEED42
V056,container_ship,38751,18.0,69.6,229,HFO,0.59,R044,Kolkata_SMPK,Paradip,78.8722,12.72,41.0136,11.7156,river_mouth,DERIVED_PHYSICS_IMO_GHG2020_SEED42
V087,tanker,28073,14.7,91.8,347,MGO,3.27,R022,Mormugao,Mumbai,88.2011,23.61,59.9768,14.1232,river_mouth,DERIVED_PHYSICS_IMO_GHG2020_SEED42
V021,bulk_carrier,35729,13.5,92.9,700,HFO,3.23,R036,Paradip,Chennai,177.3376,51.85,92.2156,26.3416,coastal,DERIVED_PHYSICS_IMO_GHG2020_SEED42
V055,container_ship,17711,18.1,80.2,528,HFO,1.45,R010,New_Mangalore,JNPA,133.826,29.17,69.5895,19.8784,sea_passage,DERIVED_PHYSICS_IMO_GHG2020_SEED42
V033,bulk_carrier,40297,11.1,66.1,396,HFO,2.42,R031,Chennai,Visakhapatnam,61.1506,35.68,31.7983,9.0833,coastal,DERIVED_PHYSICS_IMO_GHG2020_SEED42
V112,general_cargo,17758,10.8,90.9,1179,HFO,2.5,R015,Mumbai,Chennai,114.0564,109.17,59.3093,16.9418,sea_passage,DERIVED_PHYSICS_IMO_GHG2020_SEED42
V051,container_ship,9661,16.1,55.9,282,Methanol,0.96,R017,Mumbai,Kandla,63.1445,17.52,22.1006,3.6441,sea_passage,DERIVED_PHYSICS_IMO_GHG2020_SEED42
V028,bulk_carrier,56514,10.6,91.0,505,MGO,1.99,R020,New_Mangalore,Mumbai,89.8133,47.64,61.0731,14.3814,sea_passage,DERIVED_PHYSICS_IMO_GHG2020_SEED42
V043,container_ship,27264,14.5,61.1,406,HFO,1.01,R032,Visakhapatnam,Chennai,77.1273,28.0,40.1062,11.4564,sea_passage,DERIVED_PHYSICS_IMO_GHG2020_SEED42
V093,tanker,39701,12.6,77.8,411,MGO,3.4,R058,Visakhapatnam,Kamarajar,91.2709,32.62,62.0642,14.6148,sea_passage,DERIVED_PHYSICS_IMO_GHG2020_SEED42
V020,bulk_carrier,40197,11.5,86.5,290,HFO,2.63,R008,Kandla,JNPA,59.7777,25.22,31.0844,8.8793,sea_passage,DERIVED_PHYSICS_IMO_GHG2020_SEED42
V101,tanker,56969,13.5,69.1,422,MGO,3.45,R054,Mormugao,Kochi,151.5289,31.26,103.0396,24.2636,sea_passage,DERIVED_PHYSICS_IMO_GHG2020_SEED42
V052,container_ship,35698,19.7,92.3,788,Methanol,0.8,R052,Port_Blair,Chennai,758.8092,40.0,265.5832,43.7909,sea_passage,DERIVED_PHYSICS_IMO_GHG2020_SEED42
V003,bulk_carrier,64303,12.5,80.5,1179,MGO,3.37,R015,Mumbai,Chennai,339.9963,94.32,231.1975,54.4419,sea_passage,DERIVED_PHYSICS_IMO_GHG2020_SEED42
V043,container_ship,27264,20.2,62.9,364,HFO,2.25,R030,Tuticorin,Chennai,151.5826,18.02,78.8229,22.5159,sea_passage,DERIVED_PHYSICS_IMO_GHG2020_SEED42
V138,ro_ro,6679,12.7,86.7,358,LNG,1.64,R011,JNPA,Mormugao,19.4742,28.19,10.7108,3.0185,sea_passage,DERIVED_PHYSICS_IMO_GHG2020_SEED42
V111,general_cargo,19799,13.0,81.3,788,HFO,1.31,R052,Port_Blair,Chennai,103.5933,60.62,53.8685,15.3877,sea_passage,DERIVED_PHYSICS_IMO_GHG2020_SEED42
V089,tanker,35987,14.0,61.4,345,LNG,2.46,R028,New_Mangalore,Kochi,64.9422,24.64,35.7182,10.066,coastal,DERIVED_PHYSICS_IMO_GHG2020_SEED42
V093,tanker,39701,13.0,68.4,419,MGO,0.66,R053,Kochi,Mormugao,71.4657,32.23,48.5967,11.4434,sea_passage,DERIVED_PHYSICS_IMO_GHG2020_SEED42
V109,general_cargo,10749,13.2,98.6,692,HFO,1.8,R035,Chennai,Paradip,67.2752,52.42,34.9831,9.993,sea_passage,DERIVED_PHYSICS_IMO_GHG2020_SEED42
V123,general_cargo,17741,9.5,70.4,411,HFO,1.34,R058,Visakhapatnam,Kamarajar,27.8816,43.26,14.4985,4.1415,sea_passage,DERIVED_PHYSICS_IMO_GHG2020_SEED42
V095,tanker,37289,14.3,74.6,290,HFO,1.57,R008,Kandla,JNPA,65.2953,20.28,33.9535,9.6989,sea_passage,DERIVED_PHYSICS_IMO_GHG2020_SEED42
V003,bulk_carrier,64303,10.1,58.6,286,LNG,2.47,R045,Kandla,JNPA,41.0806,28.32,22.5943,6.3675,sea_passage,DERIVED_PHYSICS_IMO_GHG2020_SEED42
V132,ro_ro,8727,19.7,99.9,870,HFO,1.86,R004,Kochi,JNPA,181.8302,44.16,94.5517,27.0089,coastal,DERIVED_PHYSICS_IMO_GHG2020_SEED42
V090,tanker,33954,12.3,55.0,22,MGO,1.58,R002,Mumbai,JNPA,3.0521,1.79,2.0754,0.4887,coastal,DERIVED_PHYSICS_IMO_GHG2020_SEED42
V098,tanker,28244,17.6,87.3,370,HFO,2.25,R029,Chennai,Tuticorin,128.3789,21.02,66.757,19.0693,sea_passage,DERIVED_PHYSICS_IMO_GHG2020_SEED42
V012,bulk_carrier,58490,11.0,76.0,419,MGO,1.13,R057,Kamarajar,Visakhapatnam,66.904,38.09,45.4947,10.713,sea_passage,DERIVED_PHYSICS_IMO_GHG2020_SEED42
V005,bulk_carrier,47170,11.6,62.3,529,MGO,1.24,R059,Mormugao,Kandla,77.4043,45.6,52.6349,12.3944,sea_passage,DERIVED_PHYSICS_IMO_GHG2020_SEED42
V109,general_cargo,10749,12.8,67.6,277,MGO,0.39,R018,Kandla,Mumbai,21.4099,21.64,14.5587,3.4283,sea_passage,DERIVED_PHYSICS_IMO_GHG2020_SEED42
V050,container_ship,17470,19.9,62.3,290,Methanol,2.68,R008,Kandla,JNPA,191.5487,14.57,67.0421,11.0543,sea_passage,DERIVED_PHYSICS_IMO_GHG2020_SEED42
V093,tanker,39701,11.1,50.3,18,LNG,2.68,R033,Chennai,Kamarajar,2.3901,1.62,1.3146,0.3705,river_mouth,DERIVED_PHYSICS_IMO_GHG2020_SEED42
V105,tanker,59471,14.3,58.1,24,HFO,3.43,R001,JNPA,Mumbai,8.353,1.68,4.3435,1.2407,sea_passage,DERIVED_PHYSICS_IMO_GHG2020_SEED42
V055,container_ship,17711,16.9,91.3,542,HFO,3.49,R024,Chennai,Kochi,145.1417,32.07,75.4737,21.5592,coastal,DERIVED_PHYSICS_IMO_GHG2020_SEED42
V044,container_ship,41157,14.3,53.3,17,LNG,2.84,R034,Kamarajar,Chennai,3.8105,1.19,2.0958,0.5906,river_mouth,DERIVED_PHYSICS_IMO_GHG2020_SEED42
V128,general_cargo,15648,12.8,68.0,286,MGO,2.49,R045,Kandla,JNPA,32.505,22.34,22.1034,5.2049,river_mouth,DERIVED_PHYSICS_IMO_GHG2020_SEED42
V001,bulk_carrier,63697,11.1,74.7,495,HFO,0.39,R042,Kolkata_SMPK,Visakhapatnam,96.2683,44.59,50.0595,14.2996,sea_passage,DERIVED_PHYSICS_IMO_GHG2020_SEED42
V039,bulk_carrier,42343,12.5,68.2,1181,HFO,2.3,R016,Chennai,Mumbai,234.4306,94.48,121.9039,34.8221,sea_passage,DERIVED_PHYSICS_IMO_GHG2020_SEED42
V043,container_ship,27264,16.0,85.2,538,LNG,2.79,R023,Kochi,Chennai,134.6353,33.62,74.0494,20.8685,sea_passage,DERIVED_PHYSICS_IMO_GHG2020_SEED42
V123,general_cargo,17741,12.4,69.6,419,HFO,1.68,R057,Kamarajar,Visakhapatnam,54.7508,33.79,28.4704,8.1326,sea_passage,DERIVED_PHYSICS_IMO_GHG2020_SEED42
V134,ro_ro,8843,20.5,92.5,183,MGO,0.78,R026,Tuticorin,Kochi,31.8015,8.93,21.625,5.0922,sea_passage,DERIVED_PHYSICS_IMO_GHG2020_SEED42
V006,bulk_carrier,66381,14.8,93.6,276,LNG,0.51,R048,Mumbai,Kandla,84.3312,18.65,46.3821,13.0713,river_mouth,DERIVED_PHYSICS_IMO_GHG2020_SEED42
V042,bulk_carrier,48674,12.0,80.0,313,LNG,0.44,R039,Visakhapatnam,Paradip,51.3679,26.08,28.2523,7.962,sea_passage,DERIVED_PHYSICS_IMO_GHG2020_SEED42
V113,general_cargo,13823,15.1,97.5,700,HFO,3.47,R036,Paradip,Chennai,124.6669,46.36,64.8268,18.5179,sea_passage,DERIVED_PHYSICS_IMO_GHG2020_SEED42
V056,container_ship,38751,15.0,55.1,521,MGO,3.09,R060,Kandla,Mormugao,142.397,34.73,96.83,22.8013,sea_passage,DERIVED_PHYSICS_IMO_GHG2020_SEED42
V070,container_ship,16607,17.0,93.3,396,HFO,2.55,R031,Chennai,Visakhapatnam,90.9833,23.29,47.3113,13.5146,sea_passage,DERIVED_PHYSICS_IMO_GHG2020_SEED42
V094,tanker,68263,12.6,55.1,757,HFO,3.29,R050,Port_Blair,Tuticorin,242.171,60.08,125.9289,35.9718,sea_passage,DERIVED_PHYSICS_IMO_GHG2020_SEED42
V032,bulk_carrier,70130,11.4,62.2,870,HFO,2.12,R004,Kochi,JNPA,209.5973,76.32,108.9906,31.1334,sea_passage,DERIVED_PHYSICS_IMO_GHG2020_SEED42
V029,bulk_carrier,30900,15.7,96.4,290,LNG,1.4,R008,Kandla,JNPA,64.0466,18.47,35.2256,9.9272,sea_passage,DERIVED_PHYSICS_IMO_GHG2020_SEED42
V043,container_ship,27264,15.4,78.6,505,LNG,0.85,R020,New_Mangalore,Mumbai,86.4793,32.79,47.5636,13.4043,coastal,DERIVED_PHYSICS_IMO_GHG2020_SEED42
V030,bulk_carrier,38293,13.0,88.8,406,MGO,0.61,R032,Visakhapatnam,Chennai,71.9869,31.23,48.9511,11.5269,sea_passage,DERIVED_PHYSICS_IMO_GHG2020_SEED42
V049,container_ship,19734,22.1,73.5,538,MGO,2.0,R023,Kochi,Chennai,198.5514,24.34,135.015,31.793,sea_passage,DERIVED_PHYSICS_IMO_GHG2020_SEED42
V049,container_ship,19734,16.9,80.1,542,HFO,2.3,R024,Chennai,Kochi,136.0304,32.07,70.7358,20.2058,sea_passage,DERIVED_PHYSICS_IMO_GHG2020_SEED42
V116,general_cargo,6658,14.9,91.4,24,HFO,1.65,R001,JNPA,Mumbai,2.2238,1.61,1.1564,0.3303,sea_passage,DERIVED_PHYSICS_IMO_GHG2020_SEED42
V142,passenger,4149,19.0,52.7,358,LNG,0.31,R011,JNPA,Mormugao,24.8342,18.84,13.6588,3.8493,sea_passage,DERIVED_PHYSICS_IMO_GHG2020_SEED42
V017,bulk_carrier,47945,12.9,70.0,286,LNG,2.97,R045,Kandla,JNPA,58.3478,22.17,32.0913,9.0439,sea_passage,DERIVED_PHYSICS_IMO_GHG2020_SEED42
V025,bulk_carrier,26135,12.1,75.3,229,MGO,1.41,R044,Kolkata_SMPK,Paradip,26.8388,18.93,18.2504,4.2976,sea_passage,DERIVED_PHYSICS_IMO_GHG2020_SEED42
V112,general_cargo,17758,15.1,82.4,876,HFO,2.24,R003,JNPA,Kochi,165.444,58.01,86.0309,24.5749,sea_passage,DERIVED_PHYSICS_IMO_GHG2020_SEED42
V129,general_cargo,5817,12.4,81.5,286,HFO,1.94,R045,Kandla,JNPA,16.334,23.06,8.4937,2.4262,sea_passage,DERIVED_PHYSICS_IMO_GHG2020_SEED42
V010,bulk_carrier,41291,13.3,88.3,1196,MGO,2.77,R006,Chennai,JNPA,305.2476,89.92,207.5684,48.8778,sea_passage,DERIVED_PHYSICS_IMO_GHG2020_SEED42
V146,ferry,1735,14.1,98.4,347,Hydrogen,2.14,R022,Mormugao,Mumbai,4.3546,24.61,13.9348,0.3135,river_mouth,DERIVED_PHYSICS_IMO_GHG2020_SEED42
V026,bulk_carrier,33063,11.4,58.6,17,HFO,1.79,R034,Kamarajar,Chennai,2.301,1.49,1.1965,0.3418,sea_passage,DERIVED_PHYSICS_IMO_GHG2020_SEED42
V121,general_cargo,14844,12.4,73.9,507,HFO,1.95,R019,Mumbai,New_Mangalore,52.9002,40.89,27.5081,7.8577,coastal,DERIVED_PHYSICS_IMO_GHG2020_SEED42
V058,container_ship,36763,16.8,81.5,347,HFO,3.0,R022,Mormugao,Mumbai,135.6346,20.65,70.53,20.147,sea_passage,DERIVED_PHYSICS_IMO_GHG2020_SEED42
V087,tanker,28073,14.5,83.5,518,HFO,2.11,R009,JNPA,New_Mangalore,127.0797,35.72,66.0814,18.8763,coastal,DERIVED_PHYSICS_IMO_GHG2020_SEED42
V061,container_ship,33687,19.2,83.1,521,Methanol,1.98,R060,Kandla,Mormugao,487.8001,27.14,170.73,28.1509,coastal,DERIVED_PHYSICS_IMO_GHG2020_SEED42
V094,tanker,68263,13.8,74.5,1181,LNG,0.71,R016,Chennai,Mumbai,275.3954,85.58,151.4675,42.6863,sea_passage,DERIVED_PHYSICS_IMO_GHG2020_SEED42
V099,tanker,55620,13.3,62.3,788,MGO,3.38,R052,Port_Blair,Chennai,223.3044,59.25,151.847,35.7566,sea_passage,DERIVED_PHYSICS_IMO_GHG2020_SEED42
V050,container_ship,17470,19.8,86.8,345,MGO,1.99,R028,New_Mangalore,Kochi,109.4605,17.42,74.4331,17.5274,sea_passage,DERIVED_PHYSICS_IMO_GHG2020_SEED42
V068,container_ship,37761,17.7,60.2,189,MGO,2.23,R025,Kochi,Tuticorin,66.4408,10.68,45.1798,10.6388,sea_passage,DERIVED_PHYSICS_IMO_GHG2020_SEED42
V012,bulk_carrier,58490,11.7,84.4,788,HFO,2.97,R052,Port_Blair,Chennai,194.1897,67.35,100.9786,28.8447,sea_passage,DERIVED_PHYSICS_IMO_GHG2020_SEED42
V084,tanker,23117,14.3,88.6,313,LNG,2.08,R039,Visakhapatnam,Paradip,48.6474,21.89,26.7561,7.5403,coastal,DERIVED_PHYSICS_IMO_GHG2020_SEED42
V029,bulk_carrier,30900,13.9,58.9,189,MGO,2.1,R025,Kochi,Tuticorin,34.6,13.6,23.528,5.5403,coastal,DERIVED_PHYSICS_IMO_GHG2020_SEED42
V067,container_ship,23507,22.5,64.1,422,MGO,2.04,R054,Mormugao,Kochi,179.2588,18.76,121.896,28.7038,sea_passage,DERIVED_PHYSICS_IMO_GHG2020_SEED42
V076,tanker,28632,13.7,97.1,505,HFO,1.1,R020,New_Mangalore,Mumbai,103.5339,36.86,53.8376,15.3788,sea_passage,DERIVED_PHYSICS_IMO_GHG2020_SEED42
V067,container_ship,23507,17.7,60.2,757,HFO,0.87,R050,Port_Blair,Tuticorin,169.2459,42.77,88.0078,25.1396,river_mouth,DERIVED_PHYSICS_IMO_GHG2020_SEED42
V002,bulk_carrier,29708,16.0,51.3,276,MGO,1.18,R048,Mumbai,Kandla,59.8854,17.25,40.7221,9.5892,river_mouth,DERIVED_PHYSICS_IMO_GHG2020_SEED42
V146,ferry,1735,11.5,81.0,700,MGO,2.08,R036,Paradip,Chennai,15.0382,60.87,10.226,2.408,sea_passage,DERIVED_PHYSICS_IMO_GHG2020_SEED42
V058,container_ship,36763,17.5,51.0,788,HFO,0.56,R052,Port_Blair,Chennai,221.8643,45.03,115.3694,32.9555,river_mouth,DERIVED_PHYSICS_IMO_GHG2020_SEED42
V102,tanker,47959,14.6,66.1,349,LNG,2.6,R021,Mumbai,Mormugao,101.699,23.9,55.9345,15.7633,sea_passage,DERIVED_PHYSICS_IMO_GHG2020_SEED42
V095,tanker,37289,16.7,81.9,521,MGO,2.7,R060,Kandla,Mormugao,188.5684,31.2,128.2265,30.1945,sea_passage,DERIVED_PHYSICS_IMO_GHG2020_SEED42
V075,tanker,55666,14.1,95.2,183,HFO,1.57,R026,Tuticorin,Kochi,64.9077,12.98,33.752,9.6413,coastal,DERIVED_PHYSICS_IMO_GHG2020_SEED42
V035,bulk_carrier,56365,13.0,54.1,217,MGO,0.81,R043,Paradip,Kolkata_SMPK,44.2849,16.69,30.1137,7.0911,sea_passage,DERIVED_PHYSICS_IMO_GHG2020_SEED42
V139,passenger,2268,14.2,84.5,22,Hydrogen,2.34,R002,Mumbai,JNPA,0.3077,1.55,0.9847,0.0222,sea_passage,DERIVED_PHYSICS_IMO_GHG2020_SEED42
V147,ferry,2604,13.0,81.3,692,Shore_Power,2.13,R035,Chennai,Paradip,290.4121,53.23,34.8494,0.8573,coastal,DERIVED_PHYSICS_IMO_GHG2020_SEED42
V013,bulk_carrier,60013,12.0,71.8,538,HFO,1.1,R023,Kochi,Chennai,127.9115,44.83,66.514,18.9998,sea_passage,DERIVED_PHYSICS_IMO_GHG2020_SEED42
V049,container_ship,19734,24.2,94.2,277,HFO,1.45,R018,Kandla,Mumbai,138.0231,11.45,71.772,20.5018,sea_passage,DERIVED_PHYSICS_IMO_GHG2020_SEED42
V127,general_cargo,7328,13.7,51.6,183,MGO,1.94,R026,Tuticorin,Kochi,12.1114,13.36,8.2357,1.9393,sea_passage,DERIVED_PHYSICS_IMO_GHG2020_SEED42
V003,bulk_carrier,64303,11.0,54.1,1181,LNG,2.91,R016,Chennai,Mumbai,206.4446,107.36,113.5445,31.9989,sea_passage,DERIVED_PHYSICS_IMO_GHG2020_SEED42
V106,general_cargo,10004,16.2,74.7,411,HFO,3.24,R058,Visakhapatnam,Kamarajar,56.2495,25.37,29.2497,8.3552,coastal,DERIVED_PHYSICS_IMO_GHG2020_SEED42
V106,general_cargo,10004,12.2,85.4,18,MGO,0.58,R033,Chennai,Kamarajar,1.3473,1.48,0.9161,0.2157,river_mouth,DERIVED_PHYSICS_IMO_GHG2020_SEED42
V056,container_ship,38751,15.2,79.9,1196,MGO,1.18,R006,Chennai,JNPA,307.6801,78.68,209.2225,49.2673,sea_passage,DERIVED_PHYSICS_IMO_GHG2020_SEED42
V015,bulk_carrier,31987,11.3,57.4,290,MGO,3.24,R046,JNPA,Kandla,37.7847,25.66,25.6936,6.0503,sea_passage,DERIVED_PHYSICS_IMO_GHG2020_SEED42
V126,general_cargo,16177,10.9,51.0,419,HFO,1.46,R053,Kochi,Mormugao,31.0524,38.44,16.1473,4.6125,sea_passage,DERIVED_PHYSICS_IMO_GHG2020_SEED42
V002,bulk_carrier,29708,14.9,83.8,1190,HFO,0.75,R005,JNPA,Chennai,254.2574,79.87,132.2138,37.7671,sea_passage,DERIVED_PHYSICS_IMO_GHG2020_SEED42
V029,bulk_carrier,30900,14.1,62.3,495,LNG,2.89,R042,Kolkata_SMPK,Visakhapatnam,89.4287,35.11,49.1858,13.8614,sea_passage,DERIVED_PHYSICS_IMO_GHG2020_SEED42
V014,bulk_carrier,44373,9.8,82.7,521,MGO,1.64,R060,Kandla,Mormugao,61.8198,53.16,42.0375,9.8989,sea_passage,DERIVED_PHYSICS_IMO_GHG2020_SEED42
V105,tanker,59471,11.0,84.1,422,HFO,0.68,R054,Mormugao,Kochi,78.229,38.36,40.6791,11.6201,coastal,DERIVED_PHYSICS_IMO_GHG2020_SEED42
V088,tanker,47767,10.5,61.2,345,MGO,2.94,R028,New_Mangalore,Kochi,53.3384,32.86,36.2701,8.5408,coastal,DERIVED_PHYSICS_IMO_GHG2020_SEED42
V075,tanker,55666,12.0,88.7,542,HFO,0.74,R024,Chennai,Kochi,126.0667,45.17,65.5547,18.7258,sea_passage,DERIVED_PHYSICS_IMO_GHG2020_SEED42
V119,general_cargo,18455,12.3,81.9,189,HFO,1.88,R025,Kochi,Tuticorin,23.0181,15.37,11.9694,3.4191,sea_passage,DERIVED_PHYSICS_IMO_GHG2020_SEED42
V055,container_ship,17711,20.9,76.5,422,LNG,0.92,R054,Mormugao,Kochi,107.1853,20.19,58.9519,16.6137,sea_passage,DERIVED_PHYSICS_IMO_GHG2020_SEED42
V142,passenger,4149,18.0,97.2,507,Hydrogen,1.92,R019,Mumbai,New_Mangalore,16.8642,28.17,53.9655,1.2142,river_mouth,DERIVED_PHYSICS_IMO_GHG2020_SEED42
V065,container_ship,18598,24.1,84.7,297,HFO,2.33,R007,JNPA,Kandla,164.3226,12.32,85.4477,24.4083,sea_passage,DERIVED_PHYSICS_IMO_GHG2020_SEED42
V027,bulk_carrier,59816,11.8,50.5,518,MGO,0.53,R009,JNPA,New_Mangalore,89.6124,43.9,60.9364,14.3492,coastal,DERIVED_PHYSICS_IMO_GHG2020_SEED42
V091,tanker,39649,13.9,97.5,370,HFO,2.68,R029,Chennai,Tuticorin,107.1929,26.62,55.7403,15.9223,coastal,DERIVED_PHYSICS_IMO_GHG2020_SEED42
V017,bulk_carrier,47945,11.1,68.0,491,HFO,3.34,R041,Visakhapatnam,Kolkata_SMPK,102.488,44.23,53.2937,15.2235,coastal,DERIVED_PHYSICS_IMO_GHG2020_SEED42
V088,tanker,47767,11.3,66.1,1190,LNG,2.36,R005,JNPA,Chennai,178.919,105.31,98.4054,27.7324,sea_passage,DERIVED_PHYSICS_IMO_GHG2020_SEED42
V090,tanker,33954,14.3,80.5,870,LNG,1.25,R004,Kochi,JNPA,153.9078,60.84,84.6493,23.8557,sea_passage,DERIVED_PHYSICS_IMO_GHG2020_SEED42
V052,container_ship,35698,17.0,93.2,359,Methanol,1.89,R012,Mormugao,JNPA,259.3742,21.12,90.781,14.9685,sea_passage,DERIVED_PHYSICS_IMO_GHG2020_SEED42
V122,general_cargo,14088,11.7,72.9,277,MGO,3.02,R018,Kandla,Mumbai,24.519,23.68,16.673,3.9261,sea_passage,DERIVED_PHYSICS_IMO_GHG2020_SEED42
V114,general_cargo,17380,13.2,91.0,297,MGO,1.66,R007,JNPA,Kandla,36.183,22.5,24.6045,5.7938,river_mouth,DERIVED_PHYSICS_IMO_GHG2020_SEED42
V110,general_cargo,16704,11.7,68.0,396,MGO,2.73,R031,Chennai,Visakhapatnam,39.0542,33.85,26.5568,6.2536,coastal,DERIVED_PHYSICS_IMO_GHG2020_SEED42
V042,bulk_carrier,48674,12.6,98.3,277,MGO,3.49,R018,Kandla,Mumbai,79.7724,21.98,54.2452,12.7736,coastal,DERIVED_PHYSICS_IMO_GHG2020_SEED42
V064,container_ship,26077,17.0,98.3,757,HFO,3.27,R050,Port_Blair,Tuticorin,274.2951,44.53,142.6335,40.7435,sea_passage,DERIVED_PHYSICS_IMO_GHG2020_SEED42
V026,bulk_carrier,33063,12.7,85.0,169,MGO,1.59,R055,New_Mangalore,Mormugao,29.002,13.31,19.7213,4.6439,sea_passage,DERIVED_PHYSICS_IMO_GHG2020_SEED42
V010,bulk_carrier,41291,9.6,97.9,850,HFO,1.23,R014,Kochi,Mumbai,107.7416,88.54,56.0257,16.0038,sea_passage,DERIVED_PHYSICS_IMO_GHG2020_SEED42
V032,bulk_carrier,70130,13.8,54.8,348,MGO,0.79,R027,Kochi,New_Mangalore,92.0601,25.22,62.6009,14.7411,sea_passage,DERIVED_PHYSICS_IMO_GHG2020_SEED42
V036,bulk_carrier,45790,11.7,52.9,286,LNG,2.06,R045,Kandla,JNPA,41.933,24.44,23.0632,6.4996,sea_passage,DERIVED_PHYSICS_IMO_GHG2020_SEED42
V125,general_cargo,5602,9.6,61.0,396,HFO,0.51,R031,Chennai,Visakhapatnam,12.2221,41.25,6.3555,1.8155,river_mouth,DERIVED_PHYSICS_IMO_GHG2020_SEED42
V041,bulk_carrier,49332,11.2,65.4,311,MGO,0.71,R040,Paradip,Visakhapatnam,48.2367,27.77,32.801,7.7239,river_mouth,DERIVED_PHYSICS_IMO_GHG2020_SEED42
V114,general_cargo,17380,12.1,90.7,282,MGO,1.59,R017,Mumbai,Kandla,28.0791,23.31,19.0938,4.4962,coastal,DERIVED_PHYSICS_IMO_GHG2020_SEED42
V096,tanker,71643,9.5,74.4,277,LNG,1.15,R018,Kandla,Mumbai,32.9538,29.16,18.1246,5.1078,coastal,DERIVED_PHYSICS_IMO_GHG2020_SEED42
V047,container_ship,41892,17.0,99.4,189,HFO,1.84,R025,Kochi,Tuticorin,71.4314,11.12,37.1443,10.6103,sea_passage,DERIVED_PHYSICS_IMO_GHG2020_SEED42
V056,container_ship,38751,16.9,62.0,189,HFO,1.1,R025,Kochi,Tuticorin,63.6635,11.18,33.105,9.4565,river_mouth,DERIVED_PHYSICS_IMO_GHG2020_SEED42
V079,tanker,55468,13.1,99.7,856,LNG,0.86,R038,Kolkata_SMPK,Chennai,180.8115,65.34,99.4463,28.0258,sea_passage,DERIVED_PHYSICS_IMO_GHG2020_SEED42
V107,general_cargo,9058,9.6,59.0,22,HFO,2.29,R002,Mumbai,JNPA,0.9849,2.29,0.5121,0.1463,sea_passage,DERIVED_PHYSICS_IMO_GHG2020_SEED42
V072,tanker,45552,14.1,82.2,297,MGO,2.87,R007,JNPA,Kandla,91.5162,21.06,62.231,14.654,sea_passage,DERIVED_PHYSICS_IMO_GHG2020_SEED42
V054,container_ship,21825,17.0,91.9,276,MGO,0.73,R047,Kandla,Mumbai,61.3006,16.24,41.6844,9.8158,coastal,DERIVED_PHYSICS_IMO_GHG2020_SEED42
V131,ro_ro,4651,15.5,80.2,521,MGO,1.7,R060,Kandla,Mormugao,32.8188,33.61,22.3168,5.2551,sea_passage,DERIVED_PHYSICS_IMO_GHG2020_SEED42
V094,tanker,68263,11.9,94.1,788,HFO,0.42,R052,Port_Blair,Chennai,221.0928,66.22,114.9683,32.8409,sea_passage,DERIVED_PHYSICS_IMO_GHG2020_SEED42
V052,container_ship,35698,20.5,62.5,311,Methanol,2.39,R040,Paradip,Visakhapatnam,309.1993,15.17,108.2198,17.8439,sea_passage,DERIVED_PHYSICS_IMO_GHG2020_SEED42
V066,container_ship,31457,14.0,87.2,290,MGO,2.61,R008,Kandla,JNPA,65.0777,20.71,44.2528,10.4206,coastal,DERIVED_PHYSICS_IMO_GHG2020_SEED42
V102,tanker,47959,11.2,82.9,311,HFO,2.52,R040,Paradip,Visakhapatnam,64.6115,27.77,33.598,9.5973,sea_passage,DERIVED_PHYSICS_IMO_GHG2020_SEED42
V018,bulk_carrier,58420,12.2,83.0,297,HFO,1.02,R007,JNPA,Kandla,71.0427,24.34,36.9422,10.5526,sea_passage,DERIVED_PHYSICS_IMO_GHG2020_SEED42
V011,bulk_carrier,34473,10.4,60.8,521,MGO,3.19,R060,Kandla,Mormugao,60.4532,50.1,41.1082,9.6801,sea_passage,DERIVED_PHYSICS_IMO_GHG2020_SEED42
V080,tanker,50271,11.8,52.2,870,HFO,0.91,R004,Kochi,JNPA,138.4342,73.73,71.9858,20.5629,sea_passage,DERIVED_PHYSICS_IMO_GHG2020_SEED42
V017,bulk_carrier,47945,10.3,70.2,422,HFO,0.46,R054,Mormugao,Kochi,61.9993,40.97,32.2396,9.2093,sea_passage,DERIVED_PHYSICS_IMO_GHG2020_SEED42
V034,bulk_carrier,62925,14.2,61.2,176,HFO,3.08,R056,Mormugao,New_Mangalore,69.2868,12.39,36.0291,10.2918,sea_passage,DERIVED_PHYSICS_IMO_GHG2020_SEED42
V083,tanker,42416,14.6,65.5,217,HFO,1.52,R043,Paradip,Kolkata_SMPK,58.3383,14.86,30.3359,8.6655,sea_passage,DERIVED_PHYSICS_IMO_GHG2020_SEED42
V126,general_cargo,16177,15.1,58.7,229,HFO,0.39,R044,Kolkata_SMPK,Paradip,30.8865,15.17,16.061,4.5879,sea_passage,DERIVED_PHYSICS_IMO_GHG2020_SEED42
V145,passenger,3081,25.7,95.6,859,MGO,2.01,R013,Mumbai,Kochi,125.0974,33.42,85.0663,20.0312,sea_passage,DERIVED_PHYSICS_IMO_GHG2020_SEED42
V106,general_cargo,10004,11.2,95.5,692,MGO,1.89,R035,Chennai,Paradip,48.8587,61.79,33.2239,7.8235,sea_passage,DERIVED_PHYSICS_IMO_GHG2020_SEED42
V076,tanker,28632,13.0,85.5,358,HFO,2.57,R011,JNPA,Mormugao,75.5166,27.54,39.2686,11.2172,sea_passage,DERIVED_PHYSICS_IMO_GHG2020_SEED42
V035,bulk_carrier,56365,10.9,73.6,348,LNG,3.02,R027,Kochi,New_Mangalore,65.43,31.93,35.9865,10.1416,sea_passage,DERIVED_PHYSICS_IMO_GHG2020_SEED42
V040,bulk_carrier,49115,11.5,82.0,370,LNG,0.97,R029,Chennai,Tuticorin,56.414,32.17,31.0277,8.7442,coastal,DERIVED_PHYSICS_IMO_GHG2020_SEED42
V015,bulk_carrier,31987,10.7,68.9,189,HFO,0.42,R025,Kochi,Tuticorin,20.9848,17.66,10.9121,3.1171,sea_passage,DERIVED_PHYSICS_IMO_GHG2020_SEED42
V131,ro_ro,4651,16.5,55.3,359,MGO,0.6,R012,Mormugao,JNPA,24.532,21.76,16.6818,3.9282,sea_passage,DERIVED_PHYSICS_IMO_GHG2020_SEED42
V150,ferry,884,16.6,75.0,850,LNG,0.79,R014,Kochi,Mumbai,17.5393,51.2,9.6466,2.7186,sea_passage,DERIVED_PHYSICS_IMO_GHG2020_SEED42
V150,ferry,884,13.5,71.2,797,LNG,0.3,R051,Chennai,Port_Blair,10.2379,59.04,5.6308,1.5869,sea_passage,DERIVED_PHYSICS_IMO_GHG2020_SEED42
V052,container_ship,35698,23.6,52.2,788,Methanol,2.93,R052,Port_Blair,Chennai,1124.5578,33.39,393.5952,64.8982,sea_passage,DERIVED_PHYSICS_IMO_GHG2020_SEED42
V123,general_cargo,17741,10.1,91.4,521,MGO,3.06,R060,Kandla,Mormugao,46.5133,51.58,31.629,7.4479,sea_passage,DERIVED_PHYSICS_IMO_GHG2020_SEED42
V082,tanker,54273,11.5,56.1,870,HFO,2.37,R004,Kochi,JNPA,184.6545,75.65,96.0203,27.4284,sea_passage,DERIVED_PHYSICS_IMO_GHG2020_SEED42
V005,bulk_carrier,47170,12.4,88.7,183,MGO,0.43,R026,Tuticorin,Kochi,35.4283,14.76,24.0912,5.673,sea_passage,DERIVED_PHYSICS_IMO_GHG2020_SEED42
V105,tanker,59471,12.9,50.5,419,LNG,3.17,R053,Kochi,Mormugao,95.4267,32.48,52.4847,14.7911,coastal,DERIVED_PHYSICS_IMO_GHG2020_SEED42
V149,ferry,536,20.2,84.6,422,Hydrogen,3.25,R054,Mormugao,Kochi,5.317,20.89,17.0143,0.3828,sea_passage,DERIVED_PHYSICS_IMO_GHG2020_SEED42
V009,bulk_carrier,32714,14.0,75.1,290,MGO,2.22,R046,JNPA,Kandla,66.8078,20.71,45.4293,10.6976,sea_passage,DERIVED_PHYSICS_IMO_GHG2020_SEED42
V025,bulk_carrier,26135,10.1,92.9,229,LNG,0.64,R044,Kolkata_SMPK,Paradip,17.5487,22.67,9.6518,2.7201,coastal,DERIVED_PHYSICS_IMO_GHG2020_SEED42
V136,ro_ro,4206,14.0,66.3,349,LNG,1.28,R021,Mumbai,Mormugao,13.3078,24.93,7.3193,2.0627,sea_passage,DERIVED_PHYSICS_IMO_GHG2020_SEED42
V125,general_cargo,5602,13.0,60.2,359,HFO,2.01,R012,Mormugao,JNPA,21.318,27.62,11.0854,3.1666,sea_passage,DERIVED_PHYSICS_IMO_GHG2020_SEED42
V076,tanker,28632,12.2,98.6,856,HFO,2.43,R038,Kolkata_SMPK,Chennai,148.7552,70.16,77.3527,22.0959,coastal,DERIVED_PHYSICS_IMO_GHG2020_SEED42
V020,bulk_carrier,40197,8.8,84.0,290,MGO,1.9,R046,JNPA,Kandla,29.3691,32.95,19.971,4.7027,coastal,DERIVED_PHYSICS_IMO_GHG2020_SEED42
V046,container_ship,34898,17.7,64.2,521,LNG,1.17,R060,Kandla,Mormugao,138.4718,29.44,76.1595,21.4631,coastal,DERIVED_PHYSICS_IMO_GHG2020_SEED42
V105,tanker,59471,11.5,89.3,1196,MGO,2.13,R006,Chennai,JNPA,268.962,104.0,182.8941,43.0675,sea_passage,DERIVED_PHYSICS_IMO_GHG2020_SEED42
V122,general_cargo,14088,15.0,62.1,290,MGO,2.32,R046,JNPA,Kandla,40.3625,19.33,27.4465,6.463,sea_passage,DERIVED_PHYSICS_IMO_GHG2020_SEED42
V141,passenger,3808,24.1,74.3,297,LNG,2.48,R007,JNPA,Kandla,38.6517,12.32,21.2584,5.991,coastal,DERIVED_PHYSICS_IMO_GHG2020_SEED42
V135,ro_ro,7575,13.7,72.3,290,LNG,1.37,R046,JNPA,Kandla,19.751,21.17,10.8631,3.0614,sea_passage,DERIVED_PHYSICS_IMO_GHG2020_SEED42
V108,general_cargo,7216,16.4,50.8,18,MGO,0.33,R033,Chennai,Kamarajar,1.4057,1.1,0.9559,0.2251,sea_passage,DERIVED_PHYSICS_IMO_GHG2020_SEED42
V041,bulk_carrier,49332,10.7,76.7,217,HFO,2.61,R043,Paradip,Kolkata_SMPK,43.8258,20.28,22.7894,6.5098,river_mouth,DERIVED_PHYSICS_IMO_GHG2020_SEED42
V080,tanker,50271,15.3,55.5,217,MGO,2.57,R043,Paradip,Kolkata_SMPK,65.767,14.18,44.7215,10.5309,sea_passage,DERIVED_PHYSICS_IMO_GHG2020_SEED42
V123,general_cargo,17741,9.1,64.1,859,HFO,0.34,R013,Mumbai,Kochi,49.1905,94.4,25.579,7.3067,sea_passage,DERIVED_PHYSICS_IMO_GHG2020_SEED42
V145,passenger,3081,26.9,91.6,528,Hydrogen,2.91,R010,New_Mangalore,JNPA,38.5563,19.63,123.38,2.7761,sea_passage,DERIVED_PHYSICS_IMO_GHG2020_SEED42
V041,bulk_carrier,49332,11.2,67.3,396,MGO,1.48,R031,Chennai,Visakhapatnam,64.6536,35.36,43.9644,10.3527,sea_passage,DERIVED_PHYSICS_IMO_GHG2020_SEED42
V078,tanker,23323,11.1,58.3,277,LNG,1.49,R018,Kandla,Mumbai,22.8843,24.95,12.5864,3.5471,coastal,DERIVED_PHYSICS_IMO_GHG2020_SEED42
V034,bulk_carrier,62925,14.1,60.1,176,MGO,0.42,R056,Mormugao,New_Mangalore,49.9131,12.48,33.9409,7.9923,sea_passage,DERIVED_PHYSICS_IMO_GHG2020_SEED42
V075,tanker,55666,14.2,59.1,396,MGO,1.32,R031,Chennai,Visakhapatnam,98.5685,27.89,67.0266,15.7833,sea_passage,DERIVED_PHYSICS_IMO_GHG2020_SEED42
V059,container_ship,13324,11.5,58.1,521,MGO,3.29,R060,Kandla,Mormugao,47.8979,45.3,32.5706,7.6697,sea_passage,DERIVED_PHYSICS_IMO_GHG2020_SEED42
V146,ferry,1735,11.8,86.3,700,Hydrogen,0.84,R036,Paradip,Chennai,5.0997,59.32,16.3192,0.3672,sea_passage,DERIVED_PHYSICS_IMO_GHG2020_SEED42
V020,bulk_carrier,40197,12.7,60.7,422,LNG,0.71,R054,Mormugao,Kochi,60.5006,33.23,33.2753,9.3776,sea_passage,DERIVED_PHYSICS_IMO_GHG2020_SEED42
V070,container_ship,16607,18.7,78.8,507,Methanol,2.7,R019,Mumbai,New_Mangalore,265.9955,27.11,93.0984,15.3506,sea_passage,DERIVED_PHYSICS_IMO_GHG2020_SEED42
V021,bulk_carrier,35729,14.3,97.1,348,LNG,3.17,R027,Kochi,New_Mangalore,78.9653,24.34,43.4309,12.2396,sea_passage,DERIVED_PHYSICS_IMO_GHG2020_SEED42
V015,bulk_carrier,31987,9.0,75.0,406,HFO,2.3,R032,Visakhapatnam,Chennai,37.0441,45.11,19.2629,5.5025,sea_passage,DERIVED_PHYSICS_IMO_GHG2020_SEED42
V112,general_cargo,17758,12.5,81.8,345,MGO,1.67,R028,New_Mangalore,Kochi,39.3895,27.6,26.7848,6.3072,coastal,DERIVED_PHYSICS_IMO_GHG2020_SEED42
V148,ferry,932,11.7,84.5,282,LNG,1.62,R017,Mumbai,Kandla,3.0989,24.1,1.7044,0.4803,sea_passage,DERIVED_PHYSICS_IMO_GHG2020_SEED42
V012,bulk_carrier,58490,9.7,69.4,495,HFO,2.66,R042,Kolkata_SMPK,Visakhapatnam,76.927,51.03,40.002,11.4267,coastal,DERIVED_PHYSICS_IMO_GHG2020_SEED42
V052,container_ship,35698,22.7,53.5,297,HFO,2.13,R007,JNPA,Kandla,168.9962,13.08,87.878,25.1025,sea_passage,DERIVED_PHYSICS_IMO_GHG2020_SEED42
V096,tanker,71643,14.0,61.0,290,MGO,0.64,R046,JNPA,Kandla,85.8994,20.71,58.4116,13.7546,river_mouth,DERIVED_PHYSICS_IMO_GHG2020_SEED42
V045,container_ship,12017,21.0,58.5,853,MGO,2.69,R037,Chennai,Kolkata_SMPK,215.0921,40.62,146.2627,34.4416,sea_passage,DERIVED_PHYSICS_IMO_GHG2020_SEED42
V052,container_ship,35698,22.0,85.7,370,MGO,1.95,R029,Chennai,Tuticorin,201.5819,16.82,137.0757,32.2783,sea_passage,DERIVED_PHYSICS_IMO_GHG2020_SEED42
V015,bulk_carrier,31987,11.9,90.5,359,HFO,2.53,R012,Mormugao,JNPA,65.8114,30.17,34.2219,9.7756,sea_passage,DERIVED_PHYSICS_IMO_GHG2020_SEED42
V002,bulk_carrier,29708,13.9,83.4,24,LNG,0.63,R001,JNPA,Mumbai,3.7369,1.73,2.0553,0.5792,sea_passage,DERIVED_PHYSICS_IMO_GHG2020_SEED42
V088,tanker,47767,13.5,51.8,538,HFO,3.41,R023,Kochi,Chennai,153.794,39.85,79.9729,22.8444,sea_passage,DERIVED_PHYSICS_IMO_GHG2020_SEED42
V037,bulk_carrier,41493,13.1,88.6,276,LNG,3.3,R047,Kandla,Mumbai,59.2984,21.07,32.6141,9.1913,sea_passage,DERIVED_PHYSICS_IMO_GHG2020_SEED42
V110,general_cargo,16704,11.3,97.4,1181,HFO,3.05,R016,Chennai,Mumbai,126.6928,104.51,65.8803,18.8188,sea_passage,DERIVED_PHYSICS_IMO_GHG2020_SEED42
V006,bulk_carrier,66381,11.7,66.3,1181,HFO,3.05,R016,Chennai,Mumbai,324.5636,100.94,168.7731,48.2104,sea_passage,DERIVED_PHYSICS_IMO_GHG2020_SEED42
V018,bulk_carrier,58420,12.4,72.5,757,MGO,1.3,R050,Port_Blair,Tuticorin,184.4378,61.05,125.4177,29.5331,sea_passage,DERIVED_PHYSICS_IMO_GHG2020_SEED42
V104,tanker,27184,9.9,56.3,411,LNG,0.82,R058,Visakhapatnam,Kamarajar,26.6891,41.52,14.679,4.1368,sea_passage,DERIVED_PHYSICS_IMO_GHG2020_SEED42
V052,container_ship,35698,17.2,69.2,18,HFO,3.11,R033,Chennai,Kamarajar,7.6569,1.05,3.9816,1.1373,sea_passage,DERIVED_PHYSICS_IMO_GHG2020_SEED42
V119,general_cargo,18455,12.0,77.8,495,MGO,0.97,R042,Kolkata_SMPK,Visakhapatnam,49.4454,41.25,33.6229,7.9174,sea_passage,DERIVED_PHYSICS_IMO_GHG2020_SEED42
V038,bulk_carrier,33529,11.2,50.4,518,LNG,2.94,R009,JNPA,New_Mangalore,56.9977,46.25,31.3488,8.8346,sea_passage,DERIVED_PHYSICS_IMO_GHG2020_SEED42
V045,container_ship,12017,18.9,96.0,797,MGO,0.33,R051,Chennai,Port_Blair,152.8014,42.17,103.905,24.4673,sea_passage,DERIVED_PHYSICS_IMO_GHG2020_SEED42
V061,container_ship,33687,17.9,94.9,297,LNG,0.44,R007,JNPA,Kandla,92.8161,16.59,51.0488,14.3865,sea_passage,DERIVED_PHYSICS_IMO_GHG2020_SEED42
V080,tanker,50271,13.5,74.4,528,LNG,2.83,R010,New_Mangalore,JNPA,134.1695,39.11,73.7932,20.7963,coastal,DERIVED_PHYSICS_IMO_GHG2020_SEED42
V009,bulk_carrier,32714,13.2,68.8,359,HFO,2.03,R012,Mormugao,JNPA,64.9199,27.2,33.7584,9.6431,river_mouth,DERIVED_PHYSICS_IMO_GHG2020_SEED42
V034,bulk_carrier,62925,15.2,91.3,22,HFO,3.16,R002,Mumbai,JNPA,10.912,1.45,5.6743,1.6209,sea_passage,DERIVED_PHYSICS_IMO_GHG2020_SEED42
V094,tanker,68263,15.3,59.5,345,LNG,1.0,R028,New_Mangalore,Kochi,100.5851,22.55,55.3218,15.5907,sea_passage,DERIVED_PHYSICS_IMO_GHG2020_SEED42
V034,bulk_carrier,62925,14.2,63.4,507,HFO,2.41,R019,Mumbai,New_Mangalore,161.5095,35.7,83.9849,23.9905,sea_passage,DERIVED_PHYSICS_IMO_GHG2020_SEED42
V034,bulk_carrier,62925,10.7,52.2,788,LNG,0.58,R052,Port_Blair,Chennai,108.631,73.64,59.7471,16.8378,sea_passage,DERIVED_PHYSICS_IMO_GHG2020_SEED42
V057,container_ship,30177,18.1,61.0,277,HFO,3.34,R018,Kandla,Mumbai,120.7425,15.3,62.7861,17.935,sea_passage,DERIVED_PHYSICS_IMO_GHG2020_SEED42
V044,container_ship,41157,12.0,96.0,189,HFO,0.62,R025,Kochi,Tuticorin,36.9278,15.75,19.2024,5.4852,sea_passage,DERIVED_PHYSICS_IMO_GHG2020_SEED42
V002,bulk_carrier,29708,15.6,82.6,761,MGO,2.76,R049,Tuticorin,Port_Blair,205.2424,48.78,139.5648,32.8644,sea_passage,DERIVED_PHYSICS_IMO_GHG2020_SEED42
V036,bulk_carrier,45790,11.0,75.6,276,MGO,0.96,R047,Kandla,Mumbai,41.0354,25.09,27.904,6.5708,sea_passage,DERIVED_PHYSICS_IMO_GHG2020_SEED42
V110,general_cargo,16704,9.8,70.9,18,MGO,0.31,R033,Chennai,Kamarajar,0.9774,1.84,0.6647,0.1565,coastal,DERIVED_PHYSICS_IMO_GHG2020_SEED42
V075,tanker,55666,12.8,50.0,364,HFO,0.49,R030,Tuticorin,Chennai,81.5545,28.44,42.4084,12.114,coastal,DERIVED_PHYSICS_IMO_GHG2020_SEED42
V036,bulk_carrier,45790,11.6,83.2,692,MGO,2.56,R035,Chennai,Paradip,140.3949,59.66,95.4685,22.4807,coastal,DERIVED_PHYSICS_IMO_GHG2020_SEED42
V034,bulk_carrier,62925,10.8,53.2,396,LNG,1.46,R031,Chennai,Visakhapatnam,57.2231,36.67,31.4727,8.8696,coastal,DERIVED_PHYSICS_IMO_GHG2020_SEED42
V039,bulk_carrier,42343,11.8,63.8,870,LNG,2.8,R004,Kochi,JNPA,144.1953,73.73,79.3074,22.3503,sea_passage,DERIVED_PHYSICS_IMO_GHG2020_SEED42
V017,bulk_carrier,47945,11.5,50.2,419,LNG,1.05,R053,Kochi,Mormugao,50.4823,36.43,27.7652,7.8247,sea_passage,DERIVED_PHYSICS_IMO_GHG2020_SEED42
V085,tanker,70614,16.2,52.4,359,MGO,1.54,R012,Mormugao,JNPA,151.5797,22.16,103.0742,24.2717,river_mouth,DERIVED_PHYSICS_IMO_GHG2020_SEED42
V119,general_cargo,18455,12.6,95.5,396,HFO,1.31,R031,Chennai,Visakhapatnam,46.9024,31.43,24.3892,6.9668,sea_passage,DERIVED_PHYSICS_IMO_GHG2020_SEED42
V047,container_ship,41892,18.0,70.5,521,Methanol,1.5,R060,Kandla,Mormugao,421.2674,28.94,147.4436,24.3113,coastal,DERIVED_PHYSICS_IMO_GHG2020_SEED42
V004,bulk_carrier,71338,10.6,62.2,700,HFO,1.26,R036,Paradip,Chennai,138.4769,66.04,72.008,20.5692,sea_passage,DERIVED_PHYSICS_IMO_GHG2020_SEED42
V008,bulk_carrier,34731,11.1,89.5,276,LNG,1.01,R048,Mumbai,Kandla,30.3933,24.86,16.7163,4.711,coastal,DERIVED_PHYSICS_IMO_GHG2020_SEED42
V123,general_cargo,17741,10.1,59.4,692,MGO,0.73,R035,Chennai,Paradip,45.5108,68.51,30.9473,7.2874,sea_passage,DERIVED_PHYSICS_IMO_GHG2020_SEED42
V127,general_cargo,7328,10.7,99.2,797,MGO,2.45,R051,Chennai,Port_Blair,38.1012,74.49,25.9088,6.101,sea_passage,DERIVED_PHYSICS_IMO_GHG2020_SEED42
V034,bulk_carrier,62925,11.5,59.3,359,LNG,3.15,R012,Mormugao,JNPA,71.1157,31.22,39.1136,11.0229,sea_passage,DERIVED_PHYSICS_IMO_GHG2020_SEED42
V047,container_ship,41892,13.2,65.3,876,Methanol,2.71,R003,JNPA,Kochi,414.2962,66.36,145.0037,23.909,sea_passage,DERIVED_PHYSICS_IMO_GHG2020_SEED42
V027,bulk_carrier,59816,12.9,87.0,419,LNG,1.66,R057,Kamarajar,Visakhapatnam,93.5295,32.48,51.4412,14.4971,river_mouth,DERIVED_PHYSICS_IMO_GHG2020_SEED42
V111,general_cargo,19799,11.7,78.6,1179,HFO,2.26,R015,Mumbai,Chennai,142.6704,100.77,74.1886,21.1921,coastal,DERIVED_PHYSICS_IMO_GHG2020_SEED42
V130,general_cargo,15643,11.1,56.2,24,HFO,2.55,R001,JNPA,Mumbai,2.0485,2.16,1.0652,0.3043,sea_passage,DERIVED_PHYSICS_IMO_GHG2020_SEED42
V023,bulk_carrier,58095,12.4,78.6,396,MGO,3.5,R031,Chennai,Visakhapatnam,124.5725,31.94,84.7093,19.9472,coastal,DERIVED_PHYSICS_IMO_GHG2020_SEED42
V116,general_cargo,6658,14.0,98.7,542,HFO,1.64,R024,Chennai,Kochi,48.3487,38.71,25.1413,7.1817,sea_passage,DERIVED_PHYSICS_IMO_GHG2020_SEED42
V047,container_ship,41892,13.9,79.0,700,MGO,1.0,R036,Paradip,Chennai,159.7279,50.36,108.615,25.5764,sea_passage,DERIVED_PHYSICS_IMO_GHG2020_SEED42
V125,general_cargo,5602,10.6,94.4,692,HFO,1.54,R035,Chennai,Paradip,27.5553,65.28,14.3287,4.093,sea_passage,DERIVED_PHYSICS_IMO_GHG2020_SEED42
V126,general_cargo,16177,10.2,59.4,358,HFO,3.28,R011,JNPA,Mormugao,33.1048,35.1,17.2145,4.9174,river_mouth,DERIVED_PHYSICS_IMO_GHG2020_SEED42
V050,container_ship,17470,22.3,88.6,297,HFO,3.42,R007,JNPA,Kandla,138.2457,13.32,71.8878,20.5349,river_mouth,DERIVED_PHYSICS_IMO_GHG2020_SEED42
V024,bulk_carrier,45319,12.8,91.9,521,HFO,2.04,R060,Kandla,Mormugao,133.988,40.7,69.6738,19.9024,sea_passage,DERIVED_PHYSICS_IMO_GHG2020_SEED42
V023,bulk_carrier,58095,11.3,74.6,189,HFO,2.09,R025,Kochi,Tuticorin,39.4824,16.73,20.5308,5.8647,sea_passage,DERIVED_PHYSICS_IMO_GHG2020_SEED42
V113,general_cargo,13823,13.8,74.3,217,MGO,2.41,R043,Paradip,Kolkata_SMPK,24.8181,15.72,16.8763,3.974,coastal,DERIVED_PHYSICS_IMO_GHG2020_SEED42
V131,ro_ro,4651,19.5,59.7,419,MGO,2.47,R057,Kamarajar,Visakhapatnam,42.4653,21.49,28.8764,6.7998,sea_passage,DERIVED_PHYSICS_IMO_GHG2020_SEED42
V015,bulk_carrier,31987,12.5,71.8,359,LNG,1.89,R012,Mormugao,JNPA,53.2997,28.72,29.3148,8.2615,sea_passage,DERIVED_PHYSICS_IMO_GHG2020_SEED42
V025,bulk_carrier,26135,9.2,62.2,22,LNG,2.62,R002,Mumbai,JNPA,1.5313,2.39,0.8422,0.2373,sea_passage,DERIVED_PHYSICS_IMO_GHG2020_SEED42
V098,tanker,28244,13.3,76.1,277,HFO,0.35,R018,Kandla,Mumbai,47.1454,20.83,24.5156,7.0029,sea_passage,DERIVED_PHYSICS_IMO_GHG2020_SEED42
V081,tanker,22608,13.5,88.2,495,LNG,1.29,R042,Kolkata_SMPK,Visakhapatnam,63.4057,36.67,34.8731,9.8279,sea_passage,DERIVED_PHYSICS_IMO_GHG2020_SEED42
V117,general_cargo,9258,11.5,59.7,507,HFO,2.49,R019,Mumbai,New_Mangalore,34.467,44.09,17.9229,5.1197,sea_passage,DERIVED_PHYSICS_IMO_GHG2020_SEED42
V073,tanker,47233,13.0,72.0,370,MGO,0.47,R029,Chennai,Tuticorin,76.5758,28.46,52.0716,12.2617,river_mouth,DERIVED_PHYSICS_IMO_GHG2020_SEED42
V047,container_ship,41892,17.5,96.4,189,LNG,0.79,R025,Kochi,Tuticorin,61.2242,10.8,33.6733,9.4898,sea_passage,DERIVED_PHYSICS_IMO_GHG2020_SEED42
V050,container_ship,17470,18.1,89.1,542,HFO,2.45,R024,Chennai,Kochi,144.3716,29.94,75.0732,21.4448,sea_passage,DERIVED_PHYSICS_IMO_GHG2020_SEED42
V035,bulk_carrier,56365,12.5,51.2,217,HFO,0.72,R043,Paradip,Kolkata_SMPK,45.44,17.36,23.6288,6.7496,sea_passage,DERIVED_PHYSICS_IMO_GHG2020_SEED42
V142,passenger,4149,20.3,54.2,176,LNG,0.36,R056,Mormugao,New_Mangalore,13.3336,8.67,7.3335,2.0667,sea_passage,DERIVED_PHYSICS_IMO_GHG2020_SEED42
V010,bulk_carrier,41291,10.3,71.2,276,LNG,1.14,R048,Mumbai,Kandla,30.345,26.8,16.6898,4.7035,sea_passage,DERIVED_PHYSICS_IMO_GHG2020_SEED42
V146,ferry,1735,14.5,71.3,276,LNG,2.25,R048,Mumbai,Kandla,7.6059,19.03,4.1832,1.1789,sea_passage,DERIVED_PHYSICS_IMO_GHG2020_SEED42
V131,ro_ro,4651,17.5,74.7,396,HFO,1.25,R031,Chennai,Visakhapatnam,36.1632,22.63,18.8049,5.3716,river_mouth,DERIVED_PHYSICS_IMO_GHG2020_SEED42
V063,container_ship,12578,19.8,65.2,183,LNG,1.52,R026,Tuticorin,Kochi,30.7662,9.24,16.9214,4.7688,sea_passage,DERIVED_PHYSICS_IMO_GHG2020_SEED42
V075,tanker,55666,12.1,51.8,542,LNG,3.01,R024,Chennai,Kochi,114.7822,44.79,63.1302,17.7912,sea_passage,DERIVED_PHYSICS_IMO_GHG2020_SEED42
V083,tanker,42416,13.1,94.8,286,LNG,2.83,R045,Kandla,JNPA,59.1634,21.83,32.5399,9.1703,sea_passage,DERIVED_PHYSICS_IMO_GHG2020_SEED42
V055,container_ship,17711,22.9,76.4,189,MGO,0.86,R025,Kochi,Tuticorin,63.279,8.25,43.0297,10.1325,sea_passage,DERIVED_PHYSICS_IMO_GHG2020_SEED42
V093,tanker,39701,14.1,50.8,419,LNG,2.56,R057,Kamarajar,Visakhapatnam,83.8993,29.72,46.1446,13.0044,coastal,DERIVED_PHYSICS_IMO_GHG2020_SEED42
V073,tanker,47233,11.7,60.0,1179,LNG,1.8,R015,Mumbai,Chennai,176.1387,100.77,96.8763,27.3015,sea_passage,DERIVED_PHYSICS_IMO_GHG2020_SEED42
V053,container_ship,27197,17.9,91.7,276,MGO,1.57,R048,Mumbai,Kandla,89.7593,15.42,61.0363,14.3727,sea_passage,DERIVED_PHYSICS_IMO_GHG2020_SEED42
V058,container_ship,36763,20.3,59.8,529,LNG,3.17,R059,Mormugao,Kandla,245.3061,26.06,134.9184,38.0224,sea_passage,DERIVED_PHYSICS_IMO_GHG2020_SEED42
V068,container_ship,37761,18.2,63.1,856,MGO,2.33,R038,Kolkata_SMPK,Chennai,331.7861,47.03,225.6145,53.1272,sea_passage,DERIVED_PHYSICS_IMO_GHG2020_SEED42
V040,bulk_carrier,49115,15.8,81.8,169,LNG,1.11,R055,New_Mangalore,Mormugao,45.066,10.7,24.7863,6.9852,river_mouth,DERIVED_PHYSICS_IMO_GHG2020_SEED42
V020,bulk_carrier,40197,12.3,93.4,491,MGO,1.4,R041,Visakhapatnam,Kolkata_SMPK,95.8395,39.92,65.1708,15.3463,sea_passage,DERIVED_PHYSICS_IMO_GHG2020_SEED42
V034,bulk_carrier,62925,14.5,68.3,348,MGO,0.47,R027,Kochi,New_Mangalore,101.489,24.0,69.0125,16.2509,sea_passage,DERIVED_PHYSICS_IMO_GHG2020_SEED42
V010,bulk_carrier,41291,13.0,79.2,359,LNG,0.57,R012,Mormugao,JNPA,58.3218,27.62,32.077,9.0399,coastal,DERIVED_PHYSICS_IMO_GHG2020_SEED42
V038,bulk_carrier,33529,14.0,89.1,183,LNG,0.82,R026,Tuticorin,Kochi,31.2407,13.07,17.1824,4.8423,river_mouth,DERIVED_PHYSICS_IMO_GHG2020_SEED42
V014,bulk_carrier,44373,9.5,82.7,700,MGO,2.2,R036,Paradip,Chennai,95.6951,73.68,65.0726,15.3232,river_mouth,DERIVED_PHYSICS_IMO_GHG2020_SEED42
V108,general_cargo,7216,15.1,51.0,359,HFO,1.84,R012,Mormugao,JNPA,30.0836,23.77,15.6434,4.4686,sea_passage,DERIVED_PHYSICS_IMO_GHG2020_SEED42
V077,tanker,37083,12.6,55.5,859,LNG,1.93,R013,Mumbai,Kochi,133.7187,68.17,73.5453,20.7264,sea_passage,DERIVED_PHYSICS_IMO_GHG2020_SEED42
V127,general_cargo,7328,12.2,85.9,183,MGO,0.8,R026,Tuticorin,Kochi,10.6189,15.0,7.2209,1.7004,sea_passage,DERIVED_PHYSICS_IMO_GHG2020_SEED42
V003,bulk_carrier,64303,11.0,97.8,538,HFO,3.26,R023,Kochi,Chennai,137.018,48.91,71.2494,20.3525,sea_passage,DERIVED_PHYSICS_IMO_GHG2020_SEED42
V006,bulk_carrier,66381,14.1,62.2,176,LNG,3.0,R056,Mormugao,New_Mangalore,50.9036,12.48,27.997,7.8901,sea_passage,DERIVED_PHYSICS_IMO_GHG2020_SEED42
V078,tanker,23323,12.1,96.2,876,HFO,0.99,R003,JNPA,Kochi,107.8593,72.4,56.0869,16.0213,sea_passage,DERIVED_PHYSICS_IMO_GHG2020_SEED42
V114,general_cargo,17380,12.8,96.0,348,MGO,1.56,R027,Kochi,New_Mangalore,44.1857,27.19,30.0463,7.0752,coastal,DERIVED_PHYSICS_IMO_GHG2020_SEED42
V105,tanker,59471,12.0,75.9,347,HFO,2.89,R022,Mormugao,Mumbai,95.9107,28.92,49.8735,14.2465,sea_passage,DERIVED_PHYSICS_IMO_GHG2020_SEED42
V091,tanker,39649,12.3,58.7,313,LNG,2.96,R039,Visakhapatnam,Paradip,54.212,25.45,29.8166,8.4029,river_mouth,DERIVED_PHYSICS_IMO_GHG2020_SEED42
V150,ferry,884,16.5,71.2,757,LNG,1.58,R050,Port_Blair,Tuticorin,16.8829,45.88,9.2856,2.6168,sea_passage,DERIVED_PHYSICS_IMO_GHG2020_SEED42
V051,container_ship,9661,18.9,71.1,1190,LNG,1.14,R005,JNPA,Chennai,154.092,62.96,84.7506,23.8843,coastal,DERIVED_PHYSICS_IMO_GHG2020_SEED42
V031,bulk_carrier,60844,12.1,73.5,1196,LNG,1.68,R006,Chennai,JNPA,230.1828,98.84,126.6005,35.6783,sea_passage,DERIVED_PHYSICS_IMO_GHG2020_SEED42
V136,ro_ro,4206,18.4,56.9,276,MGO,2.14,R048,Mumbai,Kandla,23.06,15.0,15.6808,3.6925,coastal,DERIVED_PHYSICS_IMO_GHG2020_SEED42
V060,container_ship,33073,14.4,90.1,349,MGO,1.76,R021,Mumbai,Mormugao,74.3798,24.24,50.5782,11.9101,sea_passage,DERIVED_PHYSICS_IMO_GHG2020_SEED42
V118,general_cargo,14985,10.6,94.9,419,MGO,2.64,R057,Kamarajar,Visakhapatnam,34.5172,39.53,23.4717,5.5271,coastal,DERIVED_PHYSICS_IMO_GHG2020_SEED42
V070,container_ship,16607,17.2,55.9,277,MGO,1.49,R018,Kandla,Mumbai,47.7585,16.1,32.4758,7.6473,river_mouth,DERIVED_PHYSICS_IMO_GHG2020_SEED42
V118,general_cargo,14985,14.1,60.2,313,MGO,0.92,R039,Visakhapatnam,Paradip,34.3703,22.2,23.3718,5.5035,sea_passage,DERIVED_PHYSICS_IMO_GHG2020_SEED42
V098,tanker,28244,14.0,65.1,529,MGO,2.47,R059,Mormugao,Kandla,95.4794,37.79,64.926,15.2886,coastal,DERIVED_PHYSICS_IMO_GHG2020_SEED42
V084,tanker,23117,14.5,72.0,505,MGO,3.2,R020,New_Mangalore,Mumbai,97.0485,34.83,65.993,15.5399,sea_passage,DERIVED_PHYSICS_IMO_GHG2020_SEED42
V099,tanker,55620,12.6,53.2,286,HFO,3.04,R045,Kandla,JNPA,82.9127,22.7,43.1146,12.3158,sea_passage,DERIVED_PHYSICS_IMO_GHG2020_SEED42
V055,container_ship,17711,18.9,99.5,700,LNG,2.33,R036,Paradip,Chennai,174.3358,37.04,95.8847,27.022,sea_passage,DERIVED_PHYSICS_IMO_GHG2020_SEED42
V057,container_ship,30177,23.3,77.4,358,LNG,1.29,R011,JNPA,Mormugao,165.1112,15.36,90.8111,25.5922,coastal,DERIVED_PHYSICS_IMO_GHG2020_SEED42
V111,general_cargo,19799,14.5,98.9,176,MGO,2.34,R056,Mormugao,New_Mangalore,33.5294,12.14,22.8,5.3689,sea_passage,DERIVED_PHYSICS_IMO_GHG2020_SEED42
V104,tanker,27184,10.7,61.6,18,MGO,2.62,R033,Chennai,Kamarajar,1.9515,1.68,1.327,0.3125,coastal,DERIVED_PHYSICS_IMO_GHG2020_SEED42
V076,tanker,28632,12.5,66.8,757,LNG,1.16,R050,Port_Blair,Tuticorin,87.3155,60.56,48.0235,13.5339,coastal,DERIVED_PHYSICS_IMO_GHG2020_SEED42
V110,general_cargo,16704,12.1,56.6,277,MGO,2.55,R018,Kandla,Mumbai,25.1324,22.89,17.09,4.0243,coastal,DERIVED_PHYSICS_IMO_GHG2020_SEED42
V044,container_ship,41157,13.3,81.2,521,MGO,1.24,R060,Kandla,Mormugao,107.3872,39.17,73.0233,17.1954,sea_passage,DERIVED_PHYSICS_IMO_GHG2020_SEED42
V020,bulk_carrier,40197,9.3,89.8,419,MGO,1.24,R053,Kochi,Mormugao,44.5332,45.05,30.2826,7.1309,river_mouth,DERIVED_PHYSICS_IMO_GHG2020_SEED42
V063,container_ship,12578,21.1,74.3,538,HFO,2.7,R023,Kochi,Chennai,163.6955,25.5,85.1217,24.3152,sea_passage,DERIVED_PHYSICS_IMO_GHG2020_SEED42
V047,container_ship,41892,17.6,90.7,229,LNG,3.01,R044,Kolkata_SMPK,Paradip,86.4608,13.01,47.5534,13.4014,sea_passage,DERIVED_PHYSICS_IMO_GHG2020_SEED42
V144,passenger,4545,26.9,93.7,859,LNG,1.84,R013,Mumbai,Kochi,151.6527,31.93,83.409,23.5062,coastal,DERIVED_PHYSICS_IMO_GHG2020_SEED42
V023,bulk_carrier,58095,10.3,61.2,521,MGO,2.78,R060,Kandla,Mormugao,86.6294,50.58,58.908,13.8715,sea_passage,DERIVED_PHYSICS_IMO_GHG2020_SEED42
V085,tanker,70614,15.1,93.9,1179,MGO,3.01,R015,Mumbai,Chennai,585.081,78.08,397.8551,93.6861,sea_passage,DERIVED_PHYSICS_IMO_GHG2020_SEED42
V150,ferry,884,17.6,59.1,1196,LNG,2.1,R006,Chennai,JNPA,30.6647,67.95,16.8656,4.753,sea_passage,DERIVED_PHYSICS_IMO_GHG2020_SEED42
V088,tanker,47767,13.4,83.9,22,HFO,2.96,R002,Mumbai,JNPA,6.8208,1.64,3.5468,1.0132,sea_passage,DERIVED_PHYSICS_IMO_GHG2020_SEED42
V005,bulk_carrier,47170,11.8,64.8,422,LNG,1.92,R054,Mormugao,Kochi,65.1576,35.76,35.8367,10.0994,sea_passage,DERIVED_PHYSICS_IMO_GHG2020_SEED42
V136,ro_ro,4206,15.9,58.7,1196,HFO,1.19,R006,Chennai,JNPA,75.1794,75.22,39.0933,11.1671,sea_passage,DERIVED_PHYSICS_IMO_GHG2020_SEED42
V114,general_cargo,17380,13.9,86.0,757,HFO,2.26,R050,Port_Blair,Tuticorin,119.3547,54.46,62.0644,17.7288,coastal,DERIVED_PHYSICS_IMO_GHG2020_SEED42
V029,bulk_carrier,30900,13.9,51.8,788,LNG,2.57,R052,Port_Blair,Chennai,141.6671,56.69,77.9169,21.9584,sea_passage,DERIVED_PHYSICS_IMO_GHG2020_SEED42
V107,general_cargo,9058,11.2,69.5,347,HFO,2.61,R022,Mormugao,Mumbai,22.1568,30.98,11.5215,3.2912,river_mouth,DERIVED_PHYSICS_IMO_GHG2020_SEED42
V070,container_ship,16607,19.7,51.4,229,MGO,2.92,R044,Kolkata_SMPK,Paradip,60.0365,11.62,40.8248,9.6133,sea_passage,DERIVED_PHYSICS_IMO_GHG2020_SEED42
V014,bulk_carrier,44373,13.1,71.2,1179,HFO,0.81,R015,Mumbai,Chennai,245.2953,90.0,127.5536,36.4359,sea_passage,DERIVED_PHYSICS_IMO_GHG2020_SEED42
V031,bulk_carrier,60844,12.9,58.9,406,MGO,2.36,R032,Visakhapatnam,Chennai,113.2733,31.47,77.0259,18.1379,coastal,DERIVED_PHYSICS_IMO_GHG2020_SEED42
V020,bulk_carrier,40197,12.4,95.0,370,LNG,0.89,R029,Chennai,Tuticorin,56.4302,29.84,31.0366,8.7467,sea_passage,DERIVED_PHYSICS_IMO_GHG2020_SEED42
V057,container_ship,30177,22.7,81.8,286,MGO,1.24,R045,Kandla,JNPA,135.9793,12.6,92.4659,21.7737,sea_passage,DERIVED_PHYSICS_IMO_GHG2020_SEED42
V125,general_cargo,5602,12.5,51.7,313,MGO,1.27,R039,Visakhapatnam,Paradip,14.1762,25.04,9.6398,2.27,sea_passage,DERIVED_PHYSICS_IMO_GHG2020_SEED42
V097,tanker,25705,12.0,66.8,859,LNG,3.13,R013,Mumbai,Kochi,100.6352,71.58,55.3493,15.5985,coastal,DERIVED_PHYSICS_IMO_GHG2020_SEED42
V001,bulk_carrier,63697,11.9,81.1,347,HFO,1.13,R022,Mormugao,Mumbai,89.2331,29.16,46.4012,13.2546,coastal,DERIVED_PHYSICS_IMO_GHG2020_SEED42
V034,bulk_carrier,62925,11.1,51.5,169,MGO,0.86,R055,New_Mangalore,Mormugao,29.0185,15.23,19.7326,4.6466,coastal,DERIVED_PHYSICS_IMO_GHG2020_SEED42
V122,general_cargo,14088,15.8,57.3,313,MGO,2.09,R039,Visakhapatnam,Paradip,47.5818,19.81,32.3556,7.619,sea_passage,DERIVED_PHYSICS_IMO_GHG2020_SEED42
V095,tanker,37289,16.4,93.4,797,MGO,0.63,R051,Chennai,Port_Blair,247.8717,48.6,168.5528,39.6905,sea_passage,DERIVED_PHYSICS_IMO_GHG2020_SEED42
V112,general_cargo,17758,11.6,64.7,406,MGO,1.03,R032,Visakhapatnam,Chennai,33.6735,35.0,22.898,5.392,sea_passage,DERIVED_PHYSICS_IMO_GHG2020_SEED42
V094,tanker,68263,13.7,65.1,870,MGO,2.55,R004,Kochi,JNPA,282.7469,63.5,192.2679,45.2748,sea_passage,DERIVED_PHYSICS_IMO_GHG2020_SEED42
V018,bulk_carrier,58420,13.3,63.3,757,MGO,1.44,R050,Port_Blair,Tuticorin,181.8865,56.92,123.6828,29.1246,sea_passage,DERIVED_PHYSICS_IMO_GHG2020_SEED42
V043,container_ship,27264,14.9,71.5,542,LNG,1.2,R024,Chennai,Kochi,90.9234,36.38,50.0079,14.0931,sea_passage,DERIVED_PHYSICS_IMO_GHG2020_SEED42
V111,general_cargo,19799,13.6,71.7,277,HFO,2.73,R018,Kandla,Mumbai,45.0328,20.37,23.4171,6.6891,sea_passage,DERIVED_PHYSICS_IMO_GHG2020_SEED42
V069,container_ship,8659,15.9,66.5,359,LNG,0.55,R012,Mormugao,JNPA,31.6242,22.58,17.3933,4.9017,coastal,DERIVED_PHYSICS_IMO_GHG2020_SEED42
V132,ro_ro,8727,18.5,88.8,518,LNG,2.33,R009,JNPA,New_Mangalore,67.195,28.0,36.9573,10.4152,coastal,DERIVED_PHYSICS_IMO_GHG2020_SEED42
V092,tanker,76931,12.9,95.3,419,HFO,2.56,R057,Kamarajar,Visakhapatnam,154.8861,32.48,80.5408,23.0066,coastal,DERIVED_PHYSICS_IMO_GHG2020_SEED42
V025,bulk_carrier,26135,10.6,71.0,538,MGO,2.24,R023,Kochi,Chennai,53.5271,50.75,36.3984,8.571,coastal,DERIVED_PHYSICS_IMO_GHG2020_SEED42
V033,bulk_carrier,40297,11.4,81.5,505,MGO,2.5,R020,New_Mangalore,Mumbai,92.1502,44.3,62.6621,14.7555,sea_passage,DERIVED_PHYSICS_IMO_GHG2020_SEED42
V125,general_cargo,5602,12.4,65.0,521,MGO,0.97,R060,Kandla,Mormugao,25.0168,42.02,17.0114,4.0058,sea_passage,DERIVED_PHYSICS_IMO_GHG2020_SEED42
V048,container_ship,21724,16.1,52.6,286,MGO,2.52,R045,Kandla,JNPA,55.9678,17.76,38.0581,8.9618,sea_passage,DERIVED_PHYSICS_IMO_GHG2020_SEED42
V047,container_ship,41892,17.6,63.1,876,Methanol,3.49,R003,JNPA,Kochi,867.5461,49.77,303.6411,50.0661,sea_passage,DERIVED_PHYSICS_IMO_GHG2020_SEED42
V145,passenger,3081,22.7,66.8,406,MGO,2.79,R032,Visakhapatnam,Chennai,46.2059,17.89,31.42,7.3987,coastal,DERIVED_PHYSICS_IMO_GHG2020_SEED42
V069,container_ship,8659,16.9,94.7,1196,Methanol,1.04,R006,Chennai,JNPA,318.2695,70.77,111.3943,18.3673,coastal,DERIVED_PHYSICS_IMO_GHG2020_SEED42
V146,ferry,1735,12.4,53.0,406,Shore_Power,1.23,R032,Visakhapatnam,Chennai,104.7665,32.74,12.572,0.3093,coastal,DERIVED_PHYSICS_IMO_GHG2020_SEED42
V089,tanker,35987,12.8,98.1,422,HFO,1.26,R054,Mormugao,Kochi,86.6072,32.97,45.0358,12.8646,sea_passage,DERIVED_PHYSICS_IMO_GHG2020_SEED42
V033,bulk_carrier,40297,10.5,58.1,169,MGO,1.3,R055,New_Mangalore,Mormugao,20.3537,16.1,13.8405,3.2591,sea_passage,DERIVED_PHYSICS_IMO_GHG2020_SEED42
V047,container_ship,41892,12.9,83.9,348,Methanol,0.38,R027,Kochi,New_Mangalore,150.1527,26.98,52.5534,8.6653,river_mouth,DERIVED_PHYSICS_IMO_GHG2020_SEED42
V058,container_ship,36763,22.6,79.8,491,HFO,2.4,R041,Visakhapatnam,Kolkata_SMPK,334.9409,21.73,174.1693,49.7518,river_mouth,DERIVED_PHYSICS_IMO_GHG2020_SEED42
V131,ro_ro,4651,18.6,80.9,419,HFO,2.87,R057,Kamarajar,Visakhapatnam,50.7288,22.53,26.379,7.5352,sea_passage,DERIVED_PHYSICS_IMO_GHG2020_SEED42
V035,bulk_carrier,56365,13.3,85.9,495,LNG,1.48,R042,Kolkata_SMPK,Visakhapatnam,111.2944,37.22,61.2119,17.2506,sea_passage,DERIVED_PHYSICS_IMO_GHG2020_SEED42
V001,bulk_carrier,63697,14.1,94.8,528,MGO,1.45,R010,New_Mangalore,JNPA,181.5264,37.45,123.4379,29.0669,coastal,DERIVED_PHYSICS_IMO_GHG2020_SEED42
V098,tanker,28244,16.0,75.3,349,MGO,1.54,R021,Mumbai,Mormugao,92.3005,21.81,62.7643,14.7796,sea_passage,DERIVED_PHYSICS_IMO_GHG2020_SEED42
V134,ro_ro,8843,20.1,96.5,529,HFO,1.82,R059,Mormugao,Kandla,106.3737,26.32,55.3143,15.8006,river_mouth,DERIVED_PHYSICS_IMO_GHG2020_SEED42
V062,container_ship,34470,22.7,98.0,528,Methanol,2.92,R010,New_Mangalore,JNPA,808.3762,23.26,282.9317,46.6514,sea_passage,DERIVED_PHYSICS_IMO_GHG2020_SEED42
V048,container_ship,21724,23.2,68.2,1181,HFO,2.72,R016,Chennai,Mumbai,604.2198,50.91,314.1943,89.7502,river_mouth,DERIVED_PHYSICS_IMO_GHG2020_SEED42
V061,container_ship,33687,21.3,77.8,22,MGO,1.87,R002,Mumbai,JNPA,11.5274,1.03,7.8386,1.8458,sea_passage,DERIVED_PHYSICS_IMO_GHG2020_SEED42
V048,container_ship,21724,23.4,84.5,24,Methanol,2.02,R001,JNPA,Mumbai,23.9991,1.03,8.3997,1.385,sea_passage,DERIVED_PHYSICS_IMO_GHG2020_SEED42
V079,tanker,55468,16.2,80.1,856,HFO,1.59,R038,Kolkata_SMPK,Chennai,370.3104,52.84,192.5614,55.0055,coastal,DERIVED_PHYSICS_IMO_GHG2020_SEED42
V109,general_cargo,10749,12.5,80.4,692,MGO,1.19,R035,Chennai,Paradip,54.8593,55.36,37.3043,8.7843,sea_passage,DERIVED_PHYSICS_IMO_GHG2020_SEED42
V100,tanker,35203,13.6,78.9,406,LNG,1.38,R032,Visakhapatnam,Chennai,68.2509,29.85,37.538,10.5789,sea_passage,DERIVED_PHYSICS_IMO_GHG2020_SEED42
V081,tanker,22608,13.0,61.1,358,LNG,0.68,R011,JNPA,Mormugao,31.2217,27.54,17.172,4.8394,coastal,DERIVED_PHYSICS_IMO_GHG2020_SEED42
V088,tanker,47767,13.2,85.8,282,HFO,2.09,R017,Mumbai,Kandla,76.832,21.36,39.9526,11.4125,coastal,DERIVED_PHYSICS_IMO_GHG2020_SEED42
V140,passenger,1902,19.5,88.2,1190,MGO,2.04,R005,JNPA,Chennai,78.2704,61.03,53.2239,12.533,coastal,DERIVED_PHYSICS_IMO_GHG2020_SEED42
V121,general_cargo,14844,8.6,94.0,757,MGO,3.4,R050,Port_Blair,Tuticorin,41.3656,88.02,28.1286,6.6237,sea_passage,DERIVED_PHYSICS_IMO_GHG2020_SEED42
V032,bulk_carrier,70130,12.8,66.9,282,MGO,3.13,R017,Mumbai,Kandla,84.8808,22.03,57.7189,13.5915,coastal,DERIVED_PHYSICS_IMO_GHG2020_SEED42
V135,ro_ro,7575,17.2,64.4,345,LNG,3.42,R028,New_Mangalore,Kochi,37.6686,20.06,20.7177,5.8386,sea_passage,DERIVED_PHYSICS_IMO_GHG2020_SEED42
V146,ferry,1735,11.1,84.3,491,Shore_Power,1.68,R041,Visakhapatnam,Kolkata_SMPK,112.8812,44.23,13.5457,0.3332,river_mouth,DERIVED_PHYSICS_IMO_GHG2020_SEED42
V105,tanker,59471,14.2,62.1,349,MGO,2.59,R021,Mumbai,Mormugao,116.3461,24.58,79.1153,18.6299,coastal,DERIVED_PHYSICS_IMO_GHG2020_SEED42
V028,bulk_carrier,56514,13.8,68.9,313,MGO,1.14,R039,Visakhapatnam,Paradip,87.799,22.68,59.7033,14.0588,sea_passage,DERIVED_PHYSICS_IMO_GHG2020_SEED42
V063,container_ship,12578,23.4,95.6,311,MGO,1.96,R040,Paradip,Visakhapatnam,98.0968,13.29,66.7058,15.7078,sea_passage,DERIVED_PHYSICS_IMO_GHG2020_SEED42
V080,tanker,50271,17.1,66.4,757,MGO,2.66,R050,Port_Blair,Tuticorin,323.0343,44.27,219.6633,51.7259,sea_passage,DERIVED_PHYSICS_IMO_GHG2020_SEED42
V050,container_ship,17470,23.1,94.3,850,Methanol,1.74,R014,Kochi,Mumbai,662.0259,36.8,231.7091,38.2055,sea_passage,DERIVED_PHYSICS_IMO_GHG2020_SEED42
V055,container_ship,17711,19.5,93.6,761,LNG,1.64,R049,Tuticorin,Port_Blair,174.9034,39.03,96.1969,27.11,coastal,DERIVED_PHYSICS_IMO_GHG2020_SEED42
V075,tanker,55666,10.5,62.8,761,HFO,3.29,R049,Tuticorin,Port_Blair,145.9446,72.48,75.8912,21.6785,sea_passage,DERIVED_PHYSICS_IMO_GHG2020_SEED42
V027,bulk_carrier,59816,10.8,64.1,277,HFO,1.01,R018,Kandla,Mumbai,46.8663,25.65,24.3705,6.9615,coastal,DERIVED_PHYSICS_IMO_GHG2020_SEED42
V146,ferry,1735,12.7,70.9,297,Hydrogen,1.54,R007,JNPA,Kandla,2.7141,23.39,8.685,0.1954,sea_passage,DERIVED_PHYSICS_IMO_GHG2020_SEED42
V128,general_cargo,15648,13.0,97.8,22,HFO,1.31,R002,Mumbai,JNPA,2.6062,1.69,1.3552,0.3871,sea_passage,DERIVED_PHYSICS_IMO_GHG2020_SEED42
V006,bulk_carrier,66381,11.3,87.6,1196,LNG,2.4,R006,Chennai,JNPA,252.8905,105.84,139.0898,39.198,sea_passage,DERIVED_PHYSICS_IMO_GHG2020_SEED42
V009,bulk_carrier,32714,11.9,99.9,870,MGO,2.64,R004,Kochi,JNPA,151.6404,73.11,103.1155,24.2814,coastal,DERIVED_PHYSICS_IMO_GHG2020_SEED42
V101,tanker,56969,12.4,77.6,286,LNG,1.06,R045,Kandla,JNPA,53.9655,23.06,29.681,8.3647,sea_passage,DERIVED_PHYSICS_IMO_GHG2020_SEED42
V111,general_cargo,19799,14.7,52.6,1196,HFO,2.45,R006,Chennai,JNPA,198.1108,81.36,103.0176,29.4272,sea_passage,DERIVED_PHYSICS_IMO_GHG2020_SEED42
V039,bulk_carrier,42343,14.4,54.7,505,HFO,2.43,R020,New_Mangalore,Mumbai,129.6194,35.07,67.4021,19.2535,coastal,DERIVED_PHYSICS_IMO_GHG2020_SEED42
V009,bulk_carrier,32714,14.4,72.5,518,HFO,1.67,R009,JNPA,New_Mangalore,132.5766,35.97,68.9398,19.6928,sea_passage,DERIVED_PHYSICS_IMO_GHG2020_SEED42
V022,bulk_carrier,27915,11.6,55.3,528,HFO,1.66,R010,New_Mangalore,JNPA,66.0063,45.52,34.3233,9.8045,sea_passage,DERIVED_PHYSICS_IMO_GHG2020_SEED42
V126,general_cargo,16177,12.0,72.1,364,HFO,2.44,R030,Tuticorin,Chennai,39.1695,30.33,20.3681,5.8182,sea_passage,DERIVED_PHYSICS_IMO_GHG2020_SEED42
V032,bulk_carrier,70130,12.9,53.9,297,HFO,3.35,R007,JNPA,Kandla,103.4204,23.02,53.7786,15.362,sea_passage,DERIVED_PHYSICS_IMO_GHG2020_SEED42
V134,ro_ro,8843,15.8,89.5,521,HFO,1.07,R060,Kandla,Mormugao,59.9359,32.97,31.1667,8.9028,sea_passage,DERIVED_PHYSICS_IMO_GHG2020_SEED42
V103,tanker,67954,15.6,89.1,345,HFO,3.28,R028,New_Mangalore,Kochi,203.9912,22.12,106.0754,30.3007,river_mouth,DERIVED_PHYSICS_IMO_GHG2020_SEED42
V019,bulk_carrier,63249,11.0,66.3,396,MGO,1.24,R031,Chennai,Visakhapatnam,69.2023,36.0,47.0576,11.081,sea_passage,DERIVED_PHYSICS_IMO_GHG2020_SEED42
V057,container_ship,30177,17.2,84.1,276,MGO,0.7,R048,Mumbai,Kandla,74.9439,16.05,50.9619,12.0004,sea_passage,DERIVED_PHYSICS_IMO_GHG2020_SEED42
V023,bulk_carrier,58095,10.6,57.3,876,MGO,1.04,R003,JNPA,Kochi,133.5653,82.64,90.8244,21.3871,sea_passage,DERIVED_PHYSICS_IMO_GHG2020_SEED42
V012,bulk_carrier,58490,9.8,95.3,419,LNG,3.1,R057,Kamarajar,Visakhapatnam,63.4821,42.76,34.9151,9.8397,sea_passage,DERIVED_PHYSICS_IMO_GHG2020_SEED42
V044,container_ship,41157,16.3,62.5,359,Methanol,3.28,R012,Mormugao,JNPA,269.0873,22.02,94.1806,15.529,sea_passage,DERIVED_PHYSICS_IMO_GHG2020_SEED42
V033,bulk_carrier,40297,10.1,94.2,528,HFO,2.63,R010,New_Mangalore,JNPA,79.7165,52.28,41.4526,11.841,sea_passage,DERIVED_PHYSICS_IMO_GHG2020_SEED42
V066,container_ship,31457,16.5,97.8,406,MGO,2.16,R032,Visakhapatnam,Chennai,127.5228,24.61,86.7155,20.4196,sea_passage,DERIVED_PHYSICS_IMO_GHG2020_SEED42
V010,bulk_carrier,41291,12.8,96.0,24,LNG,2.22,R001,JNPA,Mumbai,4.7385,1.88,2.6062,0.7345,sea_passage,DERIVED_PHYSICS_IMO_GHG2020_SEED42
V006,bulk_carrier,66381,14.5,53.3,406,MGO,1.57,R032,Visakhapatnam,Chennai,127.3743,28.0,86.6146,20.3958,sea_passage,DERIVED_PHYSICS_IMO_GHG2020_SEED42
V015,bulk_carrier,31987,9.9,67.7,311,MGO,1.61,R040,Paradip,Visakhapatnam,31.5258,31.41,21.4375,5.0481,sea_passage,DERIVED_PHYSICS_IMO_GHG2020_SEED42
V014,bulk_carrier,44373,12.2,80.5,364,HFO,0.35,R030,Tuticorin,Chennai,66.6785,29.84,34.6728,9.9044,sea_passage,DERIVED_PHYSICS_IMO_GHG2020_SEED42
V132,ro_ro,8727,14.2,86.8,692,MGO,0.68,R035,Chennai,Paradip,57.7571,48.73,39.2748,9.2484,sea_passage,DERIVED_PHYSICS_IMO_GHG2020_SEED42
V108,general_cargo,7216,11.9,75.4,396,HFO,2.37,R031,Chennai,Visakhapatnam,22.0564,33.28,11.4693,3.2762,sea_passage,DERIVED_PHYSICS_IMO_GHG2020_SEED42
V084,tanker,23117,15.3,88.7,370,HFO,1.3,R029,Chennai,Tuticorin,82.2209,24.18,42.7548,12.213,sea_passage,DERIVED_PHYSICS_IMO_GHG2020_SEED42
V057,container_ship,30177,23.2,68.8,495,Methanol,1.97,R042,Kolkata_SMPK,Visakhapatnam,572.0149,21.34,200.2052,33.011,sea_passage,DERIVED_PHYSICS_IMO_GHG2020_SEED42
V113,general_cargo,13823,13.6,53.8,22,HFO,1.84,R002,Mumbai,JNPA,2.5647,1.62,1.3336,0.381,sea_passage,DERIVED_PHYSICS_IMO_GHG2020_SEED42
V016,bulk_carrier,58242,14.1,83.7,1181,HFO,2.69,R016,Chennai,Mumbai,423.833,83.76,220.3932,62.9557,river_mouth,DERIVED_PHYSICS_IMO_GHG2020_SEED42
V093,tanker,39701,10.9,91.3,870,HFO,2.67,R004,Kochi,JNPA,161.4251,79.82,83.9411,23.9779,sea_passage,DERIVED_PHYSICS_IMO_GHG2020_SEED42
V120,general_cargo,16651,12.3,56.9,24,HFO,2.84,R001,JNPA,Mumbai,2.6756,1.95,1.3913,0.3974,sea_passage,DERIVED_PHYSICS_IMO_GHG2020_SEED42
V138,ro_ro,6679,17.1,73.2,17,LNG,1.06,R034,Kamarajar,Chennai,1.5891,0.99,0.874,0.2463,sea_passage,DERIVED_PHYSICS_IMO_GHG2020_SEED42
V029,bulk_carrier,30900,13.6,89.0,349,LNG,1.07,R021,Mumbai,Mormugao,51.3466,25.66,28.2406,7.9587,sea_passage,DERIVED_PHYSICS_IMO_GHG2020_SEED42
V010,bulk_carrier,41291,9.7,61.5,491,MGO,1.43,R041,Visakhapatnam,Kolkata_SMPK,57.7799,50.62,39.2903,9.252,sea_passage,DERIVED_PHYSICS_IMO_GHG2020_SEED42
V011,bulk_carrier,34473,12.6,77.2,529,LNG,1.22,R059,Mormugao,Kandla,77.9685,41.98,42.8827,12.0851,sea_passage,DERIVED_PHYSICS_IMO_GHG2020_SEED42
V013,bulk_carrier,60013,11.8,84.2,290,MGO,0.46,R046,JNPA,Kandla,57.3268,24.58,38.9823,9.1795,sea_passage,DERIVED_PHYSICS_IMO_GHG2020_SEED42
V012,bulk_carrier,58490,14.2,60.2,276,LNG,0.5,R048,Mumbai,Kandla,68.1389,19.44,37.4764,10.5615,sea_passage,DERIVED_PHYSICS_IMO_GHG2020_SEED42
V103,tanker,67954,11.2,70.4,419,HFO,1.28,R053,Kochi,Mormugao,95.7004,37.41,49.7642,14.2152,sea_passage,DERIVED_PHYSICS_IMO_GHG2020_SEED42
V119,general_cargo,18455,8.8,93.1,290,HFO,1.21,R046,JNPA,Kandla,17.0998,32.95,8.8919,2.54,river_mouth,DERIVED_PHYSICS_IMO_GHG2020_SEED42
V014,bulk_carrier,44373,11.2,61.4,183,MGO,2.97,R026,Tuticorin,Kochi,30.3893,16.34,20.6647,4.8661,sea_passage,DERIVED_PHYSICS_IMO_GHG2020_SEED42
V111,general_cargo,19799,13.0,92.5,169,MGO,2.63,R055,New_Mangalore,Mormugao,25.1192,13.0,17.0811,4.0222,coastal,DERIVED_PHYSICS_IMO_GHG2020_SEED42
V014,bulk_carrier,44373,12.2,75.0,856,MGO,3.46,R038,Kolkata_SMPK,Chennai,199.9437,70.16,135.9617,32.016,coastal,DERIVED_PHYSICS_IMO_GHG2020_SEED42
V065,container_ship,18598,21.1,63.0,286,HFO,3.1,R045,Kandla,JNPA,108.4473,13.55,56.3926,16.1087,sea_passage,DERIVED_PHYSICS_IMO_GHG2020_SEED42
V041,bulk_carrier,49332,11.8,79.3,396,LNG,2.09,R031,Chennai,Visakhapatnam,69.2198,33.56,38.0709,10.7291,sea_passage,DERIVED_PHYSICS_IMO_GHG2020_SEED42
V107,general_cargo,9058,11.1,50.7,542,MGO,2.52,R024,Chennai,Kochi,27.1191,48.83,18.441,4.3424,sea_passage,DERIVED_PHYSICS_IMO_GHG2020_SEED42
V111,general_cargo,19799,12.2,75.6,507,HFO,3.05,R019,Mumbai,New_Mangalore,70.3403,41.56,36.5769,10.4483,sea_passage,DERIVED_PHYSICS_IMO_GHG2020_SEED42
V069,container_ship,8659,12.1,91.5,276,HFO,3.38,R048,Mumbai,Kandla,24.7271,22.81,12.8581,3.6729,river_mouth,DERIVED_PHYSICS_IMO_GHG2020_SEED42
V015,bulk_carrier,31987,10.8,70.8,24,LNG,0.64,R001,JNPA,Mumbai,2.2718,2.22,1.2495,0.3521,sea_passage,DERIVED_PHYSICS_IMO_GHG2020_SEED42
V131,ro_ro,4651,19.2,60.9,761,MGO,2.26,R049,Tuticorin,Port_Blair,81.9735,39.64,55.742,13.126,sea_passage,DERIVED_PHYSICS_IMO_GHG2020_SEED42
V040,bulk_carrier,49115,11.6,84.8,538,MGO,1.95,R023,Kochi,Chennai,113.4896,46.38,77.173,18.1725,sea_passage,DERIVED_PHYSICS_IMO_GHG2020_SEED42
V091,tanker,39649,15.1,52.7,347,MGO,1.64,R022,Mormugao,Mumbai,84.2035,22.98,57.2584,13.4831,sea_passage,DERIVED_PHYSICS_IMO_GHG2020_SEED42
V031,bulk_carrier,60844,11.9,57.9,538,MGO,1.96,R023,Kochi,Chennai,117.1699,45.21,79.6755,18.7618,sea_passage,DERIVED_PHYSICS_IMO_GHG2020_SEED42
V071,tanker,72064,15.2,73.0,1181,LNG,3.12,R016,Chennai,Mumbai,460.8907,77.7,253.4899,71.4381,sea_passage,DERIVED_PHYSICS_IMO_GHG2020_SEED42
V016,bulk_carrier,58242,15.1,58.6,370,HFO,2.86,R029,Chennai,Tuticorin,144.7499,24.5,75.27,21.501,coastal,DERIVED_PHYSICS_IMO_GHG2020_SEED42
V048,container_ship,21724,19.3,56.4,1181,HFO,3.37,R016,Chennai,Mumbai,394.2544,61.19,205.0123,58.5621,sea_passage,DERIVED_PHYSICS_IMO_GHG2020_SEED42
V115,general_cargo,11634,13.4,65.0,396,HFO,2.21,R031,Chennai,Visakhapatnam,39.2104,29.55,20.3894,5.8243,sea_passage,DERIVED_PHYSICS_IMO_GHG2020_SEED42
V050,container_ship,17470,20.2,76.7,757,MGO,1.37,R050,Port_Blair,Tuticorin,209.2357,37.48,142.2803,33.5039,sea_passage,DERIVED_PHYSICS_IMO_GHG2020_SEED42
V070,container_ship,16607,19.1,58.4,370,HFO,1.23,R029,Chennai,Tuticorin,82.7608,19.37,43.0356,12.2932,sea_passage,DERIVED_PHYSICS_IMO_GHG2020_SEED42
V125,general_cargo,5602,10.9,93.6,850,MGO,2.48,R014,Kochi,Mumbai,40.9244,77.98,27.8286,6.553,coastal,DERIVED_PHYSICS_IMO_GHG2020_SEED42
V100,tanker,35203,11.6,98.9,518,LNG,2.82,R009,JNPA,New_Mangalore,78.6014,44.66,43.2308,12.1832,sea_passage,DERIVED_PHYSICS_IMO_GHG2020_SEED42
V011,bulk_carrier,34473,11.4,70.8,411,HFO,2.46,R058,Visakhapatnam,Kamarajar,60.9495,36.05,31.6937,9.0534,sea_passage,DERIVED_PHYSICS_IMO_GHG2020_SEED42
V131,ro_ro,4651,16.8,57.8,521,HFO,0.54,R060,Kandla,Mormugao,40.136,31.01,20.8707,5.9618,sea_passage,DERIVED_PHYSICS_IMO_GHG2020_SEED42
V112,general_cargo,17758,14.0,88.4,311,HFO,1.93,R040,Paradip,Visakhapatnam,45.6624,22.21,23.7445,6.7827,river_mouth,DERIVED_PHYSICS_IMO_GHG2020_SEED42
V078,tanker,23323,13.1,55.3,176,LNG,2.38,R056,Mormugao,New_Mangalore,24.7607,13.44,13.6184,3.8379,sea_passage,DERIVED_PHYSICS_IMO_GHG2020_SEED42
V062,container_ship,34470,21.7,57.9,364,MGO,0.54,R030,Tuticorin,Chennai,161.1135,16.77,109.5572,25.7983,sea_passage,DERIVED_PHYSICS_IMO_GHG2020_SEED42
V071,tanker,72064,11.0,86.1,183,LNG,3.01,R026,Tuticorin,Kochi,40.705,16.64,22.3877,6.3093,sea_passage,DERIVED_PHYSICS_IMO_GHG2020_SEED42
V089,tanker,35987,10.7,87.8,422,MGO,3.02,R054,Mormugao,Kochi,69.4644,39.44,47.2358,11.123,sea_passage,DERIVED_PHYSICS_IMO_GHG2020_SEED42
V086,tanker,66768,12.4,52.5,542,MGO,1.2,R024,Chennai,Kochi,121.2158,43.71,82.4268,19.4097,coastal,DERIVED_PHYSICS_IMO_GHG2020_SEED42
V134,ro_ro,8843,20.3,77.2,692,LNG,2.98,R035,Chennai,Paradip,125.4369,34.09,68.9903,19.4427,sea_passage,DERIVED_PHYSICS_IMO_GHG2020_SEED42
V101,tanker,56969,10.0,87.5,396,HFO,0.37,R031,Chennai,Visakhapatnam,64.3053,39.6,33.4387,9.5518,sea_passage,DERIVED_PHYSICS_IMO_GHG2020_SEED42
V059,container_ship,13324,11.3,74.6,1179,HFO,1.66,R015,Mumbai,Chennai,92.2429,104.34,47.9663,13.7017,sea_passage,DERIVED_PHYSICS_IMO_GHG2020_SEED42
V039,bulk_carrier,42343,14.5,86.7,18,LNG,1.68,R033,Chennai,Kamarajar,3.9908,1.24,2.1949,0.6186,coastal,DERIVED_PHYSICS_IMO_GHG2020_SEED42
V149,ferry,536,17.3,67.1,419,LNG,0.42,R057,Kamarajar,Visakhapatnam,6.6232,24.22,3.6428,1.0266,sea_passage,DERIVED_PHYSICS_IMO_GHG2020_SEED42
V081,tanker,22608,9.7,57.6,359,LNG,3.04,R012,Mormugao,JNPA,24.9382,37.01,13.716,3.8654,coastal,DERIVED_PHYSICS_IMO_GHG2020_SEED42
V131,ro_ro,4651,20.1,56.2,176,MGO,2.54,R056,Mormugao,New_Mangalore,19.7442,8.76,13.4261,3.1615,sea_passage,DERIVED_PHYSICS_IMO_GHG2020_SEED42
V029,bulk_carrier,30900,16.3,93.5,348,MGO,1.05,R027,Kochi,New_Mangalore,104.8288,21.35,71.2836,16.7857,sea_passage,DERIVED_PHYSICS_IMO_GHG2020_SEED42
V083,tanker,42416,10.7,58.5,22,LNG,2.52,R002,Mumbai,JNPA,2.6137,2.06,1.4375,0.4051,sea_passage,DERIVED_PHYSICS_IMO_GHG2020_SEED42
V030,bulk_carrier,38293,16.6,76.7,189,HFO,1.56,R025,Kochi,Tuticorin,63.173,11.39,32.85,9.3837,sea_passage,DERIVED_PHYSICS_IMO_GHG2020_SEED42
V040,bulk_carrier,49115,13.8,94.3,176,LNG,1.27,R056,Mormugao,New_Mangalore,37.9082,12.75,20.8495,5.8758,sea_passage,DERIVED_PHYSICS_IMO_GHG2020_SEED42
V147,ferry,2604,14.4,65.3,422,LNG,1.17,R054,Mormugao,Kochi,11.9039,29.31,6.5471,1.8451,sea_passage,DERIVED_PHYSICS_IMO_GHG2020_SEED42
V062,container_ship,34470,17.4,67.7,505,HFO,3.46,R020,New_Mangalore,Mumbai,217.9763,29.02,113.3477,32.378,sea_passage,DERIVED_PHYSICS_IMO_GHG2020_SEED42
V068,container_ship,37761,17.7,70.2,290,HFO,0.48,R046,JNPA,Kandla,90.8426,16.38,47.2381,13.4937,sea_passage,DERIVED_PHYSICS_IMO_GHG2020_SEED42
V026,bulk_carrier,33063,13.7,53.8,290,MGO,2.62,R046,JNPA,Kandla,58.5651,21.17,39.8242,9.3777,sea_passage,DERIVED_PHYSICS_IMO_GHG2020_SEED42
V054,container_ship,21825,15.2,52.5,797,Methanol,0.49,R051,Chennai,Port_Blair,240.9348,52.43,84.3272,13.9043,sea_passage,DERIVED_PHYSICS_IMO_GHG2020_SEED42
V056,container_ship,38751,15.0,58.2,217,MGO,2.83,R043,Paradip,Kolkata_SMPK,62.8695,14.47,42.7512,10.067,coastal,DERIVED_PHYSICS_IMO_GHG2020_SEED42
V128,general_cargo,15648,11.4,71.4,396,HFO,3.01,R031,Chennai,Visakhapatnam,42.9236,34.74,22.3203,6.3758,sea_passage,DERIVED_PHYSICS_IMO_GHG2020_SEED42
V015,bulk_carrier,31987,10.5,63.8,853,LNG,2.39,R037,Chennai,Kolkata_SMPK,84.5616,81.24,46.5089,13.1071,coastal,DERIVED_PHYSICS_IMO_GHG2020_SEED42
V074,tanker,68994,12.1,55.6,521,MGO,2.55,R060,Kandla,Mormugao,136.2235,43.06,92.632,21.8128,sea_passage,DERIVED_PHYSICS_IMO_GHG2020_SEED42
V127,general_cargo,7328,14.2,79.6,290,HFO,3.02,R008,Kandla,JNPA,27.1277,20.42,14.1064,4.0295,sea_passage,DERIVED_PHYSICS_IMO_GHG2020_SEED42
V101,tanker,56969,10.5,57.7,859,LNG,1.68,R013,Mumbai,Kochi,106.6651,81.81,58.6658,16.5331,coastal,DERIVED_PHYSICS_IMO_GHG2020_SEED42
V075,tanker,55666,12.3,91.6,297,HFO,3.48,R007,JNPA,Kandla,85.6532,24.15,44.5396,12.7228,river_mouth,DERIVED_PHYSICS_IMO_GHG2020_SEED42
V104,tanker,27184,13.3,53.4,229,MGO,1.37,R044,Kolkata_SMPK,Paradip,35.0302,17.22,23.8205,5.6092,sea_passage,DERIVED_PHYSICS_IMO_GHG2020_SEED42
V043,container_ship,27264,17.0,88.2,277,LNG,1.37,R018,Kandla,Mumbai,64.3997,16.29,35.4198,9.982,coastal,DERIVED_PHYSICS_IMO_GHG2020_SEED42
V053,container_ship,27197,19.2,88.8,491,LNG,0.99,R041,Visakhapatnam,Kolkata_SMPK,129.3958,25.57,71.1677,20.0563,sea_passage,DERIVED_PHYSICS_IMO_GHG2020_SEED42
V108,general_cargo,7216,12.3,95.1,359,MGO,2.45,R012,Mormugao,JNPA,23.6984,29.19,16.1149,3.7947,sea_passage,DERIVED_PHYSICS_IMO_GHG2020_SEED42
V115,general_cargo,11634,11.0,73.8,348,HFO,2.58,R027,Kochi,New_Mangalore,23.5592,31.64,12.2508,3.4995,coastal,DERIVED_PHYSICS_IMO_GHG2020_SEED42
V047,container_ship,41892,14.1,99.7,347,Methanol,0.91,R022,Mormugao,Mumbai,198.7022,24.61,69.5458,11.4671,sea_passage,DERIVED_PHYSICS_IMO_GHG2020_SEED42
V017,bulk_carrier,47945,12.0,54.6,297,HFO,0.31,R007,JNPA,Kandla,47.686,24.75,24.7967,7.0832,sea_passage,DERIVED_PHYSICS_IMO_GHG2020_SEED42
V029,bulk_carrier,30900,15.4,92.9,788,HFO,0.76,R052,Port_Blair,Chennai,203.7599,51.17,105.9551,30.2663,sea_passage,DERIVED_PHYSICS_IMO_GHG2020_SEED42
V139,passenger,2268,14.7,62.0,277,MGO,2.82,R018,Kandla,Mumbai,11.8837,18.84,8.0809,1.9029,sea_passage,DERIVED_PHYSICS_IMO_GHG2020_SEED42
V127,general_cargo,7328,14.7,65.1,1181,MGO,0.97,R016,Chennai,Mumbai,80.5764,80.34,54.7919,12.9023,sea_passage,DERIVED_PHYSICS_IMO_GHG2020_SEED42
V065,container_ship,18598,21.9,83.9,359,LNG,1.94,R012,Mormugao,JNPA,103.8071,16.39,57.0939,16.0901,sea_passage,DERIVED_PHYSICS_IMO_GHG2020_SEED42
V138,ro_ro,6679,15.2,88.7,788,HFO,2.57,R052,Port_Blair,Chennai,78.0612,51.84,40.5918,11.5951,river_mouth,DERIVED_PHYSICS_IMO_GHG2020_SEED42
V063,container_ship,12578,22.3,53.8,528,MGO,1.6,R010,New_Mangalore,JNPA,117.9557,23.68,80.2099,18.8877,sea_passage,DERIVED_PHYSICS_IMO_GHG2020_SEED42
V145,passenger,3081,23.5,67.5,495,MGO,1.38,R042,Kolkata_SMPK,Visakhapatnam,57.4715,21.06,39.0806,9.2026,sea_passage,DERIVED_PHYSICS_IMO_GHG2020_SEED42
V035,bulk_carrier,56365,12.6,78.1,761,HFO,2.1,R049,Tuticorin,Port_Blair,215.6926,60.4,112.1601,32.0388,sea_passage,DERIVED_PHYSICS_IMO_GHG2020_SEED42
V131,ro_ro,4651,20.4,57.3,419,LNG,3.48,R053,Kochi,Mormugao,46.2596,20.54,25.4428,7.1702,sea_passage,DERIVED_PHYSICS_IMO_GHG2020_SEED42
V011,bulk_carrier,34473,10.1,69.4,700,MGO,2.61,R036,Paradip,Chennai,81.1909,69.31,55.2098,13.0007,coastal,DERIVED_PHYSICS_IMO_GHG2020_SEED42
V022,bulk_carrier,27915,11.3,83.5,870,MGO,1.71,R004,Kochi,JNPA,109.4114,76.99,74.3998,17.5195,sea_passage,DERIVED_PHYSICS_IMO_GHG2020_SEED42
V120,general_cargo,16651,12.4,50.3,290,MGO,0.99,R046,JNPA,Kandla,24.0506,23.39,16.3544,3.8511,river_mouth,DERIVED_PHYSICS_IMO_GHG2020_SEED42
V056,container_ship,38751,14.2,70.2,347,MGO,1.75,R022,Mormugao,Mumbai,77.6134,24.44,52.7771,12.4279,river_mouth,DERIVED_PHYSICS_IMO_GHG2020_SEED42
V077,tanker,37083,13.5,92.1,345,MGO,0.94,R028,New_Mangalore,Kochi,72.1207,25.56,49.0421,11.5483,sea_passage,DERIVED_PHYSICS_IMO_GHG2020_SEED42
V024,bulk_carrier,45319,11.8,87.3,495,MGO,0.94,R042,Kolkata_SMPK,Visakhapatnam,89.5025,41.95,60.8617,14.3316,sea_passage,DERIVED_PHYSICS_IMO_GHG2020_SEED42
V131,ro_ro,4651,21.8,86.6,505,MGO,2.0,R020,New_Mangalore,Mumbai,76.2805,23.17,51.8707,12.2144,coastal,DERIVED_PHYSICS_IMO_GHG2020_SEED42
V145,passenger,3081,25.3,60.3,290,Hydrogen,1.91,R046,JNPA,Kandla,14.6713,11.46,46.9482,1.0563,sea_passage,DERIVED_PHYSICS_IMO_GHG2020_SEED42
V092,tanker,76931,14.7,54.0,217,MGO,1.78,R043,Paradip,Kolkata_SMPK,82.5214,14.76,56.1146,13.2137,sea_passage,DERIVED_PHYSICS_IMO_GHG2020_SEED42
V144,passenger,4545,19.9,67.6,364,Hydrogen,3.0,R030,Tuticorin,Chennai,16.5852,18.29,53.0726,1.1941,sea_passage,DERIVED_PHYSICS_IMO_GHG2020_SEED42
V101,tanker,56969,13.0,78.9,1181,HFO,3.45,R016,Chennai,Mumbai,375.3637,90.85,195.1891,55.7562,sea_passage,DERIVED_PHYSICS_IMO_GHG2020_SEED42
V042,bulk_carrier,48674,10.6,52.3,189,MGO,0.47,R025,Kochi,Tuticorin,25.8285,17.83,17.5633,4.1358,sea_passage,DERIVED_PHYSICS_IMO_GHG2020_SEED42
V118,general_cargo,14985,13.8,59.0,495,MGO,3.05,R042,Kolkata_SMPK,Visakhapatnam,63.3864,35.87,43.1028,10.1498,river_mouth,DERIVED_PHYSICS_IMO_GHG2020_SEED42
V021,bulk_carrier,35729,13.5,95.4,311,MGO,2.93,R040,Paradip,Visakhapatnam,72.2274,23.04,49.1146,11.5654,sea_passage,DERIVED_PHYSICS_IMO_GHG2020_SEED42
V030,bulk_carrier,38293,15.1,79.0,856,HFO,1.66,R038,Kolkata_SMPK,Chennai,265.3952,56.69,138.0055,39.4215,sea_passage,DERIVED_PHYSICS_IMO_GHG2020_SEED42
V042,bulk_carrier,48674,13.3,64.5,700,LNG,0.79,R036,Paradip,Chennai,130.7735,52.63,71.9254,20.2699,coastal,DERIVED_PHYSICS_IMO_GHG2020_SEED42
V144,passenger,4545,27.2,55.7,1179,LNG,2.29,R015,Mumbai,Chennai,209.3627,43.35,115.1495,32.4512,sea_passage,DERIVED_PHYSICS_IMO_GHG2020_SEED42
V064,container_ship,26077,22.1,67.3,169,Methanol,1.26,R055,New_Mangalore,Mormugao,156.76,7.65,54.866,9.0466,sea_passage,DERIVED_PHYSICS_IMO_GHG2020_SEED42
V087,tanker,28073,13.1,53.5,276,LNG,0.77,R047,Kandla,Mumbai,31.7677,21.07,17.4722,4.924,sea_passage,DERIVED_PHYSICS_IMO_GHG2020_SEED42
V132,ro_ro,8727,18.7,50.6,358,MGO,1.01,R011,JNPA,Mormugao,46.4281,19.14,31.5711,7.4343,sea_passage,DERIVED_PHYSICS_IMO_GHG2020_SEED42
V018,bulk_carrier,58420,11.4,82.4,176,MGO,1.02,R056,Mormugao,New_Mangalore,34.9684,15.44,23.7785,5.5993,sea_passage,DERIVED_PHYSICS_IMO_GHG2020_SEED42
V060,container_ship,33073,14.1,97.4,505,LNG,0.44,R020,New_Mangalore,Mumbai,90.7192,35.82,49.8955,14.0615,sea_passage,DERIVED_PHYSICS_IMO_GHG2020_SEED42
V024,bulk_carrier,45319,14.5,81.9,521,MGO,0.33,R060,Kandla,Mormugao,133.0316,35.93,90.4615,21.3017,sea_passage,DERIVED_PHYSICS_IMO_GHG2020_SEED42
V041,bulk_carrier,49332,10.7,85.8,542,HFO,2.3,R024,Chennai,Kochi,98.4322,50.65,51.1847,14.621,sea_passage,DERIVED_PHYSICS_IMO_GHG2020_SEED42
V126,general_cargo,16177,13.5,86.8,189,MGO,1.87,R025,Kochi,Tuticorin,25.5213,14.0,17.3545,4.0866,sea_passage,DERIVED_PHYSICS_IMO_GHG2020_SEED42
V057,container_ship,30177,22.2,70.5,1179,MGO,2.55,R015,Mumbai,Chennai,659.7596,53.11,448.6365,105.644,sea_passage,DERIVED_PHYSICS_IMO_GHG2020_SEED42
V066,container_ship,31457,15.7,80.5,217,MGO,1.96,R043,Paradip,Kolkata_SMPK,54.1501,13.82,36.822,8.6708,coastal,DERIVED_PHYSICS_IMO_GHG2020_SEED42
V138,ro_ro,6679,14.9,96.7,876,MGO,3.49,R003,JNPA,Kochi,97.7832,58.79,66.4926,15.6575,coastal,DERIVED_PHYSICS_IMO_GHG2020_SEED42
V065,container_ship,18598,21.7,61.9,229,Methanol,0.45,R044,Kolkata_SMPK,Paradip,138.6246,10.55,48.5186,8.0,coastal,DERIVED_PHYSICS_IMO_GHG2020_SEED42
V071,tanker,72064,15.0,82.7,176,HFO,2.53,R056,Mormugao,New_Mangalore,80.903,11.73,42.0695,12.0172,sea_passage,DERIVED_PHYSICS_IMO_GHG2020_SEED42
V055,container_ship,17711,17.9,62.3,22,MGO,0.59,R002,Mumbai,JNPA,4.2897,1.23,2.917,0.6869,sea_passage,DERIVED_PHYSICS_IMO_GHG2020_SEED42
V150,ferry,884,16.1,63.3,419,Shore_Power,3.06,R053,Kochi,Mormugao,131.2143,26.02,15.7457,0.3873,river_mouth,DERIVED_PHYSICS_IMO_GHG2020_SEED42
V066,container_ship,31457,15.5,50.8,876,LNG,3.22,R003,JNPA,Kochi,202.1044,56.52,111.1574,31.3262,sea_passage,DERIVED_PHYSICS_IMO_GHG2020_SEED42
V069,container_ship,8659,14.5,74.1,419,LNG,2.76,R057,Kamarajar,Visakhapatnam,36.4722,28.9,20.0597,5.6532,sea_passage,DERIVED_PHYSICS_IMO_GHG2020_SEED42
V139,passenger,2268,13.3,56.3,491,LNG,1.1,R041,Visakhapatnam,Kolkata_SMPK,11.0414,36.92,6.0728,1.7114,coastal,DERIVED_PHYSICS_IMO_GHG2020_SEED42
V111,general_cargo,19799,12.1,61.2,850,HFO,2.05,R014,Kochi,Mumbai,88.811,70.25,46.1817,13.1919,sea_passage,DERIVED_PHYSICS_IMO_GHG2020_SEED42
V039,bulk_carrier,42343,14.9,99.8,406,HFO,2.98,R032,Visakhapatnam,Chennai,156.377,27.25,81.316,23.2281,sea_passage,DERIVED_PHYSICS_IMO_GHG2020_SEED42
V051,container_ship,9661,16.0,89.2,521,LNG,0.85,R060,Kandla,Mormugao,49.2109,32.56,27.066,7.6277,sea_passage,DERIVED_PHYSICS_IMO_GHG2020_SEED42
V057,container_ship,30177,21.0,84.4,24,LNG,0.31,R001,JNPA,Mumbai,8.4562,1.14,4.6509,1.3107,sea_passage,DERIVED_PHYSICS_IMO_GHG2020_SEED42
V101,tanker,56969,9.8,52.4,24,LNG,2.28,R001,JNPA,Mumbai,2.8161,2.45,1.5488,0.4365,coastal,DERIVED_PHYSICS_IMO_GHG2020_SEED42
V146,ferry,1735,13.5,97.5,189,Shore_Power,1.31,R025,Kochi,Tuticorin,62.4412,14.0,7.4929,0.1843,river_mouth,DERIVED_PHYSICS_IMO_GHG2020_SEED42
V001,bulk_carrier,63697,13.5,50.6,788,LNG,1.86,R052,Port_Blair,Chennai,187.2898,58.37,103.0094,29.0299,sea_passage,DERIVED_PHYSICS_IMO_GHG2020_SEED42
V082,tanker,54273,14.4,51.7,290,HFO,0.82,R008,Kandla,JNPA,73.3285,20.14,38.1308,10.8921,sea_passage,DERIVED_PHYSICS_IMO_GHG2020_SEED42
V040,bulk_carrier,49115,15.6,55.1,396,LNG,1.65,R031,Chennai,Visakhapatnam,98.6905,25.38,54.2798,15.297,sea_passage,DERIVED_PHYSICS_IMO_GHG2020_SEED42
V036,bulk_carrier,45790,9.7,85.7,229,MGO,2.28,R044,Kolkata_SMPK,Paradip,30.1405,23.61,20.4955,4.8262,sea_passage,DERIVED_PHYSICS_IMO_GHG2020_SEED42
V049,container_ship,19734,23.9,92.6,856,HFO,3.24,R038,Kolkata_SMPK,Chennai,483.3286,35.82,251.3309,71.7932,river_mouth,DERIVED_PHYSICS_IMO_GHG2020_SEED42
V089,tanker,35987,13.4,89.7,853,MGO,2.44,R037,Chennai,Kolkata_SMPK,213.4916,63.66,145.1743,34.1853,sea_passage,DERIVED_PHYSICS_IMO_GHG2020_SEED42
V147,ferry,2604,13.6,86.6,406,Hydrogen,2.7,R032,Visakhapatnam,Chennai,5.6239,29.85,17.9964,0.4049,sea_passage,DERIVED_PHYSICS_IMO_GHG2020_SEED42
V136,ro_ro,4206,14.8,87.4,22,LNG,2.59,R002,Mumbai,JNPA,1.2328,1.49,0.678,0.1911,coastal,DERIVED_PHYSICS_IMO_GHG2020_SEED42
V066,container_ship,31457,12.6,81.8,277,MGO,3.14,R018,Kandla,Mumbai,53.9833,21.98,36.7086,8.6441,coastal,DERIVED_PHYSICS_IMO_GHG2020_SEED42
V132,ro_ro,8727,20.4,68.0,700,MGO,2.61,R036,Paradip,Chennai,130.1388,34.31,88.4944,20.8385,sea_passage,DERIVED_PHYSICS_IMO_GHG2020_SEED42
V060,container_ship,33073,13.4,59.2,229,MGO,2.32,R044,Kolkata_SMPK,Paradip,42.7477,17.09,29.0684,6.845,sea_passage,DERIVED_PHYSICS_IMO_GHG2020_SEED42
V089,tanker,35987,12.0,71.9,692,HFO,3.04,R035,Chennai,Paradip,146.3834,57.67,76.1194,21.7436,sea_passage,DERIVED_PHYSICS_IMO_GHG2020_SEED42
V036,bulk_carrier,45790,12.1,83.0,692,MGO,2.72,R035,Chennai,Paradip,152.3656,57.19,103.6086,24.3975,coastal,DERIVED_PHYSICS_IMO_GHG2020_SEED42
V143,passenger,3504,16.7,74.4,277,Hydrogen,0.87,R018,Kandla,Mumbai,6.047,16.59,19.3504,0.4354,sea_passage,DERIVED_PHYSICS_IMO_GHG2020_SEED42
V001,bulk_carrier,63697,10.2,86.0,189,MGO,1.25,R025,Kochi,Tuticorin,32.7141,18.53,22.2456,5.2383,sea_passage,DERIVED_PHYSICS_IMO_GHG2020_SEED42
V141,passenger,3808,23.8,61.3,788,MGO,3.31,R052,Port_Blair,Chennai,131.9324,33.11,89.714,21.1257,sea_passage,DERIVED_PHYSICS_IMO_GHG2020_SEED42
V065,container_ship,18598,17.0,73.4,183,Methanol,1.1,R026,Tuticorin,Kochi,78.0502,10.76,27.3176,4.5043,sea_passage,DERIVED_PHYSICS_IMO_GHG2020_SEED42
V121,general_cargo,14844,9.5,72.6,290,HFO,0.93,R008,Kandla,JNPA,16.5628,30.53,8.6127,2.4602,sea_passage,DERIVED_PHYSICS_IMO_GHG2020_SEED42
V110,general_cargo,16704,10.6,96.9,189,HFO,2.43,R025,Kochi,Tuticorin,17.2718,17.83,8.9814,2.5655,sea_passage,DERIVED_PHYSICS_IMO_GHG2020_SEED42
V070,container_ship,16607,20.2,68.1,1196,HFO,0.76,R006,Chennai,JNPA,320.2178,59.21,166.5133,47.5648,sea_passage,DERIVED_PHYSICS_IMO_GHG2020_SEED42
V062,container_ship,34470,21.6,80.9,788,Methanol,1.96,R052,Port_Blair,Chennai,844.8513,36.48,295.698,48.7564,sea_passage,DERIVED_PHYSICS_IMO_GHG2020_SEED42
V150,ferry,884,19.7,58.7,761,LNG,1.12,R049,Tuticorin,Port_Blair,18.5079,38.63,10.1793,2.8687,river_mouth,DERIVED_PHYSICS_IMO_GHG2020_SEED42
V055,container_ship,17711,20.2,97.8,358,HFO,0.47,R011,JNPA,Mormugao,105.643,17.72,54.9344,15.6921,sea_passage,DERIVED_PHYSICS_IMO_GHG2020_SEED42
V107,general_cargo,9058,11.3,52.7,507,MGO,3.5,R019,Mumbai,New_Mangalore,32.9757,44.87,22.4235,5.2802,sea_passage,DERIVED_PHYSICS_IMO_GHG2020_SEED42
V036,bulk_carrier,45790,9.7,72.5,282,LNG,1.33,R017,Mumbai,Kandla,28.7557,29.07,15.8156,4.4571,sea_passage,DERIVED_PHYSICS_IMO_GHG2020_SEED42
V040,bulk_carrier,49115,13.8,95.2,419,HFO,1.83,R057,Kamarajar,Visakhapatnam,116.8017,30.36,60.7369,17.3496,sea_passage,DERIVED_PHYSICS_IMO_GHG2020_SEED42
V132,ro_ro,8727,17.8,88.5,538,MGO,0.79,R023,Kochi,Chennai,69.0751,30.22,46.971,11.0606,coastal,DERIVED_PHYSICS_IMO_GHG2020_SEED42
V104,tanker,27184,11.8,76.6,757,HFO,2.61,R050,Port_Blair,Tuticorin,113.493,64.15,59.0163,16.8581,sea_passage,DERIVED_PHYSICS_IMO_GHG2020_SEED42
V139,passenger,2268,18.8,52.7,297,Hydrogen,0.69,R007,JNPA,Kandla,5.3875,15.8,17.2399,0.3879,sea_passage,DERIVED_PHYSICS_IMO_GHG2020_SEED42
V133,ro_ro,11514,14.8,77.0,495,LNG,2.55,R042,Kolkata_SMPK,Visakhapatnam,52.904,33.45,29.0972,8.2001,sea_passage,DERIVED_PHYSICS_IMO_GHG2020_SEED42
V056,container_ship,38751,14.7,96.1,419,HFO,2.08,R053,Kochi,Mormugao,119.3782,28.5,62.0767,17.7323,river_mouth,DERIVED_PHYSICS_IMO_GHG2020_SEED42
V052,container_ship,35698,19.3,75.5,700,HFO,0.67,R036,Paradip,Chennai,303.4843,36.27,157.8118,45.0793,coastal,DERIVED_PHYSICS_IMO_GHG2020_SEED42
V114,general_cargo,17380,10.7,71.8,276,HFO,0.84,R047,Kandla,Mumbai,19.4378,25.79,10.1077,2.8873,sea_passage,DERIVED_PHYSICS_IMO_GHG2020_SEED42
V068,container_ship,37761,18.3,85.3,176,Methanol,0.8,R056,Mormugao,New_Mangalore,129.0606,9.62,45.1712,7.4481,sea_passage,DERIVED_PHYSICS_IMO_GHG2020_SEED42
V081,tanker,22608,14.4,71.5,277,HFO,3.47,R018,Kandla,Mumbai,59.305,19.24,30.8386,8.8091,sea_passage,DERIVED_PHYSICS_IMO_GHG2020_SEED42
V036,bulk_carrier,45790,12.4,93.8,183,MGO,1.34,R026,Tuticorin,Kochi,37.097,14.76,25.2259,5.9402,coastal,DERIVED_PHYSICS_IMO_GHG2020_SEED42
V008,bulk_carrier,34731,12.8,57.6,347,HFO,0.53,R022,Mormugao,Mumbai,58.0909,27.11,30.2073,8.6288,sea_passage,DERIVED_PHYSICS_IMO_GHG2020_SEED42
V004,bulk_carrier,71338,11.4,64.6,422,LNG,1.55,R054,Mormugao,Kochi,89.4544,37.02,49.1999,13.8654,sea_passage,DERIVED_PHYSICS_IMO_GHG2020_SEED42
V113,general_cargo,13823,10.9,93.3,876,MGO,2.25,R003,JNPA,Kochi,70.87,80.37,48.1916,11.3481,sea_passage,DERIVED_PHYSICS_IMO_GHG2020_SEED42
V070,container_ship,16607,17.1,80.0,276,MGO,2.25,R048,Mumbai,Kandla,57.1818,16.14,38.8836,9.1562,sea_passage,DERIVED_PHYSICS_IMO_GHG2020_SEED42
V094,tanker,68263,12.2,50.9,1179,HFO,1.75,R015,Mumbai,Chennai,297.9952,96.64,154.9575,44.2639,coastal,DERIVED_PHYSICS_IMO_GHG2020_SEED42
V143,passenger,3504,16.4,81.6,876,MGO,1.28,R003,JNPA,Kochi,54.7933,53.41,37.2595,8.7738,coastal,DERIVED_PHYSICS_IMO_GHG2020_SEED42
V066,container_ship,31457,13.8,69.6,870,LNG,2.59,R004,Kochi,JNPA,161.1198,63.04,88.6159,24.9736,river_mouth,DERIVED_PHYSICS_IMO_GHG2020_SEED42
V044,container_ship,41157,17.9,90.9,359,HFO,1.26,R012,Mormugao,JNPA,149.2246,20.06,77.5968,22.1657,sea_passage,DERIVED_PHYSICS_IMO_GHG2020_SEED42
V144,passenger,4545,24.0,58.8,297,LNG,1.35,R007,JNPA,Kandla,36.107,12.38,19.8588,5.5966,coastal,DERIVED_PHYSICS_IMO_GHG2020_SEED42
V085,tanker,70614,14.6,74.0,347,LNG,2.7,R022,Mormugao,Mumbai,128.0964,23.77,70.453,19.8549,coastal,DERIVED_PHYSICS_IMO_GHG2020_SEED42
V105,tanker,59471,13.6,92.9,853,MGO,0.79,R037,Chennai,Kolkata_SMPK,246.5266,62.72,167.6381,39.4751,sea_passage,DERIVED_PHYSICS_IMO_GHG2020_SEED42
V149,ferry,536,17.4,88.6,700,LNG,0.93,R036,Paradip,Chennai,11.8931,40.23,6.5412,1.8434,sea_passage,DERIVED_PHYSICS_IMO_GHG2020_SEED42
V030,bulk_carrier,38293,15.7,76.2,313,MGO,2.56,R039,Visakhapatnam,Paradip,108.4419,19.94,73.7405,17.3643,coastal,DERIVED_PHYSICS_IMO_GHG2020_SEED42
V044,container_ship,41157,16.3,56.0,282,Methanol,3.44,R017,Mumbai,Kandla,214.8341,17.3,75.1919,12.3981,sea_passage,DERIVED_PHYSICS_IMO_GHG2020_SEED42
V141,passenger,3808,23.3,53.5,349,Hydrogen,0.56,R021,Mumbai,Mormugao,15.0478,14.98,48.1529,1.0834,river_mouth,DERIVED_PHYSICS_IMO_GHG2020_SEED42
V091,tanker,39649,11.6,80.6,277,HFO,1.96,R018,Kandla,Mumbai,54.7074,23.88,28.4479,8.1262,sea_passage,DERIVED_PHYSICS_IMO_GHG2020_SEED42
V059,container_ship,13324,16.6,66.6,17,MGO,1.71,R034,Kamarajar,Chennai,2.5842,1.02,1.7573,0.4138,sea_passage,DERIVED_PHYSICS_IMO_GHG2020_SEED42
V064,container_ship,26077,17.7,65.2,1179,LNG,2.89,R015,Mumbai,Chennai,326.059,66.61,179.3324,50.5391,sea_passage,DERIVED_PHYSICS_IMO_GHG2020_SEED42
V097,tanker,25705,13.3,50.6,419,MGO,0.86,R053,Kochi,Mormugao,54.9967,31.5,37.3978,8.8064,sea_passage,DERIVED_PHYSICS_IMO_GHG2020_SEED42
V022,bulk_carrier,27915,12.2,56.8,169,MGO,0.57,R055,New_Mangalore,Mormugao,20.1469,13.85,13.6999,3.226,sea_passage,DERIVED_PHYSICS_IMO_GHG2020_SEED42
V009,bulk_carrier,32714,11.0,62.8,761,HFO,2.02,R049,Tuticorin,Port_Blair,100.5267,69.18,52.2739,14.9321,coastal,DERIVED_PHYSICS_IMO_GHG2020_SEED42
V052,container_ship,35698,22.2,81.4,1196,HFO,3.2,R006,Chennai,JNPA,844.1049,53.87,438.9345,125.3825,sea_passage,DERIVED_PHYSICS_IMO_GHG2020_SEED42
V032,bulk_carrier,70130,11.2,66.6,364,HFO,0.77,R030,Tuticorin,Chennai,74.9409,32.5,38.9693,11.1317,sea_passage,DERIVED_PHYSICS_IMO_GHG2020_SEED42
V007,bulk_carrier,42726,14.9,93.2,529,MGO,1.89,R059,Mormugao,Kandla,155.7906,35.5,105.9376,24.946,sea_passage,DERIVED_PHYSICS_IMO_GHG2020_SEED42
V147,ferry,2604,15.0,84.6,507,LNG,2.61,R019,Mumbai,New_Mangalore,21.6811,33.8,11.9246,3.3606,coastal,DERIVED_PHYSICS_IMO_GHG2020_SEED42
V126,general_cargo,16177,13.8,53.3,491,HFO,1.01,R041,Visakhapatnam,Kolkata_SMPK,56.0416,35.58,29.1416,8.3244,sea_passage,DERIVED_PHYSICS_IMO_GHG2020_SEED42
V129,general_cargo,5817,13.2,75.0,856,HFO,3.26,R038,Kolkata_SMPK,Chennai,63.5724,64.85,33.0576,9.443,sea_passage,DERIVED_PHYSICS_IMO_GHG2020_SEED42
V085,tanker,70614,16.9,95.1,370,LNG,2.49,R029,Chennai,Tuticorin,189.358,21.89,104.1469,29.3505,river_mouth,DERIVED_PHYSICS_IMO_GHG2020_SEED42
V033,bulk_carrier,40297,13.4,61.1,491,HFO,1.94,R041,Visakhapatnam,Kolkata_SMPK,106.1883,36.64,55.2179,15.7731,coastal,DERIVED_PHYSICS_IMO_GHG2020_SEED42
V033,bulk_carrier,40297,12.8,76.1,217,LNG,2.53,R043,Paradip,Kolkata_SMPK,40.6395,16.95,22.3517,6.2991,sea_passage,DERIVED_PHYSICS_IMO_GHG2020_SEED42
V104,tanker,27184,10.0,88.0,18,MGO,0.38,R033,Chennai,Kamarajar,1.6149,1.8,1.0981,0.2586,river_mouth,DERIVED_PHYSICS_IMO_GHG2020_SEED42
V137,ro_ro,6851,18.6,50.2,1196,HFO,1.3,R006,Chennai,JNPA,140.8269,64.3,73.23,20.9183,sea_passage,DERIVED_PHYSICS_IMO_GHG2020_SEED42
V066,container_ship,31457,14.5,60.1,495,LNG,2.61,R042,Kolkata_SMPK,Visakhapatnam,87.9208,34.14,48.3565,13.6277,sea_passage,DERIVED_PHYSICS_IMO_GHG2020_SEED42
V126,general_cargo,16177,11.0,52.3,176,HFO,0.76,R056,Mormugao,New_Mangalore,11.7325,16.0,6.1009,1.7427,sea_passage,DERIVED_PHYSICS_IMO_GHG2020_SEED42
V061,container_ship,33687,15.4,86.8,853,Methanol,1.73,R037,Chennai,Kolkata_SMPK,476.9013,55.39,166.9155,27.522,sea_passage,DERIVED_PHYSICS_IMO_GHG2020_SEED42
V027,bulk_carrier,59816,12.2,82.8,1181,HFO,0.43,R016,Chennai,Mumbai,261.4911,96.8,135.9754,38.8416,river_mouth,DERIVED_PHYSICS_IMO_GHG2020_SEED42
V099,tanker,55620,14.8,60.1,364,MGO,2.05,R030,Tuticorin,Chennai,117.3586,24.59,79.8038,18.792,river_mouth,DERIVED_PHYSICS_IMO_GHG2020_SEED42
V005,bulk_carrier,47170,10.6,84.7,850,HFO,2.59,R014,Kochi,Mumbai,162.9421,80.19,84.7299,24.2033,sea_passage,DERIVED_PHYSICS_IMO_GHG2020_SEED42
V128,general_cargo,15648,15.4,100.0,507,HFO,0.43,R019,Mumbai,New_Mangalore,76.8237,32.92,39.9483,11.4113,sea_passage,DERIVED_PHYSICS_IMO_GHG2020_SEED42
V107,general_cargo,9058,10.2,72.7,282,MGO,3.11,R017,Mumbai,Kandla,14.1444,27.65,9.6182,2.2649,sea_passage,DERIVED_PHYSICS_IMO_GHG2020_SEED42
V145,passenger,3081,21.1,91.7,313,MGO,2.4,R039,Visakhapatnam,Paradip,35.9541,14.83,24.4488,5.7572,river_mouth,DERIVED_PHYSICS_IMO_GHG2020_SEED42
V111,general_cargo,19799,13.0,59.4,17,HFO,1.85,R034,Kamarajar,Chennai,2.128,1.31,1.1065,0.3161,sea_passage,DERIVED_PHYSICS_IMO_GHG2020_SEED42
V117,general_cargo,9258,13.6,73.4,311,HFO,3.05,R040,Paradip,Visakhapatnam,34.0514,22.87,17.7067,5.058,sea_passage,DERIVED_PHYSICS_IMO_GHG2020_SEED42
V107,general_cargo,9058,9.9,68.1,22,MGO,1.57,R002,Mumbai,JNPA,0.8993,2.22,0.6115,0.144,sea_passage,DERIVED_PHYSICS_IMO_GHG2020_SEED42
V057,container_ship,30177,17.9,78.1,364,Methanol,1.16,R030,Tuticorin,Chennai,238.3264,20.34,83.4143,13.7538,sea_passage,DERIVED_PHYSICS_IMO_GHG2020_SEED42
V130,general_cargo,15643,10.2,54.4,521,HFO,1.87,R060,Kandla,Mormugao,32.3591,51.08,16.8267,4.8066,sea_passage,DERIVED_PHYSICS_IMO_GHG2020_SEED42
V130,general_cargo,15643,11.6,72.4,491,MGO,3.33,R041,Visakhapatnam,Kolkata_SMPK,42.3147,42.33,28.774,6.7756,coastal,DERIVED_PHYSICS_IMO_GHG2020_SEED42
V124,general_cargo,16581,14.5,71.0,856,MGO,0.79,R038,Kolkata_SMPK,Chennai,108.3583,59.03,73.6836,17.3509,river_mouth,DERIVED_PHYSICS_IMO_GHG2020_SEED42
V013,bulk_carrier,60013,13.3,75.2,313,LNG,1.78,R039,Visakhapatnam,Paradip,79.291,23.53,43.61,12.2901,sea_passage,DERIVED_PHYSICS_IMO_GHG2020_SEED42
V128,general_cargo,15648,13.5,96.9,1190,HFO,1.06,R005,JNPA,Chennai,146.3534,88.15,76.1038,21.7392,river_mouth,DERIVED_PHYSICS_IMO_GHG2020_SEED42
V093,tanker,39701,13.4,58.6,282,HFO,2.29,R017,Mumbai,Kandla,68.2621,21.04,35.4963,10.1396,coastal,DERIVED_PHYSICS_IMO_GHG2020_SEED42
V097,tanker,25705,16.3,60.7,1181,HFO,2.04,R016,Chennai,Mumbai,281.3926,72.45,146.3242,41.7978,coastal,DERIVED_PHYSICS_IMO_GHG2020_SEED42
V134,ro_ro,8843,16.3,50.6,422,LNG,0.88,R054,Mormugao,Kochi,34.8303,25.89,19.1566,5.3987,sea_passage,DERIVED_PHYSICS_IMO_GHG2020_SEED42
V075,tanker,55666,13.7,89.0,359,HFO,1.11,R012,Mormugao,JNPA,104.2541,26.2,54.2121,15.4858,sea_passage,DERIVED_PHYSICS_IMO_GHG2020_SEED42
V079,tanker,55468,12.8,78.2,297,HFO,1.52,R007,JNPA,Kandla,80.576,23.2,41.8995,11.9687,sea_passage,DERIVED_PHYSICS_IMO_GHG2020_SEED42
V112,general_cargo,17758,14.0,87.7,1181,MGO,1.44,R016,Chennai,Mumbai,166.9926,84.36,113.5549,26.7397,coastal,DERIVED_PHYSICS_IMO_GHG2020_SEED42
V064,container_ship,26077,15.4,68.8,176,HFO,1.02,R056,Mormugao,New_Mangalore,40.7192,11.43,21.174,6.0484,sea_passage,DERIVED_PHYSICS_IMO_GHG2020_SEED42
V117,general_cargo,9258,14.3,89.6,797,HFO,2.38,R051,Chennai,Port_Blair,89.6244,55.73,46.6047,13.3127,river_mouth,DERIVED_PHYSICS_IMO_GHG2020_SEED42
V007,bulk_carrier,42726,14.1,60.3,542,LNG,2.38,R024,Chennai,Kochi,118.8251,38.44,65.3538,18.4179,sea_passage,DERIVED_PHYSICS_IMO_GHG2020_SEED42
V028,bulk_carrier,56514,13.0,95.8,518,LNG,3.34,R009,JNPA,New_Mangalore,144.982,39.85,79.7401,22.4722,river_mouth,DERIVED_PHYSICS_IMO_GHG2020_SEED42
V124,general_cargo,16581,10.4,81.9,761,MGO,0.87,R049,Tuticorin,Port_Blair,51.4876,73.17,35.0115,8.2444,sea_passage,DERIVED_PHYSICS_IMO_GHG2020_SEED42
V023,bulk_carrier,58095,12.3,50.5,761,LNG,1.05,R049,Tuticorin,Port_Blair,130.2897,61.87,71.6593,20.1949,sea_passage,DERIVED_PHYSICS_IMO_GHG2020_SEED42
V126,general_cargo,16177,15.2,72.4,692,HFO,1.13,R035,Chennai,Paradip,99.8897,45.53,51.9426,14.8375,sea_passage,DERIVED_PHYSICS_IMO_GHG2020_SEED42
V129,general_cargo,5817,15.1,85.7,396,MGO,1.91,R031,Chennai,Visakhapatnam,28.2052,26.23,19.1796,4.5164,sea_passage,DERIVED_PHYSICS_IMO_GHG2020_SEED42
V016,bulk_carrier,58242,12.5,92.1,176,LNG,2.36,R056,Mormugao,New_Mangalore,40.1556,14.08,22.0856,6.2241,sea_passage,DERIVED_PHYSICS_IMO_GHG2020_SEED42
V108,general_cargo,7216,13.6,58.1,1179,MGO,2.43,R015,Mumbai,Chennai,79.2073,86.69,53.861,12.6831,coastal,DERIVED_PHYSICS_IMO_GHG2020_SEED42
V024,bulk_carrier,45319,12.2,91.8,24,LNG,2.51,R001,JNPA,Mumbai,4.3347,1.97,2.3841,0.6719,sea_passage,DERIVED_PHYSICS_IMO_GHG2020_SEED42
V080,tanker,50271,16.6,61.4,419,MGO,1.59,R057,Kamarajar,Visakhapatnam,145.5735,25.24,98.99,23.31,sea_passage,DERIVED_PHYSICS_IMO_GHG2020_SEED42
V111,general_cargo,19799,12.3,56.3,276,HFO,0.55,R048,Mumbai,Kandla,26.7723,22.44,13.9216,3.9767,coastal,DERIVED_PHYSICS_IMO_GHG2020_SEED42
V105,tanker,59471,11.8,55.8,311,LNG,1.09,R040,Paradip,Visakhapatnam,53.1607,26.36,29.2384,8.2399,coastal,DERIVED_PHYSICS_IMO_GHG2020_SEED42
V136,ro_ro,4206,13.7,51.6,538,MGO,2.21,R023,Kochi,Chennai,26.5784,39.27,18.0733,4.2559,sea_passage,DERIVED_PHYSICS_IMO_GHG2020_SEED42
V115,general_cargo,11634,11.9,98.3,290,HFO,1.81,R046,JNPA,Kandla,26.9014,24.37,13.9887,3.9959,sea_passage,DERIVED_PHYSICS_IMO_GHG2020_SEED42
V120,general_cargo,16651,12.6,79.2,364,MGO,2.39,R030,Tuticorin,Chennai,43.2259,28.89,29.3936,6.9215,sea_passage,DERIVED_PHYSICS_IMO_GHG2020_SEED42
V057,container_ship,30177,23.2,60.8,297,HFO,0.3,R007,JNPA,Kandla,144.5126,12.8,75.1465,21.4658,sea_passage,DERIVED_PHYSICS_IMO_GHG2020_SEED42
V121,general_cargo,14844,11.2,96.0,495,MGO,1.76,R042,Kolkata_SMPK,Visakhapatnam,41.408,44.2,28.1575,6.6305,sea_passage,DERIVED_PHYSICS_IMO_GHG2020_SEED42
V099,tanker,55620,12.5,86.8,406,LNG,0.56,R032,Visakhapatnam,Chennai,73.6403,32.48,40.5022,11.4142,coastal,DERIVED_PHYSICS_IMO_GHG2020_SEED42
V010,bulk_carrier,41291,9.7,85.2,859,HFO,1.92,R013,Mumbai,Kochi,108.7529,88.56,56.5515,16.154,sea_passage,DERIVED_PHYSICS_IMO_GHG2020_SEED42
V025,bulk_carrier,26135,8.7,60.3,348,MGO,1.13,R027,Kochi,New_Mangalore,20.7343,40.0,14.0993,3.3201,sea_passage,DERIVED_PHYSICS_IMO_GHG2020_SEED42
V047,container_ship,41892,15.7,66.4,491,MGO,0.63,R041,Visakhapatnam,Kolkata_SMPK,128.172,31.27,87.157,20.5235,sea_passage,DERIVED_PHYSICS_IMO_GHG2020_SEED42
V009,bulk_carrier,32714,13.1,96.9,311,LNG,1.07,R040,Paradip,Visakhapatnam,47.8019,23.74,26.291,7.4093,sea_passage,DERIVED_PHYSICS_IMO_GHG2020_SEED42
V068,container_ship,37761,13.9,82.8,507,HFO,0.82,R019,Mumbai,New_Mangalore,111.7411,36.47,58.1054,16.5979,sea_passage,DERIVED_PHYSICS_IMO_GHG2020_SEED42
V048,container_ship,21724,18.8,73.6,396,LNG,1.29,R031,Chennai,Visakhapatnam,97.312,21.06,53.5216,15.0834,sea_passage,DERIVED_PHYSICS_IMO_GHG2020_SEED42
V114,general_cargo,17380,13.2,83.2,229,HFO,1.33,R044,Kolkata_SMPK,Paradip,27.858,17.35,14.4861,4.138,sea_passage,DERIVED_PHYSICS_IMO_GHG2020_SEED42
V062,container_ship,34470,19.5,71.6,277,LNG,2.73,R018,Kandla,Mumbai,104.157,14.21,57.2863,16.1443,sea_passage,DERIVED_PHYSICS_IMO_GHG2020_SEED42
V027,bulk_carrier,59816,11.5,76.7,349,MGO,1.51,R021,Mumbai,Mormugao,71.8241,30.35,48.8404,11.5008,sea_passage,DERIVED_PHYSICS_IMO_GHG2020_SEED42
V076,tanker,28632,17.2,70.5,277,HFO,0.56,R018,Kandla,Mumbai,71.8092,16.1,37.3408,10.6665,sea_passage,DERIVED_PHYSICS_IMO_GHG2020_SEED42
V138,ro_ro,6679,13.7,67.0,276,MGO,2.69,R047,Kandla,Mumbai,21.4688,20.15,14.5988,3.4377,sea_passage,DERIVED_PHYSICS_IMO_GHG2020_SEED42
V118,general_cargo,14985,11.2,71.0,528,HFO,1.43,R010,New_Mangalore,JNPA,44.9674,47.14,23.383,6.6794,sea_passage,DERIVED_PHYSICS_IMO_GHG2020_SEED42
V119,general_cargo,18455,12.3,81.5,538,HFO,1.1,R023,Kochi,Chennai,53.9484,43.74,28.0532,8.0134,sea_passage,DERIVED_PHYSICS_IMO_GHG2020_SEED42
V074,tanker,68994,11.4,99.0,347,LNG,1.19,R022,Mormugao,Mumbai,75.7596,30.44,41.6678,11.7427,sea_passage,DERIVED_PHYSICS_IMO_GHG2020_SEED42
V147,ferry,2604,13.1,87.6,406,MGO,2.34,R032,Visakhapatnam,Chennai,13.7971,30.99,9.382,2.2093,sea_passage,DERIVED_PHYSICS_IMO_GHG2020_SEED42
V116,general_cargo,6658,13.8,75.2,359,HFO,2.77,R012,Mormugao,JNPA,29.5977,26.01,15.3908,4.3964,coastal,DERIVED_PHYSICS_IMO_GHG2020_SEED42
V140,passenger,1902,19.6,81.6,364,MGO,2.69,R030,Tuticorin,Chennai,23.4022,18.57,15.9135,3.7473,sea_passage,DERIVED_PHYSICS_IMO_GHG2020_SEED42
V120,general_cargo,16651,11.9,69.6,850,MGO,2.66,R014,Kochi,Mumbai,88.5201,71.43,60.1937,14.1743,river_mouth,DERIVED_PHYSICS_IMO_GHG2020_SEED42
V134,ro_ro,8843,16.7,87.7,700,LNG,2.32,R036,Paradip,Chennai,80.7303,41.92,44.4016,12.5132,sea_passage,DERIVED_PHYSICS_IMO_GHG2020_SEED42
V084,tanker,23117,16.6,84.2,1181,HFO,0.93,R016,Chennai,Mumbai,279.5995,71.14,145.3918,41.5314,coastal,DERIVED_PHYSICS_IMO_GHG2020_SEED42
V075,tanker,55666,13.3,77.9,183,LNG,1.83,R026,Tuticorin,Kochi,42.9054,13.76,23.598,6.6503,river_mouth,DERIVED_PHYSICS_IMO_GHG2020_SEED42
V124,general_cargo,16581,14.1,88.9,521,HFO,2.76,R060,Kandla,Mormugao,88.3449,36.95,45.9394,13.1227,river_mouth,DERIVED_PHYSICS_IMO_GHG2020_SEED42
V003,bulk_carrier,64303,11.0,63.7,406,LNG,1.2,R032,Visakhapatnam,Chennai,67.4351,36.91,37.0893,10.4524,sea_passage,DERIVED_PHYSICS_IMO_GHG2020_SEED42
V105,tanker,59471,14.0,97.6,286,MGO,1.71,R045,Kandla,JNPA,86.0483,20.43,58.5129,13.7785,sea_passage,DERIVED_PHYSICS_IMO_GHG2020_SEED42
V099,tanker,55620,15.7,76.3,17,LNG,1.87,R034,Kamarajar,Chennai,5.1456,1.08,2.8301,0.7976,sea_passage,DERIVED_PHYSICS_IMO_GHG2020_SEED42
V118,general_cargo,14985,11.9,64.1,276,HFO,1.63,R048,Mumbai,Kandla,24.8904,23.19,12.943,3.6972,sea_passage,DERIVED_PHYSICS_IMO_GHG2020_SEED42
V136,ro_ro,4206,13.6,71.4,364,LNG,0.73,R030,Tuticorin,Chennai,14.1838,26.76,7.8011,2.1985,sea_passage,DERIVED_PHYSICS_IMO_GHG2020_SEED42
V044,container_ship,41157,16.0,63.4,411,MGO,1.81,R058,Visakhapatnam,Kamarajar,116.3433,25.69,79.1134,18.6295,coastal,DERIVED_PHYSICS_IMO_GHG2020_SEED42
V093,tanker,39701,11.7,97.7,24,MGO,1.34,R001,JNPA,Mumbai,4.2357,2.05,2.8803,0.6782,coastal,DERIVED_PHYSICS_IMO_GHG2020_SEED42
V073,tanker,47233,10.8,72.2,856,LNG,0.52,R038,Kolkata_SMPK,Chennai,107.056,79.26,58.8808,16.5937,sea_passage,DERIVED_PHYSICS_IMO_GHG2020_SEED42
V085,tanker,70614,13.2,96.2,757,MGO,0.75,R050,Port_Blair,Tuticorin,225.1625,57.35,153.1105,36.0541,sea_passage,DERIVED_PHYSICS_IMO_GHG2020_SEED42
V085,tanker,70614,12.7,54.7,1179,LNG,2.4,R015,Mumbai,Chennai,306.4597,92.83,168.5528,47.5012,sea_passage,DERIVED_PHYSICS_IMO_GHG2020_SEED42
V103,tanker,67954,12.2,51.7,18,LNG,0.76,R033,Chennai,Kamarajar,3.0042,1.48,1.6523,0.4657,sea_passage,DERIVED_PHYSICS_IMO_GHG2020_SEED42
V146,ferry,1735,14.3,64.8,406,Shore_Power,0.77,R032,Visakhapatnam,Chennai,130.4989,28.39,15.6599,0.3852,sea_passage,DERIVED_PHYSICS_IMO_GHG2020_SEED42
V082,tanker,54273,15.1,64.6,518,LNG,1.94,R009,JNPA,New_Mangalore,145.151,34.3,79.833,22.4984,coastal,DERIVED_PHYSICS_IMO_GHG2020_SEED42
V093,tanker,39701,14.7,77.0,507,MGO,2.02,R019,Mumbai,New_Mangalore,144.108,34.49,97.9935,23.0753,sea_passage,DERIVED_PHYSICS_IMO_GHG2020_SEED42
V128,general_cargo,15648,13.3,91.4,505,HFO,1.06,R020,New_Mangalore,Mumbai,60.1959,37.97,31.3019,8.9414,sea_passage,DERIVED_PHYSICS_IMO_GHG2020_SEED42
V022,bulk_carrier,27915,10.3,83.2,349,LNG,1.04,R021,Mumbai,Mormugao,29.7578,33.88,16.3668,4.6125,sea_passage,DERIVED_PHYSICS_IMO_GHG2020_SEED42
V147,ferry,2604,11.4,76.1,521,Hydrogen,2.65,R060,Kandla,Mormugao,5.2528,45.7,16.8089,0.3782,sea_passage,DERIVED_PHYSICS_IMO_GHG2020_SEED42
V110,general_cargo,16704,11.2,54.8,876,HFO,0.38,R003,JNPA,Kochi,68.1704,78.21,35.4486,10.126,sea_passage,DERIVED_PHYSICS_IMO_GHG2020_SEED42
V115,general_cargo,11634,13.3,83.2,24,MGO,1.7,R001,JNPA,Mumbai,2.3353,1.8,1.588,0.3739,river_mouth,DERIVED_PHYSICS_IMO_GHG2020_SEED42
V101,tanker,56969,10.1,62.2,349,HFO,3.05,R021,Mumbai,Mormugao,64.2647,34.55,33.4176,9.5458,river_mouth,DERIVED_PHYSICS_IMO_GHG2020_SEED42
V097,tanker,25705,16.4,67.2,277,MGO,2.59,R018,Kandla,Mumbai,71.19,16.89,48.4092,11.3993,sea_passage,DERIVED_PHYSICS_IMO_GHG2020_SEED42
V009,bulk_carrier,32714,11.3,79.0,297,HFO,3.0,R007,JNPA,Kandla,48.5934,26.28,25.2686,7.218,coastal,DERIVED_PHYSICS_IMO_GHG2020_SEED42
V056,container_ship,38751,14.5,67.0,700,Methanol,3.22,R036,Paradip,Chennai,420.0044,48.28,147.0016,24.2385,sea_passage,DERIVED_PHYSICS_IMO_GHG2020_SEED42
V110,general_cargo,16704,10.5,96.4,349,HFO,2.85,R021,Mumbai,Mormugao,37.7285,33.24,19.6188,5.6042,sea_passage,DERIVED_PHYSICS_IMO_GHG2020_SEED42
V076,tanker,28632,14.1,90.9,419,MGO,2.11,R057,Kamarajar,Visakhapatnam,91.2656,29.72,62.0606,14.6139,coastal,DERIVED_PHYSICS_IMO_GHG2020_SEED42
V041,bulk_carrier,49332,12.0,56.4,229,MGO,0.64,R044,Kolkata_SMPK,Paradip,39.4286,19.08,26.8115,6.3135,sea_passage,DERIVED_PHYSICS_IMO_GHG2020_SEED42
V023,bulk_carrier,58095,12.7,63.5,169,MGO,2.53,R055,New_Mangalore,Mormugao,42.4762,13.31,28.8838,6.8015,sea_passage,DERIVED_PHYSICS_IMO_GHG2020_SEED42
V127,general_cargo,7328,10.7,66.5,359,HFO,0.35,R012,Mormugao,JNPA,13.9071,33.55,7.2317,2.0657,coastal,DERIVED_PHYSICS_IMO_GHG2020_SEED42
V068,container_ship,37761,18.9,79.2,870,LNG,1.91,R004,Kochi,JNPA,351.8878,46.03,193.5383,54.5426,sea_passage,DERIVED_PHYSICS_IMO_GHG2020_SEED42
V142,passenger,4149,22.3,89.0,276,MGO,2.79,R048,Mumbai,Kandla,43.0735,12.38,29.29,6.8971,sea_passage,DERIVED_PHYSICS_IMO_GHG2020_SEED42
V050,container_ship,17470,20.5,50.1,419,Methanol,0.92,R053,Kochi,Mormugao,221.5038,20.44,77.5263,12.783,coastal,DERIVED_PHYSICS_IMO_GHG2020_SEED42
V109,general_cargo,10749,10.7,77.9,24,HFO,2.34,R001,JNPA,Mumbai,1.5217,2.24,0.7913,0.226,sea_passage,DERIVED_PHYSICS_IMO_GHG2020_SEED42
V034,bulk_carrier,62925,11.2,81.8,1179,MGO,0.99,R015,Mumbai,Chennai,238.2722,105.27,162.0251,38.1533,river_mouth,DERIVED_PHYSICS_IMO_GHG2020_SEED42
V034,bulk_carrier,62925,15.4,64.6,491,HFO,2.59,R041,Visakhapatnam,Kolkata_SMPK,208.5148,31.88,108.4277,30.9726,sea_passage,DERIVED_PHYSICS_IMO_GHG2020_SEED42
V017,bulk_carrier,47945,11.0,68.5,422,LNG,3.35,R054,Mormugao,Kochi,64.5494,38.36,35.5022,10.0052,sea_passage,DERIVED_PHYSICS_IMO_GHG2020_SEED42
V036,bulk_carrier,45790,10.8,59.6,1181,HFO,1.19,R016,Chennai,Mumbai,170.9324,109.35,88.8849,25.3901,sea_passage,DERIVED_PHYSICS_IMO_GHG2020_SEED42
V101,tanker,56969,13.6,93.6,419,MGO,0.81,R053,Kochi,Mormugao,127.2234,30.81,86.5119,20.3717,sea_passage,DERIVED_PHYSICS_IMO_GHG2020_SEED42
V049,container_ship,19734,19.6,75.8,276,LNG,0.46,R048,Mumbai,Kandla,62.5145,14.08,34.383,9.6898,sea_passage,DERIVED_PHYSICS_IMO_GHG2020_SEED42
V083,tanker,42416,15.5,64.4,491,MGO,1.9,R041,Visakhapatnam,Kolkata_SMPK,122.8478,31.68,83.5365,19.671,sea_passage,DERIVED_PHYSICS_IMO_GHG2020_SEED42
V025,bulk_carrier,26135,10.5,96.5,169,HFO,1.01,R055,New_Mangalore,Mormugao,17.9288,16.1,9.323,2.6631,sea_passage,DERIVED_PHYSICS_IMO_GHG2020_SEED42
V073,tanker,47233,13.7,52.1,1179,MGO,2.28,R015,Mumbai,Chennai,297.9687,86.06,202.6187,47.7122,river_mouth,DERIVED_PHYSICS_IMO_GHG2020_SEED42
V008,bulk_carrier,34731,10.4,62.3,853,MGO,3.28,R037,Chennai,Kolkata_SMPK,113.4701,82.02,77.1597,18.1694,sea_passage,DERIVED_PHYSICS_IMO_GHG2020_SEED42
V005,bulk_carrier,47170,12.6,78.4,277,HFO,2.11,R018,Kandla,Mumbai,66.2262,21.98,34.4376,9.8372,sea_passage,DERIVED_PHYSICS_IMO_GHG2020_SEED42
V051,container_ship,9661,14.7,80.7,217,HFO,3.12,R043,Paradip,Kolkata_SMPK,27.7512,14.76,14.4306,4.1221,sea_passage,DERIVED_PHYSICS_IMO_GHG2020_SEED42
V065,container_ship,18598,17.8,95.1,169,MGO,0.68,R055,New_Mangalore,Mormugao,37.7551,9.49,25.6735,6.0455,coastal,DERIVED_PHYSICS_IMO_GHG2020_SEED42
V107,general_cargo,9058,11.2,69.8,507,HFO,2.86,R019,Mumbai,New_Mangalore,34.6659,45.27,18.0263,5.1492,sea_passage,DERIVED_PHYSICS_IMO_GHG2020_SEED42
V103,tanker,67954,11.0,84.4,757,LNG,1.32,R050,Port_Blair,Tuticorin,149.7789,68.82,82.3784,23.2157,river_mouth,DERIVED_PHYSICS_IMO_GHG2020_SEED42
V023,bulk_carrier,58095,14.2,66.1,495,HFO,1.06,R042,Kolkata_SMPK,Visakhapatnam,146.9608,34.86,76.4196,21.8294,sea_passage,DERIVED_PHYSICS_IMO_GHG2020_SEED42
V043,container_ship,27264,19.3,63.9,419,Methanol,0.68,R053,Kochi,Mormugao,272.3478,21.71,95.3217,15.7172,sea_passage,DERIVED_PHYSICS_IMO_GHG2020_SEED42
V099,tanker,55620,15.7,67.5,692,LNG,1.08,R035,Chennai,Paradip,186.3128,44.08,102.472,28.8785,coastal,DERIVED_PHYSICS_IMO_GHG2020_SEED42
V129,general_cargo,5817,10.9,94.5,189,MGO,2.75,R025,Kochi,Tuticorin,8.2908,17.34,5.6377,1.3276,sea_passage,DERIVED_PHYSICS_IMO_GHG2020_SEED42
V059,container_ship,13324,11.4,75.4,419,Methanol,1.21,R053,Kochi,Mormugao,62.1211,36.75,21.7424,3.585,river_mouth,DERIVED_PHYSICS_IMO_GHG2020_SEED42
V038,bulk_carrier,33529,16.1,75.2,169,LNG,2.98,R055,New_Mangalore,Mormugao,43.9539,10.5,24.1746,6.8129,sea_passage,DERIVED_PHYSICS_IMO_GHG2020_SEED42
V143,passenger,3504,19.3,96.2,396,MGO,0.87,R031,Chennai,Visakhapatnam,38.5693,20.52,26.2271,6.1759,river_mouth,DERIVED_PHYSICS_IMO_GHG2020_SEED42
V124,general_cargo,16581,13.6,53.0,856,HFO,0.55,R038,Kolkata_SMPK,Chennai,97.8755,62.94,50.8953,14.5383,sea_passage,DERIVED_PHYSICS_IMO_GHG2020_SEED42
V090,tanker,33954,13.1,73.7,876,HFO,2.68,R003,JNPA,Kochi,208.734,66.87,108.5417,31.0051,sea_passage,DERIVED_PHYSICS_IMO_GHG2020_SEED42
V146,ferry,1735,12.1,88.2,290,LNG,1.41,R046,JNPA,Kandla,5.3798,23.97,2.9589,0.8339,sea_passage,DERIVED_PHYSICS_IMO_GHG2020_SEED42
V031,bulk_carrier,60844,12.6,91.5,538,HFO,1.94,R023,Kochi,Chennai,151.6549,42.7,78.8606,22.5267,sea_passage,DERIVED_PHYSICS_IMO_GHG2020_SEED42
V123,general_cargo,17741,9.7,92.2,507,MGO,1.54,R019,Mumbai,New_Mangalore,34.8681,52.27,23.7103,5.5833,sea_passage,DERIVED_PHYSICS_IMO_GHG2020_SEED42
V063,container_ship,12578,20.8,95.8,406,LNG,1.26,R032,Visakhapatnam,Chennai,85.3691,19.52,46.953,13.2322,sea_passage,DERIVED_PHYSICS_IMO_GHG2020_SEED42
V065,container_ship,18598,23.3,57.5,507,Methanol,2.26,R019,Mumbai,New_Mangalore,422.4887,21.76,147.8711,24.3818,coastal,DERIVED_PHYSICS_IMO_GHG2020_SEED42
V048,container_ship,21724,19.7,86.6,529,Methanol,2.17,R059,Mormugao,Kandla,427.6937,26.85,149.6928,24.6822,sea_passage,DERIVED_PHYSICS_IMO_GHG2020_SEED42
V126,general_cargo,16177,10.5,69.8,396,MGO,2.95,R031,Chennai,Visakhapatnam,36.0559,37.71,24.518,5.7734,sea_passage,DERIVED_PHYSICS_IMO_GHG2020_SEED42
V148,ferry,932,12.0,83.5,276,LNG,1.9,R048,Mumbai,Kandla,3.4597,23.0,1.9029,0.5363,coastal,DERIVED_PHYSICS_IMO_GHG2020_SEED42
V135,ro_ro,7575,13.4,87.5,358,MGO,2.25,R011,JNPA,Mormugao,27.7689,26.72,18.8829,4.4465,sea_passage,DERIVED_PHYSICS_IMO_GHG2020_SEED42
V007,bulk_carrier,42726,16.2,51.7,290,HFO,2.31,R008,Kandla,JNPA,104.2723,17.9,54.2216,15.4885,sea_passage,DERIVED_PHYSICS_IMO_GHG2020_SEED42
V085,tanker,70614,13.9,59.5,528,LNG,2.87,R010,New_Mangalore,JNPA,161.9768,37.99,89.0872,25.1064,coastal,DERIVED_PHYSICS_IMO_GHG2020_SEED42
V138,ro_ro,6679,14.3,92.0,757,MGO,2.04,R050,Port_Blair,Tuticorin,62.3373,52.94,42.3894,9.9818,coastal,DERIVED_PHYSICS_IMO_GHG2020_SEED42
V133,ro_ro,11514,15.5,71.3,491,LNG,2.15,R041,Visakhapatnam,Kolkata_SMPK,56.217,31.68,30.9194,8.7136,sea_passage,DERIVED_PHYSICS_IMO_GHG2020_SEED42
V004,bulk_carrier,71338,14.1,70.0,290,LNG,1.75,R046,JNPA,Kandla,92.7036,20.57,50.987,14.3691,river_mouth,DERIVED_PHYSICS_IMO_GHG2020_SEED42
V071,tanker,72064,12.0,58.8,313,HFO,2.51,R039,Visakhapatnam,Paradip,83.4278,26.08,43.3825,12.3923,sea_passage,DERIVED_PHYSICS_IMO_GHG2020_SEED42
V061,container_ship,33687,15.9,94.6,276,MGO,1.72,R047,Kandla,Mumbai,76.7738,17.36,52.2062,12.2934,sea_passage,DERIVED_PHYSICS_IMO_GHG2020_SEED42
V077,tanker,37083,9.8,68.4,505,MGO,1.81,R020,New_Mangalore,Mumbai,59.2485,51.53,40.289,9.4872,sea_passage,DERIVED_PHYSICS_IMO_GHG2020_SEED42
V017,bulk_carrier,47945,10.0,67.6,692,HFO,0.68,R035,Chennai,Paradip,89.0474,69.2,46.3047,13.227,sea_passage,DERIVED_PHYSICS_IMO_GHG2020_SEED42
V083,tanker,42416,15.5,81.1,358,LNG,0.61,R011,JNPA,Mormugao,78.7117,23.1,43.2914,12.2003,river_mouth,DERIVED_PHYSICS_IMO_GHG2020_SEED42
V130,general_cargo,15643,11.0,55.4,286,MGO,2.61,R045,Kandla,JNPA,24.4346,26.0,16.6155,3.9126,coastal,DERIVED_PHYSICS_IMO_GHG2020_SEED42
V035,bulk_carrier,56365,13.1,98.9,297,MGO,0.53,R007,JNPA,Kandla,75.278,22.67,51.189,12.0539,coastal,DERIVED_PHYSICS_IMO_GHG2020_SEED42
V024,bulk_carrier,45319,11.5,69.2,229,MGO,1.2,R044,Kolkata_SMPK,Paradip,33.6428,19.91,22.8771,5.3871,sea_passage,DERIVED_PHYSICS_IMO_GHG2020_SEED42
V105,tanker,59471,12.4,77.6,700,HFO,1.27,R036,Paradip,Chennai,168.6645,56.45,87.7056,25.0533,sea_passage,DERIVED_PHYSICS_IMO_GHG2020_SEED42
V140,passenger,1902,24.6,67.5,411,LNG,0.31,R058,Visakhapatnam,Kamarajar,29.7018,16.71,16.336,4.6038,coastal,DERIVED_PHYSICS_IMO_GHG2020_SEED42
V148,ferry,932,15.2,83.1,311,MGO,0.77,R040,Paradip,Visakhapatnam,6.8722,20.46,4.6731,1.1004,sea_passage,DERIVED_PHYSICS_IMO_GHG2020_SEED42
V089,tanker,35987,9.6,93.3,290,HFO,1.87,R008,Kandla,JNPA,34.1594,30.21,17.7629,5.074,coastal,DERIVED_PHYSICS_IMO_GHG2020_SEED42
V075,tanker,55666,11.6,71.4,521,LNG,1.2,R060,Kandla,Mormugao,84.655,44.91,46.5602,13.1215,sea_passage,DERIVED_PHYSICS_IMO_GHG2020_SEED42
V148,ferry,932,15.8,67.8,528,Shore_Power,0.72,R010,New_Mangalore,JNPA,154.5296,33.42,18.5436,0.4562,coastal,DERIVED_PHYSICS_IMO_GHG2020_SEED42
V132,ro_ro,8727,18.3,74.6,277,MGO,2.74,R018,Kandla,Mumbai,45.0974,15.14,30.6662,7.2212,sea_passage,DERIVED_PHYSICS_IMO_GHG2020_SEED42
V144,passenger,4545,19.6,58.7,359,LNG,2.8,R012,Mormugao,JNPA,34.5466,18.32,19.0007,5.3547,sea_passage,DERIVED_PHYSICS_IMO_GHG2020_SEED42
V140,passenger,1902,20.0,85.9,542,Hydrogen,1.46,R024,Chennai,Kochi,14.2532,27.1,45.6102,1.0262,coastal,DERIVED_PHYSICS_IMO_GHG2020_SEED42
V032,bulk_carrier,70130,11.3,90.0,396,HFO,0.71,R031,Chennai,Visakhapatnam,87.783,35.04,45.6471,13.0392,sea_passage,DERIVED_PHYSICS_IMO_GHG2020_SEED42
V060,container_ship,33073,12.3,55.2,870,Methanol,2.97,R004,Kochi,JNPA,308.92,70.73,108.122,17.8278,river_mouth,DERIVED_PHYSICS_IMO_GHG2020_SEED42
V019,bulk_carrier,63249,12.9,81.4,518,HFO,0.89,R009,JNPA,New_Mangalore,145.7381,40.16,75.7838,21.6478,sea_passage,DERIVED_PHYSICS_IMO_GHG2020_SEED42
V139,passenger,2268,18.9,59.9,411,Hydrogen,2.28,R058,Visakhapatnam,Kamarajar,9.1674,21.75,29.3356,0.6601,sea_passage,DERIVED_PHYSICS_IMO_GHG2020_SEED42
V105,tanker,59471,10.9,82.7,290,LNG,2.86,R008,Kandla,JNPA,48.3949,26.61,26.6172,7.5012,sea_passage,DERIVED_PHYSICS_IMO_GHG2020_SEED42
V014,bulk_carrier,44373,13.5,55.5,18,HFO,0.97,R033,Chennai,Kamarajar,3.7522,1.33,1.9512,0.5574,coastal,DERIVED_PHYSICS_IMO_GHG2020_SEED42
V048,container_ship,21724,21.4,50.4,529,HFO,0.89,R059,Mormugao,Kandla,173.8433,24.72,90.3985,25.8225,sea_passage,DERIVED_PHYSICS_IMO_GHG2020_SEED42
V030,bulk_carrier,38293,16.5,57.6,700,MGO,1.93,R036,Paradip,Chennai,194.8208,42.42,132.4781,31.1957,coastal,DERIVED_PHYSICS_IMO_GHG2020_SEED42
V136,ro_ro,4206,17.2,69.9,364,HFO,2.41,R030,Tuticorin,Chennai,32.6902,21.16,16.9989,4.8558,coastal,DERIVED_PHYSICS_IMO_GHG2020_SEED42
V007,bulk_carrier,42726,13.6,94.3,797,MGO,0.41,R051,Chennai,Port_Blair,183.6634,58.6,124.8911,29.4091,sea_passage,DERIVED_PHYSICS_IMO_GHG2020_SEED42
V028,bulk_carrier,56514,13.3,57.7,870,MGO,1.21,R004,Kochi,JNPA,207.5515,65.41,141.135,33.2342,sea_passage,DERIVED_PHYSICS_IMO_GHG2020_SEED42
V144,passenger,4545,23.5,61.4,521,LNG,3.48,R060,Kandla,Mormugao,76.2772,22.17,41.9525,11.823,coastal,DERIVED_PHYSICS_IMO_GHG2020_SEED42
V104,tanker,27184,11.7,56.5,876,HFO,0.68,R003,JNPA,Kochi,101.1708,74.87,52.6088,15.0278,sea_passage,DERIVED_PHYSICS_IMO_GHG2020_SEED42
V010,bulk_carrier,41291,14.0,73.2,169,HFO,3.27,R055,New_Mangalore,Mormugao,48.2496,12.07,25.0898,7.167,sea_passage,DERIVED_PHYSICS_IMO_GHG2020_SEED42
V036,bulk_carrier,45790,11.1,63.5,1181,HFO,0.89,R016,Chennai,Mumbai,195.5602,106.4,101.6913,29.0483,sea_passage,DERIVED_PHYSICS_IMO_GHG2020_SEED42
V110,general_cargo,16704,11.1,98.9,797,MGO,0.89,R051,Chennai,Port_Blair,64.6806,71.8,43.9828,10.357,sea_passage,DERIVED_PHYSICS_IMO_GHG2020_SEED42
V142,passenger,4149,20.6,93.5,856,Hydrogen,2.97,R038,Kolkata_SMPK,Chennai,41.9125,41.55,134.12,3.0177,sea_passage,DERIVED_PHYSICS_IMO_GHG2020_SEED42
V004,bulk_carrier,71338,10.2,76.7,176,LNG,1.13,R056,Mormugao,New_Mangalore,27.0188,17.25,14.8604,4.1879,sea_passage,DERIVED_PHYSICS_IMO_GHG2020_SEED42
V051,container_ship,9661,16.3,94.6,422,Methanol,2.02,R054,Mormugao,Kochi,121.2571,25.89,42.44,6.9977,coastal,DERIVED_PHYSICS_IMO_GHG2020_SEED42
V142,passenger,4149,20.5,69.5,229,Hydrogen,2.95,R044,Kolkata_SMPK,Paradip,10.4511,11.17,33.4436,0.7525,river_mouth,DERIVED_PHYSICS_IMO_GHG2020_SEED42
V049,container_ship,19734,21.3,80.6,276,MGO,1.95,R048,Mumbai,Kandla,101.6329,12.96,69.1103,16.274,sea_passage,DERIVED_PHYSICS_IMO_GHG2020_SEED42
V081,tanker,22608,10.6,79.1,870,MGO,1.43,R004,Kochi,JNPA,78.8736,82.08,53.6341,12.6296,sea_passage,DERIVED_PHYSICS_IMO_GHG2020_SEED42
V073,tanker,47233,10.7,86.7,17,MGO,1.76,R034,Kamarajar,Chennai,2.8879,1.59,1.9638,0.4624,sea_passage,DERIVED_PHYSICS_IMO_GHG2020_SEED42
V118,general_cargo,14985,14.0,60.3,542,HFO,0.65,R024,Chennai,Kochi,62.9708,38.71,32.7448,9.3536,sea_passage,DERIVED_PHYSICS_IMO_GHG2020_SEED42
V133,ro_ro,11514,13.2,56.6,349,MGO,1.3,R021,Mumbai,Mormugao,25.6723,26.44,17.4571,4.1108,sea_passage,DERIVED_PHYSICS_IMO_GHG2020_SEED42
V058,container_ship,36763,24.3,98.2,22,LNG,1.03,R002,Mumbai,JNPA,12.9658,0.91,7.1312,2.0097,sea_passage,DERIVED_PHYSICS_IMO_GHG2020_SEED42
V123,general_cargo,17741,11.8,50.7,422,HFO,1.6,R054,Mormugao,Kochi,33.1979,35.76,17.2629,4.9312,coastal,DERIVED_PHYSICS_IMO_GHG2020_SEED42
V131,ro_ro,4651,18.9,84.8,761,HFO,0.45,R049,Tuticorin,Port_Blair,76.2216,40.26,39.6352,11.3219,sea_passage,DERIVED_PHYSICS_IMO_GHG2020_SEED42
V142,passenger,4149,17.8,61.3,169,MGO,1.38,R055,New_Mangalore,Mormugao,13.7985,9.49,9.383,2.2095,sea_passage,DERIVED_PHYSICS_IMO_GHG2020_SEED42
V069,container_ship,8659,14.4,71.4,396,Methanol,2.8,R031,Chennai,Visakhapatnam,85.3219,27.5,29.8627,4.9239,sea_passage,DERIVED_PHYSICS_IMO_GHG2020_SEED42
V132,ro_ro,8727,19.6,61.1,24,MGO,2.28,R001,JNPA,Mumbai,4.1274,1.22,2.8066,0.6609,sea_passage,DERIVED_PHYSICS_IMO_GHG2020_SEED42
V068,container_ship,37761,15.9,78.2,859,Methanol,1.3,R013,Mumbai,Kochi,525.2776,54.03,183.8472,30.3138,river_mouth,DERIVED_PHYSICS_IMO_GHG2020_SEED42
V070,container_ship,16607,15.8,98.7,521,Methanol,2.39,R060,Kandla,Mormugao,213.4229,32.97,74.698,12.3166,river_mouth,DERIVED_PHYSICS_IMO_GHG2020_SEED42
V091,tanker,39649,15.2,88.4,788,LNG,1.98,R052,Port_Blair,Chennai,196.8861,51.84,108.2874,30.5173,sea_passage,DERIVED_PHYSICS_IMO_GHG2020_SEED42
V070,container_ship,16607,14.2,62.8,495,LNG,1.69,R042,Kolkata_SMPK,Visakhapatnam,53.2634,34.86,29.2949,8.2558,sea_passage,DERIVED_PHYSICS_IMO_GHG2020_SEED42
V071,tanker,72064,14.3,94.7,850,MGO,3.39,R014,Kochi,Mumbai,398.3241,59.44,270.8604,63.7816,sea_passage,DERIVED_PHYSICS_IMO_GHG2020_SEED42
V012,bulk_carrier,58490,10.6,97.2,422,MGO,0.86,R054,Mormugao,Kochi,73.3611,39.81,49.8855,11.7469,sea_passage,DERIVED_PHYSICS_IMO_GHG2020_SEED42
V135,ro_ro,7575,17.3,50.7,797,LNG,2.79,R051,Chennai,Port_Blair,79.175,46.07,43.5463,12.2721,sea_passage,DERIVED_PHYSICS_IMO_GHG2020_SEED42
V103,tanker,67954,12.2,66.6,370,MGO,2.73,R029,Chennai,Tuticorin,104.7018,30.33,71.1972,16.7654,sea_passage,DERIVED_PHYSICS_IMO_GHG2020_SEED42
V025,bulk_carrier,26135,12.1,99.2,311,LNG,2.41,R040,Paradip,Visakhapatnam,38.5504,25.7,21.2027,5.9753,river_mouth,DERIVED_PHYSICS_IMO_GHG2020_SEED42
V143,passenger,3504,17.0,53.3,282,MGO,1.93,R017,Mumbai,Kandla,18.1147,16.59,12.318,2.9006,sea_passage,DERIVED_PHYSICS_IMO_GHG2020_SEED42
V091,tanker,39649,11.8,74.3,788,MGO,1.52,R052,Port_Blair,Chennai,121.0367,66.78,82.305,19.381,sea_passage,DERIVED_PHYSICS_IMO_GHG2020_SEED42
V047,container_ship,41892,13.2,54.8,345,MGO,0.5,R028,New_Mangalore,Kochi,65.2301,26.14,44.3565,10.445,sea_passage,DERIVED_PHYSICS_IMO_GHG2020_SEED42
V142,passenger,4149,23.3,89.2,518,Hydrogen,2.27,R009,JNPA,New_Mangalore,26.984,22.23,86.3489,1.9428,coastal,DERIVED_PHYSICS_IMO_GHG2020_SEED42
V150,ferry,884,19.0,86.6,18,Shore_Power,2.66,R033,Chennai,Kamarajar,8.9055,0.95,1.0687,0.0263,sea_passage,DERIVED_PHYSICS_IMO_GHG2020_SEED42
V045,container_ship,12017,15.6,71.0,313,MGO,0.59,R039,Visakhapatnam,Paradip,36.5709,20.06,24.8682,5.8559,sea_passage,DERIVED_PHYSICS_IMO_GHG2020_SEED42
V109,general_cargo,10749,12.0,98.5,411,HFO,1.51,R058,Visakhapatnam,Kamarajar,31.763,34.25,16.5168,4.718,sea_passage,DERIVED_PHYSICS_IMO_GHG2020_SEED42
V149,ferry,536,19.3,81.7,276,LNG,0.39,R047,Kandla,Mumbai,5.4616,14.3,3.0039,0.8465,sea_passage,DERIVED_PHYSICS_IMO_GHG2020_SEED42
V050,container_ship,17470,22.0,96.8,313,MGO,3.2,R039,Visakhapatnam,Paradip,128.926,14.23,87.6697,20.6443,coastal,DERIVED_PHYSICS_IMO_GHG2020_SEED42
V098,tanker,28244,16.8,63.0,542,HFO,1.74,R024,Chennai,Kochi,154.9638,32.26,80.5812,23.0182,sea_passage,DERIVED_PHYSICS_IMO_GHG2020_SEED42
V087,tanker,28073,14.1,71.6,761,LNG,1.09,R049,Tuticorin,Port_Blair,111.394,53.97,61.2667,17.2661,sea_passage,DERIVED_PHYSICS_IMO_GHG2020_SEED42
V045,container_ship,12017,20.9,93.5,411,MGO,2.77,R058,Visakhapatnam,Kamarajar,128.2351,19.67,87.1999,20.5336,sea_passage,DERIVED_PHYSICS_IMO_GHG2020_SEED42
V116,general_cargo,6658,16.3,56.9,850,MGO,1.55,R014,Kochi,Mumbai,82.4134,52.15,56.0411,13.1964,sea_passage,DERIVED_PHYSICS_IMO_GHG2020_SEED42
V073,tanker,47233,12.1,68.0,870,HFO,2.47,R004,Kochi,JNPA,198.4398,71.9,103.1887,29.4761,sea_passage,DERIVED_PHYSICS_IMO_GHG2020_SEED42
V111,general_cargo,19799,11.3,80.3,859,HFO,0.67,R013,Mumbai,Kochi,86.5492,76.02,45.0056,12.8559,coastal,DERIVED_PHYSICS_IMO_GHG2020_SEED42
V052,container_ship,35698,22.1,63.7,396,MGO,1.05,R031,Chennai,Visakhapatnam,189.296,17.92,128.7213,30.311,coastal,DERIVED_PHYSICS_IMO_GHG2020_SEED42
V116,general_cargo,6658,13.4,62.2,189,HFO,2.02,R025,Kochi,Tuticorin,12.854,14.1,6.6841,1.9093,coastal,DERIVED_PHYSICS_IMO_GHG2020_SEED42
V070,container_ship,16607,17.9,72.6,859,HFO,1.4,R013,Mumbai,Kochi,194.9392,47.99,101.3684,28.9561,sea_passage,DERIVED_PHYSICS_IMO_GHG2020_SEED42
V008,bulk_carrier,34731,10.6,98.5,850,LNG,3.37,R014,Kochi,Mumbai,118.4583,80.19,65.1521,18.361,sea_passage,DERIVED_PHYSICS_IMO_GHG2020_SEED42
V115,general_cargo,11634,13.1,74.9,850,MGO,1.36,R014,Kochi,Mumbai,76.5173,64.89,52.0318,12.2523,sea_passage,DERIVED_PHYSICS_IMO_GHG2020_SEED42
V055,container_ship,17711,17.4,88.9,495,LNG,0.64,R042,Kolkata_SMPK,Visakhapatnam,87.005,28.45,47.8527,13.4858,coastal,DERIVED_PHYSICS_IMO_GHG2020_SEED42
V039,bulk_carrier,42343,11.6,97.4,359,HFO,0.7,R012,Mormugao,JNPA,64.181,30.95,33.3741,9.5334,sea_passage,DERIVED_PHYSICS_IMO_GHG2020_SEED42
V128,general_cargo,15648,13.4,81.6,286,HFO,1.48,R045,Kandla,JNPA,34.5479,21.34,17.9649,5.1317,sea_passage,DERIVED_PHYSICS_IMO_GHG2020_SEED42
V086,tanker,66768,11.7,89.8,507,LNG,2.17,R019,Mumbai,New_Mangalore,120.6208,43.33,66.3415,18.6962,sea_passage,DERIVED_PHYSICS_IMO_GHG2020_SEED42
V102,tanker,47959,13.2,78.2,859,MGO,1.15,R013,Mumbai,Kochi,186.6673,65.08,126.9337,29.8901,sea_passage,DERIVED_PHYSICS_IMO_GHG2020_SEED42
V022,bulk_carrier,27915,12.6,57.4,521,LNG,1.09,R060,Kandla,Mormugao,58.4735,41.35,32.1604,9.0634,coastal,DERIVED_PHYSICS_IMO_GHG2020_SEED42
V137,ro_ro,6851,14.1,56.3,521,HFO,1.73,R060,Kandla,Mormugao,39.1418,36.95,20.3537,5.8141,sea_passage,DERIVED_PHYSICS_IMO_GHG2020_SEED42
V124,general_cargo,16581,14.3,97.5,370,HFO,1.42,R029,Chennai,Tuticorin,58.3446,25.87,30.3392,8.6664,sea_passage,DERIVED_PHYSICS_IMO_GHG2020_SEED42
V123,general_cargo,17741,9.2,69.7,411,MGO,3.09,R058,Visakhapatnam,Kamarajar,27.0797,44.67,18.4142,4.3361,sea_passage,DERIVED_PHYSICS_IMO_GHG2020_SEED42
V093,tanker,39701,15.8,59.4,850,HFO,2.79,R014,Kochi,Mumbai,271.73,53.8,141.2996,40.3625,sea_passage,DERIVED_PHYSICS_IMO_GHG2020_SEED42
V047,container_ship,41892,16.3,71.6,856,LNG,1.14,R038,Kolkata_SMPK,Chennai,230.3282,52.52,126.6805,35.7009,sea_passage,DERIVED_PHYSICS_IMO_GHG2020_SEED42
V049,container_ship,19734,23.4,65.4,505,Methanol,2.11,R020,New_Mangalore,Mumbai,475.3511,21.58,166.3729,27.4325,sea_passage,DERIVED_PHYSICS_IMO_GHG2020_SEED42
V040,bulk_carrier,49115,14.1,56.7,276,LNG,2.8,R047,Kandla,Mumbai,65.8429,19.57,36.2136,10.2056,coastal,DERIVED_PHYSICS_IMO_GHG2020_SEED42
V116,general_cargo,6658,13.3,87.5,348,HFO,1.93,R027,Kochi,New_Mangalore,24.541,26.17,12.7613,3.6453,coastal,DERIVED_PHYSICS_IMO_GHG2020_SEED42
V087,tanker,28073,12.4,55.1,692,MGO,1.63,R035,Chennai,Paradip,88.0827,55.81,59.8962,14.1042,sea_passage,DERIVED_PHYSICS_IMO_GHG2020_SEED42
V113,general_cargo,13823,13.1,61.2,358,MGO,1.14,R011,JNPA,Mormugao,34.4565,27.33,23.4304,5.5173,coastal,DERIVED_PHYSICS_IMO_GHG2020_SEED42
V149,ferry,536,15.2,80.3,1196,Shore_Power,2.21,R006,Chennai,JNPA,246.054,78.68,29.5265,0.7264,sea_passage,DERIVED_PHYSICS_IMO_GHG2020_SEED42
V068,container_ship,37761,20.1,78.6,290,MGO,1.76,R008,Kandla,JNPA,145.3962,14.43,98.8694,23.2816,river_mouth,DERIVED_PHYSICS_IMO_GHG2020_SEED42
V078,tanker,23323,10.9,95.1,422,HFO,0.65,R054,Mormugao,Kochi,47.3964,38.72,24.6461,7.0402,sea_passage,DERIVED_PHYSICS_IMO_GHG2020_SEED42
V076,tanker,28632,12.3,90.2,422,HFO,3.45,R054,Mormugao,Kochi,86.7749,34.31,45.1229,12.8895,sea_passage,DERIVED_PHYSICS_IMO_GHG2020_SEED42
V012,bulk_carrier,58490,10.9,57.7,521,HFO,2.82,R060,Kandla,Mormugao,110.8053,47.8,57.6187,16.4589,river_mouth,DERIVED_PHYSICS_IMO_GHG2020_SEED42
V139,passenger,2268,13.6,76.5,797,Hydrogen,3.48,R051,Chennai,Port_Blair,12.1185,58.6,38.7792,0.8725,coastal,DERIVED_PHYSICS_IMO_GHG2020_SEED42
V043,container_ship,27264,13.8,53.4,290,Methanol,2.84,R046,JNPA,Kandla,113.3606,21.01,39.6762,6.542,sea_passage,DERIVED_PHYSICS_IMO_GHG2020_SEED42
V109,general_cargo,10749,12.6,57.2,176,MGO,1.54,R056,Mormugao,New_Mangalore,13.6009,13.97,9.2486,2.1778,sea_passage,DERIVED_PHYSICS_IMO_GHG2020_SEED42
V142,passenger,4149,17.0,98.0,419,Hydrogen,2.48,R053,Kochi,Mormugao,13.6295,24.65,43.6145,0.9813,coastal,DERIVED_PHYSICS_IMO_GHG2020_SEED42
V135,ro_ro,7575,19.2,92.9,700,LNG,1.2,R036,Paradip,Chennai,84.0833,36.46,46.2458,13.0329,sea_passage,DERIVED_PHYSICS_IMO_GHG2020_SEED42
V121,general_cargo,14844,11.3,82.0,788,HFO,1.97,R052,Port_Blair,Chennai,65.8127,69.73,34.2226,9.7758,sea_passage,DERIVED_PHYSICS_IMO_GHG2020_SEED42
V022,bulk_carrier,27915,12.2,75.9,797,HFO,0.43,R051,Chennai,Port_Blair,105.1626,65.33,54.6845,15.6207,sea_passage,DERIVED_PHYSICS_IMO_GHG2020_SEED42
V126,general_cargo,16177,10.8,89.8,856,MGO,1.79,R038,Kolkata_SMPK,Chennai,73.9115,79.26,50.2598,11.8351,coastal,DERIVED_PHYSICS_IMO_GHG2020_SEED42
V093,tanker,39701,13.9,80.9,297,MGO,0.47,R007,JNPA,Kandla,62.0877,21.37,42.2196,9.9418,sea_passage,DERIVED_PHYSICS_IMO_GHG2020_SEED42
V080,tanker,50271,12.7,82.7,505,MGO,0.34,R020,New_Mangalore,Mumbai,109.7197,39.76,74.6094,17.5689,sea_passage,DERIVED_PHYSICS_IMO_GHG2020_SEED42
V124,general_cargo,16581,15.1,74.3,419,MGO,2.27,R053,Kochi,Mormugao,63.1012,27.75,42.9088,10.1041,coastal,DERIVED_PHYSICS_IMO_GHG2020_SEED42
V098,tanker,28244,12.5,54.1,189,HFO,3.48,R025,Kochi,Tuticorin,32.7451,15.12,17.0275,4.8639,coastal,DERIVED_PHYSICS_IMO_GHG2020_SEED42
V056,container_ship,38751,15.4,89.3,183,MGO,3.48,R026,Tuticorin,Kochi,62.3144,11.88,42.3738,9.9781,sea_passage,DERIVED_PHYSICS_IMO_GHG2020_SEED42
V110,general_cargo,16704,13.2,65.3,853,MGO,3.16,R037,Chennai,Kolkata_SMPK,115.7992,64.62,78.7434,18.5423,sea_passage,DERIVED_PHYSICS_IMO_GHG2020_SEED42
V121,general_cargo,14844,12.5,55.0,347,HFO,2.71,R022,Mormugao,Mumbai,34.3069,27.76,17.8396,5.0959,sea_passage,DERIVED_PHYSICS_IMO_GHG2020_SEED42
V051,container_ship,9661,15.4,92.7,856,Methanol,0.75,R038,Kolkata_SMPK,Chennai,199.2681,55.58,69.7438,11.4998,coastal,DERIVED_PHYSICS_IMO_GHG2020_SEED42
V061,container_ship,33687,15.5,61.5,313,HFO,2.84,R039,Visakhapatnam,Paradip,95.7124,20.19,49.7704,14.217,coastal,DERIVED_PHYSICS_IMO_GHG2020_SEED42
V148,ferry,932,12.1,72.9,348,LNG,2.85,R027,Kochi,New_Mangalore,4.6654,28.76,2.566,0.7231,sea_passage,DERIVED_PHYSICS_IMO_GHG2020_SEED42
V125,general_cargo,5602,10.5,59.3,788,HFO,3.35,R052,Port_Blair,Chennai,36.1503,75.05,18.7982,5.3697,sea_passage,DERIVED_PHYSICS_IMO_GHG2020_SEED42
V009,bulk_carrier,32714,10.9,80.5,505,MGO,2.08,R020,New_Mangalore,Mumbai,64.4263,46.33,43.8099,10.3163,sea_passage,DERIVED_PHYSICS_IMO_GHG2020_SEED42
V134,ro_ro,8843,17.4,78.9,538,LNG,3.27,R023,Kochi,Chennai,72.8488,30.92,40.0668,11.2916,coastal,DERIVED_PHYSICS_IMO_GHG2020_SEED42
V085,tanker,70614,16.7,96.3,850,LNG,0.97,R014,Kochi,Mumbai,377.8266,50.9,207.8046,58.5631,sea_passage,DERIVED_PHYSICS_IMO_GHG2020_SEED42
V010,bulk_carrier,41291,11.8,66.5,313,LNG,2.02,R039,Visakhapatnam,Paradip,45.0067,26.53,24.7537,6.976,sea_passage,DERIVED_PHYSICS_IMO_GHG2020_SEED42
V089,tanker,35987,10.2,51.4,313,LNG,2.61,R039,Visakhapatnam,Paradip,28.3125,30.69,15.5719,4.3884,sea_passage,DERIVED_PHYSICS_IMO_GHG2020_SEED42
V029,bulk_carrier,30900,12.8,69.7,313,LNG,1.31,R039,Visakhapatnam,Paradip,42.1175,24.45,23.1646,6.5282,sea_passage,DERIVED_PHYSICS_IMO_GHG2020_SEED42
V114,general_cargo,17380,9.8,61.0,761,MGO,0.91,R049,Tuticorin,Port_Blair,46.6162,77.65,31.699,7.4644,sea_passage,DERIVED_PHYSICS_IMO_GHG2020_SEED42
V063,container_ship,12578,18.4,53.1,757,LNG,3.09,R050,Port_Blair,Tuticorin,123.9145,41.14,68.153,19.2067,sea_passage,DERIVED_PHYSICS_IMO_GHG2020_SEED42
V004,bulk_carrier,71338,12.9,56.2,419,MGO,2.77,R057,Kamarajar,Visakhapatnam,122.6133,32.48,83.377,19.6335,sea_passage,DERIVED_PHYSICS_IMO_GHG2020_SEED42
V023,bulk_carrier,58095,10.7,60.1,282,LNG,2.22,R017,Mumbai,Kandla,40.368,26.36,22.2024,6.257,sea_passage,DERIVED_PHYSICS_IMO_GHG2020_SEED42
V114,general_cargo,17380,12.2,57.6,169,MGO,2.35,R055,New_Mangalore,Mormugao,17.2559,13.85,11.734,2.7631,sea_passage,DERIVED_PHYSICS_IMO_GHG2020_SEED42
V142,passenger,4149,20.8,61.9,282,MGO,2.48,R017,Mumbai,Kandla,30.2206,13.56,20.55,4.8391,sea_passage,DERIVED_PHYSICS_IMO_GHG2020_SEED42
V033,bulk_carrier,40297,13.4,50.9,169,HFO,3.2,R055,New_Mangalore,Mormugao,38.415,12.61,19.9758,5.7061,sea_passage,DERIVED_PHYSICS_IMO_GHG2020_SEED42
V118,general_cargo,14985,14.1,91.7,347,HFO,2.89,R022,Mormugao,Mumbai,54.1267,24.61,28.1459,8.0399,sea_passage,DERIVED_PHYSICS_IMO_GHG2020_SEED42
V112,general_cargo,17758,14.9,81.7,1190,HFO,2.04,R005,JNPA,Chennai,196.813,79.87,102.3427,29.2344,sea_passage,DERIVED_PHYSICS_IMO_GHG2020_SEED42
V083,tanker,42416,13.5,93.8,528,LNG,3.05,R010,New_Mangalore,JNPA,133.9536,39.11,73.6745,20.7628,sea_passage,DERIVED_PHYSICS_IMO_GHG2020_SEED42
V113,general_cargo,13823,13.3,81.0,229,MGO,1.97,R044,Kolkata_SMPK,Paradip,24.7584,17.22,16.8357,3.9644,sea_passage,DERIVED_PHYSICS_IMO_GHG2020_SEED42
V055,container_ship,17711,23.6,97.0,358,LNG,1.66,R011,JNPA,Mormugao,133.8482,15.17,73.6165,20.7465,sea_passage,DERIVED_PHYSICS_IMO_GHG2020_SEED42
V055,container_ship,17711,20.2,76.0,529,MGO,1.18,R059,Mormugao,Kandla,147.0953,26.19,100.0248,23.5536,sea_passage,DERIVED_PHYSICS_IMO_GHG2020_SEED42
V044,container_ship,41157,15.9,68.9,18,MGO,1.38,R033,Chennai,Kamarajar,5.8807,1.13,3.9989,0.9416,river_mouth,DERIVED_PHYSICS_IMO_GHG2020_SEED42
V016,bulk_carrier,58242,12.4,80.3,419,MGO,1.97,R057,Kamarajar,Visakhapatnam,104.1762,33.79,70.8398,16.6812,sea_passage,DERIVED_PHYSICS_IMO_GHG2020_SEED42
V096,tanker,71643,13.4,58.0,1181,HFO,2.2,R016,Chennai,Mumbai,387.701,88.13,201.6045,57.5887,river_mouth,DERIVED_PHYSICS_IMO_GHG2020_SEED42
V052,container_ship,35698,22.0,50.5,1190,MGO,2.99,R005,JNPA,Chennai,709.9059,54.09,482.736,113.6737,sea_passage,DERIVED_PHYSICS_IMO_GHG2020_SEED42
V082,tanker,54273,11.1,81.4,788,MGO,1.71,R052,Port_Blair,Chennai,142.337,70.99,96.7891,22.7917,sea_passage,DERIVED_PHYSICS_IMO_GHG2020_SEED42
V032,bulk_carrier,70130,12.7,62.4,1196,HFO,2.34,R006,Chennai,JNPA,354.6039,94.17,184.394,52.6725,sea_passage,DERIVED_PHYSICS_IMO_GHG2020_SEED42
V134,ro_ro,8843,19.7,65.8,529,MGO,2.77,R059,Mormugao,Kandla,93.1123,26.85,63.3163,14.9096,sea_passage,DERIVED_PHYSICS_IMO_GHG2020_SEED42
V023,bulk_carrier,58095,12.9,51.1,495,HFO,0.42,R042,Kolkata_SMPK,Visakhapatnam,112.7418,38.37,58.6258,16.7466,sea_passage,DERIVED_PHYSICS_IMO_GHG2020_SEED42
V138,ro_ro,6679,12.7,85.2,217,MGO,2.52,R043,Paradip,Kolkata_SMPK,14.5877,17.09,9.9196,2.3359,sea_passage,DERIVED_PHYSICS_IMO_GHG2020_SEED42
V013,bulk_carrier,60013,13.7,75.1,17,LNG,2.98,R034,Kamarajar,Chennai,4.9345,1.24,2.714,0.7649,coastal,DERIVED_PHYSICS_IMO_GHG2020_SEED42
V043,container_ship,27264,19.9,65.2,700,HFO,3.01,R036,Paradip,Chennai,308.4512,35.18,160.3946,45.817,sea_passage,DERIVED_PHYSICS_IMO_GHG2020_SEED42
V137,ro_ro,6851,16.1,82.9,850,LNG,1.62,R014,Kochi,Mumbai,70.7381,52.8,38.906,10.9644,sea_passage,DERIVED_PHYSICS_IMO_GHG2020_SEED42
V126,general_cargo,16177,12.3,92.0,1196,MGO,2.66,R006,Chennai,JNPA,135.1021,97.24,91.8694,21.6332,coastal,DERIVED_PHYSICS_IMO_GHG2020_SEED42
V122,general_cargo,14088,12.6,75.3,1181,HFO,1.93,R016,Chennai,Mumbai,114.4176,93.73,59.4971,16.9955,sea_passage,DERIVED_PHYSICS_IMO_GHG2020_SEED42
V025,bulk_carrier,26135,11.3,87.3,290,HFO,0.68,R046,JNPA,Kandla,34.0168,25.66,17.6888,5.0528,sea_passage,DERIVED_PHYSICS_IMO_GHG2020_SEED42
V128,general_cargo,15648,16.0,62.2,370,MGO,1.87,R029,Chennai,Tuticorin,51.8263,23.12,35.2419,8.2987,sea_passage,DERIVED_PHYSICS_IMO_GHG2020_SEED42
V136,ro_ro,4206,13.5,78.5,348,LNG,3.22,R027,Kochi,New_Mangalore,17.9915,25.78,9.8953,2.7887,sea_passage,DERIVED_PHYSICS_IMO_GHG2020_SEED42
V122,general_cargo,14088,15.2,72.6,348,HFO,2.96,R027,Kochi,New_Mangalore,59.7923,22.89,31.092,8.8815,sea_passage,DERIVED_PHYSICS_IMO_GHG2020_SEED42
V044,container_ship,41157,12.7,80.6,507,HFO,2.95,R019,Mumbai,New_Mangalore,124.193,39.92,64.5804,18.4475,river_mouth,DERIVED_PHYSICS_IMO_GHG2020_SEED42
V040,bulk_carrier,49115,12.5,71.3,1181,HFO,3.16,R016,Chennai,Mumbai,308.178,94.48,160.2526,45.7765,sea_passage,DERIVED_PHYSICS_IMO_GHG2020_SEED42
V070,container_ship,16607,15.4,63.6,495,HFO,2.8,R042,Kolkata_SMPK,Visakhapatnam,98.7232,32.14,51.3361,14.6642,sea_passage,DERIVED_PHYSICS_IMO_GHG2020_SEED42
V038,bulk_carrier,33529,12.1,73.9,347,HFO,1.43,R022,Mormugao,Mumbai,56.0917,28.68,29.1677,8.3318,sea_passage,DERIVED_PHYSICS_IMO_GHG2020_SEED42
V108,general_cargo,7216,15.9,84.8,856,MGO,0.79,R038,Kolkata_SMPK,Chennai,81.3212,53.84,55.2984,13.0216,coastal,DERIVED_PHYSICS_IMO_GHG2020_SEED42
V088,tanker,47767,14.7,74.0,495,LNG,0.85,R042,Kolkata_SMPK,Visakhapatnam,114.9282,33.67,63.2105,17.8139,sea_passage,DERIVED_PHYSICS_IMO_GHG2020_SEED42
V024,bulk_carrier,45319,12.8,78.0,528,MGO,1.37,R010,New_Mangalore,JNPA,102.9627,41.25,70.0147,16.4869,sea_passage,DERIVED_PHYSICS_IMO_GHG2020_SEED42
V047,container_ship,41892,15.6,52.7,419,MGO,3.3,R057,Kamarajar,Visakhapatnam,132.1696,26.86,89.8753,21.1637,sea_passage,DERIVED_PHYSICS_IMO_GHG2020_SEED42
V076,tanker,28632,13.8,83.7,24,LNG,0.34,R001,JNPA,Mumbai,3.1703,1.74,1.7437,0.4914,sea_passage,DERIVED_PHYSICS_IMO_GHG2020_SEED42
V047,container_ship,41892,18.7,81.4,1179,MGO,0.51,R015,Mumbai,Chennai,504.2777,63.05,342.9088,80.7475,sea_passage,DERIVED_PHYSICS_IMO_GHG2020_SEED42
V042,bulk_carrier,48674,12.6,75.4,853,HFO,1.68,R037,Chennai,Kolkata_SMPK,216.4665,67.7,112.5626,32.1537,sea_passage,DERIVED_PHYSICS_IMO_GHG2020_SEED42
V026,bulk_carrier,33063,12.3,69.9,859,LNG,1.34,R013,Mumbai,Kochi,118.3796,69.84,65.1088,18.3488,sea_passage,DERIVED_PHYSICS_IMO_GHG2020_SEED42
V085,tanker,70614,14.8,79.1,507,MGO,1.83,R019,Mumbai,New_Mangalore,199.4577,34.26,135.6312,31.9382,sea_passage,DERIVED_PHYSICS_IMO_GHG2020_SEED42
V003,bulk_carrier,64303,12.5,66.4,313,LNG,2.52,R039,Visakhapatnam,Paradip,72.9441,25.04,40.1193,11.3063,coastal,DERIVED_PHYSICS_IMO_GHG2020_SEED42
V037,bulk_carrier,41493,11.9,60.3,757,MGO,0.49,R050,Port_Blair,Tuticorin,118.018,63.61,80.2522,18.8976,coastal,DERIVED_PHYSICS_IMO_GHG2020_SEED42
V057,container_ship,30177,16.3,97.4,850,MGO,1.73,R014,Kochi,Mumbai,236.8768,52.15,161.0762,37.9299,coastal,DERIVED_PHYSICS_IMO_GHG2020_SEED42
V115,general_cargo,11634,13.1,98.7,700,MGO,2.31,R036,Paradip,Chennai,66.9523,53.44,45.5276,10.7207,sea_passage,DERIVED_PHYSICS_IMO_GHG2020_SEED42
V099,tanker,55620,15.5,57.8,870,LNG,3.28,R004,Kochi,JNPA,310.1691,56.13,170.593,48.0762,coastal,DERIVED_PHYSICS_IMO_GHG2020_SEED42
V148,ferry,932,16.4,97.9,176,LNG,1.65,R056,Mormugao,New_Mangalore,4.4995,10.73,2.4747,0.6974,sea_passage,DERIVED_PHYSICS_IMO_GHG2020_SEED42
V094,tanker,68263,14.8,91.0,419,MGO,1.24,R053,Kochi,Mormugao,158.9303,28.31,108.0726,25.4487,sea_passage,DERIVED_PHYSICS_IMO_GHG2020_SEED42
V061,container_ship,33687,20.3,63.1,419,Methanol,3.32,R057,Kamarajar,Visakhapatnam,413.7149,20.64,144.8002,23.8755,river_mouth,DERIVED_PHYSICS_IMO_GHG2020_SEED42
V129,general_cargo,5817,13.2,63.4,176,HFO,2.88,R056,Mormugao,New_Mangalore,12.1784,13.33,6.3328,1.809,river_mouth,DERIVED_PHYSICS_IMO_GHG2020_SEED42
V079,tanker,55468,11.3,99.9,1181,LNG,2.98,R016,Chennai,Mumbai,234.9751,104.51,129.2363,36.4211,coastal,DERIVED_PHYSICS_IMO_GHG2020_SEED42
V007,bulk_carrier,42726,11.1,77.9,692,MGO,1.46,R035,Chennai,Paradip,106.3849,62.34,72.3417,17.0349,sea_passage,DERIVED_PHYSICS_IMO_GHG2020_SEED42
V101,tanker,56969,11.8,62.4,370,MGO,1.79,R029,Chennai,Tuticorin,71.2336,31.36,48.4389,11.4063,coastal,DERIVED_PHYSICS_IMO_GHG2020_SEED42
V084,tanker,23117,15.6,62.1,176,HFO,0.43,R056,Mormugao,New_Mangalore,36.2082,11.28,18.8283,5.3783,coastal,DERIVED_PHYSICS_IMO_GHG2020_SEED42
V122,general_cargo,14088,15.7,81.7,183,MGO,3.16,R026,Tuticorin,Kochi,34.1026,11.66,23.1897,5.4607,coastal,DERIVED_PHYSICS_IMO_GHG2020_SEED42
V071,tanker,72064,15.9,89.8,788,LNG,1.63,R052,Port_Blair,Chennai,318.0473,49.56,174.926,49.2973,sea_passage,DERIVED_PHYSICS_IMO_GHG2020_SEED42
V072,tanker,45552,15.4,85.1,1190,MGO,1.1,R005,JNPA,Chennai,371.865,77.27,252.8682,59.5449,sea_passage,DERIVED_PHYSICS_IMO_GHG2020_SEED42
V119,general_cargo,18455,10.8,68.5,411,HFO,1.97,R058,Visakhapatnam,Kamarajar,39.9021,38.06,20.7491,5.927,coastal,DERIVED_PHYSICS_IMO_GHG2020_SEED42
V121,general_cargo,14844,10.1,84.5,788,HFO,1.06,R052,Port_Blair,Chennai,48.2245,78.02,25.0767,7.1632,sea_passage,DERIVED_PHYSICS_IMO_GHG2020_SEED42
V012,bulk_carrier,58490,12.9,95.6,538,LNG,1.28,R023,Kochi,Chennai,135.7424,41.71,74.6583,21.0401,sea_passage,DERIVED_PHYSICS_IMO_GHG2020_SEED42
V130,general_cargo,15643,12.6,86.2,311,HFO,3.06,R040,Paradip,Visakhapatnam,38.8922,24.68,20.2239,5.777,sea_passage,DERIVED_PHYSICS_IMO_GHG2020_SEED42
V080,tanker,50271,17.3,96.8,521,MGO,1.68,R060,Kandla,Mormugao,240.4493,30.12,163.5055,38.5019,sea_passage,DERIVED_PHYSICS_IMO_GHG2020_SEED42
V149,ferry,536,21.3,91.6,757,LNG,1.57,R050,Port_Blair,Tuticorin,22.1525,35.54,12.1839,3.4336,sea_passage,DERIVED_PHYSICS_IMO_GHG2020_SEED42
V124,general_cargo,16581,12.3,56.1,859,MGO,0.64,R013,Mumbai,Kochi,74.4692,69.84,50.6391,11.9244,sea_passage,DERIVED_PHYSICS_IMO_GHG2020_SEED42
V008,bulk_carrier,34731,11.6,71.8,311,MGO,2.21,R040,Paradip,Visakhapatnam,50.4591,26.81,34.3122,8.0798,coastal,DERIVED_PHYSICS_IMO_GHG2020_SEED42
V133,ro_ro,11514,16.5,87.2,17,LNG,2.6,R034,Kamarajar,Chennai,2.493,1.03,1.3712,0.3864,sea_passage,DERIVED_PHYSICS_IMO_GHG2020_SEED42
V124,general_cargo,16581,12.8,69.7,856,HFO,1.17,R038,Kolkata_SMPK,Chennai,101.6639,66.88,52.8652,15.1011,sea_passage,DERIVED_PHYSICS_IMO_GHG2020_SEED42
V121,general_cargo,14844,10.9,75.0,286,MGO,0.65,R045,Kandla,JNPA,19.7506,26.24,13.4304,3.1626,sea_passage,DERIVED_PHYSICS_IMO_GHG2020_SEED42
V052,container_ship,35698,18.9,50.4,538,Methanol,0.57,R023,Kochi,Chennai,403.6024,28.47,141.2608,23.2919,sea_passage,DERIVED_PHYSICS_IMO_GHG2020_SEED42
V018,bulk_carrier,58420,12.1,78.7,24,LNG,3.29,R001,JNPA,Mumbai,5.6662,1.98,3.1164,0.8783,sea_passage,DERIVED_PHYSICS_IMO_GHG2020_SEED42
V027,bulk_carrier,59816,13.5,63.0,370,MGO,3.26,R029,Chennai,Tuticorin,117.0535,27.41,79.5964,18.7432,sea_passage,DERIVED_PHYSICS_IMO_GHG2020_SEED42
V117,general_cargo,9258,12.0,95.3,788,HFO,3.47,R052,Port_Blair,Chennai,74.6136,65.67,38.7991,11.083,sea_passage,DERIVED_PHYSICS_IMO_GHG2020_SEED42
V069,container_ship,8659,13.1,69.2,189,MGO,2.53,R025,Kochi,Tuticorin,15.7244,14.43,10.6926,2.5179,sea_passage,DERIVED_PHYSICS_IMO_GHG2020_SEED42
V033,bulk_carrier,40297,12.5,61.0,370,LNG,1.59,R029,Chennai,Tuticorin,53.8723,29.6,29.6298,8.3502,coastal,DERIVED_PHYSICS_IMO_GHG2020_SEED42
V138,ro_ro,6679,16.2,63.7,370,MGO,1.82,R029,Chennai,Tuticorin,33.6725,22.84,22.8973,5.3918,sea_passage,DERIVED_PHYSICS_IMO_GHG2020_SEED42
V123,general_cargo,17741,10.9,82.0,495,HFO,3.31,R042,Kolkata_SMPK,Visakhapatnam,50.2447,45.41,26.1273,7.4633,sea_passage,DERIVED_PHYSICS_IMO_GHG2020_SEED42
V065,container_ship,18598,18.8,93.3,1179,MGO,3.36,R015,Mumbai,Chennai,410.9848,62.71,279.4697,65.8089,sea_passage,DERIVED_PHYSICS_IMO_GHG2020_SEED42
V086,tanker,66768,14.9,74.1,176,LNG,2.21,R056,Mormugao,New_Mangalore,52.5871,11.81,28.9229,8.151,sea_passage,DERIVED_PHYSICS_IMO_GHG2020_SEED42
V120,general_cargo,16651,11.2,58.8,700,MGO,2.36,R036,Paradip,Chennai,56.7495,62.5,38.5896,9.087,sea_passage,DERIVED_PHYSICS_IMO_GHG2020_SEED42
V074,tanker,68994,13.3,68.3,313,LNG,3.22,R039,Visakhapatnam,Paradip,91.7228,23.53,50.4475,14.217,coastal,DERIVED_PHYSICS_IMO_GHG2020_SEED42
V004,bulk_carrier,71338,12.5,95.5,276,MGO,0.46,R047,Kandla,Mumbai,75.7709,22.08,51.5242,12.1328,coastal,DERIVED_PHYSICS_IMO_GHG2020_SEED42
V137,ro_ro,6851,18.9,92.6,870,HFO,2.67,R004,Kochi,JNPA,139.0647,46.03,72.3137,20.6565,sea_passage,DERIVED_PHYSICS_IMO_GHG2020_SEED42
V093,tanker,39701,15.1,85.1,419,MGO,0.63,R053,Kochi,Mormugao,114.2118,27.75,77.664,18.2882,sea_passage,DERIVED_PHYSICS_IMO_GHG2020_SEED42
V133,ro_ro,11514,17.2,77.2,406,MGO,2.79,R032,Visakhapatnam,Chennai,77.2337,23.6,52.5189,12.367,sea_passage,DERIVED_PHYSICS_IMO_GHG2020_SEED42
V041,bulk_carrier,49332,12.5,61.4,422,LNG,1.87,R054,Mormugao,Kochi,73.8354,33.76,40.6095,11.4445,coastal,DERIVED_PHYSICS_IMO_GHG2020_SEED42
V149,ferry,536,17.7,54.0,528,Hydrogen,1.86,R010,New_Mangalore,JNPA,3.4703,29.83,11.105,0.2499,sea_passage,DERIVED_PHYSICS_IMO_GHG2020_SEED42
V028,bulk_carrier,56514,13.7,57.8,276,LNG,1.35,R048,Mumbai,Kandla,62.7107,20.15,34.4909,9.7202,coastal,DERIVED_PHYSICS_IMO_GHG2020_SEED42
V061,container_ship,33687,20.4,52.9,169,MGO,2.83,R055,New_Mangalore,Mormugao,78.6087,8.28,53.4539,12.5872,coastal,DERIVED_PHYSICS_IMO_GHG2020_SEED42
V047,container_ship,41892,17.3,59.5,538,LNG,1.3,R023,Kochi,Chennai,159.3171,31.1,87.6244,24.6942,sea_passage,DERIVED_PHYSICS_IMO_GHG2020_SEED42
V103,tanker,67954,13.3,95.8,507,LNG,3.1,R019,Mumbai,New_Mangalore,153.9819,38.12,84.69,23.8672,coastal,DERIVED_PHYSICS_IMO_GHG2020_SEED42
V135,ro_ro,7575,17.8,98.3,850,HFO,0.46,R014,Kochi,Mumbai,102.8377,47.75,53.4756,15.2754,coastal,DERIVED_PHYSICS_IMO_GHG2020_SEED42
V114,general_cargo,17380,11.6,54.3,276,HFO,1.16,R048,Mumbai,Kandla,22.9976,23.79,11.9587,3.416,sea_passage,DERIVED_PHYSICS_IMO_GHG2020_SEED42
V148,ferry,932,15.4,86.7,348,Hydrogen,0.34,R027,Kochi,New_Mangalore,2.7994,22.6,8.9582,0.2016,sea_passage,DERIVED_PHYSICS_IMO_GHG2020_SEED42
V042,bulk_carrier,48674,13.1,97.7,853,LNG,1.65,R037,Chennai,Kolkata_SMPK,171.6266,65.11,94.3947,26.6021,sea_passage,DERIVED_PHYSICS_IMO_GHG2020_SEED42
V131,ro_ro,4651,21.3,68.0,853,LNG,3.25,R037,Chennai,Kolkata_SMPK,112.9023,40.05,62.0963,17.4999,coastal,DERIVED_PHYSICS_IMO_GHG2020_SEED42
V076,tanker,28632,12.9,59.9,1179,HFO,1.73,R015,Mumbai,Chennai,201.1624,91.4,104.6045,29.8805,sea_passage,DERIVED_PHYSICS_IMO_GHG2020_SEED42
V110,general_cargo,16704,9.8,52.8,505,HFO,0.51,R020,New_Mangalore,Mumbai,30.6879,51.53,15.9577,4.5584,sea_passage,DERIVED_PHYSICS_IMO_GHG2020_SEED42
V085,tanker,70614,13.5,80.5,521,MGO,2.17,R060,Kandla,Mormugao,179.5189,38.59,122.0729,28.7455,sea_passage,DERIVED_PHYSICS_IMO_GHG2020_SEED42
V047,container_ship,41892,17.1,61.8,286,HFO,2.57,R045,Kandla,JNPA,114.485,16.73,59.5322,17.0055,river_mouth,DERIVED_PHYSICS_IMO_GHG2020_SEED42
V124,general_cargo,16581,15.3,50.1,24,HFO,1.77,R001,JNPA,Mumbai,3.4501,1.57,1.7941,0.5125,coastal,DERIVED_PHYSICS_IMO_GHG2020_SEED42
V110,general_cargo,16704,12.7,60.1,850,MGO,0.55,R014,Kochi,Mumbai,75.8257,66.93,51.5614,12.1416,sea_passage,DERIVED_PHYSICS_IMO_GHG2020_SEED42
V010,bulk_carrier,41291,13.4,92.2,850,MGO,2.32,R014,Kochi,Mumbai,217.2478,63.43,147.7285,34.7868,river_mouth,DERIVED_PHYSICS_IMO_GHG2020_SEED42
V085,tanker,70614,16.7,99.8,411,LNG,1.59,R058,Visakhapatnam,Kamarajar,192.8715,24.61,106.0793,29.8951,sea_passage,DERIVED_PHYSICS_IMO_GHG2020_SEED42
V109,general_cargo,10749,11.3,81.8,761,MGO,1.67,R049,Tuticorin,Port_Blair,51.9221,67.35,35.307,8.314,sea_passage,DERIVED_PHYSICS_IMO_GHG2020_SEED42
V061,container_ship,33687,19.5,76.6,396,LNG,0.8,R031,Chennai,Visakhapatnam,133.7153,20.31,73.5434,20.7259,sea_passage,DERIVED_PHYSICS_IMO_GHG2020_SEED42
V129,general_cargo,5817,11.9,68.6,411,MGO,3.13,R058,Visakhapatnam,Kamarajar,21.4561,34.54,14.5901,3.4357,sea_passage,DERIVED_PHYSICS_IMO_GHG2020_SEED42
V068,container_ship,37761,16.7,94.2,876,MGO,0.74,R003,JNPA,Kochi,296.5991,52.46,201.6874,47.4929,sea_passage,DERIVED_PHYSICS_IMO_GHG2020_SEED42
V113,general_cargo,13823,13.2,97.9,349,MGO,2.4,R021,Mumbai,Mormugao,41.8376,26.44,28.4496,6.6993,sea_passage,DERIVED_PHYSICS_IMO_GHG2020_SEED42
V104,tanker,27184,11.7,63.4,1196,MGO,3.46,R006,Chennai,JNPA,178.7474,102.22,121.5482,28.6219,sea_passage,DERIVED_PHYSICS_IMO_GHG2020_SEED42
V057,container_ship,30177,16.4,58.9,422,Methanol,2.89,R054,Mormugao,Kochi,243.1178,25.73,85.0912,14.0303,river_mouth,DERIVED_PHYSICS_IMO_GHG2020_SEED42
V016,bulk_carrier,58242,13.6,86.0,692,MGO,2.29,R035,Chennai,Paradip,221.9654,50.88,150.9365,35.5422,sea_passage,DERIVED_PHYSICS_IMO_GHG2020_SEED42
V049,container_ship,19734,22.2,93.2,290,HFO,1.38,R046,JNPA,Kandla,125.7222,13.06,65.3755,18.6746,sea_passage,DERIVED_PHYSICS_IMO_GHG2020_SEED42
V048,container_ship,21724,17.2,98.3,282,HFO,0.92,R017,Mumbai,Kandla,67.0194,16.4,34.8501,9.955,sea_passage,DERIVED_PHYSICS_IMO_GHG2020_SEED42
V103,tanker,67954,10.9,51.7,542,HFO,0.5,R024,Chennai,Kochi,91.9491,49.72,47.8136,13.658,sea_passage,DERIVED_PHYSICS_IMO_GHG2020_SEED42
V141,passenger,3808,20.1,71.4,189,LNG,2.22,R025,Kochi,Tuticorin,17.3343,9.4,9.5339,2.6868,sea_passage,DERIVED_PHYSICS_IMO_GHG2020_SEED42
V004,bulk_carrier,71338,12.2,67.1,491,LNG,1.54,R041,Visakhapatnam,Kolkata_SMPK,105.9064,40.25,58.2485,16.4155,coastal,DERIVED_PHYSICS_IMO_GHG2020_SEED42
V084,tanker,23117,16.7,50.3,853,LNG,2.7,R037,Chennai,Kolkata_SMPK,171.2468,51.08,94.1857,26.5433,sea_passage,DERIVED_PHYSICS_IMO_GHG2020_SEED42
V092,tanker,76931,17.1,88.8,870,LNG,0.76,R004,Kochi,JNPA,411.1219,50.88,226.1171,63.7239,sea_passage,DERIVED_PHYSICS_IMO_GHG2020_SEED42
V091,tanker,39649,11.0,57.5,528,MGO,3.4,R010,New_Mangalore,JNPA,88.3282,48.0,60.0632,14.1436,sea_passage,DERIVED_PHYSICS_IMO_GHG2020_SEED42
V086,tanker,66768,15.2,93.8,1181,MGO,3.24,R016,Chennai,Mumbai,592.5504,77.7,402.9343,94.8821,river_mouth,DERIVED_PHYSICS_IMO_GHG2020_SEED42
V096,tanker,71643,11.1,96.3,297,LNG,0.69,R007,JNPA,Kandla,57.2303,26.76,31.4767,8.8707,sea_passage,DERIVED_PHYSICS_IMO_GHG2020_SEED42
V012,bulk_carrier,58490,11.0,80.8,788,MGO,3.2,R052,Port_Blair,Chennai,162.7873,71.64,110.6954,26.0663,sea_passage,DERIVED_PHYSICS_IMO_GHG2020_SEED42
V026,bulk_carrier,33063,13.3,55.0,311,LNG,0.46,R040,Paradip,Visakhapatnam,41.2347,23.38,22.6791,6.3914,sea_passage,DERIVED_PHYSICS_IMO_GHG2020_SEED42
V032,bulk_carrier,70130,11.6,66.7,349,MGO,0.47,R021,Mumbai,Mormugao,69.3735,30.09,47.1739,11.1084,sea_passage,DERIVED_PHYSICS_IMO_GHG2020_SEED42
V019,bulk_carrier,63249,14.7,86.9,761,LNG,1.0,R049,Tuticorin,Port_Blair,229.6216,51.77,126.2919,35.5914,sea_passage,DERIVED_PHYSICS_IMO_GHG2020_SEED42
V139,passenger,2268,14.1,85.7,491,LNG,0.7,R041,Visakhapatnam,Kolkata_SMPK,14.5146,34.82,7.983,2.2498,coastal,DERIVED_PHYSICS_IMO_GHG2020_SEED42
V051,container_ship,9661,20.0,94.1,411,MGO,1.3,R058,Visakhapatnam,Kamarajar,79.3715,20.55,53.9726,12.7094,sea_passage,DERIVED_PHYSICS_IMO_GHG2020_SEED42
V135,ro_ro,7575,17.4,67.4,169,LNG,0.3,R055,New_Mangalore,Mormugao,16.0628,9.71,8.8345,2.4897,coastal,DERIVED_PHYSICS_IMO_GHG2020_SEED42
V025,bulk_carrier,26135,11.3,92.9,24,LNG,2.67,R001,JNPA,Mumbai,2.8261,2.12,1.5544,0.438,sea_passage,DERIVED_PHYSICS_IMO_GHG2020_SEED42
V148,ferry,932,16.9,78.3,22,MGO,1.6,R002,Mumbai,JNPA,0.588,1.3,0.3998,0.0942,sea_passage,DERIVED_PHYSICS_IMO_GHG2020_SEED42
V111,general_cargo,19799,11.0,56.2,797,MGO,1.58,R051,Chennai,Port_Blair,69.8442,72.45,47.4941,11.1838,sea_passage,DERIVED_PHYSICS_IMO_GHG2020_SEED42
V004,bulk_carrier,71338,13.7,90.3,359,MGO,3.11,R012,Mormugao,JNPA,143.27,26.2,97.4236,22.9411,coastal,DERIVED_PHYSICS_IMO_GHG2020_SEED42
V041,bulk_carrier,49332,13.2,68.6,290,LNG,2.56,R008,Kandla,JNPA,56.5322,21.97,31.0927,8.7625,sea_passage,DERIVED_PHYSICS_IMO_GHG2020_SEED42
V044,container_ship,41157,12.7,58.5,183,HFO,2.27,R026,Tuticorin,Kochi,34.6747,14.41,18.0309,5.1505,coastal,DERIVED_PHYSICS_IMO_GHG2020_SEED42
V129,general_cargo,5817,13.3,86.5,870,MGO,2.84,R004,Kochi,JNPA,57.3504,65.41,38.9983,9.1832,sea_passage,DERIVED_PHYSICS_IMO_GHG2020_SEED42
V113,general_cargo,13823,13.2,87.4,700,MGO,0.99,R036,Paradip,Chennai,72.5041,53.03,49.3028,11.6097,sea_passage,DERIVED_PHYSICS_IMO_GHG2020_SEED42
V002,bulk_carrier,29708,13.2,83.3,411,LNG,2.25,R058,Visakhapatnam,Kamarajar,63.6429,31.14,35.0036,9.8647,sea_passage,DERIVED_PHYSICS_IMO_GHG2020_SEED42
V107,general_cargo,9058,13.1,83.2,24,MGO,0.72,R001,JNPA,Mumbai,1.6989,1.83,1.1553,0.272,sea_passage,DERIVED_PHYSICS_IMO_GHG2020_SEED42
V131,ro_ro,4651,17.8,51.0,24,LNG,0.75,R001,JNPA,Mumbai,1.593,1.35,0.8762,0.2469,sea_passage,DERIVED_PHYSICS_IMO_GHG2020_SEED42
V141,passenger,3808,24.0,72.5,859,Hydrogen,2.98,R013,Mumbai,Kochi,48.4457,35.79,155.0262,3.4881,sea_passage,DERIVED_PHYSICS_IMO_GHG2020_SEED42
V005,bulk_carrier,47170,12.1,92.6,290,LNG,1.18,R008,Kandla,JNPA,49.571,23.97,27.2641,7.6835,sea_passage,DERIVED_PHYSICS_IMO_GHG2020_SEED42
V140,passenger,1902,18.0,90.8,850,Hydrogen,1.3,R014,Kochi,Mumbai,16.3921,47.22,52.4548,1.1802,coastal,DERIVED_PHYSICS_IMO_GHG2020_SEED42
V133,ro_ro,11514,18.0,94.6,24,HFO,1.19,R001,JNPA,Mumbai,4.4746,1.33,2.3268,0.6647,river_mouth,DERIVED_PHYSICS_IMO_GHG2020_SEED42
V056,container_ship,38751,13.5,73.6,495,LNG,3.21,R042,Kolkata_SMPK,Visakhapatnam,88.2798,36.67,48.5539,13.6834,river_mouth,DERIVED_PHYSICS_IMO_GHG2020_SEED42
V009,bulk_carrier,32714,14.9,81.1,290,HFO,2.45,R046,JNPA,Kandla,78.725,19.46,40.937,11.6937,sea_passage,DERIVED_PHYSICS_IMO_GHG2020_SEED42
V064,container_ship,26077,19.6,96.2,183,MGO,3.36,R026,Tuticorin,Kochi,83.2599,9.34,56.6167,13.332,sea_passage,DERIVED_PHYSICS_IMO_GHG2020_SEED42
V088,tanker,47767,13.0,80.4,419,LNG,2.26,R053,Kochi,Mormugao,86.1442,32.23,47.3793,13.3523,sea_passage,DERIVED_PHYSICS_IMO_GHG2020_SEED42
V037,bulk_carrier,41493,11.6,65.7,495,MGO,1.26,R042,Kolkata_SMPK,Visakhapatnam,72.3725,42.67,49.2133,11.5886,coastal,DERIVED_PHYSICS_IMO_GHG2020_SEED42
V010,bulk_carrier,41291,12.4,97.3,311,HFO,3.13,R040,Paradip,Visakhapatnam,81.8376,25.08,42.5555,12.1561,sea_passage,DERIVED_PHYSICS_IMO_GHG2020_SEED42
V057,container_ship,30177,17.8,54.8,290,Methanol,2.17,R046,JNPA,Kandla,192.5103,16.29,67.3786,11.1098,river_mouth,DERIVED_PHYSICS_IMO_GHG2020_SEED42
V098,tanker,28244,13.9,99.2,856,HFO,3.35,R038,Kolkata_SMPK,Chennai,213.8539,61.58,111.204,31.7656,coastal,DERIVED_PHYSICS_IMO_GHG2020_SEED42
V125,general_cargo,5602,13.3,80.0,700,MGO,3.12,R036,Paradip,Chennai,48.8385,52.63,33.2102,7.8203,sea_passage,DERIVED_PHYSICS_IMO_GHG2020_SEED42
V139,passenger,2268,13.1,54.3,24,Hydrogen,0.37,R001,JNPA,Mumbai,0.2077,1.83,0.6647,0.015,sea_passage,DERIVED_PHYSICS_IMO_GHG2020_SEED42
V023,bulk_carrier,58095,12.0,90.6,856,MGO,2.26,R038,Kolkata_SMPK,Chennai,219.515,71.33,149.2702,35.1498,sea_passage,DERIVED_PHYSICS_IMO_GHG2020_SEED42
V102,tanker,47959,11.3,65.1,521,MGO,1.95,R060,Kandla,Mormugao,84.047,46.11,57.152,13.458,river_mouth,DERIVED_PHYSICS_IMO_GHG2020_SEED42
V006,bulk_carrier,66381,14.1,86.5,406,LNG,1.99,R032,Visakhapatnam,Chennai,122.4965,28.79,67.3731,18.987,sea_passage,DERIVED_PHYSICS_IMO_GHG2020_SEED42
V116,general_cargo,6658,16.7,99.0,411,HFO,1.33,R058,Visakhapatnam,Kamarajar,40.773,24.61,21.202,6.0564,sea_passage,DERIVED_PHYSICS_IMO_GHG2020_SEED42
V147,ferry,2604,12.5,61.2,876,LNG,2.38,R003,JNPA,Kochi,24.4607,70.08,13.4534,3.7914,sea_passage,DERIVED_PHYSICS_IMO_GHG2020_SEED42
V022,bulk_carrier,27915,12.7,66.2,276,LNG,1.81,R047,Kandla,Mumbai,34.3308,21.73,18.882,5.3213,coastal,DERIVED_PHYSICS_IMO_GHG2020_SEED42
V147,ferry,2604,11.6,86.5,286,LNG,1.22,R045,Kandla,JNPA,6.42,24.66,3.531,0.9951,sea_passage,DERIVED_PHYSICS_IMO_GHG2020_SEED42
V074,tanker,68994,14.0,88.7,348,LNG,3.23,R027,Kochi,New_Mangalore,122.7955,24.86,67.5375,19.0333,sea_passage,DERIVED_PHYSICS_IMO_GHG2020_SEED42
V121,general_cargo,14844,9.3,63.8,276,MGO,1.97,R047,Kandla,Mumbai,13.2345,29.68,8.9994,2.1192,coastal,DERIVED_PHYSICS_IMO_GHG2020_SEED42
V103,tanker,67954,13.4,96.3,859,LNG,3.14,R013,Mumbai,Kochi,261.8319,64.1,144.0076,40.5839,sea_passage,DERIVED_PHYSICS_IMO_GHG2020_SEED42
V062,container_ship,34470,19.4,86.8,22,Methanol,3.42,R002,Mumbai,JNPA,23.9871,1.13,8.3955,1.3843,sea_passage,DERIVED_PHYSICS_IMO_GHG2020_SEED42
V092,tanker,76931,13.4,90.9,370,MGO,0.44,R029,Chennai,Tuticorin,111.3858,27.61,75.7423,17.8356,coastal,DERIVED_PHYSICS_IMO_GHG2020_SEED42
V066,container_ship,31457,14.2,57.2,358,MGO,2.25,R011,JNPA,Mormugao,71.5664,25.21,48.6651,11.4596,river_mouth,DERIVED_PHYSICS_IMO_GHG2020_SEED42
V061,container_ship,33687,21.5,59.3,518,MGO,2.74,R009,JNPA,New_Mangalore,271.1689,24.09,184.3948,43.4209,coastal,DERIVED_PHYSICS_IMO_GHG2020_SEED42
V134,ro_ro,8843,18.7,60.6,507,LNG,0.45,R019,Mumbai,New_Mangalore,54.8878,27.11,30.1883,8.5076,coastal,DERIVED_PHYSICS_IMO_GHG2020_SEED42
V136,ro_ro,4206,16.4,86.9,18,LNG,2.08,R033,Chennai,Kamarajar,1.127,1.1,0.6198,0.1747,coastal,DERIVED_PHYSICS_IMO_GHG2020_SEED42
V069,container_ship,8659,15.6,86.0,18,HFO,2.39,R033,Chennai,Kamarajar,2.3807,1.15,1.238,0.3536,sea_passage,DERIVED_PHYSICS_IMO_GHG2020_SEED42
V061,container_ship,33687,16.5,91.8,349,HFO,3.16,R021,Mumbai,Mormugao,135.5605,21.15,70.4914,20.136,sea_passage,DERIVED_PHYSICS_IMO_GHG2020_SEED42
V025,bulk_carrier,26135,9.2,71.8,507,LNG,2.26,R019,Mumbai,New_Mangalore,31.511,55.11,17.331,4.8842,sea_passage,DERIVED_PHYSICS_IMO_GHG2020_SEED42
V026,bulk_carrier,33063,11.4,67.5,700,LNG,1.1,R036,Paradip,Chennai,75.0108,61.4,41.2559,11.6267,sea_passage,DERIVED_PHYSICS_IMO_GHG2020_SEED42
V137,ro_ro,6851,19.2,75.6,345,LNG,0.35,R028,New_Mangalore,Kochi,39.4163,17.97,21.679,6.1095,sea_passage,DERIVED_PHYSICS_IMO_GHG2020_SEED42
V032,bulk_carrier,70130,10.2,60.8,495,LNG,1.77,R042,Kolkata_SMPK,Visakhapatnam,75.6822,48.53,41.6252,11.7307,sea_passage,DERIVED_PHYSICS_IMO_GHG2020_SEED42
V110,general_cargo,16704,12.0,97.6,1190,MGO,0.58,R005,JNPA,Chennai,110.1107,99.17,74.8753,17.6315,coastal,DERIVED_PHYSICS_IMO_GHG2020_SEED42
V019,bulk_carrier,63249,13.4,93.2,788,LNG,2.82,R052,Port_Blair,Chennai,252.0783,58.81,138.6431,39.0721,coastal,DERIVED_PHYSICS_IMO_GHG2020_SEED42
V087,tanker,28073,12.7,96.0,217,HFO,1.02,R043,Paradip,Kolkata_SMPK,34.7907,17.09,18.0912,5.1678,coastal,DERIVED_PHYSICS_IMO_GHG2020_SEED42
V082,tanker,54273,15.0,54.2,521,HFO,2.62,R060,Kandla,Mormugao,180.1896,34.73,93.6986,26.7652,coastal,DERIVED_PHYSICS_IMO_GHG2020_SEED42
V134,ro_ro,8843,20.4,59.1,528,LNG,2.97,R010,New_Mangalore,JNPA,83.0803,25.88,45.6942,12.8774,sea_passage,DERIVED_PHYSICS_IMO_GHG2020_SEED42
V144,passenger,4545,25.3,79.4,364,Hydrogen,0.35,R030,Tuticorin,Chennai,22.3466,14.39,71.5092,1.609,sea_passage,DERIVED_PHYSICS_IMO_GHG2020_SEED42
V082,tanker,54273,12.0,67.2,542,LNG,2.0,R024,Chennai,Kochi,102.9097,45.17,56.6004,15.951,sea_passage,DERIVED_PHYSICS_IMO_GHG2020_SEED42
V013,bulk_carrier,60013,13.5,59.3,1179,LNG,2.41,R015,Mumbai,Chennai,282.9158,87.33,155.6037,43.8519,sea_passage,DERIVED_PHYSICS_IMO_GHG2020_SEED42
V131,ro_ro,4651,21.0,51.7,217,MGO,1.37,R043,Paradip,Kolkata_SMPK,24.0769,10.33,16.3723,3.8553,sea_passage,DERIVED_PHYSICS_IMO_GHG2020_SEED42
V016,bulk_carrier,58242,13.5,58.2,700,HFO,2.67,R036,Paradip,Chennai,220.4323,51.85,114.6248,32.7428,sea_passage,DERIVED_PHYSICS_IMO_GHG2020_SEED42
V143,passenger,3504,22.3,74.6,297,Hydrogen,2.68,R007,JNPA,Kandla,12.437,13.32,39.7983,0.8955,sea_passage,DERIVED_PHYSICS_IMO_GHG2020_SEED42
V061,container_ship,33687,19.3,63.7,419,Methanol,2.69,R053,Kochi,Mormugao,377.1862,21.71,132.0152,21.7674,sea_passage,DERIVED_PHYSICS_IMO_GHG2020_SEED42
V134,ro_ro,8843,21.1,80.8,850,LNG,1.92,R014,Kochi,Mumbai,145.5481,40.28,80.0515,22.56,sea_passage,DERIVED_PHYSICS_IMO_GHG2020_SEED42
V121,general_cargo,14844,11.9,67.9,282,MGO,1.79,R017,Mumbai,Kandla,23.169,23.7,15.7549,3.7099,coastal,DERIVED_PHYSICS_IMO_GHG2020_SEED42
V038,bulk_carrier,33529,12.0,63.7,1179,LNG,1.47,R015,Mumbai,Chennai,144.6119,98.25,79.5365,22.4148,river_mouth,DERIVED_PHYSICS_IMO_GHG2020_SEED42
V029,bulk_carrier,30900,12.6,94.4,345,MGO,0.41,R028,New_Mangalore,Kochi,55.7701,27.38,37.9237,8.9302,sea_passage,DERIVED_PHYSICS_IMO_GHG2020_SEED42
V094,tanker,68263,13.4,78.0,406,LNG,1.02,R032,Visakhapatnam,Chennai,108.0848,30.3,59.4466,16.7531,coastal,DERIVED_PHYSICS_IMO_GHG2020_SEED42
V140,passenger,1902,20.7,59.6,290,Hydrogen,1.32,R046,JNPA,Kandla,6.3779,14.01,20.4094,0.4592,coastal,DERIVED_PHYSICS_IMO_GHG2020_SEED42
V028,bulk_carrier,56514,11.5,65.0,507,HFO,2.96,R019,Mumbai,New_Mangalore,121.7559,44.09,63.3131,18.0855,coastal,DERIVED_PHYSICS_IMO_GHG2020_SEED42
V099,tanker,55620,16.4,50.3,286,MGO,2.08,R045,Kandla,JNPA,96.4019,17.44,65.5533,15.4363,sea_passage,DERIVED_PHYSICS_IMO_GHG2020_SEED42
V059,container_ship,13324,15.9,55.6,1181,HFO,1.63,R016,Chennai,Mumbai,174.9474,74.28,90.9727,25.9865,coastal,DERIVED_PHYSICS_IMO_GHG2020_SEED42
V037,bulk_carrier,41493,11.3,88.2,853,HFO,2.79,R037,Chennai,Kolkata_SMPK,165.3623,75.49,85.9884,24.5628,coastal,DERIVED_PHYSICS_IMO_GHG2020_SEED42
V090,tanker,33954,12.3,82.5,18,MGO,1.85,R033,Chennai,Kamarajar,2.9213,1.46,1.9865,0.4678,coastal,DERIVED_PHYSICS_IMO_GHG2020_SEED42
V071,tanker,72064,11.1,83.8,311,LNG,1.21,R040,Paradip,Visakhapatnam,55.2293,28.02,30.3761,8.5605,sea_passage,DERIVED_PHYSICS_IMO_GHG2020_SEED42
V065,container_ship,18598,22.4,75.9,17,LNG,0.32,R034,Kamarajar,Chennai,4.6061,0.76,2.5334,0.714,sea_passage,DERIVED_PHYSICS_IMO_GHG2020_SEED42
V045,container_ship,12017,17.0,93.6,422,Methanol,0.34,R054,Mormugao,Kochi,129.2002,24.82,45.2201,7.4561,sea_passage,DERIVED_PHYSICS_IMO_GHG2020_SEED42
V088,tanker,47767,14.0,97.1,853,LNG,1.97,R037,Chennai,Kolkata_SMPK,197.0934,60.93,108.4014,30.5495,sea_passage,DERIVED_PHYSICS_IMO_GHG2020_SEED42
V058,container_ship,36763,19.8,95.5,876,MGO,1.84,R003,JNPA,Kochi,429.1154,44.24,291.7985,68.7121,coastal,DERIVED_PHYSICS_IMO_GHG2020_SEED42
V045,container_ship,12017,15.7,72.0,521,LNG,3.16,R060,Kandla,Mormugao,68.9952,33.18,37.9473,10.6943,sea_passage,DERIVED_PHYSICS_IMO_GHG2020_SEED42
V074,tanker,68994,10.5,94.7,311,MGO,1.57,R040,Paradip,Visakhapatnam,66.4476,29.62,45.1843,10.6399,sea_passage,DERIVED_PHYSICS_IMO_GHG2020_SEED42
V080,tanker,50271,14.6,52.5,290,LNG,0.51,R008,Kandla,JNPA,64.0124,19.86,35.2068,9.9219,sea_passage,DERIVED_PHYSICS_IMO_GHG2020_SEED42
V051,container_ship,9661,13.9,58.4,217,MGO,0.97,R043,Paradip,Kolkata_SMPK,15.9202,15.61,10.8257,2.5492,sea_passage,DERIVED_PHYSICS_IMO_GHG2020_SEED42
V045,container_ship,12017,16.0,79.9,347,LNG,2.68,R022,Mormugao,Mumbai,48.1439,21.69,26.4791,7.4623,sea_passage,DERIVED_PHYSICS_IMO_GHG2020_SEED42
V129,general_cargo,5817,13.3,80.7,757,HFO,0.98,R050,Port_Blair,Tuticorin,42.5219,56.92,22.1114,6.3162,sea_passage,DERIVED_PHYSICS_IMO_GHG2020_SEED42
V138,ro_ro,6679,13.6,84.4,290,LNG,1.29,R046,JNPA,Kandla,17.0398,21.32,9.3719,2.6412,sea_passage,DERIVED_PHYSICS_IMO_GHG2020_SEED42
V118,general_cargo,14985,12.5,50.2,491,MGO,2.04,R041,Visakhapatnam,Kolkata_SMPK,43.3751,39.28,29.4951,6.9454,sea_passage,DERIVED_PHYSICS_IMO_GHG2020_SEED42
V146,ferry,1735,15.3,93.5,348,MGO,2.14,R027,Kochi,New_Mangalore,12.8377,22.75,8.7296,2.0556,sea_passage,DERIVED_PHYSICS_IMO_GHG2020_SEED42
V029,bulk_carrier,30900,13.8,55.0,217,HFO,2.75,R043,Paradip,Kolkata_SMPK,45.6968,15.72,23.7623,6.7878,coastal,DERIVED_PHYSICS_IMO_GHG2020_SEED42
V063,container_ship,12578,17.1,55.3,277,Methanol,2.8,R018,Kandla,Mumbai,103.7741,16.2,36.3209,5.9888,sea_passage,DERIVED_PHYSICS_IMO_GHG2020_SEED42
V129,general_cargo,5817,14.5,72.9,700,HFO,3.49,R036,Paradip,Chennai,65.7736,48.28,34.2023,9.7699,sea_passage,DERIVED_PHYSICS_IMO_GHG2020_SEED42
V103,tanker,67954,14.9,70.8,276,LNG,3.1,R047,Kandla,Mumbai,99.2178,18.52,54.5698,15.3788,sea_passage,DERIVED_PHYSICS_IMO_GHG2020_SEED42
V099,tanker,55620,14.7,91.6,521,LNG,1.59,R060,Kandla,Mormugao,154.971,35.44,85.234,24.0205,sea_passage,DERIVED_PHYSICS_IMO_GHG2020_SEED42
V009,bulk_carrier,32714,12.1,82.2,18,HFO,2.39,R033,Chennai,Kamarajar,3.5481,1.49,1.845,0.527,sea_passage,DERIVED_PHYSICS_IMO_GHG2020_SEED42
V124,general_cargo,16581,11.7,70.4,349,MGO,2.26,R021,Mumbai,Mormugao,33.1987,29.83,22.5751,5.3159,sea_passage,DERIVED_PHYSICS_IMO_GHG2020_SEED42
V005,bulk_carrier,47170,10.0,88.8,282,MGO,1.1,R017,Mumbai,Kandla,36.3745,28.2,24.7346,5.8245,sea_passage,DERIVED_PHYSICS_IMO_GHG2020_SEED42
V028,bulk_carrier,56514,13.0,69.2,422,LNG,1.06,R054,Mormugao,Kochi,87.9632,32.46,48.3798,13.6343,sea_passage,DERIVED_PHYSICS_IMO_GHG2020_SEED42
V078,tanker,23323,11.8,90.5,859,MGO,1.76,R013,Mumbai,Kochi,108.8089,72.8,73.9901,17.423,sea_passage,DERIVED_PHYSICS_IMO_GHG2020_SEED42
V106,general_cargo,10004,15.5,54.8,276,HFO,3.19,R047,Kandla,Mumbai,34.9744,17.81,18.1867,5.1951,sea_passage,DERIVED_PHYSICS_IMO_GHG2020_SEED42
V083,tanker,42416,10.9,89.0,276,HFO,0.98,R047,Kandla,Mumbai,43.6981,25.32,22.723,6.4909,river_mouth,DERIVED_PHYSICS_IMO_GHG2020_SEED42
V056,container_ship,38751,13.1,89.8,505,HFO,1.71,R020,New_Mangalore,Mumbai,113.3358,38.55,58.9346,16.8348,sea_passage,DERIVED_PHYSICS_IMO_GHG2020_SEED42
V104,tanker,27184,13.3,71.5,419,MGO,2.73,R057,Kamarajar,Visakhapatnam,70.1624,31.5,47.7104,11.2347,sea_passage,DERIVED_PHYSICS_IMO_GHG2020_SEED42
V061,container_ship,33687,19.7,68.4,364,HFO,0.84,R030,Tuticorin,Chennai,139.5444,18.48,72.5631,20.7278,coastal,DERIVED_PHYSICS_IMO_GHG2020_SEED42
V121,general_cargo,14844,9.7,61.7,313,HFO,0.73,R039,Visakhapatnam,Paradip,17.6604,32.27,9.1834,2.6233,river_mouth,DERIVED_PHYSICS_IMO_GHG2020_SEED42
V023,bulk_carrier,58095,13.6,88.6,853,MGO,1.43,R037,Chennai,Kolkata_SMPK,245.9311,62.72,167.2332,39.3797,river_mouth,DERIVED_PHYSICS_IMO_GHG2020_SEED42
V146,ferry,1735,14.3,85.6,853,Hydrogen,1.68,R037,Chennai,Kolkata_SMPK,9.3361,59.65,29.8754,0.6722,sea_passage,DERIVED_PHYSICS_IMO_GHG2020_SEED42
V022,bulk_carrier,27915,10.8,78.3,183,MGO,3.16,R026,Tuticorin,Kochi,22.9873,16.94,15.6314,3.6808,sea_passage,DERIVED_PHYSICS_IMO_GHG2020_SEED42
V122,general_cargo,14088,14.5,96.5,422,MGO,2.35,R054,Mormugao,Kochi,64.1958,29.1,43.6531,10.2793,coastal,DERIVED_PHYSICS_IMO_GHG2020_SEED42
V037,bulk_carrier,41493,10.3,73.7,876,LNG,3.01,R003,JNPA,Kochi,113.7207,85.05,62.5464,17.6267,sea_passage,DERIVED_PHYSICS_IMO_GHG2020_SEED42
V034,bulk_carrier,62925,11.4,67.3,313,LNG,2.76,R039,Visakhapatnam,Paradip,58.0033,27.46,31.9018,8.9905,sea_passage,DERIVED_PHYSICS_IMO_GHG2020_SEED42
V076,tanker,28632,13.7,55.1,700,LNG,1.27,R036,Paradip,Chennai,89.9166,51.09,49.4541,13.9371,sea_passage,DERIVED_PHYSICS_IMO_GHG2020_SEED42
V075,tanker,55666,10.3,65.6,217,LNG,3.35,R043,Paradip,Kolkata_SMPK,32.9272,21.07,18.1099,5.1037,sea_passage,DERIVED_PHYSICS_IMO_GHG2020_SEED42
V111,general_cargo,19799,12.0,90.7,313,MGO,2.82,R039,Visakhapatnam,Paradip,38.6144,26.08,26.2578,6.1831,coastal,DERIVED_PHYSICS_IMO_GHG2020_SEED42
V114,general_cargo,17380,11.0,93.2,411,HFO,0.4,R058,Visakhapatnam,Kamarajar,31.5079,37.36,16.3841,4.6802,coastal,DERIVED_PHYSICS_IMO_GHG2020_SEED42
V021,bulk_carrier,35729,13.1,83.5,169,HFO,2.91,R055,New_Mangalore,Mormugao,43.9262,12.9,22.8416,6.5248,sea_passage,DERIVED_PHYSICS_IMO_GHG2020_SEED42
V117,general_cargo,9258,13.2,83.0,870,MGO,2.18,R004,Kochi,JNPA,74.6344,65.91,50.7514,11.9508,sea_passage,DERIVED_PHYSICS_IMO_GHG2020_SEED42
V139,passenger,2268,14.3,92.3,189,Hydrogen,0.33,R025,Kochi,Tuticorin,2.1478,13.22,6.8731,0.1546,sea_passage,DERIVED_PHYSICS_IMO_GHG2020_SEED42
V013,bulk_carrier,60013,11.0,90.0,348,HFO,1.6,R027,Kochi,New_Mangalore,69.7982,31.64,36.2951,10.3678,sea_passage,DERIVED_PHYSICS_IMO_GHG2020_SEED42
V115,general_cargo,11634,11.9,94.5,406,HFO,0.6,R032,Visakhapatnam,Chennai,30.9297,34.12,16.0835,4.5943,sea_passage,DERIVED_PHYSICS_IMO_GHG2020_SEED42
V093,tanker,39701,15.7,92.4,521,MGO,3.01,R060,Kandla,Mormugao,184.9057,33.18,125.7359,29.608,sea_passage,DERIVED_PHYSICS_IMO_GHG2020_SEED42
V076,tanker,28632,16.8,90.1,1181,HFO,2.92,R016,Chennai,Mumbai,408.1536,70.3,212.2399,60.6267,sea_passage,DERIVED_PHYSICS_IMO_GHG2020_SEED42
V037,bulk_carrier,41493,10.1,98.8,850,LNG,2.04,R014,Kochi,Mumbai,107.6919,84.16,59.2306,16.6923,sea_passage,DERIVED_PHYSICS_IMO_GHG2020_SEED42
V029,bulk_carrier,30900,15.6,90.6,542,HFO,0.46,R024,Chennai,Kochi,130.1492,34.74,67.6776,19.3322,sea_passage,DERIVED_PHYSICS_IMO_GHG2020_SEED42
V008,bulk_carrier,34731,14.1,58.7,419,MGO,2.3,R057,Kamarajar,Visakhapatnam,94.33,29.72,64.1444,15.1046,sea_passage,DERIVED_PHYSICS_IMO_GHG2020_SEED42
V046,container_ship,34898,21.0,81.3,183,HFO,0.59,R026,Tuticorin,Kochi,77.363,8.71,40.2287,11.4914,sea_passage,DERIVED_PHYSICS_IMO_GHG2020_SEED42
V091,tanker,39649,11.8,88.0,311,MGO,1.32,R040,Paradip,Visakhapatnam,54.7052,26.36,37.1995,8.7597,sea_passage,DERIVED_PHYSICS_IMO_GHG2020_SEED42
V022,bulk_carrier,27915,10.0,76.4,364,MGO,1.33,R030,Tuticorin,Chennai,33.2916,36.4,22.6383,5.3308,sea_passage,DERIVED_PHYSICS_IMO_GHG2020_SEED42
V056,container_ship,38751,16.8,78.7,169,Methanol,3.36,R055,New_Mangalore,Mormugao,156.886,10.06,54.9101,9.0539,sea_passage,DERIVED_PHYSICS_IMO_GHG2020_SEED42
V120,general_cargo,16651,9.9,81.6,700,MGO,1.55,R036,Paradip,Chennai,41.4304,70.71,28.1727,6.634,sea_passage,DERIVED_PHYSICS_IMO_GHG2020_SEED42
V060,container_ship,33073,14.4,82.6,290,Methanol,1.77,R046,JNPA,Kandla,154.1052,20.14,53.9368,8.8934,sea_passage,DERIVED_PHYSICS_IMO_GHG2020_SEED42
V053,container_ship,27197,14.3,68.4,18,Methanol,3.47,R033,Chennai,Kamarajar,8.6805,1.26,3.0382,0.5009,sea_passage,DERIVED_PHYSICS_IMO_GHG2020_SEED42
V066,container_ship,31457,14.9,53.3,1179,Methanol,3.26,R015,Mumbai,Chennai,578.9605,79.13,202.6362,33.4118,sea_passage,DERIVED_PHYSICS_IMO_GHG2020_SEED42
V128,general_cargo,15648,14.3,57.2,542,HFO,2.86,R024,Chennai,Kochi,73.3078,37.9,38.1201,10.8891,sea_passage,DERIVED_PHYSICS_IMO_GHG2020_SEED42
V032,bulk_carrier,70130,13.7,59.3,507,HFO,0.86,R019,Mumbai,New_Mangalore,161.9133,37.01,84.1949,24.0504,coastal,DERIVED_PHYSICS_IMO_GHG2020_SEED42
V071,tanker,72064,15.1,75.0,870,LNG,2.1,R004,Kochi,JNPA,304.4885,57.62,167.4687,47.1957,sea_passage,DERIVED_PHYSICS_IMO_GHG2020_SEED42
V064,container_ship,26077,16.8,87.8,217,HFO,1.62,R043,Paradip,Kolkata_SMPK,64.4943,12.92,33.537,9.5799,river_mouth,DERIVED_PHYSICS_IMO_GHG2020_SEED42
V149,ferry,536,17.7,68.1,358,Hydrogen,0.64,R011,JNPA,Mormugao,2.3048,20.23,7.3753,0.1659,river_mouth,DERIVED_PHYSICS_IMO_GHG2020_SEED42
V038,bulk_carrier,33529,12.7,97.3,282,HFO,0.41,R017,Mumbai,Kandla,56.3177,22.2,29.2852,8.3654,coastal,DERIVED_PHYSICS_IMO_GHG2020_SEED42
V002,bulk_carrier,29708,14.5,89.9,521,LNG,1.32,R060,Kandla,Mormugao,99.9242,35.93,54.9583,15.4883,sea_passage,DERIVED_PHYSICS_IMO_GHG2020_SEED42
V071,tanker,72064,11.6,55.9,359,HFO,1.1,R012,Mormugao,JNPA,77.7338,30.95,40.4216,11.5465,sea_passage,DERIVED_PHYSICS_IMO_GHG2020_SEED42
V056,container_ship,38751,13.2,59.7,358,MGO,2.38,R011,JNPA,Mormugao,68.437,27.12,46.5371,10.9585,sea_passage,DERIVED_PHYSICS_IMO_GHG2020_SEED42
V104,tanker,27184,11.3,83.6,870,MGO,1.52,R004,Kochi,JNPA,98.5349,76.99,67.0037,15.7779,sea_passage,DERIVED_PHYSICS_IMO_GHG2020_SEED42
V030,bulk_carrier,38293,12.6,52.1,277,LNG,2.1,R018,Kandla,Mumbai,38.3259,21.98,21.0793,5.9405,sea_passage,DERIVED_PHYSICS_IMO_GHG2020_SEED42
V128,general_cargo,15648,15.6,89.6,183,MGO,2.22,R026,Tuticorin,Kochi,33.7387,11.73,22.9423,5.4024,sea_passage,DERIVED_PHYSICS_IMO_GHG2020_SEED42
V051,container_ship,9661,19.2,61.1,217,MGO,0.86,R043,Paradip,Kolkata_SMPK,35.2828,11.3,23.9923,5.6497,sea_passage,DERIVED_PHYSICS_IMO_GHG2020_SEED42
V009,bulk_carrier,32714,12.0,65.1,277,HFO,2.2,R018,Kandla,Mumbai,44.9163,23.08,23.3565,6.6718,river_mouth,DERIVED_PHYSICS_IMO_GHG2020_SEED42
V118,general_cargo,14985,11.0,79.5,542,HFO,0.61,R024,Chennai,Kochi,43.7914,49.27,22.7715,6.5047,sea_passage,DERIVED_PHYSICS_IMO_GHG2020_SEED42
V050,container_ship,17470,22.9,60.9,411,HFO,2.44,R058,Visakhapatnam,Kamarajar,157.7993,17.95,82.0556,23.4394,coastal,DERIVED_PHYSICS_IMO_GHG2020_SEED42
V079,tanker,55468,15.1,87.6,761,MGO,1.07,R049,Tuticorin,Port_Blair,286.7496,50.4,194.9897,45.9158,sea_passage,DERIVED_PHYSICS_IMO_GHG2020_SEED42
V016,bulk_carrier,58242,11.8,72.6,1181,HFO,1.69,R016,Chennai,Mumbai,262.1067,100.08,136.2955,38.9331,sea_passage,DERIVED_PHYSICS_IMO_GHG2020_SEED42
V109,general_cargo,10749,11.4,82.3,491,MGO,2.48,R041,Visakhapatnam,Kolkata_SMPK,35.4011,43.07,24.0728,5.6686,sea_passage,DERIVED_PHYSICS_IMO_GHG2020_SEED42
V031,bulk_carrier,60844,11.2,65.7,538,MGO,2.68,R023,Kochi,Chennai,114.3622,48.04,77.7663,18.3123,coastal,DERIVED_PHYSICS_IMO_GHG2020_SEED42
V047,container_ship,41892,18.0,63.0,17,MGO,1.92,R034,Kamarajar,Chennai,6.4598,0.94,4.3927,1.0344,river_mouth,DERIVED_PHYSICS_IMO_GHG2020_SEED42
V092,tanker,76931,15.6,81.1,853,MGO,2.64,R037,Chennai,Kolkata_SMPK,447.953,54.68,304.608,71.7285,sea_passage,DERIVED_PHYSICS_IMO_GHG2020_SEED42
V130,general_cargo,15643,9.3,97.9,396,MGO,3.15,R031,Chennai,Visakhapatnam,26.84,42.58,18.2512,4.2978,coastal,DERIVED_PHYSICS_IMO_GHG2020_SEED42
V091,tanker,39649,11.6,79.1,797,LNG,0.68,R051,Chennai,Port_Blair,102.0794,68.71,56.1437,15.8223,sea_passage,DERIVED_PHYSICS_IMO_GHG2020_SEED42
V059,container_ship,13324,12.6,58.0,22,Methanol,0.53,R002,Mumbai,JNPA,3.3504,1.75,1.1726,0.1933,sea_passage,DERIVED_PHYSICS_IMO_GHG2020_SEED42
V067,container_ship,23507,18.2,58.5,286,Methanol,1.28,R045,Kandla,JNPA,157.3741,15.71,55.0809,9.0821,sea_passage,DERIVED_PHYSICS_IMO_GHG2020_SEED42
V036,bulk_carrier,45790,9.3,50.9,788,MGO,1.47,R052,Port_Blair,Chennai,85.2576,84.73,57.9752,13.6519,sea_passage,DERIVED_PHYSICS_IMO_GHG2020_SEED42
V140,passenger,1902,17.4,65.9,297,MGO,2.7,R007,JNPA,Kandla,15.8123,17.07,10.7524,2.5319,sea_passage,DERIVED_PHYSICS_IMO_GHG2020_SEED42
V073,tanker,47233,14.1,59.2,507,LNG,2.84,R019,Mumbai,New_Mangalore,132.3361,35.96,72.7848,20.5121,river_mouth,DERIVED_PHYSICS_IMO_GHG2020_SEED42
V067,container_ship,23507,23.3,56.2,277,LNG,3.33,R018,Kandla,Mumbai,114.0072,11.89,62.7039,17.6711,sea_passage,DERIVED_PHYSICS_IMO_GHG2020_SEED42
V141,passenger,3808,25.2,57.8,788,Hydrogen,2.79,R052,Port_Blair,Chennai,47.0774,31.27,150.6477,3.3896,coastal,DERIVED_PHYSICS_IMO_GHG2020_SEED42
V051,container_ship,9661,14.3,86.3,396,HFO,1.94,R031,Chennai,Visakhapatnam,43.4868,27.69,22.6131,6.4595,sea_passage,DERIVED_PHYSICS_IMO_GHG2020_SEED42
V055,container_ship,17711,18.1,53.9,18,LNG,3.44,R033,Chennai,Kamarajar,3.959,0.99,2.1775,0.6136,coastal,DERIVED_PHYSICS_IMO_GHG2020_SEED42
V085,tanker,70614,13.1,61.1,276,HFO,2.45,R047,Kandla,Mumbai,89.2437,21.07,46.4067,13.2562,coastal,DERIVED_PHYSICS_IMO_GHG2020_SEED42
V110,general_cargo,16704,11.1,79.9,529,MGO,3.07,R059,Mormugao,Kandla,44.5292,47.66,30.2798,7.1302,coastal,DERIVED_PHYSICS_IMO_GHG2020_SEED42
V126,general_cargo,16177,12.3,77.2,229,MGO,2.65,R044,Kolkata_SMPK,Paradip,25.8419,18.62,17.5725,4.1379,sea_passage,DERIVED_PHYSICS_IMO_GHG2020_SEED42
V069,container_ship,8659,16.1,80.4,396,MGO,1.35,R031,Chennai,Visakhapatnam,42.6387,24.6,28.9943,6.8275,river_mouth,DERIVED_PHYSICS_IMO_GHG2020_SEED42
V023,bulk_carrier,58095,11.5,63.8,692,HFO,0.62,R035,Chennai,Paradip,136.8902,60.17,71.1829,20.3335,sea_passage,DERIVED_PHYSICS_IMO_GHG2020_SEED42
V035,bulk_carrier,56365,13.4,50.2,286,MGO,2.11,R045,Kandla,JNPA,68.3902,21.34,46.5054,10.951,sea_passage,DERIVED_PHYSICS_IMO_GHG2020_SEED42
V019,bulk_carrier,63249,13.3,60.2,345,LNG,3.18,R028,New_Mangalore,Kochi,87.1427,25.94,47.9285,13.5071,sea_passage,DERIVED_PHYSICS_IMO_GHG2020_SEED42
V083,tanker,42416,13.5,58.3,797,HFO,1.96,R051,Chennai,Port_Blair,169.5564,59.04,88.1693,25.1857,sea_passage,DERIVED_PHYSICS_IMO_GHG2020_SEED42
V105,tanker,59471,12.5,73.1,542,LNG,1.2,R024,Chennai,Kochi,109.1402,43.36,60.0271,16.9167,sea_passage,DERIVED_PHYSICS_IMO_GHG2020_SEED42
V093,tanker,39701,14.5,54.8,419,LNG,1.58,R053,Kochi,Mormugao,82.1872,28.9,45.2029,12.739,sea_passage,DERIVED_PHYSICS_IMO_GHG2020_SEED42
V148,ferry,932,15.4,64.5,345,Shore_Power,2.99,R028,New_Mangalore,Kochi,113.4913,22.4,13.619,0.335,sea_passage,DERIVED_PHYSICS_IMO_GHG2020_SEED42
V132,ro_ro,8727,18.2,94.9,419,HFO,2.89,R053,Kochi,Mormugao,80.7841,23.02,42.0077,11.9996,sea_passage,DERIVED_PHYSICS_IMO_GHG2020_SEED42
V082,tanker,54273,11.8,93.8,347,LNG,0.47,R022,Mormugao,Mumbai,56.2631,29.41,30.9447,8.7208,sea_passage,DERIVED_PHYSICS_IMO_GHG2020_SEED42
V085,tanker,70614,13.5,97.7,491,LNG,0.42,R041,Visakhapatnam,Kolkata_SMPK,134.7945,36.37,74.137,20.8931,sea_passage,DERIVED_PHYSICS_IMO_GHG2020_SEED42
V147,ferry,2604,14.6,91.5,419,Hydrogen,0.64,R057,Kamarajar,Visakhapatnam,5.787,28.7,18.5184,0.4167,sea_passage,DERIVED_PHYSICS_IMO_GHG2020_SEED42
V100,tanker,35203,14.1,56.2,422,MGO,1.8,R054,Mormugao,Kochi,86.9845,29.93,59.1494,13.9284,coastal,DERIVED_PHYSICS_IMO_GHG2020_SEED42
V064,container_ship,26077,19.0,60.8,345,HFO,3.26,R028,New_Mangalore,Kochi,123.5399,18.16,64.2407,18.3505,sea_passage,DERIVED_PHYSICS_IMO_GHG2020_SEED42
V123,general_cargo,17741,9.7,64.6,169,MGO,1.54,R055,New_Mangalore,Mormugao,10.1947,17.42,6.9324,1.6324,sea_passage,DERIVED_PHYSICS_IMO_GHG2020_SEED42
V065,container_ship,18598,20.9,94.7,761,Methanol,1.07,R049,Tuticorin,Port_Blair,502.5833,36.41,175.9041,29.0041,sea_passage,DERIVED_PHYSICS_IMO_GHG2020_SEED42
V084,tanker,23117,17.2,85.9,396,HFO,2.85,R031,Chennai,Visakhapatnam,138.5351,23.02,72.0383,20.5779,sea_passage,DERIVED_PHYSICS_IMO_GHG2020_SEED42
V004,bulk_carrier,71338,10.9,71.5,419,HFO,2.95,R053,Kochi,Mormugao,96.4241,38.44,50.1405,14.3227,sea_passage,DERIVED_PHYSICS_IMO_GHG2020_SEED42
V082,tanker,54273,11.3,77.1,183,LNG,0.35,R026,Tuticorin,Kochi,27.0085,16.19,14.8547,4.1863,sea_passage,DERIVED_PHYSICS_IMO_GHG2020_SEED42
V024,bulk_carrier,45319,15.4,86.1,411,MGO,0.42,R058,Visakhapatnam,Kamarajar,121.5356,26.69,82.6442,19.4609,coastal,DERIVED_PHYSICS_IMO_GHG2020_SEED42
V042,bulk_carrier,48674,13.4,90.2,17,LNG,1.0,R034,Kamarajar,Chennai,3.5735,1.27,1.9654,0.5539,sea_passage,DERIVED_PHYSICS_IMO_GHG2020_SEED42
V022,bulk_carrier,27915,11.5,97.7,507,MGO,2.27,R019,Mumbai,New_Mangalore,75.5108,44.09,51.3474,12.0912,river_mouth,DERIVED_PHYSICS_IMO_GHG2020_SEED42
V096,tanker,71643,10.7,95.3,419,HFO,1.4,R053,Kochi,Mormugao,93.7934,39.16,48.7726,13.932,sea_passage,DERIVED_PHYSICS_IMO_GHG2020_SEED42
V007,bulk_carrier,42726,16.3,63.3,491,LNG,1.37,R041,Visakhapatnam,Kolkata_SMPK,131.238,30.12,72.1809,20.3419,coastal,DERIVED_PHYSICS_IMO_GHG2020_SEED42
V089,tanker,35987,10.5,97.4,859,HFO,2.79,R013,Mumbai,Kochi,130.1512,81.81,67.6786,19.3325,sea_passage,DERIVED_PHYSICS_IMO_GHG2020_SEED42
V043,container_ship,27264,16.9,83.7,757,HFO,2.1,R050,Port_Blair,Tuticorin,233.796,44.79,121.5739,34.7278,sea_passage,DERIVED_PHYSICS_IMO_GHG2020_SEED42
V138,ro_ro,6679,12.5,94.0,853,HFO,0.44,R037,Chennai,Kolkata_SMPK,50.0396,68.24,26.0206,7.4328,sea_passage,DERIVED_PHYSICS_IMO_GHG2020_SEED42
V131,ro_ro,4651,17.0,70.1,692,LNG,2.4,R035,Chennai,Paradip,51.1582,40.71,28.137,7.9295,sea_passage,DERIVED_PHYSICS_IMO_GHG2020_SEED42
V049,container_ship,19734,19.2,90.0,757,MGO,0.65,R050,Port_Blair,Tuticorin,211.0166,39.43,143.4913,33.789,sea_passage,DERIVED_PHYSICS_IMO_GHG2020_SEED42
V079,tanker,55468,12.2,79.3,518,MGO,0.7,R009,JNPA,New_Mangalore,112.645,42.46,76.5986,18.0373,coastal,DERIVED_PHYSICS_IMO_GHG2020_SEED42
V111,general_cargo,19799,13.6,67.6,359,HFO,3.17,R012,Mormugao,JNPA,55.2549,26.4,28.7325,8.2075,sea_passage,DERIVED_PHYSICS_IMO_GHG2020_SEED42
V050,container_ship,17470,23.8,70.7,189,HFO,1.25,R025,Kochi,Tuticorin,75.9177,7.94,39.4772,11.2767,coastal,DERIVED_PHYSICS_IMO_GHG2020_SEED42
V007,bulk_carrier,42726,13.1,57.8,349,HFO,2.2,R021,Mumbai,Mormugao,73.3816,26.64,38.1584,10.9,sea_passage,DERIVED_PHYSICS_IMO_GHG2020_SEED42
V129,general_cargo,5817,15.2,58.8,169,HFO,2.85,R055,New_Mangalore,Mormugao,14.1739,11.12,7.3704,2.1054,sea_passage,DERIVED_PHYSICS_IMO_GHG2020_SEED42
V140,passenger,1902,19.3,54.3,364,MGO,2.23,R030,Tuticorin,Chennai,22.1903,18.86,15.0894,3.5532,sea_passage,DERIVED_PHYSICS_IMO_GHG2020_SEED42
V141,passenger,3808,18.5,63.4,491,MGO,2.13,R041,Visakhapatnam,Kolkata_SMPK,39.8169,26.54,27.0755,6.3757,sea_passage,DERIVED_PHYSICS_IMO_GHG2020_SEED42
V043,container_ship,27264,14.3,81.2,22,LNG,1.66,R002,Mumbai,JNPA,3.6377,1.54,2.0007,0.5638,sea_passage,DERIVED_PHYSICS_IMO_GHG2020_SEED42
V007,bulk_carrier,42726,14.9,72.0,495,LNG,2.85,R042,Kolkata_SMPK,Visakhapatnam,131.7329,33.22,72.4531,20.4186,sea_passage,DERIVED_PHYSICS_IMO_GHG2020_SEED42
V146,ferry,1735,15.4,54.8,870,MGO,3.33,R004,Kochi,JNPA,33.7521,56.49,22.9514,5.4045,sea_passage,DERIVED_PHYSICS_IMO_GHG2020_SEED42
V065,container_ship,18598,20.6,51.7,859,Methanol,2.18,R013,Mumbai,Kochi,508.8474,41.7,178.0966,29.3656,sea_passage,DERIVED_PHYSICS_IMO_GHG2020_SEED42
V148,ferry,932,12.9,77.0,313,LNG,2.87,R039,Visakhapatnam,Paradip,4.508,24.26,2.4794,0.6987,sea_passage,DERIVED_PHYSICS_IMO_GHG2020_SEED42
V028,bulk_carrier,56514,11.0,87.4,419,MGO,2.55,R057,Kamarajar,Visakhapatnam,90.6324,38.09,61.63,14.5125,sea_passage,DERIVED_PHYSICS_IMO_GHG2020_SEED42
V006,bulk_carrier,66381,13.5,84.0,491,MGO,2.14,R041,Visakhapatnam,Kolkata_SMPK,143.2314,36.37,97.3974,22.9349,sea_passage,DERIVED_PHYSICS_IMO_GHG2020_SEED42
V141,passenger,3808,17.6,98.1,788,LNG,0.49,R052,Port_Blair,Chennai,52.7686,44.77,29.0227,8.1791,sea_passage,DERIVED_PHYSICS_IMO_GHG2020_SEED42
V084,tanker,23117,15.0,91.1,521,MGO,2.61,R060,Kandla,Mormugao,112.0908,34.73,76.2217,17.9485,sea_passage,DERIVED_PHYSICS_IMO_GHG2020_SEED42
V127,general_cargo,7328,10.4,62.5,18,MGO,3.35,R033,Chennai,Kamarajar,0.8607,1.73,0.5853,0.1378,coastal,DERIVED_PHYSICS_IMO_GHG2020_SEED42
V057,container_ship,30177,18.6,99.6,358,LNG,0.45,R011,JNPA,Mormugao,98.9786,19.25,54.4382,15.3417,sea_passage,DERIVED_PHYSICS_IMO_GHG2020_SEED42
V016,bulk_carrier,58242,10.8,60.7,529,MGO,2.52,R059,Mormugao,Kandla,94.738,48.98,64.4219,15.1699,coastal,DERIVED_PHYSICS_IMO_GHG2020_SEED42
V074,tanker,68994,9.9,64.3,850,HFO,0.74,R014,Kochi,Mumbai,134.1628,85.86,69.7647,19.9284,sea_passage,DERIVED_PHYSICS_IMO_GHG2020_SEED42
V052,container_ship,35698,16.2,77.1,538,LNG,1.84,R023,Kochi,Chennai,135.4908,33.21,74.5199,21.0011,sea_passage,DERIVED_PHYSICS_IMO_GHG2020_SEED42
V113,general_cargo,13823,12.1,84.4,411,MGO,2.43,R058,Visakhapatnam,Kamarajar,39.1249,33.97,26.6049,6.2649,sea_passage,DERIVED_PHYSICS_IMO_GHG2020_SEED42
V064,container_ship,26077,20.0,51.4,169,HFO,2.08,R055,New_Mangalore,Mormugao,61.855,8.45,32.1646,9.1879,sea_passage,DERIVED_PHYSICS_IMO_GHG2020_SEED42
V043,container_ship,27264,15.1,78.2,18,Methanol,0.78,R033,Chennai,Kamarajar,7.5558,1.19,2.6445,0.436,sea_passage,DERIVED_PHYSICS_IMO_GHG2020_SEED42
V132,ro_ro,8727,13.8,80.5,788,MGO,2.7,R052,Port_Blair,Chennai,69.4433,57.1,47.2214,11.1196,sea_passage,DERIVED_PHYSICS_IMO_GHG2020_SEED42
V087,tanker,28073,12.2,94.5,24,HFO,1.6,R001,JNPA,Mumbai,3.7865,1.97,1.969,0.5624,coastal,DERIVED_PHYSICS_IMO_GHG2020_SEED42
V035,bulk_carrier,56365,10.2,77.4,419,HFO,1.74,R057,Kamarajar,Visakhapatnam,68.239,41.08,35.4843,10.1362,sea_passage,DERIVED_PHYSICS_IMO_GHG2020_SEED42
V097,tanker,25705,11.9,94.1,276,MGO,2.71,R048,Mumbai,Kandla,41.8909,23.19,28.4858,6.7078,coastal,DERIVED_PHYSICS_IMO_GHG2020_SEED42
V047,container_ship,41892,14.0,71.5,1181,LNG,1.54,R016,Chennai,Mumbai,233.1048,84.36,128.2076,36.1312,sea_passage,DERIVED_PHYSICS_IMO_GHG2020_SEED42
V042,bulk_carrier,48674,9.2,92.4,396,MGO,0.76,R031,Chennai,Visakhapatnam,45.2676,43.04,30.782,7.2485,coastal,DERIVED_PHYSICS_IMO_GHG2020_SEED42
V017,bulk_carrier,47945,13.0,58.5,189,MGO,2.28,R025,Kochi,Tuticorin,42.6979,14.54,29.0346,6.837,coastal,DERIVED_PHYSICS_IMO_GHG2020_SEED42
V057,container_ship,30177,16.4,80.4,538,Methanol,1.02,R023,Kochi,Chennai,303.7654,32.8,106.3179,17.5303,sea_passage,DERIVED_PHYSICS_IMO_GHG2020_SEED42
V113,general_cargo,13823,14.3,98.4,169,HFO,2.17,R055,New_Mangalore,Mormugao,24.2963,11.82,12.6341,3.6089,sea_passage,DERIVED_PHYSICS_IMO_GHG2020_SEED42
V002,bulk_carrier,29708,15.6,84.7,290,HFO,3.43,R046,JNPA,Kandla,83.572,18.59,43.4575,12.4137,sea_passage,DERIVED_PHYSICS_IMO_GHG2020_SEED42
V046,container_ship,34898,21.8,53.1,542,HFO,2.33,R024,Chennai,Kochi,295.0016,24.86,153.4008,43.8192,sea_passage,DERIVED_PHYSICS_IMO_GHG2020_SEED42
V126,general_cargo,16177,14.3,50.8,229,HFO,2.69,R044,Kolkata_SMPK,Paradip,34.5783,16.01,17.9807,5.1362,sea_passage,DERIVED_PHYSICS_IMO_GHG2020_SEED42
V106,general_cargo,10004,13.2,51.4,22,HFO,2.87,R002,Mumbai,JNPA,1.9825,1.67,1.0309,0.2945,sea_passage,DERIVED_PHYSICS_IMO_GHG2020_SEED42
V062,container_ship,34470,17.6,62.8,797,Methanol,3.41,R051,Chennai,Port_Blair,702.2074,45.28,245.7726,40.5244,sea_passage,DERIVED_PHYSICS_IMO_GHG2020_SEED42
V098,tanker,28244,14.3,89.4,853,LNG,3.13,R037,Chennai,Kolkata_SMPK,172.5542,59.65,94.9048,26.7459,river_mouth,DERIVED_PHYSICS_IMO_GHG2020_SEED42
V140,passenger,1902,21.7,55.8,276,LNG,3.21,R048,Mumbai,Kandla,19.4222,12.72,10.6822,3.0104,sea_passage,DERIVED_PHYSICS_IMO_GHG2020_SEED42
V076,tanker,28632,16.5,81.5,359,HFO,0.62,R012,Mormugao,JNPA,99.2651,21.76,51.6178,14.7447,river_mouth,DERIVED_PHYSICS_IMO_GHG2020_SEED42
V025,bulk_carrier,26135,8.7,98.8,528,MGO,1.62,R010,New_Mangalore,JNPA,40.1483,60.69,27.3009,6.4287,coastal,DERIVED_PHYSICS_IMO_GHG2020_SEED42
V059,container_ship,13324,14.7,65.1,411,MGO,0.62,R058,Visakhapatnam,Kamarajar,44.4606,27.96,30.2332,7.1192,sea_passage,DERIVED_PHYSICS_IMO_GHG2020_SEED42
V064,container_ship,26077,21.3,50.9,183,LNG,3.05,R026,Tuticorin,Kochi,66.6531,8.59,36.6592,10.3312,river_mouth,DERIVED_PHYSICS_IMO_GHG2020_SEED42
V044,container_ship,41157,13.4,66.1,396,LNG,2.42,R031,Chennai,Visakhapatnam,72.6621,29.55,39.9642,11.2626,river_mouth,DERIVED_PHYSICS_IMO_GHG2020_SEED42
V084,tanker,23117,14.8,58.5,406,HFO,2.52,R032,Visakhapatnam,Chennai,76.8858,27.43,39.9806,11.4205,coastal,DERIVED_PHYSICS_IMO_GHG2020_SEED42
V120,general_cargo,16651,10.5,98.2,538,HFO,0.69,R023,Kochi,Chennai,39.7988,51.24,20.6954,5.9117,sea_passage,DERIVED_PHYSICS_IMO_GHG2020_SEED42
V065,container_ship,18598,22.6,80.5,406,Methanol,0.55,R032,Visakhapatnam,Chennai,308.7861,17.96,108.0751,17.82,sea_passage,DERIVED_PHYSICS_IMO_GHG2020_SEED42
V011,bulk_carrier,34473,11.8,75.7,528,MGO,1.44,R010,New_Mangalore,JNPA,74.8988,44.75,50.9312,11.9932,coastal,DERIVED_PHYSICS_IMO_GHG2020_SEED42
V142,passenger,4149,20.9,73.4,169,MGO,1.15,R055,New_Mangalore,Mormugao,18.0994,8.09,12.3076,2.8982,sea_passage,DERIVED_PHYSICS_IMO_GHG2020_SEED42
V110,general_cargo,16704,13.2,63.6,276,HFO,1.26,R048,Mumbai,Kandla,33.1368,20.91,17.2311,4.9221,sea_passage,DERIVED_PHYSICS_IMO_GHG2020_SEED42
V061,container_ship,33687,17.2,64.5,419,MGO,0.32,R053,Kochi,Mormugao,122.0458,24.36,82.9912,19.5426,sea_passage,DERIVED_PHYSICS_IMO_GHG2020_SEED42
V023,bulk_carrier,58095,13.5,97.9,870,MGO,0.31,R004,Kochi,JNPA,247.7494,64.44,168.4696,39.6709,sea_passage,DERIVED_PHYSICS_IMO_GHG2020_SEED42
V055,container_ship,17711,23.4,53.6,348,MGO,3.47,R027,Kochi,New_Mangalore,142.4834,14.87,96.8887,22.8151,sea_passage,DERIVED_PHYSICS_IMO_GHG2020_SEED42
V064,container_ship,26077,15.1,79.3,282,MGO,1.88,R017,Mumbai,Kandla,64.1545,18.68,43.6251,10.2727,sea_passage,DERIVED_PHYSICS_IMO_GHG2020_SEED42
V127,general_cargo,7328,15.6,66.6,282,MGO,1.84,R017,Mumbai,Kandla,25.0386,18.08,17.0262,4.0093,coastal,DERIVED_PHYSICS_IMO_GHG2020_SEED42
V027,bulk_carrier,59816,14.0,97.1,507,HFO,0.91,R019,Mumbai,New_Mangalore,169.4891,36.21,88.1343,25.1757,sea_passage,DERIVED_PHYSICS_IMO_GHG2020_SEED42
V028,bulk_carrier,56514,12.7,50.2,761,MGO,3.23,R049,Tuticorin,Port_Blair,210.599,59.92,143.2073,33.7222,sea_passage,DERIVED_PHYSICS_IMO_GHG2020_SEED42
V074,tanker,68994,11.4,99.4,422,HFO,2.66,R054,Mormugao,Kochi,114.8846,37.02,59.74,17.0649,coastal,DERIVED_PHYSICS_IMO_GHG2020_SEED42
V067,container_ship,23507,17.0,59.9,542,HFO,2.4,R024,Chennai,Kochi,152.3845,31.88,79.2399,22.635,sea_passage,DERIVED_PHYSICS_IMO_GHG2020_SEED42
V138,ro_ro,6679,18.0,54.7,542,HFO,2.79,R024,Chennai,Kochi,75.3523,30.11,39.1832,11.1928,sea_passage,DERIVED_PHYSICS_IMO_GHG2020_SEED42
V148,ferry,932,15.8,88.6,853,Hydrogen,1.32,R037,Chennai,Kolkata_SMPK,7.4601,53.99,23.8724,0.5371,sea_passage,DERIVED_PHYSICS_IMO_GHG2020_SEED42
V013,bulk_carrier,60013,10.9,80.8,797,HFO,1.69,R051,Chennai,Port_Blair,161.2547,73.12,83.8524,23.9526,coastal,DERIVED_PHYSICS_IMO_GHG2020_SEED42
V082,tanker,54273,14.4,66.9,290,LNG,3.29,R046,JNPA,Kandla,80.7578,20.14,44.4168,12.5175,sea_passage,DERIVED_PHYSICS_IMO_GHG2020_SEED42
V068,container_ship,37761,18.9,56.5,277,HFO,3.11,R018,Kandla,Mumbai,138.6744,14.66,72.1107,20.5986,sea_passage,DERIVED_PHYSICS_IMO_GHG2020_SEED42
V083,tanker,42416,13.8,71.4,17,LNG,0.57,R034,Kamarajar,Chennai,3.0205,1.23,1.6613,0.4682,sea_passage,DERIVED_PHYSICS_IMO_GHG2020_SEED42
V126,general_cargo,16177,11.7,59.6,24,MGO,3.48,R001,JNPA,Mumbai,2.2935,2.05,1.5596,0.3672,sea_passage,DERIVED_PHYSICS_IMO_GHG2020_SEED42
V143,passenger,3504,21.2,71.1,761,Hydrogen,3.4,R049,Tuticorin,Port_Blair,34.5227,35.9,110.4726,2.4856,coastal,DERIVED_PHYSICS_IMO_GHG2020_SEED42
V103,tanker,67954,11.0,85.1,1190,HFO,3.46,R005,JNPA,Chennai,298.6379,108.18,155.2917,44.3594,coastal,DERIVED_PHYSICS_IMO_GHG2020_SEED42
V074,tanker,68994,13.9,82.7,229,HFO,0.61,R044,Kolkata_SMPK,Paradip,84.1876,16.47,43.7776,12.5051,sea_passage,DERIVED_PHYSICS_IMO_GHG2020_SEED42
V106,general_cargo,10004,13.1,95.8,419,HFO,1.04,R057,Kamarajar,Visakhapatnam,33.3632,31.98,17.3489,4.9557,sea_passage,DERIVED_PHYSICS_IMO_GHG2020_SEED42
V044,container_ship,41157,17.7,82.7,529,LNG,3.18,R059,Mormugao,Kandla,196.0458,29.89,107.8252,30.3871,sea_passage,DERIVED_PHYSICS_IMO_GHG2020_SEED42
V026,bulk_carrier,33063,13.6,51.6,396,MGO,1.67,R031,Chennai,Visakhapatnam,69.0861,29.12,46.9785,11.0624,coastal,DERIVED_PHYSICS_IMO_GHG2020_SEED42
V047,container_ship,41892,16.3,96.6,507,LNG,0.58,R019,Mumbai,New_Mangalore,147.2023,31.1,80.9613,22.8164,sea_passage,DERIVED_PHYSICS_IMO_GHG2020_SEED42
V127,general_cargo,7328,12.2,81.5,419,MGO,1.39,R057,Kamarajar,Visakhapatnam,23.7551,34.34,16.1535,3.8038,coastal,DERIVED_PHYSICS_IMO_GHG2020_SEED42
V031,bulk_carrier,60844,10.5,59.1,1181,HFO,0.47,R016,Chennai,Mumbai,172.3919,112.48,89.6438,25.6069,sea_passage,DERIVED_PHYSICS_IMO_GHG2020_SEED42
V099,tanker,55620,13.1,92.0,282,LNG,3.34,R017,Mumbai,Kandla,74.9788,21.53,41.2383,11.6217,sea_passage,DERIVED_PHYSICS_IMO_GHG2020_SEED42
V021,bulk_carrier,35729,10.3,68.8,788,LNG,1.67,R052,Port_Blair,Chennai,83.1343,76.5,45.7239,12.8858,sea_passage,DERIVED_PHYSICS_IMO_GHG2020_SEED42
V068,container_ship,37761,15.6,82.1,347,LNG,3.35,R022,Mormugao,Mumbai,103.4991,22.24,56.9245,16.0424,coastal,DERIVED_PHYSICS_IMO_GHG2020_SEED42
V140,passenger,1902,17.9,94.9,876,LNG,0.31,R003,JNPA,Kochi,34.9137,48.94,19.2025,5.4116,sea_passage,DERIVED_PHYSICS_IMO_GHG2020_SEED42
V030,bulk_carrier,38293,14.6,81.0,370,HFO,3.06,R029,Chennai,Tuticorin,119.7785,25.34,62.2848,17.7918,sea_passage,DERIVED_PHYSICS_IMO_GHG2020_SEED42
V090,tanker,33954,11.0,81.8,24,MGO,1.89,R001,JNPA,Mumbai,3.0025,2.18,2.0417,0.4808,river_mouth,DERIVED_PHYSICS_IMO_GHG2020_SEED42
V042,bulk_carrier,48674,10.6,50.1,290,MGO,3.19,R008,Kandla,JNPA,48.4402,27.36,32.9394,7.7565,coastal,DERIVED_PHYSICS_IMO_GHG2020_SEED42
V004,bulk_carrier,71338,12.3,82.3,358,HFO,1.1,R011,JNPA,Mormugao,92.785,29.11,48.2482,13.7822,sea_passage,DERIVED_PHYSICS_IMO_GHG2020_SEED42
V123,general_cargo,17741,9.4,50.6,411,HFO,1.2,R058,Visakhapatnam,Kamarajar,21.642,43.72,11.2538,3.2147,coastal,DERIVED_PHYSICS_IMO_GHG2020_SEED42
V100,tanker,35203,11.7,78.4,491,HFO,1.02,R041,Visakhapatnam,Kolkata_SMPK,77.5718,41.97,40.3373,11.5224,coastal,DERIVED_PHYSICS_IMO_GHG2020_SEED42
V051,container_ship,9661,18.6,82.6,757,LNG,1.2,R050,Port_Blair,Tuticorin,112.1722,40.7,61.6947,17.3867,sea_passage,DERIVED_PHYSICS_IMO_GHG2020_SEED42
V107,general_cargo,9058,11.1,90.0,692,MGO,2.09,R035,Chennai,Paradip,44.6909,62.34,30.3898,7.1561,sea_passage,DERIVED_PHYSICS_IMO_GHG2020_SEED42
V008,bulk_carrier,34731,12.7,64.9,1190,LNG,2.53,R005,JNPA,Chennai,178.168,93.7,97.9924,27.616,sea_passage,DERIVED_PHYSICS_IMO_GHG2020_SEED42
V056,container_ship,38751,15.8,73.4,419,MGO,3.11,R053,Kochi,Mormugao,133.0775,26.52,90.4927,21.309,river_mouth,DERIVED_PHYSICS_IMO_GHG2020_SEED42
V014,bulk_carrier,44373,9.4,60.4,396,MGO,2.57,R031,Chennai,Visakhapatnam,47.524,42.13,32.3163,7.6098,sea_passage,DERIVED_PHYSICS_IMO_GHG2020_SEED42
V061,container_ship,33687,19.6,78.9,229,Methanol,0.51,R044,Kolkata_SMPK,Paradip,198.7478,11.68,69.5617,11.4697,sea_passage,DERIVED_PHYSICS_IMO_GHG2020_SEED42
V029,bulk_carrier,30900,16.4,55.4,311,HFO,2.21,R040,Paradip,Visakhapatnam,85.1749,18.96,44.291,12.6518,sea_passage,DERIVED_PHYSICS_IMO_GHG2020_SEED42
V007,bulk_carrier,42726,13.0,87.4,24,MGO,1.73,R001,JNPA,Mumbai,5.2287,1.85,3.5555,0.8372,sea_passage,DERIVED_PHYSICS_IMO_GHG2020_SEED42
V023,bulk_carrier,58095,11.1,54.2,859,LNG,0.63,R013,Mumbai,Kochi,112.2251,77.39,61.7238,17.3949,coastal,DERIVED_PHYSICS_IMO_GHG2020_SEED42
V113,general_cargo,13823,13.0,85.7,505,HFO,1.43,R020,New_Mangalore,Mumbai,56.2176,38.85,29.2332,8.3505,coastal,DERIVED_PHYSICS_IMO_GHG2020_SEED42
V128,general_cargo,15648,12.4,76.3,859,HFO,0.97,R013,Mumbai,Kochi,85.3758,69.27,44.3954,12.6816,sea_passage,DERIVED_PHYSICS_IMO_GHG2020_SEED42
V041,bulk_carrier,49332,14.7,59.1,276,LNG,2.67,R047,Kandla,Mumbai,79.6172,18.78,43.7894,12.3407,sea_passage,DERIVED_PHYSICS_IMO_GHG2020_SEED42
V077,tanker,37083,14.1,99.7,419,LNG,2.87,R053,Kochi,Mormugao,109.932,29.72,60.4626,17.0395,sea_passage,DERIVED_PHYSICS_IMO_GHG2020_SEED42
V102,tanker,47959,15.4,91.5,1181,HFO,0.65,R016,Chennai,Mumbai,411.201,76.69,213.8245,61.0794,sea_passage,DERIVED_PHYSICS_IMO_GHG2020_SEED42
V112,general_cargo,17758,14.5,61.7,189,HFO,1.27,R025,Kochi,Tuticorin,26.617,13.03,13.8409,3.9537,sea_passage,DERIVED_PHYSICS_IMO_GHG2020_SEED42
V007,bulk_carrier,42726,13.9,59.5,176,HFO,1.17,R056,Mormugao,New_Mangalore,42.6379,12.66,22.1717,6.3334,sea_passage,DERIVED_PHYSICS_IMO_GHG2020_SEED42
V150,ferry,884,16.2,66.6,370,Shore_Power,3.18,R029,Chennai,Tuticorin,121.237,22.84,14.5484,0.3579,coastal,DERIVED_PHYSICS_IMO_GHG2020_SEED42
V127,general_cargo,7328,15.5,85.5,876,HFO,1.66,R003,JNPA,Kochi,93.1984,56.52,48.4632,13.8436,coastal,DERIVED_PHYSICS_IMO_GHG2020_SEED42
V001,bulk_carrier,63697,13.2,88.3,491,MGO,1.66,R041,Visakhapatnam,Kolkata_SMPK,146.3847,37.2,99.5416,23.4398,sea_passage,DERIVED_PHYSICS_IMO_GHG2020_SEED42
V133,ro_ro,11514,14.8,67.4,411,LNG,3.33,R058,Visakhapatnam,Kamarajar,47.194,27.77,25.9567,7.3151,coastal,DERIVED_PHYSICS_IMO_GHG2020_SEED42
V123,general_cargo,17741,9.7,51.4,349,MGO,0.43,R021,Mumbai,Mormugao,18.636,35.98,12.6725,2.9841,sea_passage,DERIVED_PHYSICS_IMO_GHG2020_SEED42
V126,general_cargo,16177,13.5,74.3,538,HFO,0.54,R023,Kochi,Chennai,66.2346,39.85,34.442,9.8384,sea_passage,DERIVED_PHYSICS_IMO_GHG2020_SEED42
V043,container_ship,27264,14.1,60.4,276,MGO,2.54,R047,Kandla,Mumbai,50.5834,19.57,34.3967,8.0997,coastal,DERIVED_PHYSICS_IMO_GHG2020_SEED42
V145,passenger,3081,23.1,65.6,22,MGO,0.32,R002,Mumbai,JNPA,2.2409,0.95,1.5238,0.3588,sea_passage,DERIVED_PHYSICS_IMO_GHG2020_SEED42
V065,container_ship,18598,18.4,98.7,18,Methanol,0.86,R033,Chennai,Kamarajar,9.8584,0.98,3.4504,0.5689,river_mouth,DERIVED_PHYSICS_IMO_GHG2020_SEED42
V124,general_cargo,16581,12.4,54.0,183,MGO,1.59,R026,Tuticorin,Kochi,18.0985,14.76,12.307,2.898,sea_passage,DERIVED_PHYSICS_IMO_GHG2020_SEED42
V036,bulk_carrier,45790,10.6,65.4,1179,HFO,1.47,R015,Mumbai,Chennai,194.4336,111.23,101.1055,28.881,sea_passage,DERIVED_PHYSICS_IMO_GHG2020_SEED42
V027,bulk_carrier,59816,13.0,93.5,189,LNG,3.18,R025,Kochi,Tuticorin,55.8123,14.54,30.6968,8.6509,sea_passage,DERIVED_PHYSICS_IMO_GHG2020_SEED42
V021,bulk_carrier,35729,13.3,96.3,189,HFO,0.37,R025,Kochi,Tuticorin,37.6687,14.21,19.5877,5.5953,sea_passage,DERIVED_PHYSICS_IMO_GHG2020_SEED42
V132,ro_ro,8727,19.9,90.1,1190,HFO,1.25,R005,JNPA,Chennai,227.3884,59.8,118.242,33.7761,sea_passage,DERIVED_PHYSICS_IMO_GHG2020_SEED42
V135,ro_ro,7575,14.1,80.8,419,LNG,2.84,R057,Kamarajar,Visakhapatnam,32.1328,29.72,17.6731,4.9806,sea_passage,DERIVED_PHYSICS_IMO_GHG2020_SEED42
V036,bulk_carrier,45790,10.5,51.3,347,LNG,3.06,R022,Mormugao,Mumbai,44.1379,33.05,24.2759,6.8414,sea_passage,DERIVED_PHYSICS_IMO_GHG2020_SEED42
V087,tanker,28073,12.7,85.5,276,MGO,3.09,R047,Kandla,Mumbai,55.552,21.73,37.7754,8.8953,sea_passage,DERIVED_PHYSICS_IMO_GHG2020_SEED42
V040,bulk_carrier,49115,13.5,68.3,169,HFO,0.94,R055,New_Mangalore,Mormugao,38.1636,12.52,19.8451,5.6688,coastal,DERIVED_PHYSICS_IMO_GHG2020_SEED42
V090,tanker,33954,11.3,54.6,491,LNG,0.94,R041,Visakhapatnam,Kolkata_SMPK,52.6047,43.45,28.9326,8.1537,sea_passage,DERIVED_PHYSICS_IMO_GHG2020_SEED42
V034,bulk_carrier,62925,11.0,68.9,176,LNG,1.86,R056,Mormugao,New_Mangalore,30.398,16.0,16.7189,4.7117,coastal,DERIVED_PHYSICS_IMO_GHG2020_SEED42
V034,bulk_carrier,62925,11.8,94.4,419,HFO,3.21,R057,Kamarajar,Visakhapatnam,115.6978,35.51,60.1629,17.1856,sea_passage,DERIVED_PHYSICS_IMO_GHG2020_SEED42
V099,tanker,55620,14.8,57.0,282,HFO,0.57,R017,Mumbai,Kandla,80.0031,19.05,41.6016,11.8836,sea_passage,DERIVED_PHYSICS_IMO_GHG2020_SEED42
V088,tanker,47767,14.2,62.9,229,HFO,3.29,R044,Kolkata_SMPK,Paradip,75.9291,16.13,39.4831,11.2784,sea_passage,DERIVED_PHYSICS_IMO_GHG2020_SEED42
V123,general_cargo,17741,8.8,95.8,286,MGO,2.68,R045,Kandla,JNPA,18.7949,32.5,12.7805,3.0095,sea_passage,DERIVED_PHYSICS_IMO_GHG2020_SEED42
V060,container_ship,33073,13.6,96.7,370,MGO,3.25,R029,Chennai,Tuticorin,85.0238,27.21,57.8162,13.6144,sea_passage,DERIVED_PHYSICS_IMO_GHG2020_SEED42
V069,container_ship,8659,12.0,56.9,538,Methanol,2.21,R023,Kochi,Chennai,67.0615,44.83,23.4715,3.8701,river_mouth,DERIVED_PHYSICS_IMO_GHG2020_SEED42
V019,bulk_carrier,63249,11.0,63.8,411,HFO,0.47,R058,Visakhapatnam,Kamarajar,68.0524,37.36,35.3873,10.1084,coastal,DERIVED_PHYSICS_IMO_GHG2020_SEED42
V067,container_ship,23507,21.4,78.1,276,LNG,1.11,R047,Kandla,Mumbai,79.7436,12.9,43.859,12.3603,sea_passage,DERIVED_PHYSICS_IMO_GHG2020_SEED42
V033,bulk_carrier,40297,11.2,77.9,286,MGO,1.29,R045,Kandla,JNPA,46.1324,25.54,31.37,7.387,sea_passage,DERIVED_PHYSICS_IMO_GHG2020_SEED42
V024,bulk_carrier,45319,15.8,66.1,538,HFO,2.33,R023,Kochi,Chennai,191.3458,34.05,99.4998,28.4223,coastal,DERIVED_PHYSICS_IMO_GHG2020_SEED42
V012,bulk_carrier,58490,12.0,60.4,853,MGO,0.3,R037,Chennai,Kolkata_SMPK,172.2039,71.08,117.0986,27.5741,sea_passage,DERIVED_PHYSICS_IMO_GHG2020_SEED42
V050,container_ship,17470,20.0,82.0,349,Methanol,2.13,R021,Mumbai,Mormugao,226.7234,17.45,79.3532,13.0842,sea_passage,DERIVED_PHYSICS_IMO_GHG2020_SEED42
V111,general_cargo,19799,13.1,91.2,276,MGO,1.69,R047,Kandla,Mumbai,39.0615,21.07,26.5618,6.2547,river_mouth,DERIVED_PHYSICS_IMO_GHG2020_SEED42
V015,bulk_carrier,31987,10.0,95.5,311,MGO,0.74,R040,Paradip,Visakhapatnam,30.1013,31.1,20.4689,4.82,sea_passage,DERIVED_PHYSICS_IMO_GHG2020_SEED42
V136,ro_ro,4206,15.0,99.2,311,LNG,0.61,R040,Paradip,Visakhapatnam,14.9562,20.73,8.2259,2.3182,sea_passage,DERIVED_PHYSICS_IMO_GHG2020_SEED42
V026,bulk_carrier,33063,14.5,77.5,297,HFO,3.12,R007,JNPA,Kandla,76.8967,20.48,39.9863,11.4222,sea_passage,DERIVED_PHYSICS_IMO_GHG2020_SEED42
V150,ferry,884,14.9,66.8,169,MGO,2.01,R055,New_Mangalore,Mormugao,3.654,11.34,2.4847,0.5851,sea_passage,DERIVED_PHYSICS_IMO_GHG2020_SEED42
V118,general_cargo,14985,11.1,85.1,419,HFO,1.77,R053,Kochi,Mormugao,37.9527,37.75,19.7354,5.6375,sea_passage,DERIVED_PHYSICS_IMO_GHG2020_SEED42
V101,tanker,56969,10.3,81.0,311,LNG,0.58,R040,Paradip,Visakhapatnam,42.6287,30.19,23.4458,6.6075,coastal,DERIVED_PHYSICS_IMO_GHG2020_SEED42
V077,tanker,37083,13.7,98.0,411,HFO,0.44,R058,Visakhapatnam,Kamarajar,97.0578,30.0,50.4701,14.4169,sea_passage,DERIVED_PHYSICS_IMO_GHG2020_SEED42
V028,bulk_carrier,56514,12.5,58.7,528,HFO,2.92,R010,New_Mangalore,JNPA,152.8451,42.24,79.4794,22.7035,river_mouth,DERIVED_PHYSICS_IMO_GHG2020_SEED42
V070,container_ship,16607,14.7,82.9,529,HFO,1.17,R059,Mormugao,Kandla,79.7957,35.99,41.4938,11.8528,sea_passage,DERIVED_PHYSICS_IMO_GHG2020_SEED42
V036,bulk_carrier,45790,12.5,84.2,406,LNG,0.46,R032,Visakhapatnam,Chennai,61.8366,32.48,34.0101,9.5847,coastal,DERIVED_PHYSICS_IMO_GHG2020_SEED42
V023,bulk_carrier,58095,12.3,86.3,276,MGO,2.46,R047,Kandla,Mumbai,68.2249,22.44,46.3929,10.9245,sea_passage,DERIVED_PHYSICS_IMO_GHG2020_SEED42
V099,tanker,55620,11.5,75.0,290,HFO,1.39,R046,JNPA,Kandla,60.9507,25.22,31.6944,9.0536,sea_passage,DERIVED_PHYSICS_IMO_GHG2020_SEED42
V021,bulk_carrier,35729,11.6,71.3,282,LNG,0.81,R017,Mumbai,Kandla,32.2627,24.31,17.7445,5.0007,sea_passage,DERIVED_PHYSICS_IMO_GHG2020_SEED42
V132,ro_ro,8727,16.3,59.5,22,MGO,2.55,R002,Mumbai,JNPA,2.7691,1.35,1.883,0.4434,sea_passage,DERIVED_PHYSICS_IMO_GHG2020_SEED42
V042,bulk_carrier,48674,12.7,76.0,22,MGO,1.8,R002,Mumbai,JNPA,5.1004,1.73,3.4683,0.8167,river_mouth,DERIVED_PHYSICS_IMO_GHG2020_SEED42
V079,tanker,55468,14.9,88.0,757,LNG,3.18,R050,Port_Blair,Tuticorin,243.7724,50.81,134.0748,37.7847,sea_passage,DERIVED_PHYSICS_IMO_GHG2020_SEED42
V049,container_ship,19734,22.3,79.6,419,MGO,1.62,R053,Kochi,Mormugao,150.6853,18.79,102.466,24.1285,coastal,DERIVED_PHYSICS_IMO_GHG2020_SEED42
V097,tanker,25705,14.8,60.0,859,LNG,2.25,R013,Mumbai,Kochi,142.5706,58.04,78.4138,22.0984,sea_passage,DERIVED_PHYSICS_IMO_GHG2020_SEED42
V106,general_cargo,10004,14.4,57.3,518,HFO,0.61,R009,JNPA,New_Mangalore,46.2829,35.97,24.0671,6.8748,sea_passage,DERIVED_PHYSICS_IMO_GHG2020_SEED42
V002,bulk_carrier,29708,16.3,89.0,528,MGO,2.69,R010,New_Mangalore,JNPA,170.2358,32.39,115.7603,27.259,sea_passage,DERIVED_PHYSICS_IMO_GHG2020_SEED42
V150,ferry,884,16.5,55.0,859,LNG,2.01,R013,Mumbai,Kochi,18.9047,52.06,10.3976,2.9302,sea_passage,DERIVED_PHYSICS_IMO_GHG2020_SEED42
V125,general_cargo,5602,9.0,81.1,297,MGO,0.43,R007,JNPA,Kandla,6.9783,33.0,4.7452,1.1174,coastal,DERIVED_PHYSICS_IMO_GHG2020_SEED42
V116,general_cargo,6658,13.3,51.0,422,MGO,1.88,R054,Mormugao,Kochi,24.4816,31.73,16.6475,3.9201,coastal,DERIVED_PHYSICS_IMO_GHG2020_SEED42
V054,container_ship,21825,15.9,70.2,495,Methanol,2.74,R042,Kolkata_SMPK,Visakhapatnam,221.7459,31.13,77.611,12.797,sea_passage,DERIVED_PHYSICS_IMO_GHG2020_SEED42
V035,bulk_carrier,56365,11.0,65.7,797,LNG,3.13,R051,Chennai,Port_Blair,131.2509,72.45,72.188,20.3439,sea_passage,DERIVED_PHYSICS_IMO_GHG2020_SEED42
V032,bulk_carrier,70130,9.8,70.9,542,LNG,1.9,R024,Chennai,Kochi,79.2019,55.31,43.561,12.2763,sea_passage,DERIVED_PHYSICS_IMO_GHG2020_SEED42
V010,bulk_carrier,41291,12.5,94.6,290,MGO,2.38,R046,JNPA,Kandla,64.5269,23.2,43.8783,10.3324,coastal,DERIVED_PHYSICS_IMO_GHG2020_SEED42
V145,passenger,3081,19.7,65.1,183,LNG,0.46,R026,Tuticorin,Kochi,10.9152,9.29,6.0034,1.6919,river_mouth,DERIVED_PHYSICS_IMO_GHG2020_SEED42
V010,bulk_carrier,41291,13.5,54.3,169,HFO,1.77,R055,New_Mangalore,Mormugao,35.6287,12.52,18.5269,5.2922,sea_passage,DERIVED_PHYSICS_IMO_GHG2020_SEED42
V091,tanker,39649,12.0,82.6,370,HFO,1.87,R029,Chennai,Tuticorin,73.1775,30.83,38.0523,10.8697,river_mouth,DERIVED_PHYSICS_IMO_GHG2020_SEED42
V058,container_ship,36763,24.8,53.6,761,HFO,1.18,R049,Tuticorin,Port_Blair,492.7913,30.69,256.2515,73.1987,sea_passage,DERIVED_PHYSICS_IMO_GHG2020_SEED42
V024,bulk_carrier,45319,13.8,94.8,692,MGO,1.19,R035,Chennai,Paradip,179.3602,50.14,121.9649,28.72,sea_passage,DERIVED_PHYSICS_IMO_GHG2020_SEED42
V134,ro_ro,8843,17.4,65.2,358,HFO,1.54,R011,JNPA,Mormugao,48.0061,20.57,24.9632,7.1308,sea_passage,DERIVED_PHYSICS_IMO_GHG2020_SEED42
V007,bulk_carrier,42726,12.0,88.0,358,MGO,2.42,R011,JNPA,Mormugao,76.3568,29.83,51.9226,12.2266,sea_passage,DERIVED_PHYSICS_IMO_GHG2020_SEED42
V050,container_ship,17470,20.4,84.0,870,LNG,1.7,R004,Kochi,JNPA,221.8351,42.65,122.0093,34.3844,river_mouth,DERIVED_PHYSICS_IMO_GHG2020_SEED42
V095,tanker,37289,15.1,80.4,538,MGO,1.84,R023,Kochi,Chennai,153.1978,35.63,104.1745,24.5308,sea_passage,DERIVED_PHYSICS_IMO_GHG2020_SEED42
V128,general_cargo,15648,11.8,56.3,521,MGO,0.37,R060,Kandla,Mormugao,39.1713,44.15,26.6365,6.2723,sea_passage,DERIVED_PHYSICS_IMO_GHG2020_SEED42
V056,container_ship,38751,17.0,95.2,797,MGO,0.84,R051,Chennai,Port_Blair,249.0001,46.88,169.3201,39.8711,sea_passage,DERIVED_PHYSICS_IMO_GHG2020_SEED42
V054,container_ship,21825,14.6,68.9,18,MGO,1.24,R033,Chennai,Kamarajar,2.8303,1.23,1.9246,0.4532,sea_passage,DERIVED_PHYSICS_IMO_GHG2020_SEED42
V020,bulk_carrier,40197,12.0,59.7,311,LNG,2.36,R040,Paradip,Visakhapatnam,47.0664,25.92,25.8865,7.2953,sea_passage,DERIVED_PHYSICS_IMO_GHG2020_SEED42
V055,container_ship,17711,18.8,88.3,370,HFO,2.63,R029,Chennai,Tuticorin,104.9692,19.68,54.584,15.592,sea_passage,DERIVED_PHYSICS_IMO_GHG2020_SEED42
V135,ro_ro,7575,13.5,85.8,853,HFO,2.84,R037,Chennai,Kolkata_SMPK,77.3358,63.19,40.2146,11.4874,coastal,DERIVED_PHYSICS_IMO_GHG2020_SEED42
V085,tanker,70614,13.1,94.8,419,LNG,0.77,R053,Kochi,Mormugao,109.683,31.98,60.3257,17.0009,sea_passage,DERIVED_PHYSICS_IMO_GHG2020_SEED42
V074,tanker,68994,12.9,84.7,396,MGO,3.46,R031,Chennai,Visakhapatnam,151.0985,30.7,102.747,24.1947,sea_passage,DERIVED_PHYSICS_IMO_GHG2020_SEED42
V090,tanker,33954,14.1,60.7,286,LNG,3.33,R045,Kandla,JNPA,57.9634,20.28,31.8799,8.9843,coastal,DERIVED_PHYSICS_IMO_GHG2020_SEED42
V144,passenger,4545,26.9,73.9,1196,LNG,2.67,R006,Chennai,JNPA,237.7252,44.46,130.7489,36.8474,coastal,DERIVED_PHYSICS_IMO_GHG2020_SEED42
V146,ferry,1735,13.4,60.9,700,MGO,3.4,R036,Paradip,Chennai,22.0577,52.24,14.9992,3.532,sea_passage,DERIVED_PHYSICS_IMO_GHG2020_SEED42
V065,container_ship,18598,24.4,75.1,1179,Methanol,1.5,R015,Mumbai,Chennai,957.8768,48.32,335.2569,55.2791,sea_passage,DERIVED_PHYSICS_IMO_GHG2020_SEED42
V095,tanker,37289,14.8,55.5,229,MGO,1.12,R044,Kolkata_SMPK,Paradip,53.2314,15.47,36.1974,8.5237,coastal,DERIVED_PHYSICS_IMO_GHG2020_SEED42
V055,container_ship,17711,24.6,62.7,870,LNG,2.99,R004,Kochi,JNPA,349.1811,35.37,192.0496,54.1231,sea_passage,DERIVED_PHYSICS_IMO_GHG2020_SEED42
V117,general_cargo,9258,13.1,89.7,757,HFO,1.2,R050,Port_Blair,Tuticorin,65.3946,57.79,34.0052,9.7137,sea_passage,DERIVED_PHYSICS_IMO_GHG2020_SEED42
V034,bulk_carrier,62925,11.0,63.9,364,LNG,0.83,R030,Tuticorin,Chennai,53.0995,33.09,29.2047,8.2304,coastal,DERIVED_PHYSICS_IMO_GHG2020_SEED42
V048,container_ship,21724,20.7,79.2,1196,LNG,2.02,R006,Chennai,JNPA,322.3121,57.78,177.2716,49.9584,sea_passage,DERIVED_PHYSICS_IMO_GHG2020_SEED42
V119,general_cargo,18455,12.1,58.1,189,HFO,2.91,R025,Kochi,Tuticorin,23.4343,15.62,12.1858,3.4809,sea_passage,DERIVED_PHYSICS_IMO_GHG2020_SEED42
V003,bulk_carrier,64303,9.6,54.5,169,HFO,0.54,R055,New_Mangalore,Mormugao,22.0109,17.6,11.4457,3.2695,sea_passage,DERIVED_PHYSICS_IMO_GHG2020_SEED42
V022,bulk_carrier,27915,9.9,90.4,282,MGO,3.18,R017,Mumbai,Kandla,33.3686,28.48,22.6906,5.3431,sea_passage,DERIVED_PHYSICS_IMO_GHG2020_SEED42
V084,tanker,23117,16.8,70.0,797,LNG,0.65,R051,Chennai,Port_Blair,127.5874,47.44,70.1731,19.776,sea_passage,DERIVED_PHYSICS_IMO_GHG2020_SEED42
V122,general_cargo,14088,12.5,94.7,370,HFO,3.27,R029,Chennai,Tuticorin,43.0838,29.6,22.4036,6.3996,sea_passage,DERIVED_PHYSICS_IMO_GHG2020_SEED42
V004,bulk_carrier,71338,11.3,73.9,277,LNG,1.03,R018,Kandla,Mumbai,46.2105,24.51,25.4157,7.1626,coastal,DERIVED_PHYSICS_IMO_GHG2020_SEED42
V049,container_ship,19734,17.2,60.6,700,MGO,2.0,R036,Paradip,Chennai,151.514,40.7,103.0295,24.2612,sea_passage,DERIVED_PHYSICS_IMO_GHG2020_SEED42
V073,tanker,47233,11.6,53.3,290,HFO,1.93,R008,Kandla,JNPA,48.9301,25.0,25.4436,7.268,sea_passage,DERIVED_PHYSICS_IMO_GHG2020_SEED42
V060,container_ship,33073,12.8,75.7,411,Methanol,3.19,R058,Visakhapatnam,Kamarajar,186.5992,32.11,65.3097,10.7686,sea_passage,DERIVED_PHYSICS_IMO_GHG2020_SEED42
V052,container_ship,35698,21.9,57.5,788,LNG,3.2,R052,Port_Blair,Chennai,411.0181,35.98,226.06,63.7078,sea_passage,DERIVED_PHYSICS_IMO_GHG2020_SEED42
V063,container_ship,12578,17.1,72.9,850,LNG,0.43,R014,Kochi,Mumbai,104.7324,49.71,57.6028,16.2335,coastal,DERIVED_PHYSICS_IMO_GHG2020_SEED42
V132,ro_ro,8727,19.1,99.1,700,MGO,0.4,R036,Paradip,Chennai,105.1799,36.65,71.5223,16.8419,river_mouth,DERIVED_PHYSICS_IMO_GHG2020_SEED42
V055,container_ship,17711,23.0,75.3,176,HFO,3.13,R056,Mormugao,New_Mangalore,73.6093,7.65,38.2768,10.9338,sea_passage,DERIVED_PHYSICS_IMO_GHG2020_SEED42
V069,container_ship,8659,14.9,68.6,853,Methanol,1.35,R037,Chennai,Kolkata_SMPK,174.8015,57.25,61.1805,10.0878,coastal,DERIVED_PHYSICS_IMO_GHG2020_SEED42
V081,tanker,22608,13.0,66.6,411,HFO,1.06,R058,Visakhapatnam,Kamarajar,55.3696,31.62,28.7922,8.2245,sea_passage,DERIVED_PHYSICS_IMO_GHG2020_SEED42
V112,general_cargo,17758,10.7,98.0,505,MGO,1.19,R020,New_Mangalore,Mumbai,41.1783,47.2,28.0012,6.5937,coastal,DERIVED_PHYSICS_IMO_GHG2020_SEED42
V073,tanker,47233,11.6,67.1,183,MGO,0.68,R026,Tuticorin,Kochi,28.8932,15.78,19.6474,4.6265,sea_passage,DERIVED_PHYSICS_IMO_GHG2020_SEED42
V060,container_ship,33073,15.7,94.0,282,MGO,2.29,R017,Mumbai,Kandla,81.5532,17.96,55.4562,13.0587,sea_passage,DERIVED_PHYSICS_IMO_GHG2020_SEED42
V063,container_ship,12578,20.2,84.4,518,Methanol,2.42,R009,JNPA,New_Mangalore,280.8839,25.64,98.3094,16.2098,sea_passage,DERIVED_PHYSICS_IMO_GHG2020_SEED42
V145,passenger,3081,23.1,55.6,290,LNG,0.37,R008,Kandla,JNPA,23.8134,12.55,13.0974,3.6911,sea_passage,DERIVED_PHYSICS_IMO_GHG2020_SEED42
V020,bulk_carrier,40197,8.6,56.6,282,HFO,2.09,R017,Mumbai,Kandla,26.2618,32.79,13.6561,3.9009,river_mouth,DERIVED_PHYSICS_IMO_GHG2020_SEED42
V071,tanker,72064,11.6,70.8,358,MGO,1.68,R011,JNPA,Mormugao,79.4921,30.86,54.0546,12.7287,sea_passage,DERIVED_PHYSICS_IMO_GHG2020_SEED42
V081,tanker,22608,12.8,82.0,189,LNG,1.44,R025,Kochi,Tuticorin,20.4852,14.77,11.2669,3.1752,sea_passage,DERIVED_PHYSICS_IMO_GHG2020_SEED42
V040,bulk_carrier,49115,15.7,64.7,406,LNG,2.81,R032,Visakhapatnam,Chennai,132.775,25.86,73.0263,20.5801,sea_passage,DERIVED_PHYSICS_IMO_GHG2020_SEED42
V036,bulk_carrier,45790,8.9,89.3,538,LNG,1.6,R023,Kochi,Chennai,51.5277,60.45,28.3402,7.9868,sea_passage,DERIVED_PHYSICS_IMO_GHG2020_SEED42
V127,general_cargo,7328,10.9,99.2,507,HFO,1.08,R019,Mumbai,New_Mangalore,25.3475,46.51,13.1807,3.7651,sea_passage,DERIVED_PHYSICS_IMO_GHG2020_SEED42
V109,general_cargo,10749,11.0,87.0,229,HFO,2.37,R044,Kolkata_SMPK,Paradip,18.0863,20.82,9.4049,2.6865,sea_passage,DERIVED_PHYSICS_IMO_GHG2020_SEED42
V087,tanker,28073,15.4,55.6,700,HFO,1.48,R036,Paradip,Chennai,152.9536,45.45,79.5358,22.7196,river_mouth,DERIVED_PHYSICS_IMO_GHG2020_SEED42
V127,general_cargo,7328,14.7,69.3,311,MGO,3.14,R040,Paradip,Visakhapatnam,29.4679,21.16,20.0382,4.7185,sea_passage,DERIVED_PHYSICS_IMO_GHG2020_SEED42
V007,bulk_carrier,42726,13.1,81.1,364,HFO,1.61,R030,Tuticorin,Chennai,81.598,27.79,42.431,12.1205,river_mouth,DERIVED_PHYSICS_IMO_GHG2020_SEED42
V056,container_ship,38751,13.7,75.5,1190,LNG,2.62,R005,JNPA,Chennai,241.7635,86.86,132.9699,37.4733,coastal,DERIVED_PHYSICS_IMO_GHG2020_SEED42
V112,general_cargo,17758,10.9,93.4,311,MGO,1.67,R040,Paradip,Visakhapatnam,26.8657,28.53,18.2687,4.3019,sea_passage,DERIVED_PHYSICS_IMO_GHG2020_SEED42
V073,tanker,47233,13.6,96.8,286,MGO,1.51,R045,Kandla,JNPA,79.2027,21.03,53.8578,12.6823,sea_passage,DERIVED_PHYSICS_IMO_GHG2020_SEED42
V117,general_cargo,9258,12.7,71.3,277,MGO,1.38,R018,Kandla,Mumbai,20.6147,21.81,14.018,3.3009,sea_passage,DERIVED_PHYSICS_IMO_GHG2020_SEED42
V078,tanker,23323,12.2,58.2,700,MGO,1.87,R036,Paradip,Chennai,78.6134,57.38,53.4571,12.588,sea_passage,DERIVED_PHYSICS_IMO_GHG2020_SEED42
V026,bulk_carrier,33063,10.6,76.5,870,LNG,1.18,R004,Kochi,JNPA,84.7564,82.08,46.616,13.1372,sea_passage,DERIVED_PHYSICS_IMO_GHG2020_SEED42
V139,passenger,2268,14.3,82.8,761,MGO,1.56,R049,Tuticorin,Port_Blair,28.4373,53.22,19.3374,4.5535,coastal,DERIVED_PHYSICS_IMO_GHG2020_SEED42
V103,tanker,67954,15.3,59.7,286,MGO,3.1,R045,Kandla,JNPA,130.2259,18.69,88.5536,20.8524,sea_passage,DERIVED_PHYSICS_IMO_GHG2020_SEED42
V113,general_cargo,13823,13.0,82.7,359,HFO,1.89,R012,Mormugao,JNPA,40.3462,27.62,20.98,5.993,river_mouth,DERIVED_PHYSICS_IMO_GHG2020_SEED42
V014,bulk_carrier,44373,13.7,92.3,297,LNG,2.91,R007,JNPA,Kandla,77.8568,21.68,42.8213,12.0678,sea_passage,DERIVED_PHYSICS_IMO_GHG2020_SEED42
V142,passenger,4149,23.7,80.7,797,Hydrogen,0.54,R051,Chennai,Port_Blair,36.5094,33.63,116.8302,2.6287,sea_passage,DERIVED_PHYSICS_IMO_GHG2020_SEED42
V009,bulk_carrier,32714,13.6,77.8,290,HFO,0.93,R008,Kandla,JNPA,55.9365,21.32,29.087,8.3088,sea_passage,DERIVED_PHYSICS_IMO_GHG2020_SEED42
V139,passenger,2268,17.2,80.2,169,Hydrogen,1.9,R055,New_Mangalore,Mormugao,3.2821,9.83,10.5026,0.2363,sea_passage,DERIVED_PHYSICS_IMO_GHG2020_SEED42
V045,container_ship,12017,21.4,94.7,1181,Methanol,2.73,R016,Chennai,Mumbai,776.4205,55.19,271.7472,44.8072,sea_passage,DERIVED_PHYSICS_IMO_GHG2020_SEED42
V052,container_ship,35698,23.7,99.6,176,MGO,0.71,R056,Mormugao,New_Mangalore,112.2584,7.43,76.3357,17.9754,sea_passage,DERIVED_PHYSICS_IMO_GHG2020_SEED42
V094,tanker,68263,15.8,96.7,169,MGO,3.44,R055,New_Mangalore,Mormugao,94.4984,10.7,64.2589,15.1316,sea_passage,DERIVED_PHYSICS_IMO_GHG2020_SEED42
V131,ro_ro,4651,22.2,83.8,348,HFO,1.69,R027,Kochi,New_Mangalore,54.7456,15.68,28.4677,8.1319,sea_passage,DERIVED_PHYSICS_IMO_GHG2020_SEED42
V093,tanker,39701,15.1,50.1,313,MGO,0.81,R039,Visakhapatnam,Paradip,72.8745,20.73,49.5547,11.669,sea_passage,DERIVED_PHYSICS_IMO_GHG2020_SEED42
V098,tanker,28244,13.8,51.4,311,MGO,2.68,R040,Paradip,Visakhapatnam,49.8488,22.54,33.8972,7.982,sea_passage,DERIVED_PHYSICS_IMO_GHG2020_SEED42
V048,container_ship,21724,19.2,79.5,364,LNG,2.52,R030,Tuticorin,Chennai,95.8187,18.96,52.7003,14.8519,sea_passage,DERIVED_PHYSICS_IMO_GHG2020_SEED42
V111,general_cargo,19799,12.7,71.5,396,MGO,1.87,R031,Chennai,Visakhapatnam,46.3801,31.18,31.5385,7.4266,sea_passage,DERIVED_PHYSICS_IMO_GHG2020_SEED42
V101,tanker,56969,13.1,56.6,313,LNG,3.21,R039,Visakhapatnam,Paradip,82.0019,23.89,45.1011,12.7103,sea_passage,DERIVED_PHYSICS_IMO_GHG2020_SEED42
V031,bulk_carrier,60844,11.4,96.5,359,HFO,3.3,R012,Mormugao,JNPA,111.4798,31.49,57.9695,16.5591,sea_passage,DERIVED_PHYSICS_IMO_GHG2020_SEED42
V147,ferry,2604,13.4,93.8,22,LNG,0.81,R002,Mumbai,JNPA,0.6354,1.64,0.3495,0.0985,sea_passage,DERIVED_PHYSICS_IMO_GHG2020_SEED42
V138,ro_ro,6679,13.9,99.9,24,LNG,2.5,R001,JNPA,Mumbai,1.6671,1.73,0.9169,0.2584,sea_passage,DERIVED_PHYSICS_IMO_GHG2020_SEED42
V058,container_ship,36763,22.6,50.7,345,MGO,2.74,R028,New_Mangalore,Kochi,192.7282,15.27,131.0552,30.8606,sea_passage,DERIVED_PHYSICS_IMO_GHG2020_SEED42
V116,general_cargo,6658,15.1,56.5,396,MGO,2.94,R031,Chennai,Visakhapatnam,32.3652,26.23,22.0084,5.1825,sea_passage,DERIVED_PHYSICS_IMO_GHG2020_SEED42
V117,general_cargo,9258,12.9,67.3,528,MGO,3.09,R010,New_Mangalore,JNPA,44.2052,40.93,30.0595,7.0784,sea_passage,DERIVED_PHYSICS_IMO_GHG2020_SEED42
V079,tanker,55468,12.6,82.8,542,MGO,2.91,R024,Chennai,Kochi,150.9056,43.02,102.6158,24.1638,sea_passage,DERIVED_PHYSICS_IMO_GHG2020_SEED42
V136,ro_ro,4206,13.4,70.3,1190,MGO,2.78,R005,JNPA,Chennai,64.6281,88.81,43.9471,10.3486,sea_passage,DERIVED_PHYSICS_IMO_GHG2020_SEED42
V079,tanker,55468,14.4,89.8,290,HFO,1.56,R008,Kandla,JNPA,90.7963,20.14,47.2141,13.4868,coastal,DERIVED_PHYSICS_IMO_GHG2020_SEED42
V130,general_cargo,15643,12.5,90.2,1196,MGO,3.14,R006,Chennai,JNPA,138.7015,95.68,94.3171,22.2096,sea_passage,DERIVED_PHYSICS_IMO_GHG2020_SEED42
V099,tanker,55620,16.2,73.8,1181,HFO,1.56,R016,Chennai,Mumbai,456.0335,72.9,237.1374,67.7388,sea_passage,DERIVED_PHYSICS_IMO_GHG2020_SEED42
V029,bulk_carrier,30900,16.3,83.8,359,MGO,1.79,R012,Mormugao,JNPA,104.7468,22.02,71.2278,16.7726,sea_passage,DERIVED_PHYSICS_IMO_GHG2020_SEED42
V082,tanker,54273,10.6,83.5,290,MGO,0.49,R008,Kandla,JNPA,47.0858,27.36,32.0183,7.5396,sea_passage,DERIVED_PHYSICS_IMO_GHG2020_SEED42
V001,bulk_carrier,63697,9.8,80.9,24,HFO,1.21,R001,JNPA,Mumbai,3.8721,2.45,2.0135,0.5752,sea_passage,DERIVED_PHYSICS_IMO_GHG2020_SEED42
V116,general_cargo,6658,15.0,94.8,189,HFO,0.58,R025,Kochi,Tuticorin,15.7144,12.6,8.1715,2.3342,sea_passage,DERIVED_PHYSICS_IMO_GHG2020_SEED42
V123,general_cargo,17741,10.1,60.3,183,MGO,0.54,R026,Tuticorin,Kochi,11.3195,18.12,7.6973,1.8125,coastal,DERIVED_PHYSICS_IMO_GHG2020_SEED42
V030,bulk_carrier,38293,16.7,96.7,495,HFO,1.69,R042,Kolkata_SMPK,Visakhapatnam,186.3822,29.64,96.9188,27.685,sea_passage,DERIVED_PHYSICS_IMO_GHG2020_SEED42
V021,bulk_carrier,35729,13.6,63.4,229,HFO,0.94,R044,Kolkata_SMPK,Paradip,47.3607,16.84,24.6276,7.0349,coastal,DERIVED_PHYSICS_IMO_GHG2020_SEED42
V096,tanker,71643,11.6,86.1,411,MGO,1.78,R058,Visakhapatnam,Kamarajar,112.463,35.43,76.4748,18.0081,sea_passage,DERIVED_PHYSICS_IMO_GHG2020_SEED42
V087,tanker,28073,14.6,71.6,419,HFO,1.16,R057,Kamarajar,Visakhapatnam,85.5858,28.7,44.5046,12.7128,sea_passage,DERIVED_PHYSICS_IMO_GHG2020_SEED42
V104,tanker,27184,10.0,58.2,24,LNG,2.51,R001,JNPA,Mumbai,1.8327,2.4,1.008,0.2841,coastal,DERIVED_PHYSICS_IMO_GHG2020_SEED42
V009,bulk_carrier,32714,15.4,98.1,538,MGO,1.16,R023,Kochi,Chennai,138.4286,34.94,94.1314,22.1659,sea_passage,DERIVED_PHYSICS_IMO_GHG2020_SEED42
V100,tanker,35203,15.6,55.1,419,LNG,1.39,R053,Kochi,Mormugao,84.9323,26.86,46.7128,13.1645,sea_passage,DERIVED_PHYSICS_IMO_GHG2020_SEED42
V058,container_ship,36763,23.2,78.6,761,LNG,3.02,R049,Tuticorin,Port_Blair,430.7927,32.8,236.936,66.7729,coastal,DERIVED_PHYSICS_IMO_GHG2020_SEED42
V126,general_cargo,16177,13.1,61.1,349,MGO,3.43,R021,Mumbai,Mormugao,42.3643,26.64,28.8078,6.7836,coastal,DERIVED_PHYSICS_IMO_GHG2020_SEED42
V103,tanker,67954,12.5,61.4,495,MGO,0.89,R042,Kolkata_SMPK,Visakhapatnam,128.1619,39.6,87.1501,20.5219,coastal,DERIVED_PHYSICS_IMO_GHG2020_SEED42
V121,general_cargo,14844,12.6,92.4,297,MGO,2.32,R007,JNPA,Kandla,33.7605,23.57,22.9572,5.4059,sea_passage,DERIVED_PHYSICS_IMO_GHG2020_SEED42
V033,bulk_carrier,40297,13.9,58.7,345,LNG,3.23,R028,New_Mangalore,Kochi,78.5124,24.82,43.1818,12.1694,sea_passage,DERIVED_PHYSICS_IMO_GHG2020_SEED42
V114,general_cargo,17380,13.3,79.9,1181,HFO,2.65,R016,Chennai,Mumbai,173.2217,88.8,90.0753,25.7302,sea_passage,DERIVED_PHYSICS_IMO_GHG2020_SEED42
V065,container_ship,18598,20.8,88.0,396,LNG,3.4,R031,Chennai,Visakhapatnam,133.3682,19.04,73.3525,20.6721,sea_passage,DERIVED_PHYSICS_IMO_GHG2020_SEED42
V078,tanker,23323,14.3,57.5,286,HFO,0.43,R045,Kandla,JNPA,42.6117,20.0,22.1581,6.3295,coastal,DERIVED_PHYSICS_IMO_GHG2020_SEED42
V122,general_cargo,14088,11.5,52.9,856,HFO,2.16,R038,Kolkata_SMPK,Chennai,74.611,74.43,38.7977,11.0826,sea_passage,DERIVED_PHYSICS_IMO_GHG2020_SEED42
V057,container_ship,30177,19.8,78.4,761,HFO,2.61,R049,Tuticorin,Port_Blair,337.8637,38.43,175.6891,50.1859,sea_passage,DERIVED_PHYSICS_IMO_GHG2020_SEED42
V047,container_ship,41892,16.7,63.5,358,LNG,0.36,R011,JNPA,Mormugao,86.3699,21.44,47.5035,13.3873,coastal,DERIVED_PHYSICS_IMO_GHG2020_SEED42
V015,bulk_carrier,31987,9.9,78.3,422,MGO,2.2,R054,Mormugao,Kochi,45.4398,42.63,30.8991,7.2761,sea_passage,DERIVED_PHYSICS_IMO_GHG2020_SEED42
V137,ro_ro,6851,17.3,59.6,411,HFO,2.85,R058,Visakhapatnam,Kamarajar,48.2068,23.76,25.0675,7.1606,sea_passage,DERIVED_PHYSICS_IMO_GHG2020_SEED42
V089,tanker,35987,10.9,52.9,290,LNG,0.83,R008,Kandla,JNPA,29.2799,26.61,16.1039,4.5384,sea_passage,DERIVED_PHYSICS_IMO_GHG2020_SEED42
V101,tanker,56969,9.7,88.3,419,HFO,1.85,R057,Kamarajar,Visakhapatnam,69.0762,43.2,35.9196,10.2605,sea_passage,DERIVED_PHYSICS_IMO_GHG2020_SEED42
V040,bulk_carrier,49115,13.9,51.8,757,LNG,0.45,R050,Port_Blair,Tuticorin,139.073,54.46,76.4902,21.5563,sea_passage,DERIVED_PHYSICS_IMO_GHG2020_SEED42
V067,container_ship,23507,24.2,63.3,290,LNG,2.16,R008,Kandla,JNPA,131.5694,11.98,72.3632,20.3933,coastal,DERIVED_PHYSICS_IMO_GHG2020_SEED42
V042,bulk_carrier,48674,9.4,78.0,229,HFO,2.03,R044,Kolkata_SMPK,Paradip,28.4995,24.36,14.8197,4.2333,coastal,DERIVED_PHYSICS_IMO_GHG2020_SEED42
V103,tanker,67954,11.3,57.3,1190,HFO,2.65,R005,JNPA,Chennai,264.8859,105.31,137.7407,39.3459,coastal,DERIVED_PHYSICS_IMO_GHG2020_SEED42
V134,ro_ro,8843,16.2,52.0,359,LNG,2.53,R012,Mormugao,JNPA,33.6801,22.16,18.524,5.2204,sea_passage,DERIVED_PHYSICS_IMO_GHG2020_SEED42
V043,container_ship,27264,16.3,50.8,788,Methanol,1.93,R052,Port_Blair,Chennai,394.8859,48.34,138.2101,22.7889,sea_passage,DERIVED_PHYSICS_IMO_GHG2020_SEED42
V045,container_ship,12017,17.1,74.1,411,Methanol,0.94,R058,Visakhapatnam,Kamarajar,132.3598,24.04,46.3259,7.6385,river_mouth,DERIVED_PHYSICS_IMO_GHG2020_SEED42
V023,bulk_carrier,58095,12.2,99.1,518,LNG,0.75,R009,JNPA,New_Mangalore,107.7752,42.46,59.2764,16.7052,sea_passage,DERIVED_PHYSICS_IMO_GHG2020_SEED42
V053,container_ship,27197,18.7,64.6,349,MGO,1.25,R021,Mumbai,Mormugao,113.0092,18.66,76.8463,18.0956,sea_passage,DERIVED_PHYSICS_IMO_GHG2020_SEED42
V114,general_cargo,17380,13.8,62.4,853,HFO,0.36,R037,Chennai,Kolkata_SMPK,104.6583,61.81,54.4223,15.5458,sea_passage,DERIVED_PHYSICS_IMO_GHG2020_SEED42
V133,ro_ro,11514,15.9,53.4,276,HFO,2.83,R048,Mumbai,Kandla,37.4877,17.36,19.4936,5.5684,sea_passage,DERIVED_PHYSICS_IMO_GHG2020_SEED42
V009,bulk_carrier,32714,12.1,71.2,870,HFO,3.3,R004,Kochi,JNPA,163.4495,71.9,84.9937,24.2786,sea_passage,DERIVED_PHYSICS_IMO_GHG2020_SEED42
V061,container_ship,33687,17.9,64.3,542,Methanol,1.95,R024,Chennai,Kochi,401.6629,30.28,140.582,23.18,sea_passage,DERIVED_PHYSICS_IMO_GHG2020_SEED42
V110,general_cargo,16704,13.2,54.8,229,HFO,3.08,R044,Kolkata_SMPK,Paradip,33.3209,17.35,17.3269,4.9495,sea_passage,DERIVED_PHYSICS_IMO_GHG2020_SEED42
V001,bulk_carrier,63697,12.2,93.0,396,LNG,3.4,R031,Chennai,Visakhapatnam,101.329,32.46,55.7309,15.706,sea_passage,DERIVED_PHYSICS_IMO_GHG2020_SEED42
V087,tanker,28073,15.8,53.5,700,HFO,1.91,R036,Paradip,Chennai,147.1172,44.3,76.501,21.8526,sea_passage,DERIVED_PHYSICS_IMO_GHG2020_SEED42
V010,bulk_carrier,41291,11.5,79.2,311,LNG,1.98,R040,Paradip,Visakhapatnam,47.5317,27.04,26.1424,7.3674,sea_passage,DERIVED_PHYSICS_IMO_GHG2020_SEED42
V055,container_ship,17711,18.8,91.2,1181,LNG,1.64,R016,Chennai,Mumbai,271.8596,62.82,149.5228,42.1382,river_mouth,DERIVED_PHYSICS_IMO_GHG2020_SEED42
V008,bulk_carrier,34731,13.5,67.4,505,LNG,1.16,R020,New_Mangalore,Mumbai,85.9987,37.41,47.2993,13.3298,river_mouth,DERIVED_PHYSICS_IMO_GHG2020_SEED42
V009,bulk_carrier,32714,15.2,66.5,870,HFO,2.55,R004,Kochi,JNPA,237.2626,57.24,123.3766,35.2428,sea_passage,DERIVED_PHYSICS_IMO_GHG2020_SEED42
V030,bulk_carrier,38293,16.3,58.2,313,HFO,3.32,R039,Visakhapatnam,Paradip,122.3607,19.2,63.6276,18.1753,sea_passage,DERIVED_PHYSICS_IMO_GHG2020_SEED42
V028,bulk_carrier,56514,12.5,59.5,345,HFO,2.19,R028,New_Mangalore,Kochi,81.423,27.6,42.34,12.0945,coastal,DERIVED_PHYSICS_IMO_GHG2020_SEED42
V095,tanker,37289,11.4,76.5,290,LNG,0.5,R046,JNPA,Kandla,34.8807,25.44,19.1844,5.4065,river_mouth,DERIVED_PHYSICS_IMO_GHG2020_SEED42
V028,bulk_carrier,56514,11.1,61.8,700,HFO,0.69,R036,Paradip,Chennai,129.6304,63.06,67.4078,19.2552,sea_passage,DERIVED_PHYSICS_IMO_GHG2020_SEED42
V148,ferry,932,15.2,68.4,528,Shore_Power,3.49,R010,New_Mangalore,JNPA,166.7528,34.74,20.0103,0.4923,sea_passage,DERIVED_PHYSICS_IMO_GHG2020_SEED42
V056,container_ship,38751,17.9,79.2,538,HFO,2.85,R023,Kochi,Chennai,244.5286,30.06,127.1549,36.322,sea_passage,DERIVED_PHYSICS_IMO_GHG2020_SEED42
V147,ferry,2604,10.4,85.9,276,Shore_Power,2.54,R047,Kandla,Mumbai,82.5998,26.54,9.912,0.2438,sea_passage,DERIVED_PHYSICS_IMO_GHG2020_SEED42
V094,tanker,68263,11.4,84.5,797,HFO,2.6,R051,Chennai,Port_Blair,221.7815,69.91,115.3264,32.9432,sea_passage,DERIVED_PHYSICS_IMO_GHG2020_SEED42
V019,bulk_carrier,63249,12.0,68.0,1190,LNG,2.24,R005,JNPA,Chennai,249.0912,99.17,137.0002,38.6091,coastal,DERIVED_PHYSICS_IMO_GHG2020_SEED42
V068,container_ship,37761,19.6,53.8,282,MGO,2.06,R017,Mumbai,Kandla,116.1843,14.39,79.0053,18.604,sea_passage,DERIVED_PHYSICS_IMO_GHG2020_SEED42
V140,passenger,1902,24.6,55.3,396,MGO,0.74,R031,Chennai,Visakhapatnam,32.4679,16.1,22.0782,5.1989,sea_passage,DERIVED_PHYSICS_IMO_GHG2020_SEED42
V068,container_ship,37761,15.9,57.9,17,Methanol,3.08,R034,Kamarajar,Chennai,10.9562,1.07,3.8347,0.6323,sea_passage,DERIVED_PHYSICS_IMO_GHG2020_SEED42
V058,container_ship,36763,19.9,95.3,169,MGO,3.14,R055,New_Mangalore,Mormugao,87.6747,8.49,59.6188,14.0389,sea_passage,DERIVED_PHYSICS_IMO_GHG2020_SEED42
V081,tanker,22608,10.6,93.2,176,MGO,3.16,R056,Mormugao,New_Mangalore,20.8017,16.6,14.1452,3.3309,coastal,DERIVED_PHYSICS_IMO_GHG2020_SEED42
V099,tanker,55620,15.4,88.8,1196,HFO,2.83,R006,Chennai,JNPA,535.2933,77.66,278.3525,79.5119,river_mouth,DERIVED_PHYSICS_IMO_GHG2020_SEED42
V135,ro_ro,7575,16.1,65.9,853,MGO,2.93,R037,Chennai,Kolkata_SMPK,101.2344,52.98,68.8394,16.2102,sea_passage,DERIVED_PHYSICS_IMO_GHG2020_SEED42
V091,tanker,39649,14.1,65.6,870,HFO,1.07,R004,Kochi,JNPA,198.4842,61.7,103.2118,29.4826,coastal,DERIVED_PHYSICS_IMO_GHG2020_SEED42
V125,general_cargo,5602,10.8,77.3,276,MGO,3.31,R048,Mumbai,Kandla,12.2455,25.56,8.327,1.9608,sea_passage,DERIVED_PHYSICS_IMO_GHG2020_SEED42
V035,bulk_carrier,56365,14.4,92.2,521,HFO,2.68,R060,Kandla,Mormugao,201.3013,36.18,104.6767,29.9011,sea_passage,DERIVED_PHYSICS_IMO_GHG2020_SEED42
V147,ferry,2604,12.7,65.5,24,Hydrogen,0.33,R001,JNPA,Mumbai,0.2192,1.89,0.7014,0.0158,sea_passage,DERIVED_PHYSICS_IMO_GHG2020_SEED42
V002,bulk_carrier,29708,11.8,82.8,276,LNG,2.92,R048,Mumbai,Kandla,39.4156,23.39,21.6786,6.1094,sea_passage,DERIVED_PHYSICS_IMO_GHG2020_SEED42
V123,general_cargo,17741,10.1,90.7,495,HFO,2.33,R042,Kolkata_SMPK,Visakhapatnam,46.2086,49.01,24.0285,6.8638,river_mouth,DERIVED_PHYSICS_IMO_GHG2020_SEED42
V036,bulk_carrier,45790,9.4,84.7,276,HFO,1.79,R048,Mumbai,Kandla,39.24,29.36,20.4048,5.8287,sea_passage,DERIVED_PHYSICS_IMO_GHG2020_SEED42
V022,bulk_carrier,27915,12.3,81.0,529,LNG,1.32,R059,Mormugao,Kandla,68.6435,43.01,37.7539,10.6397,sea_passage,DERIVED_PHYSICS_IMO_GHG2020_SEED42
V087,tanker,28073,14.5,77.9,1196,MGO,0.31,R006,Chennai,JNPA,222.5953,82.48,151.3648,35.6431,coastal,DERIVED_PHYSICS_IMO_GHG2020_SEED42
V001,bulk_carrier,63697,9.7,73.5,297,MGO,1.7,R007,JNPA,Kandla,45.8791,30.62,31.1978,7.3464,sea_passage,DERIVED_PHYSICS_IMO_GHG2020_SEED42
V035,bulk_carrier,56365,13.1,97.3,761,LNG,1.49,R049,Tuticorin,Port_Blair,160.9045,58.09,88.4975,24.9402,sea_passage,DERIVED_PHYSICS_IMO_GHG2020_SEED42
V045,container_ship,12017,22.0,98.8,282,HFO,0.32,R017,Mumbai,Kandla,74.7171,12.82,38.8529,11.0984,sea_passage,DERIVED_PHYSICS_IMO_GHG2020_SEED42
V143,passenger,3504,19.4,83.9,856,MGO,1.45,R038,Kolkata_SMPK,Chennai,78.1842,44.12,53.1652,12.5192,sea_passage,DERIVED_PHYSICS_IMO_GHG2020_SEED42
V053,container_ship,27197,19.4,60.2,229,LNG,0.33,R044,Kolkata_SMPK,Paradip,61.3221,11.8,33.7271,9.5049,sea_passage,DERIVED_PHYSICS_IMO_GHG2020_SEED42
V038,bulk_carrier,33529,13.2,63.8,538,HFO,0.38,R023,Kochi,Chennai,90.7851,40.76,47.2082,13.4851,sea_passage,DERIVED_PHYSICS_IMO_GHG2020_SEED42
V076,tanker,28632,14.4,94.0,297,HFO,3.22,R007,JNPA,Kandla,73.2141,20.62,38.0713,10.8751,river_mouth,DERIVED_PHYSICS_IMO_GHG2020_SEED42
V081,tanker,22608,13.7,96.4,700,MGO,2.56,R036,Paradip,Chennai,131.3225,51.09,89.2993,21.028,sea_passage,DERIVED_PHYSICS_IMO_GHG2020_SEED42
V075,tanker,55666,11.9,94.5,276,LNG,2.61,R048,Mumbai,Kandla,62.0536,23.19,34.1295,9.6183,sea_passage,DERIVED_PHYSICS_IMO_GHG2020_SEED42
V030,bulk_carrier,38293,16.5,51.0,406,LNG,2.59,R032,Visakhapatnam,Chennai,99.6864,24.61,54.8275,15.4514,sea_passage,DERIVED_PHYSICS_IMO_GHG2020_SEED42
V083,tanker,42416,13.5,92.2,1190,LNG,1.92,R005,JNPA,Chennai,262.1063,88.15,144.1585,40.6265,sea_passage,DERIVED_PHYSICS_IMO_GHG2020_SEED42
V047,container_ship,41892,14.8,66.1,529,MGO,1.0,R059,Mormugao,Kandla,120.6403,35.74,82.0354,19.3175,sea_passage,DERIVED_PHYSICS_IMO_GHG2020_SEED42
V058,container_ship,36763,24.3,81.5,396,MGO,2.3,R031,Chennai,Visakhapatnam,284.6511,16.3,193.5628,45.5798,sea_passage,DERIVED_PHYSICS_IMO_GHG2020_SEED42
V150,ferry,884,15.6,61.5,313,Shore_Power,2.17,R039,Visakhapatnam,Paradip,84.7729,20.06,10.1727,0.2502,sea_passage,DERIVED_PHYSICS_IMO_GHG2020_SEED42
V073,tanker,47233,12.0,57.3,528,HFO,0.3,R010,New_Mangalore,JNPA,92.6048,44.0,48.1545,13.7554,sea_passage,DERIVED_PHYSICS_IMO_GHG2020_SEED42
V074,tanker,68994,11.9,56.6,797,MGO,2.26,R051,Chennai,Port_Blair,211.9118,66.97,144.1,33.9324,sea_passage,DERIVED_PHYSICS_IMO_GHG2020_SEED42
V124,general_cargo,16581,13.6,94.0,538,MGO,3.33,R023,Kochi,Chennai,81.1493,39.56,55.1815,12.994,sea_passage,DERIVED_PHYSICS_IMO_GHG2020_SEED42
V068,container_ship,37761,14.6,88.6,859,LNG,0.45,R013,Mumbai,Kochi,176.6672,58.84,97.1669,27.3834,sea_passage,DERIVED_PHYSICS_IMO_GHG2020_SEED42
V072,tanker,45552,12.4,73.5,761,LNG,1.71,R049,Tuticorin,Port_Blair,121.8947,61.37,67.0421,18.8937,sea_passage,DERIVED_PHYSICS_IMO_GHG2020_SEED42
V126,general_cargo,16177,12.3,86.5,276,MGO,3.26,R047,Kandla,Mumbai,34.6326,22.44,23.5502,5.5455,coastal,DERIVED_PHYSICS_IMO_GHG2020_SEED42
V012,bulk_carrier,58490,13.9,74.3,529,HFO,3.28,R059,Mormugao,Kandla,189.8587,38.06,98.7265,28.2014,sea_passage,DERIVED_PHYSICS_IMO_GHG2020_SEED42
V035,bulk_carrier,56365,10.2,87.0,507,MGO,2.49,R019,Mumbai,New_Mangalore,83.6874,49.71,56.9074,13.4004,river_mouth,DERIVED_PHYSICS_IMO_GHG2020_SEED42
V014,bulk_carrier,44373,10.8,78.2,850,HFO,0.39,R014,Kochi,Mumbai,119.412,78.7,62.0942,17.7373,river_mouth,DERIVED_PHYSICS_IMO_GHG2020_SEED42
V070,container_ship,16607,14.2,92.3,692,LNG,2.87,R035,Chennai,Paradip,105.1102,48.73,57.8106,16.2921,coastal,DERIVED_PHYSICS_IMO_GHG2020_SEED42
V122,general_cargo,14088,13.3,62.3,521,HFO,1.22,R060,Kandla,Mormugao,50.0454,39.17,26.0236,7.4337,sea_passage,DERIVED_PHYSICS_IMO_GHG2020_SEED42
V004,bulk_carrier,71338,11.9,96.5,370,LNG,2.63,R029,Chennai,Tuticorin,99.9255,31.09,54.959,15.4884,river_mouth,DERIVED_PHYSICS_IMO_GHG2020_SEED42
V075,tanker,55666,10.7,82.9,419,MGO,1.7,R053,Kochi,Mormugao,80.1008,39.16,54.4686,12.8261,coastal,DERIVED_PHYSICS_IMO_GHG2020_SEED42
V046,container_ship,34898,15.8,77.2,507,HFO,2.1,R019,Mumbai,New_Mangalore,155.3775,32.09,80.7963,23.0796,sea_passage,DERIVED_PHYSICS_IMO_GHG2020_SEED42
V016,bulk_carrier,58242,15.0,96.5,692,LNG,1.84,R035,Chennai,Paradip,221.4275,46.13,121.7851,34.3213,sea_passage,DERIVED_PHYSICS_IMO_GHG2020_SEED42
V037,bulk_carrier,41493,10.2,59.1,1181,HFO,0.84,R016,Chennai,Mumbai,147.5122,115.78,76.7064,21.9113,sea_passage,DERIVED_PHYSICS_IMO_GHG2020_SEED42
V072,tanker,45552,15.5,74.8,850,LNG,1.67,R014,Kochi,Mumbai,232.6745,54.84,127.971,36.0645,coastal,DERIVED_PHYSICS_IMO_GHG2020_SEED42
V122,general_cargo,14088,10.9,62.0,276,HFO,2.29,R047,Kandla,Mumbai,21.9985,25.32,11.4392,3.2676,coastal,DERIVED_PHYSICS_IMO_GHG2020_SEED42
V004,bulk_carrier,71338,12.0,64.4,22,MGO,2.12,R002,Mumbai,JNPA,5.9241,1.83,4.0284,0.9486,sea_passage,DERIVED_PHYSICS_IMO_GHG2020_SEED42
V074,tanker,68994,9.5,97.4,856,MGO,0.49,R038,Kolkata_SMPK,Chennai,130.7349,90.11,88.8997,20.9339,river_mouth,DERIVED_PHYSICS_IMO_GHG2020_SEED42
V004,bulk_carrier,71338,13.2,83.0,1190,LNG,0.61,R005,JNPA,Chennai,300.1393,90.15,165.0766,46.5216,sea_passage,DERIVED_PHYSICS_IMO_GHG2020_SEED42
V134,ro_ro,8843,22.3,61.6,169,LNG,2.3,R055,New_Mangalore,Mormugao,30.8187,7.58,16.9503,4.7769,sea_passage,DERIVED_PHYSICS_IMO_GHG2020_SEED42
V038,bulk_carrier,33529,15.3,60.6,542,MGO,3.38,R024,Chennai,Kochi,146.2578,35.42,99.4553,23.4195,sea_passage,DERIVED_PHYSICS_IMO_GHG2020_SEED42
V047,container_ship,41892,16.3,73.5,359,MGO,2.4,R012,Mormugao,JNPA,120.6571,22.02,82.0468,19.3202,sea_passage,DERIVED_PHYSICS_IMO_GHG2020_SEED42
V070,container_ship,16607,18.4,70.1,24,Methanol,0.53,R001,JNPA,Mumbai,10.2598,1.3,3.5909,0.5921,sea_passage,DERIVED_PHYSICS_IMO_GHG2020_SEED42
V006,bulk_carrier,66381,14.9,51.3,370,MGO,2.04,R029,Chennai,Tuticorin,129.6365,24.83,88.1528,20.758,sea_passage,DERIVED_PHYSICS_IMO_GHG2020_SEED42
V144,passenger,4545,26.0,86.2,856,Hydrogen,2.79,R038,Kolkata_SMPK,Chennai,68.4842,32.92,219.1494,4.9309,sea_passage,DERIVED_PHYSICS_IMO_GHG2020_SEED42
V069,container_ship,8659,13.4,96.1,1190,LNG,2.81,R005,JNPA,Chennai,104.2421,88.81,57.3331,16.1575,sea_passage,DERIVED_PHYSICS_IMO_GHG2020_SEED42
V075,tanker,55666,14.1,55.5,876,LNG,2.12,R003,JNPA,Kochi,224.0633,62.13,123.2348,34.7298,sea_passage,DERIVED_PHYSICS_IMO_GHG2020_SEED42
V116,general_cargo,6658,14.8,62.0,176,HFO,2.81,R056,Mormugao,New_Mangalore,16.7394,11.89,8.7045,2.4865,coastal,DERIVED_PHYSICS_IMO_GHG2020_SEED42
V087,tanker,28073,13.7,67.4,797,MGO,2.25,R051,Chennai,Port_Blair,144.5468,58.18,98.2918,23.1456,sea_passage,DERIVED_PHYSICS_IMO_GHG2020_SEED42
V034,bulk_carrier,62925,10.5,68.7,297,HFO,2.94,R007,JNPA,Kandla,61.3444,28.29,31.8991,9.112,sea_passage,DERIVED_PHYSICS_IMO_GHG2020_SEED42
V145,passenger,3081,22.2,93.4,276,Hydrogen,1.59,R047,Kandla,Mumbai,10.8759,12.43,34.8029,0.7831,coastal,DERIVED_PHYSICS_IMO_GHG2020_SEED42
V016,bulk_carrier,58242,12.5,68.3,853,MGO,2.47,R037,Chennai,Kolkata_SMPK,215.2828,68.24,146.3923,34.4722,sea_passage,DERIVED_PHYSICS_IMO_GHG2020_SEED42
V085,tanker,70614,12.5,88.0,859,MGO,2.59,R013,Mumbai,Kochi,263.1027,68.72,178.9098,42.1293,sea_passage,DERIVED_PHYSICS_IMO_GHG2020_SEED42
V050,container_ship,17470,22.7,97.4,505,HFO,0.87,R020,New_Mangalore,Mumbai,185.9059,22.25,96.6711,27.6143,sea_passage,DERIVED_PHYSICS_IMO_GHG2020_SEED42
V130,general_cargo,15643,9.5,59.7,1190,HFO,2.8,R005,JNPA,Chennai,73.774,125.26,38.3625,10.9583,sea_passage,DERIVED_PHYSICS_IMO_GHG2020_SEED42
V098,tanker,28244,14.0,56.7,359,MGO,1.46,R012,Mormugao,JNPA,60.4506,25.64,41.1064,9.6797,sea_passage,DERIVED_PHYSICS_IMO_GHG2020_SEED42
V057,container_ship,30177,23.2,94.4,757,LNG,0.31,R050,Port_Blair,Tuticorin,338.9135,32.63,186.4024,52.5316,sea_passage,DERIVED_PHYSICS_IMO_GHG2020_SEED42
V026,bulk_carrier,33063,13.8,94.0,277,HFO,2.27,R018,Kandla,Mumbai,72.1513,20.07,37.5187,10.7173,sea_passage,DERIVED_PHYSICS_IMO_GHG2020_SEED42
V102,tanker,47959,13.2,56.7,290,LNG,2.45,R046,JNPA,Kandla,61.6935,21.97,33.9314,9.5625,sea_passage,DERIVED_PHYSICS_IMO_GHG2020_SEED42
V020,bulk_carrier,40197,11.0,89.8,348,HFO,2.18,R027,Kochi,New_Mangalore,59.0536,31.64,30.7079,8.7718,coastal,DERIVED_PHYSICS_IMO_GHG2020_SEED42
V014,bulk_carrier,44373,12.1,70.5,419,LNG,0.92,R053,Kochi,Mormugao,64.0346,34.63,35.219,9.9254,sea_passage,DERIVED_PHYSICS_IMO_GHG2020_SEED42
V025,bulk_carrier,26135,10.1,58.5,406,HFO,3.49,R032,Visakhapatnam,Chennai,47.26,40.2,24.5752,7.02,sea_passage,DERIVED_PHYSICS_IMO_GHG2020_SEED42
V039,bulk_carrier,42343,10.8,85.8,276,MGO,1.85,R048,Mumbai,Kandla,37.1774,25.56,25.2806,5.953,sea_passage,DERIVED_PHYSICS_IMO_GHG2020_SEED42
V025,bulk_carrier,26135,12.6,67.1,422,MGO,0.46,R054,Mormugao,Kochi,55.0572,33.49,37.4389,8.816,sea_passage,DERIVED_PHYSICS_IMO_GHG2020_SEED42
V006,bulk_carrier,66381,12.9,61.9,347,LNG,0.87,R022,Mormugao,Mumbai,68.2088,26.9,37.5148,10.5724,sea_passage,DERIVED_PHYSICS_IMO_GHG2020_SEED42
V141,passenger,3808,21.5,92.1,1190,LNG,0.71,R005,JNPA,Chennai,112.6256,55.35,61.9441,17.457,sea_passage,DERIVED_PHYSICS_IMO_GHG2020_SEED42
V054,container_ship,21825,14.9,62.6,505,MGO,2.24,R020,New_Mangalore,Mumbai,93.3948,33.89,63.5084,14.9548,sea_passage,DERIVED_PHYSICS_IMO_GHG2020_SEED42
V026,bulk_carrier,33063,14.3,62.2,538,HFO,3.31,R023,Kochi,Chennai,144.2989,37.62,75.0354,21.434,sea_passage,DERIVED_PHYSICS_IMO_GHG2020_SEED42
V064,container_ship,26077,21.0,83.9,542,LNG,3.41,R024,Chennai,Kochi,246.8271,25.81,135.7549,38.2582,sea_passage,DERIVED_PHYSICS_IMO_GHG2020_SEED42
V071,tanker,72064,15.6,97.9,422,HFO,2.83,R054,Mormugao,Kochi,231.2736,27.05,120.2623,34.3532,coastal,DERIVED_PHYSICS_IMO_GHG2020_SEED42
V145,passenger,3081,26.4,100.0,538,LNG,2.43,R023,Kochi,Chennai,85.5506,20.38,47.0528,13.2603,sea_passage,DERIVED_PHYSICS_IMO_GHG2020_SEED42
V113,general_cargo,13823,15.2,93.6,529,HFO,2.7,R059,Mormugao,Kandla,92.3513,34.8,48.0227,13.7178,sea_passage,DERIVED_PHYSICS_IMO_GHG2020_SEED42
V138,ro_ro,6679,13.1,59.1,313,HFO,1.94,R039,Visakhapatnam,Paradip,19.2156,23.89,9.9921,2.8543,sea_passage,DERIVED_PHYSICS_IMO_GHG2020_SEED42
V030,bulk_carrier,38293,15.6,52.7,518,LNG,2.61,R009,JNPA,New_Mangalore,118.4843,33.21,65.1664,18.3651,coastal,DERIVED_PHYSICS_IMO_GHG2020_SEED42
V088,tanker,47767,13.9,79.6,229,HFO,1.53,R044,Kolkata_SMPK,Paradip,64.2735,16.47,33.4222,9.5471,sea_passage,DERIVED_PHYSICS_IMO_GHG2020_SEED42
V055,container_ship,17711,19.4,60.0,859,HFO,0.73,R013,Mumbai,Kochi,194.2809,44.28,101.026,28.8583,sea_passage,DERIVED_PHYSICS_IMO_GHG2020_SEED42
V102,tanker,47959,12.4,73.1,528,LNG,1.94,R010,New_Mangalore,JNPA,92.8173,42.58,51.0495,14.3867,sea_passage,DERIVED_PHYSICS_IMO_GHG2020_SEED42
V114,general_cargo,17380,11.5,69.7,538,HFO,1.15,R023,Kochi,Chennai,55.0945,46.78,28.6491,8.1837,sea_passage,DERIVED_PHYSICS_IMO_GHG2020_SEED42
V103,tanker,67954,13.6,81.7,495,MGO,1.93,R042,Kolkata_SMPK,Visakhapatnam,171.0743,36.4,116.3306,27.3933,sea_passage,DERIVED_PHYSICS_IMO_GHG2020_SEED42
V133,ro_ro,11514,15.1,94.7,276,LNG,2.24,R048,Mumbai,Kandla,32.8454,18.28,18.065,5.091,sea_passage,DERIVED_PHYSICS_IMO_GHG2020_SEED42
V126,general_cargo,16177,14.2,64.0,856,MGO,0.32,R038,Kolkata_SMPK,Chennai,97.1288,60.28,66.0476,15.5528,river_mouth,DERIVED_PHYSICS_IMO_GHG2020_SEED42
V078,tanker,23323,12.3,74.5,348,HFO,3.24,R027,Kochi,New_Mangalore,58.6978,28.29,30.5228,8.7189,coastal,DERIVED_PHYSICS_IMO_GHG2020_SEED42
V055,container_ship,17711,20.4,88.7,422,Methanol,3.39,R054,Mormugao,Kochi,343.1692,20.69,120.1092,19.8043,sea_passage,DERIVED_PHYSICS_IMO_GHG2020_SEED42
V026,bulk_carrier,33063,13.8,70.2,1179,LNG,2.04,R015,Mumbai,Chennai,223.4728,85.43,122.91,34.6383,coastal,DERIVED_PHYSICS_IMO_GHG2020_SEED42
V025,bulk_carrier,26135,12.8,73.8,364,MGO,3.43,R030,Tuticorin,Chennai,63.6948,28.44,43.3124,10.1991,sea_passage,DERIVED_PHYSICS_IMO_GHG2020_SEED42
V082,tanker,54273,13.8,74.5,528,LNG,2.1,R010,New_Mangalore,JNPA,121.9174,38.26,67.0546,18.8972,sea_passage,DERIVED_PHYSICS_IMO_GHG2020_SEED42
V002,bulk_carrier,29708,11.3,85.0,169,LNG,1.27,R055,New_Mangalore,Mormugao,18.2627,14.96,10.0445,2.8307,sea_passage,DERIVED_PHYSICS_IMO_GHG2020_SEED42
V011,bulk_carrier,34473,9.7,98.1,853,LNG,3.47,R037,Chennai,Kolkata_SMPK,106.3487,87.94,58.4918,16.4841,sea_passage,DERIVED_PHYSICS_IMO_GHG2020_SEED42
V132,ro_ro,8727,18.9,58.1,290,MGO,3.29,R008,Kandla,JNPA,43.3548,15.34,29.4812,6.9422,sea_passage,DERIVED_PHYSICS_IMO_GHG2020_SEED42
V144,passenger,4545,25.5,73.3,348,MGO,2.03,R027,Kochi,New_Mangalore,62.9972,13.65,42.8381,10.0874,coastal,DERIVED_PHYSICS_IMO_GHG2020_SEED42
V010,bulk_carrier,41291,13.6,72.7,18,MGO,2.33,R033,Chennai,Kamarajar,4.3934,1.32,2.9875,0.7035,coastal,DERIVED_PHYSICS_IMO_GHG2020_SEED42
V140,passenger,1902,21.1,70.1,18,MGO,1.78,R033,Chennai,Kamarajar,1.1483,0.85,0.7808,0.1839,river_mouth,DERIVED_PHYSICS_IMO_GHG2020_SEED42
V036,bulk_carrier,45790,10.3,88.9,528,HFO,1.47,R010,New_Mangalore,JNPA,80.0182,51.26,41.6095,11.8858,sea_passage,DERIVED_PHYSICS_IMO_GHG2020_SEED42
V048,container_ship,21724,16.1,81.4,313,MGO,1.93,R039,Visakhapatnam,Paradip,69.7938,19.44,47.4598,11.1757,sea_passage,DERIVED_PHYSICS_IMO_GHG2020_SEED42
V015,bulk_carrier,31987,10.4,69.7,856,MGO,2.17,R038,Kolkata_SMPK,Chennai,96.8392,82.31,65.8506,15.5064,sea_passage,DERIVED_PHYSICS_IMO_GHG2020_SEED42
V085,tanker,70614,16.9,71.2,311,HFO,2.39,R040,Paradip,Visakhapatnam,187.8036,18.4,97.6579,27.8962,coastal,DERIVED_PHYSICS_IMO_GHG2020_SEED42
V145,passenger,3081,23.5,65.0,797,MGO,0.52,R051,Chennai,Port_Blair,81.3782,33.91,55.3372,13.0307,sea_passage,DERIVED_PHYSICS_IMO_GHG2020_SEED42
V140,passenger,1902,24.0,63.3,538,MGO,3.42,R023,Kochi,Chennai,50.2511,22.42,34.1707,8.0465,sea_passage,DERIVED_PHYSICS_IMO_GHG2020_SEED42
V015,bulk_carrier,31987,9.8,91.7,850,MGO,0.68,R014,Kochi,Mumbai,86.3722,86.73,58.7331,13.8303,sea_passage,DERIVED_PHYSICS_IMO_GHG2020_SEED42
V121,general_cargo,14844,9.7,57.0,1190,HFO,2.49,R005,JNPA,Chennai,73.094,122.68,38.0089,10.8573,river_mouth,DERIVED_PHYSICS_IMO_GHG2020_SEED42
V019,bulk_carrier,63249,10.4,88.1,788,HFO,2.15,R052,Port_Blair,Chennai,164.1229,75.77,85.3439,24.3786,sea_passage,DERIVED_PHYSICS_IMO_GHG2020_SEED42
V142,passenger,4149,22.5,58.6,538,LNG,3.5,R023,Kochi,Chennai,67.8659,23.91,37.3262,10.5192,coastal,DERIVED_PHYSICS_IMO_GHG2020_SEED42
V042,bulk_carrier,48674,12.8,93.1,183,HFO,3.11,R026,Tuticorin,Kochi,58.1222,14.3,30.2236,8.6334,sea_passage,DERIVED_PHYSICS_IMO_GHG2020_SEED42
V051,container_ship,9661,19.3,79.0,176,HFO,2.29,R056,Mormugao,New_Mangalore,39.7496,9.12,20.6698,5.9044,sea_passage,DERIVED_PHYSICS_IMO_GHG2020_SEED42
V084,tanker,23117,15.6,59.8,761,LNG,1.6,R049,Tuticorin,Port_Blair,129.3297,48.78,71.1314,20.0461,sea_passage,DERIVED_PHYSICS_IMO_GHG2020_SEED42
V074,tanker,68994,13.6,61.6,870,MGO,1.71,R004,Kochi,JNPA,263.8597,63.97,179.4246,42.2505,sea_passage,DERIVED_PHYSICS_IMO_GHG2020_SEED42
V111,general_cargo,19799,11.2,76.0,290,MGO,0.74,R008,Kandla,JNPA,25.4633,25.89,17.315,4.0773,coastal,DERIVED_PHYSICS_IMO_GHG2020_SEED42
V047,container_ship,41892,12.6,72.8,169,LNG,1.88,R055,New_Mangalore,Mormugao,31.3926,13.41,17.2659,4.8658,sea_passage,DERIVED_PHYSICS_IMO_GHG2020_SEED42
V021,bulk_carrier,35729,13.3,76.6,276,HFO,2.7,R048,Mumbai,Kandla,61.7243,20.75,32.0966,9.1685,river_mouth,DERIVED_PHYSICS_IMO_GHG2020_SEED42
V096,tanker,71643,9.8,54.6,419,MGO,1.99,R053,Kochi,Mormugao,60.3513,42.76,41.0389,9.6637,sea_passage,DERIVED_PHYSICS_IMO_GHG2020_SEED42
V034,bulk_carrier,62925,11.6,87.5,528,MGO,1.23,R010,New_Mangalore,JNPA,124.0626,45.52,84.3626,19.8655,sea_passage,DERIVED_PHYSICS_IMO_GHG2020_SEED42
V074,tanker,68994,9.8,85.6,189,HFO,3.11,R025,Kochi,Tuticorin,37.6663,19.29,19.5865,5.5949,sea_passage,DERIVED_PHYSICS_IMO_GHG2020_SEED42
V003,bulk_carrier,64303,12.7,79.9,217,HFO,1.23,R043,Paradip,Kolkata_SMPK,63.5424,17.09,33.0421,9.4385,sea_passage,DERIVED_PHYSICS_IMO_GHG2020_SEED42
V130,general_cargo,15643,12.3,95.6,1190,MGO,3.2,R005,JNPA,Chennai,150.2152,96.75,102.1463,24.0532,sea_passage,DERIVED_PHYSICS_IMO_GHG2020_SEED42
V100,tanker,35203,11.3,53.6,542,HFO,3.27,R024,Chennai,Kochi,85.4144,47.96,44.4155,12.6874,sea_passage,DERIVED_PHYSICS_IMO_GHG2020_SEED42
V080,tanker,50271,14.1,66.2,853,HFO,2.02,R037,Chennai,Kolkata_SMPK,251.5875,60.5,130.8255,37.3706,sea_passage,DERIVED_PHYSICS_IMO_GHG2020_SEED42
V092,tanker,76931,16.4,85.0,1190,HFO,3.02,R005,JNPA,Chennai,750.8514,72.56,390.4427,111.5307,sea_passage,DERIVED_PHYSICS_IMO_GHG2020_SEED42
V117,general_cargo,9258,12.9,98.2,349,HFO,0.99,R021,Mumbai,Mormugao,26.3443,27.05,13.6991,3.9132,river_mouth,DERIVED_PHYSICS_IMO_GHG2020_SEED42
V049,container_ship,19734,17.8,88.5,788,Methanol,1.68,R052,Port_Blair,Chennai,447.5961,44.27,156.6586,25.8308,sea_passage,DERIVED_PHYSICS_IMO_GHG2020_SEED42
V085,tanker,70614,17.2,59.2,359,LNG,2.77,R012,Mormugao,JNPA,165.8593,20.87,91.2226,25.7082,sea_passage,DERIVED_PHYSICS_IMO_GHG2020_SEED42
V150,ferry,884,18.1,96.3,229,Hydrogen,2.71,R044,Kolkata_SMPK,Paradip,3.2762,12.65,10.4837,0.2359,sea_passage,DERIVED_PHYSICS_IMO_GHG2020_SEED42
V121,general_cargo,14844,12.7,73.4,529,MGO,1.64,R059,Mormugao,Kandla,52.387,41.65,35.6232,8.3885,sea_passage,DERIVED_PHYSICS_IMO_GHG2020_SEED42
V082,tanker,54273,12.1,62.0,1181,HFO,3.27,R016,Chennai,Mumbai,316.5166,97.6,164.5887,47.0151,sea_passage,DERIVED_PHYSICS_IMO_GHG2020_SEED42
V067,container_ship,23507,24.6,70.8,396,LNG,1.54,R031,Chennai,Visakhapatnam,171.7312,16.1,94.4522,26.6183,sea_passage,DERIVED_PHYSICS_IMO_GHG2020_SEED42
V048,container_ship,21724,19.1,70.4,290,Methanol,0.57,R008,Kandla,JNPA,174.6339,15.18,61.1219,10.0781,sea_passage,DERIVED_PHYSICS_IMO_GHG2020_SEED42
V130,general_cargo,15643,11.1,55.7,282,MGO,2.37,R017,Mumbai,Kandla,22.42,25.41,15.2456,3.59,coastal,DERIVED_PHYSICS_IMO_GHG2020_SEED42
V142,passenger,4149,17.5,50.5,176,Hydrogen,0.98,R056,Mormugao,New_Mangalore,4.2109,10.06,13.4748,0.3032,coastal,DERIVED_PHYSICS_IMO_GHG2020_SEED42
V081,tanker,22608,11.2,76.8,1179,MGO,1.07,R015,Mumbai,Chennai,116.006,105.27,78.8841,18.5755,river_mouth,DERIVED_PHYSICS_IMO_GHG2020_SEED42
V046,container_ship,34898,16.2,71.9,359,Methanol,3.47,R012,Mormugao,JNPA,278.6763,22.16,97.5367,16.0824,sea_passage,DERIVED_PHYSICS_IMO_GHG2020_SEED42
V088,tanker,47767,14.9,88.7,364,LNG,2.25,R030,Tuticorin,Chennai,103.8925,24.43,57.1409,16.1033,river_mouth,DERIVED_PHYSICS_IMO_GHG2020_SEED42
V135,ro_ro,7575,18.7,71.6,1190,MGO,2.72,R005,JNPA,Chennai,183.7741,63.64,124.9664,29.4268,sea_passage,DERIVED_PHYSICS_IMO_GHG2020_SEED42
V114,general_cargo,17380,10.7,52.5,788,HFO,2.89,R052,Port_Blair,Chennai,64.8359,73.64,33.7147,9.6307,sea_passage,DERIVED_PHYSICS_IMO_GHG2020_SEED42
V095,tanker,37289,16.3,94.4,183,MGO,2.22,R026,Tuticorin,Kochi,66.6185,11.23,45.3006,10.6673,coastal,DERIVED_PHYSICS_IMO_GHG2020_SEED42
V149,ferry,536,15.2,99.1,1179,Shore_Power,2.06,R015,Mumbai,Chennai,243.1106,77.57,29.1733,0.7177,coastal,DERIVED_PHYSICS_IMO_GHG2020_SEED42
V134,ro_ro,8843,17.6,51.4,18,MGO,1.19,R033,Chennai,Kamarajar,1.9842,1.02,1.3492,0.3177,coastal,DERIVED_PHYSICS_IMO_GHG2020_SEED42
V116,general_cargo,6658,11.2,60.4,22,MGO,2.45,R002,Mumbai,JNPA,1.0479,1.96,0.7126,0.1678,sea_passage,DERIVED_PHYSICS_IMO_GHG2020_SEED42
V096,tanker,71643,12.5,79.7,411,HFO,3.05,R058,Visakhapatnam,Kamarajar,147.8982,32.88,76.9071,21.9686,sea_passage,DERIVED_PHYSICS_IMO_GHG2020_SEED42
V136,ro_ro,4206,17.3,99.4,358,HFO,1.45,R011,JNPA,Mormugao,29.0973,20.69,15.1306,4.3221,coastal,DERIVED_PHYSICS_IMO_GHG2020_SEED42
V112,general_cargo,17758,12.3,55.1,521,MGO,0.68,R060,Kandla,Mormugao,47.457,42.36,32.2708,7.5991,coastal,DERIVED_PHYSICS_IMO_GHG2020_SEED42
V131,ro_ro,4651,18.8,53.0,18,LNG,0.51,R033,Chennai,Kamarajar,1.3763,0.96,0.757,0.2133,river_mouth,DERIVED_PHYSICS_IMO_GHG2020_SEED42
V132,ro_ro,8727,18.0,77.1,859,MGO,3.15,R013,Mumbai,Kochi,132.3016,47.72,89.9651,21.1848,sea_passage,DERIVED_PHYSICS_IMO_GHG2020_SEED42
V079,tanker,55468,14.7,92.4,217,MGO,3.28,R043,Paradip,Kolkata_SMPK,93.3844,14.76,63.5014,14.9532,sea_passage,DERIVED_PHYSICS_IMO_GHG2020_SEED42
V025,bulk_carrier,26135,11.6,63.6,419,LNG,3.41,R057,Kamarajar,Visakhapatnam,55.8741,36.12,30.7307,8.6605,river_mouth,DERIVED_PHYSICS_IMO_GHG2020_SEED42
V040,bulk_carrier,49115,12.8,50.0,345,MGO,2.04,R028,New_Mangalore,Kochi,72.7394,26.95,49.4628,11.6474,coastal,DERIVED_PHYSICS_IMO_GHG2020_SEED42
V005,bulk_carrier,47170,9.5,96.3,505,MGO,2.11,R020,New_Mangalore,Mumbai,69.2709,53.16,47.1042,11.092,coastal,DERIVED_PHYSICS_IMO_GHG2020_SEED42
V087,tanker,28073,11.2,54.9,870,MGO,2.01,R004,Kochi,JNPA,103.2977,77.68,70.2424,16.5405,sea_passage,DERIVED_PHYSICS_IMO_GHG2020_SEED42
V026,bulk_carrier,33063,9.9,55.9,1196,HFO,0.89,R006,Chennai,JNPA,119.1,120.81,61.932,17.691,sea_passage,DERIVED_PHYSICS_IMO_GHG2020_SEED42
V113,general_cargo,13823,14.7,91.0,538,MGO,2.68,R023,Kochi,Chennai,79.9605,36.6,54.3731,12.8037,coastal,DERIVED_PHYSICS_IMO_GHG2020_SEED42
V078,tanker,23323,13.1,86.3,396,LNG,0.87,R031,Chennai,Visakhapatnam,46.9135,30.23,25.8024,7.2716,river_mouth,DERIVED_PHYSICS_IMO_GHG2020_SEED42
V111,general_cargo,19799,11.8,85.8,229,HFO,3.37,R044,Kolkata_SMPK,Paradip,28.9861,19.41,15.0728,4.3056,sea_passage,DERIVED_PHYSICS_IMO_GHG2020_SEED42
V077,tanker,37083,13.4,72.0,700,MGO,1.86,R036,Paradip,Chennai,149.9647,52.24,101.976,24.0131,river_mouth,DERIVED_PHYSICS_IMO_GHG2020_SEED42
V111,general_cargo,19799,15.1,80.0,282,HFO,3.37,R017,Mumbai,Kandla,60.1513,18.68,31.2787,8.9348,river_mouth,DERIVED_PHYSICS_IMO_GHG2020_SEED42
V060,container_ship,33073,13.2,94.3,521,Methanol,1.64,R060,Kandla,Mormugao,203.9565,39.47,71.3848,11.7703,coastal,DERIVED_PHYSICS_IMO_GHG2020_SEED42
V032,bulk_carrier,70130,12.7,67.2,495,HFO,1.57,R042,Kolkata_SMPK,Visakhapatnam,145.1144,38.98,75.4595,21.5551,sea_passage,DERIVED_PHYSICS_IMO_GHG2020_SEED42
V125,general_cargo,5602,11.4,89.1,297,MGO,1.64,R007,JNPA,Kandla,13.1432,26.05,8.9374,2.1046,sea_passage,DERIVED_PHYSICS_IMO_GHG2020_SEED42
V043,container_ship,27264,14.7,69.0,370,HFO,0.97,R029,Chennai,Tuticorin,73.5819,25.17,38.2626,10.9298,sea_passage,DERIVED_PHYSICS_IMO_GHG2020_SEED42
V075,tanker,55666,12.4,91.7,169,MGO,2.62,R055,New_Mangalore,Mormugao,42.715,13.63,29.0462,6.8397,sea_passage,DERIVED_PHYSICS_IMO_GHG2020_SEED42
V120,general_cargo,16651,10.5,61.6,761,HFO,0.48,R049,Tuticorin,Port_Blair,53.2176,72.48,27.6731,7.9049,sea_passage,DERIVED_PHYSICS_IMO_GHG2020_SEED42
V095,tanker,37289,15.0,84.6,853,HFO,1.32,R037,Chennai,Kolkata_SMPK,235.8307,56.87,122.632,35.0301,sea_passage,DERIVED_PHYSICS_IMO_GHG2020_SEED42
V051,container_ship,9661,17.1,75.5,700,MGO,1.26,R036,Paradip,Chennai,91.3341,40.94,62.1072,14.6249,river_mouth,DERIVED_PHYSICS_IMO_GHG2020_SEED42
V006,bulk_carrier,66381,13.0,50.4,491,HFO,0.88,R041,Visakhapatnam,Kolkata_SMPK,131.1406,37.77,68.1931,19.4795,river_mouth,DERIVED_PHYSICS_IMO_GHG2020_SEED42
V014,bulk_carrier,44373,10.0,65.2,542,MGO,3.47,R024,Chennai,Kochi,78.2819,54.2,53.2317,12.5349,sea_passage,DERIVED_PHYSICS_IMO_GHG2020_SEED42
V074,tanker,68994,11.7,97.9,495,MGO,0.57,R042,Kolkata_SMPK,Visakhapatnam,112.206,42.31,76.3001,17.967,sea_passage,DERIVED_PHYSICS_IMO_GHG2020_SEED42
V094,tanker,68263,14.8,92.4,692,MGO,3.02,R035,Chennai,Paradip,301.0454,46.76,204.7109,48.2049,coastal,DERIVED_PHYSICS_IMO_GHG2020_SEED42
V091,tanker,39649,10.4,67.0,422,LNG,1.88,R054,Mormugao,Kochi,44.113,40.58,24.2622,6.8375,coastal,DERIVED_PHYSICS_IMO_GHG2020_SEED42
V132,ro_ro,8727,18.5,98.6,358,HFO,1.58,R011,JNPA,Mormugao,59.149,19.35,30.7575,8.7859,coastal,DERIVED_PHYSICS_IMO_GHG2020_SEED42
V007,bulk_carrier,42726,15.4,64.2,1179,MGO,0.35,R015,Mumbai,Chennai,329.4145,76.56,224.0019,52.7475,coastal,DERIVED_PHYSICS_IMO_GHG2020_SEED42
V036,bulk_carrier,45790,12.0,89.7,491,LNG,2.65,R041,Visakhapatnam,Kolkata_SMPK,92.0364,40.92,50.62,14.2656,river_mouth,DERIVED_PHYSICS_IMO_GHG2020_SEED42
V150,ferry,884,15.7,51.5,229,Shore_Power,0.42,R044,Kolkata_SMPK,Paradip,47.7727,14.59,5.7327,0.141,coastal,DERIVED_PHYSICS_IMO_GHG2020_SEED42
V116,general_cargo,6658,15.9,70.2,859,MGO,1.27,R013,Mumbai,Kochi,74.2782,54.03,50.5091,11.8938,coastal,DERIVED_PHYSICS_IMO_GHG2020_SEED42
V103,tanker,67954,11.2,68.1,700,HFO,2.08,R036,Paradip,Chennai,163.5409,62.5,85.0413,24.2922,coastal,DERIVED_PHYSICS_IMO_GHG2020_SEED42
V126,general_cargo,16177,14.9,55.0,761,MGO,1.02,R049,Tuticorin,Port_Blair,97.1216,51.07,66.0427,15.5516,sea_passage,DERIVED_PHYSICS_IMO_GHG2020_SEED42
V008,bulk_carrier,34731,9.9,53.3,1190,HFO,2.98,R005,JNPA,Chennai,132.7212,120.2,69.015,19.7143,coastal,DERIVED_PHYSICS_IMO_GHG2020_SEED42
V094,tanker,68263,12.2,65.5,347,MGO,0.62,R022,Mormugao,Mumbai,77.7622,28.44,52.8783,12.4517,sea_passage,DERIVED_PHYSICS_IMO_GHG2020_SEED42
V139,passenger,2268,18.8,53.1,345,MGO,0.4,R028,New_Mangalore,Kochi,17.5651,18.35,11.9443,2.8126,coastal,DERIVED_PHYSICS_IMO_GHG2020_SEED42
V142,passenger,4149,18.1,61.5,183,Hydrogen,3.14,R026,Tuticorin,Kochi,6.3722,10.11,20.3911,0.4588,sea_passage,DERIVED_PHYSICS_IMO_GHG2020_SEED42
V076,tanker,28632,15.6,89.0,229,MGO,0.75,R044,Kolkata_SMPK,Paradip,52.8318,14.68,35.9256,8.4597,sea_passage,DERIVED_PHYSICS_IMO_GHG2020_SEED42
V077,tanker,37083,13.3,52.6,529,HFO,1.45,R059,Mormugao,Kandla,100.7096,39.77,52.369,14.9593,coastal,DERIVED_PHYSICS_IMO_GHG2020_SEED42
V109,general_cargo,10749,12.2,89.1,411,MGO,2.7,R058,Visakhapatnam,Kamarajar,36.078,33.69,24.533,5.777,sea_passage,DERIVED_PHYSICS_IMO_GHG2020_SEED42
V082,tanker,54273,13.6,82.1,189,HFO,1.42,R025,Kochi,Tuticorin,55.7174,13.9,28.973,8.2762,sea_passage,DERIVED_PHYSICS_IMO_GHG2020_SEED42
V036,bulk_carrier,45790,10.5,73.2,217,LNG,0.87,R043,Paradip,Kolkata_SMPK,24.7043,20.67,13.5873,3.8292,coastal,DERIVED_PHYSICS_IMO_GHG2020_SEED42
V106,general_cargo,10004,14.0,96.3,1179,HFO,1.22,R015,Mumbai,Chennai,122.3142,84.21,63.6034,18.1684,sea_passage,DERIVED_PHYSICS_IMO_GHG2020_SEED42
V016,bulk_carrier,58242,11.4,93.4,797,HFO,1.27,R051,Chennai,Port_Blair,156.8361,69.91,81.5548,23.2963,sea_passage,DERIVED_PHYSICS_IMO_GHG2020_SEED42
V109,general_cargo,10749,12.0,86.9,788,MGO,2.51,R052,Port_Blair,Chennai,64.662,65.67,43.9702,10.354,sea_passage,DERIVED_PHYSICS_IMO_GHG2020_SEED42
V009,bulk_carrier,32714,12.6,85.8,542,MGO,1.51,R024,Chennai,Kochi,89.3675,43.02,60.7699,14.31,sea_passage,DERIVED_PHYSICS_IMO_GHG2020_SEED42
V079,tanker,55468,14.7,53.8,419,MGO,3.47,R053,Kochi,Mormugao,151.525,28.5,103.037,24.2629,sea_passage,DERIVED_PHYSICS_IMO_GHG2020_SEED42
V105,tanker,59471,11.8,66.1,853,LNG,2.6,R037,Chennai,Kolkata_SMPK,175.9635,72.29,96.7799,27.2743,sea_passage,DERIVED_PHYSICS_IMO_GHG2020_SEED42
V090,tanker,33954,10.7,66.6,491,HFO,3.31,R041,Visakhapatnam,Kolkata_SMPK,73.602,45.89,38.273,10.9328,coastal,DERIVED_PHYSICS_IMO_GHG2020_SEED42
V099,tanker,55620,13.8,91.2,183,HFO,0.39,R026,Tuticorin,Kochi,54.6645,13.26,28.4255,8.1198,sea_passage,DERIVED_PHYSICS_IMO_GHG2020_SEED42
V074,tanker,68994,11.0,95.3,18,MGO,1.39,R033,Chennai,Kamarajar,4.3105,1.64,2.9312,0.6902,river_mouth,DERIVED_PHYSICS_IMO_GHG2020_SEED42
V055,container_ship,17711,19.3,90.6,1181,MGO,0.93,R016,Chennai,Mumbai,323.6965,61.19,220.1136,51.8319,sea_passage,DERIVED_PHYSICS_IMO_GHG2020_SEED42
V032,bulk_carrier,70130,10.7,75.0,507,HFO,2.69,R019,Mumbai,New_Mangalore,116.5587,47.38,60.6105,17.3135,sea_passage,DERIVED_PHYSICS_IMO_GHG2020_SEED42
V060,container_ship,33073,14.4,62.3,348,HFO,1.19,R027,Kochi,New_Mangalore,75.6422,24.17,39.3339,11.2358,sea_passage,DERIVED_PHYSICS_IMO_GHG2020_SEED42
V086,tanker,66768,12.1,52.1,491,HFO,2.52,R041,Visakhapatnam,Kolkata_SMPK,130.8395,40.58,68.0366,19.4348,river_mouth,DERIVED_PHYSICS_IMO_GHG2020_SEED42
V141,passenger,3808,17.2,94.2,542,Hydrogen,2.22,R024,Chennai,Kochi,17.1389,31.51,54.8445,1.234,sea_passage,DERIVED_PHYSICS_IMO_GHG2020_SEED42
V063,container_ship,12578,19.3,82.8,282,MGO,1.6,R017,Mumbai,Kandla,60.5208,14.61,41.1541,9.6909,sea_passage,DERIVED_PHYSICS_IMO_GHG2020_SEED42
V006,bulk_carrier,66381,10.6,89.1,286,HFO,1.42,R045,Kandla,JNPA,53.2242,26.98,27.6766,7.9059,sea_passage,DERIVED_PHYSICS_IMO_GHG2020_SEED42
V005,bulk_carrier,47170,11.2,65.3,297,HFO,2.52,R007,JNPA,Kandla,57.31,26.52,29.8012,8.5128,sea_passage,DERIVED_PHYSICS_IMO_GHG2020_SEED42
V003,bulk_carrier,64303,12.0,59.6,17,HFO,2.22,R034,Kamarajar,Chennai,4.1362,1.42,2.1508,0.6144,sea_passage,DERIVED_PHYSICS_IMO_GHG2020_SEED42
V068,container_ship,37761,18.3,86.8,176,MGO,0.68,R056,Mormugao,New_Mangalore,67.2711,9.62,45.7444,10.7718,sea_passage,DERIVED_PHYSICS_IMO_GHG2020_SEED42
V149,ferry,536,18.5,72.5,788,LNG,1.32,R052,Port_Blair,Chennai,14.974,42.59,8.2357,2.321,sea_passage,DERIVED_PHYSICS_IMO_GHG2020_SEED42
V044,container_ship,41157,13.4,55.8,542,Methanol,0.68,R024,Chennai,Kochi,237.057,40.45,82.97,13.6806,sea_passage,DERIVED_PHYSICS_IMO_GHG2020_SEED42
V012,bulk_carrier,58490,12.4,57.3,856,LNG,1.51,R038,Kolkata_SMPK,Chennai,172.3546,69.03,94.795,26.715,sea_passage,DERIVED_PHYSICS_IMO_GHG2020_SEED42
V090,tanker,33954,10.3,67.4,347,HFO,2.45,R022,Mormugao,Mumbai,46.3743,33.69,24.1146,6.8884,river_mouth,DERIVED_PHYSICS_IMO_GHG2020_SEED42
V009,bulk_carrier,32714,10.4,77.0,358,MGO,2.46,R011,JNPA,Mormugao,42.399,34.42,28.8313,6.7891,river_mouth,DERIVED_PHYSICS_IMO_GHG2020_SEED42
V122,general_cargo,14088,15.4,56.9,396,HFO,0.56,R031,Chennai,Visakhapatnam,52.0518,25.71,27.0669,7.7317,sea_passage,DERIVED_PHYSICS_IMO_GHG2020_SEED42
V047,container_ship,41892,14.2,97.6,700,MGO,1.28,R036,Paradip,Chennai,198.2101,49.3,134.7829,31.7384,coastal,DERIVED_PHYSICS_IMO_GHG2020_SEED42
V144,passenger,4545,20.0,61.6,856,LNG,0.99,R038,Kolkata_SMPK,Chennai,77.1503,42.8,42.4327,11.9583,sea_passage,DERIVED_PHYSICS_IMO_GHG2020_SEED42
V130,general_cargo,15643,11.0,72.9,276,MGO,3.19,R048,Mumbai,Kandla,23.7342,25.09,16.1392,3.8004,coastal,DERIVED_PHYSICS_IMO_GHG2020_SEED42
V094,tanker,68263,12.8,55.1,788,LNG,0.47,R052,Port_Blair,Chennai,174.6187,61.56,96.0403,27.0659,coastal,DERIVED_PHYSICS_IMO_GHG2020_SEED42
V092,tanker,76931,14.3,55.1,406,LNG,2.29,R032,Visakhapatnam,Chennai,130.864,28.39,71.9752,20.2839,sea_passage,DERIVED_PHYSICS_IMO_GHG2020_SEED42
V051,container_ship,9661,20.4,50.8,518,MGO,0.35,R009,JNPA,New_Mangalore,82.2355,25.39,55.9201,13.168,sea_passage,DERIVED_PHYSICS_IMO_GHG2020_SEED42
V115,general_cargo,11634,12.9,55.1,290,HFO,3.24,R046,JNPA,Kandla,28.1971,22.48,14.6625,4.1884,sea_passage,DERIVED_PHYSICS_IMO_GHG2020_SEED42
V026,bulk_carrier,33063,11.7,83.4,22,LNG,0.61,R002,Mumbai,JNPA,2.5542,1.88,1.4048,0.3959,river_mouth,DERIVED_PHYSICS_IMO_GHG2020_SEED42
V108,general_cargo,7216,13.8,81.7,290,HFO,2.16,R008,Kandla,JNPA,24.5136,21.01,12.7471,3.6412,sea_passage,DERIVED_PHYSICS_IMO_GHG2020_SEED42
V092,tanker,76931,16.7,80.6,290,MGO,0.93,R008,Kandla,JNPA,140.0157,17.37,95.2106,22.42,sea_passage,DERIVED_PHYSICS_IMO_GHG2020_SEED42
V063,container_ship,12578,24.5,60.7,797,LNG,0.62,R051,Chennai,Port_Blair,189.3606,32.53,104.1483,29.3509,coastal,DERIVED_PHYSICS_IMO_GHG2020_SEED42
V029,bulk_carrier,30900,11.4,74.5,286,HFO,0.52,R045,Kandla,JNPA,37.5523,25.09,19.5272,5.578,sea_passage,DERIVED_PHYSICS_IMO_GHG2020_SEED42
V144,passenger,4545,27.9,81.7,276,MGO,3.0,R048,Mumbai,Kandla,71.2765,9.89,48.468,11.4131,river_mouth,DERIVED_PHYSICS_IMO_GHG2020_SEED42
V073,tanker,47233,13.5,65.3,700,HFO,2.95,R036,Paradip,Chennai,196.6982,51.85,102.2831,29.2174,sea_passage,DERIVED_PHYSICS_IMO_GHG2020_SEED42
V027,bulk_carrier,59816,11.1,73.3,422,MGO,2.8,R054,Mormugao,Kochi,87.3075,38.02,59.3691,13.9801,sea_passage,DERIVED_PHYSICS_IMO_GHG2020_SEED42
V103,tanker,67954,11.0,92.8,859,MGO,1.64,R013,Mumbai,Kochi,176.6106,78.09,120.0952,28.2798,coastal,DERIVED_PHYSICS_IMO_GHG2020_SEED42
V124,general_cargo,16581,13.0,81.6,870,HFO,1.07,R004,Kochi,JNPA,102.9271,66.92,53.5221,15.2887,sea_passage,DERIVED_PHYSICS_IMO_GHG2020_SEED42
V041,bulk_carrier,49332,13.3,55.7,183,LNG,2.34,R026,Tuticorin,Kochi,35.59,13.76,19.5745,5.5164,sea_passage,DERIVED_PHYSICS_IMO_GHG2020_SEED42
V062,container_ship,34470,21.4,67.5,311,MGO,3.09,R040,Paradip,Visakhapatnam,164.0377,14.53,111.5456,26.2665,sea_passage,DERIVED_PHYSICS_IMO_GHG2020_SEED42
V003,bulk_carrier,64303,9.4,64.5,183,LNG,3.17,R026,Tuticorin,Kochi,25.2213,19.47,13.8717,3.9093,river_mouth,DERIVED_PHYSICS_IMO_GHG2020_SEED42
V121,general_cargo,14844,11.4,54.6,24,MGO,2.35,R001,JNPA,Mumbai,1.8607,2.11,1.2652,0.2979,sea_passage,DERIVED_PHYSICS_IMO_GHG2020_SEED42
V111,general_cargo,19799,12.3,89.7,359,HFO,2.58,R012,Mormugao,JNPA,45.087,29.19,23.4453,6.6972,sea_passage,DERIVED_PHYSICS_IMO_GHG2020_SEED42
V072,tanker,45552,15.0,65.8,290,HFO,1.58,R046,JNPA,Kandla,92.6856,19.33,48.1965,13.7674,sea_passage,DERIVED_PHYSICS_IMO_GHG2020_SEED42
V103,tanker,67954,13.2,99.3,358,MGO,1.03,R011,JNPA,Mormugao,109.444,27.12,74.4219,17.5247,coastal,DERIVED_PHYSICS_IMO_GHG2020_SEED42
V131,ro_ro,4651,22.7,82.7,313,MGO,1.3,R039,Visakhapatnam,Paradip,46.9087,13.79,31.8979,7.5113,sea_passage,DERIVED_PHYSICS_IMO_GHG2020_SEED42
V120,general_cargo,16651,13.1,56.4,876,MGO,2.05,R003,JNPA,Kochi,95.6004,66.87,65.0083,15.308,sea_passage,DERIVED_PHYSICS_IMO_GHG2020_SEED42
V080,tanker,50271,15.2,51.6,529,HFO,3.39,R059,Mormugao,Kandla,203.5865,34.8,105.865,30.2405,sea_passage,DERIVED_PHYSICS_IMO_GHG2020_SEED42
V091,tanker,39649,14.6,66.4,419,HFO,0.52,R057,Kamarajar,Visakhapatnam,102.5413,28.7,53.3215,15.2314,coastal,DERIVED_PHYSICS_IMO_GHG2020_SEED42
V111,general_cargo,19799,11.7,86.0,290,MGO,2.57,R008,Kandla,JNPA,37.0145,24.79,25.1698,5.9269,sea_passage,DERIVED_PHYSICS_IMO_GHG2020_SEED42
V112,general_cargo,17758,14.3,82.1,692,MGO,0.7,R035,Chennai,Paradip,96.9735,48.39,65.942,15.5279,sea_passage,DERIVED_PHYSICS_IMO_GHG2020_SEED42
V112,general_cargo,17758,13.6,66.8,692,HFO,0.82,R035,Chennai,Paradip,81.2079,50.88,42.2281,12.0625,coastal,DERIVED_PHYSICS_IMO_GHG2020_SEED42
V018,bulk_carrier,58420,13.8,81.3,538,LNG,1.03,R023,Kochi,Chennai,124.8561,38.99,68.6709,19.3527,coastal,DERIVED_PHYSICS_IMO_GHG2020_SEED42
V066,container_ship,31457,16.1,65.5,290,LNG,0.32,R046,JNPA,Kandla,60.535,18.01,33.2942,9.3829,sea_passage,DERIVED_PHYSICS_IMO_GHG2020_SEED42
V060,container_ship,33073,15.6,63.4,850,MGO,2.9,R014,Kochi,Mumbai,226.1788,54.49,153.8016,36.2169,coastal,DERIVED_PHYSICS_IMO_GHG2020_SEED42
V077,tanker,37083,11.5,84.0,542,HFO,2.14,R024,Chennai,Kochi,93.0523,47.13,48.3872,13.8219,sea_passage,DERIVED_PHYSICS_IMO_GHG2020_SEED42
V149,ferry,536,15.0,95.5,282,Hydrogen,1.37,R017,Mumbai,Kandla,1.7252,18.8,5.5206,0.1242,coastal,DERIVED_PHYSICS_IMO_GHG2020_SEED42
V129,general_cargo,5817,15.2,71.0,850,HFO,1.25,R014,Kochi,Mumbai,63.0472,55.92,32.7845,9.365,sea_passage,DERIVED_PHYSICS_IMO_GHG2020_SEED42
V031,bulk_carrier,60844,10.1,50.3,521,HFO,1.35,R060,Kandla,Mormugao,75.1143,51.58,39.0594,11.1574,sea_passage,DERIVED_PHYSICS_IMO_GHG2020_SEED42
V149,ferry,536,14.9,53.6,359,Shore_Power,0.88,R012,Mormugao,JNPA,51.835,24.09,6.2202,0.153,sea_passage,DERIVED_PHYSICS_IMO_GHG2020_SEED42
V053,container_ship,27197,15.3,96.1,282,HFO,1.14,R017,Mumbai,Kandla,65.8433,18.43,34.2385,9.7803,sea_passage,DERIVED_PHYSICS_IMO_GHG2020_SEED42
V145,passenger,3081,18.6,89.4,797,MGO,2.59,R051,Chennai,Port_Blair,65.6888,42.85,44.6684,10.5184,river_mouth,DERIVED_PHYSICS_IMO_GHG2020_SEED42
V121,general_cargo,14844,10.9,84.3,419,HFO,1.61,R053,Kochi,Mormugao,33.2771,38.44,17.3041,4.9429,sea_passage,DERIVED_PHYSICS_IMO_GHG2020_SEED42
V087,tanker,28073,10.6,79.3,521,LNG,1.98,R060,Kandla,Mormugao,50.0703,49.15,27.5387,7.7609,sea_passage,DERIVED_PHYSICS_IMO_GHG2020_SEED42
V004,bulk_carrier,71338,14.4,50.8,518,HFO,2.18,R009,JNPA,New_Mangalore,188.8881,35.97,98.2218,28.0572,sea_passage,DERIVED_PHYSICS_IMO_GHG2020_SEED42
V137,ro_ro,6851,15.3,59.2,853,MGO,2.88,R037,Chennai,Kolkata_SMPK,73.1478,55.75,49.7405,11.7128,coastal,DERIVED_PHYSICS_IMO_GHG2020_SEED42
V145,passenger,3081,24.7,51.7,1196,LNG,3.12,R006,Chennai,JNPA,138.5583,48.42,76.2071,21.4765,coastal,DERIVED_PHYSICS_IMO_GHG2020_SEED42
V144,passenger,4545,24.6,99.7,788,LNG,0.87,R052,Port_Blair,Chennai,113.9429,32.03,62.6686,17.6611,coastal,DERIVED_PHYSICS_IMO_GHG2020_SEED42
V022,bulk_carrier,27915,10.5,80.4,313,LNG,1.55,R039,Visakhapatnam,Paradip,25.5895,29.81,14.0742,3.9664,coastal,DERIVED_PHYSICS_IMO_GHG2020_SEED42
V032,bulk_carrier,70130,10.6,83.4,277,MGO,2.8,R018,Kandla,Mumbai,60.2516,26.13,40.9711,9.6478,sea_passage,DERIVED_PHYSICS_IMO_GHG2020_SEED42
V106,general_cargo,10004,15.7,80.5,1179,HFO,2.93,R015,Mumbai,Chennai,181.6259,75.1,94.4454,26.9785,sea_passage,DERIVED_PHYSICS_IMO_GHG2020_SEED42
V091,tanker,39649,13.1,55.0,870,HFO,2.02,R004,Kochi,JNPA,175.7761,66.41,91.4036,26.1096,sea_passage,DERIVED_PHYSICS_IMO_GHG2020_SEED42
V092,tanker,76931,14.6,64.6,359,MGO,3.09,R012,Mormugao,JNPA,165.1209,24.59,112.2822,26.44,sea_passage,DERIVED_PHYSICS_IMO_GHG2020_SEED42
V076,tanker,28632,15.6,64.0,419,LNG,2.35,R057,Kamarajar,Visakhapatnam,91.6529,26.86,50.4091,14.2062,sea_passage,DERIVED_PHYSICS_IMO_GHG2020_SEED42
V022,bulk_carrier,27915,12.0,57.8,169,LNG,2.91,R055,New_Mangalore,Mormugao,20.9683,14.08,11.5326,3.2501,river_mouth,DERIVED_PHYSICS_IMO_GHG2020_SEED42
V127,general_cargo,7328,10.5,75.5,859,MGO,3.19,R013,Mumbai,Kochi,39.1631,81.81,26.6309,6.271,sea_passage,DERIVED_PHYSICS_IMO_GHG2020_SEED42
V022,bulk_carrier,27915,12.5,75.1,22,LNG,0.45,R002,Mumbai,JNPA,2.4607,1.76,1.3534,0.3814,sea_passage,DERIVED_PHYSICS_IMO_GHG2020_SEED42
V041,bulk_carrier,49332,12.1,74.4,692,HFO,2.88,R035,Chennai,Paradip,168.412,57.19,87.5742,25.0157,sea_passage,DERIVED_PHYSICS_IMO_GHG2020_SEED42
V037,bulk_carrier,41493,10.4,70.9,396,LNG,2.08,R031,Chennai,Visakhapatnam,46.5396,38.08,25.5968,7.2136,river_mouth,DERIVED_PHYSICS_IMO_GHG2020_SEED42
V136,ro_ro,4206,13.0,71.4,788,MGO,2.05,R052,Port_Blair,Chennai,38.2069,60.62,25.9807,6.1179,coastal,DERIVED_PHYSICS_IMO_GHG2020_SEED42
V065,container_ship,18598,22.9,74.7,189,MGO,1.74,R025,Kochi,Tuticorin,70.9456,8.25,48.243,11.3602,sea_passage,DERIVED_PHYSICS_IMO_GHG2020_SEED42
V027,bulk_carrier,59816,14.0,75.1,276,MGO,0.8,R047,Kandla,Mumbai,82.4467,19.71,56.0637,13.2018,sea_passage,DERIVED_PHYSICS_IMO_GHG2020_SEED42
V040,bulk_carrier,49115,15.5,89.7,700,MGO,2.94,R036,Paradip,Chennai,267.1173,45.16,181.6398,42.7722,sea_passage,DERIVED_PHYSICS_IMO_GHG2020_SEED42
V005,bulk_carrier,47170,12.2,61.2,521,HFO,1.87,R060,Kandla,Mormugao,103.583,42.7,53.8631,15.3861,coastal,DERIVED_PHYSICS_IMO_GHG2020_SEED42
V006,bulk_carrier,66381,10.7,94.6,396,LNG,3.25,R031,Chennai,Visakhapatnam,78.169,37.01,42.9929,12.1162,sea_passage,DERIVED_PHYSICS_IMO_GHG2020_SEED42
V054,container_ship,21825,15.8,66.1,176,MGO,0.5,R056,Mormugao,New_Mangalore,31.1434,11.14,21.1775,4.9868,sea_passage,DERIVED_PHYSICS_IMO_GHG2020_SEED42
V055,container_ship,17711,20.1,97.4,17,HFO,1.71,R034,Kamarajar,Chennai,5.3435,0.85,2.7786,0.7937,sea_passage,DERIVED_PHYSICS_IMO_GHG2020_SEED42
V015,bulk_carrier,31987,9.4,67.9,348,MGO,1.38,R027,Kochi,New_Mangalore,32.1899,37.02,21.8891,5.1544,river_mouth,DERIVED_PHYSICS_IMO_GHG2020_SEED42
V141,passenger,3808,17.3,54.9,700,LNG,2.36,R036,Paradip,Chennai,45.9466,40.46,25.2706,7.1217,sea_passage,DERIVED_PHYSICS_IMO_GHG2020_SEED42
V055,container_ship,17711,18.3,76.3,229,MGO,0.36,R044,Kolkata_SMPK,Paradip,46.2535,12.51,31.4524,7.4063,sea_passage,DERIVED_PHYSICS_IMO_GHG2020_SEED42
V114,general_cargo,17380,11.2,76.4,507,HFO,0.98,R019,Mumbai,New_Mangalore,43.7818,45.27,22.7666,6.5033,sea_passage,DERIVED_PHYSICS_IMO_GHG2020_SEED42
V061,container_ship,33687,17.8,71.6,1190,HFO,1.06,R005,JNPA,Chennai,381.3984,66.85,198.3271,56.6525,sea_passage,DERIVED_PHYSICS_IMO_GHG2020_SEED42
V112,general_cargo,17758,12.3,57.3,422,MGO,1.17,R054,Mormugao,Kochi,39.2909,34.31,26.7178,6.2915,sea_passage,DERIVED_PHYSICS_IMO_GHG2020_SEED42
V046,container_ship,34898,22.9,58.9,521,MGO,0.48,R060,Kandla,Mormugao,242.328,22.75,164.783,38.8028,sea_passage,DERIVED_PHYSICS_IMO_GHG2020_SEED42
V067,container_ship,23507,22.4,50.3,788,LNG,3.44,R052,Port_Blair,Chennai,321.3596,35.18,176.7478,49.8107,sea_passage,DERIVED_PHYSICS_IMO_GHG2020_SEED42
V149,ferry,536,18.9,99.7,505,Hydrogen,1.19,R020,New_Mangalore,Mumbai,4.1409,26.72,13.251,0.2981,sea_passage,DERIVED_PHYSICS_IMO_GHG2020_SEED42
V070,container_ship,16607,16.6,96.8,364,Methanol,1.49,R030,Tuticorin,Chennai,161.7196,21.93,56.6019,9.3328,sea_passage,DERIVED_PHYSICS_IMO_GHG2020_SEED42
V139,passenger,2268,15.2,71.1,359,MGO,2.04,R012,Mormugao,JNPA,15.2368,23.62,10.361,2.4398,sea_passage,DERIVED_PHYSICS_IMO_GHG2020_SEED42
V107,general_cargo,9058,13.4,78.9,422,HFO,2.72,R054,Mormugao,Kochi,40.1065,31.49,20.8554,5.9574,river_mouth,DERIVED_PHYSICS_IMO_GHG2020_SEED42
V149,ferry,536,18.5,95.5,529,MGO,2.6,R059,Mormugao,Kandla,13.875,28.59,9.435,2.2217,sea_passage,DERIVED_PHYSICS_IMO_GHG2020_SEED42
V080,tanker,50271,16.2,63.7,788,HFO,2.32,R052,Port_Blair,Chennai,341.3587,48.64,177.5065,50.7051,sea_passage,DERIVED_PHYSICS_IMO_GHG2020_SEED42
V149,ferry,536,18.4,79.4,282,Shore_Power,1.59,R017,Mumbai,Kandla,72.9935,15.33,8.7592,0.2155,sea_passage,DERIVED_PHYSICS_IMO_GHG2020_SEED42
V090,tanker,33954,14.6,89.6,347,HFO,2.88,R022,Mormugao,Mumbai,102.6677,23.77,53.3872,15.2502,sea_passage,DERIVED_PHYSICS_IMO_GHG2020_SEED42
V007,bulk_carrier,42726,11.5,75.9,1196,MGO,0.47,R006,Chennai,JNPA,179.2624,104.0,121.8985,28.7044,sea_passage,DERIVED_PHYSICS_IMO_GHG2020_SEED42
V127,general_cargo,7328,12.6,70.8,348,MGO,0.69,R027,Kochi,New_Mangalore,18.8529,27.62,12.82,3.0188,sea_passage,DERIVED_PHYSICS_IMO_GHG2020_SEED42
V080,tanker,50271,16.7,97.7,169,MGO,0.62,R055,New_Mangalore,Mormugao,64.0818,10.12,43.5756,10.2611,sea_passage,DERIVED_PHYSICS_IMO_GHG2020_SEED42
V043,container_ship,27264,18.0,85.1,297,Methanol,2.82,R007,JNPA,Kandla,201.1862,16.5,70.4152,11.6105,sea_passage,DERIVED_PHYSICS_IMO_GHG2020_SEED42
V077,tanker,37083,10.7,90.2,297,LNG,2.58,R007,JNPA,Kandla,37.7767,27.76,20.7772,5.8554,river_mouth,DERIVED_PHYSICS_IMO_GHG2020_SEED42
V009,bulk_carrier,32714,14.7,89.0,495,LNG,0.71,R042,Kolkata_SMPK,Visakhapatnam,92.1177,33.67,50.6647,14.2782,sea_passage,DERIVED_PHYSICS_IMO_GHG2020_SEED42
V076,tanker,28632,12.4,70.0,850,HFO,0.32,R014,Kochi,Mumbai,108.8224,68.55,56.5876,16.1644,sea_passage,DERIVED_PHYSICS_IMO_GHG2020_SEED42
V031,bulk_carrier,60844,10.0,77.2,700,HFO,0.47,R036,Paradip,Chennai,102.2539,70.0,53.172,15.1887,sea_passage,DERIVED_PHYSICS_IMO_GHG2020_SEED42
V063,container_ship,12578,19.2,81.1,1196,LNG,1.54,R006,Chennai,JNPA,197.9573,62.29,108.8765,30.6834,sea_passage,DERIVED_PHYSICS_IMO_GHG2020_SEED42
V120,general_cargo,16651,12.2,79.0,286,HFO,0.81,R045,Kandla,JNPA,27.256,23.44,14.1731,4.0486,coastal,DERIVED_PHYSICS_IMO_GHG2020_SEED42
V082,tanker,54273,13.4,89.5,290,MGO,0.67,R008,Kandla,JNPA,75.8804,21.64,51.5987,12.1503,sea_passage,DERIVED_PHYSICS_IMO_GHG2020_SEED42
V128,general_cargo,15648,15.2,95.0,859,HFO,3.47,R013,Mumbai,Kochi,168.6793,56.51,87.7132,25.0555,coastal,DERIVED_PHYSICS_IMO_GHG2020_SEED42
V108,general_cargo,7216,12.6,92.5,538,MGO,1.57,R023,Kochi,Chennai,32.3665,42.7,22.0092,5.1827,sea_passage,DERIVED_PHYSICS_IMO_GHG2020_SEED42
V089,tanker,35987,10.6,58.5,313,HFO,1.99,R039,Visakhapatnam,Paradip,42.3793,29.53,22.0372,6.295,sea_passage,DERIVED_PHYSICS_IMO_GHG2020_SEED42
V140,passenger,1902,23.2,88.0,856,LNG,0.73,R038,Kolkata_SMPK,Chennai,55.4089,36.9,30.4749,8.5884,sea_passage,DERIVED_PHYSICS_IMO_GHG2020_SEED42
V033,bulk_carrier,40297,10.1,71.7,406,LNG,3.27,R032,Visakhapatnam,Chennai,46.3408,40.2,25.4874,7.1828,river_mouth,DERIVED_PHYSICS_IMO_GHG2020_SEED42
V148,ferry,932,12.6,59.8,419,Hydrogen,3.28,R053,Kochi,Mormugao,2.343,33.25,7.4977,0.1687,coastal,DERIVED_PHYSICS_IMO_GHG2020_SEED42
V067,container_ship,23507,19.6,93.7,692,HFO,2.16,R035,Chennai,Paradip,253.5556,35.31,131.8489,37.6629,coastal,DERIVED_PHYSICS_IMO_GHG2020_SEED42
V042,bulk_carrier,48674,12.3,55.9,859,HFO,3.07,R013,Mumbai,Kochi,201.6524,69.84,104.8592,29.9532,river_mouth,DERIVED_PHYSICS_IMO_GHG2020_SEED42
V140,passenger,1902,19.8,56.0,542,Hydrogen,1.31,R024,Chennai,Kochi,10.3238,27.37,33.0362,0.7433,sea_passage,DERIVED_PHYSICS_IMO_GHG2020_SEED42
V019,bulk_carrier,63249,13.6,60.7,1190,LNG,2.02,R005,JNPA,Chennai,289.5462,87.5,159.2504,44.8797,coastal,DERIVED_PHYSICS_IMO_GHG2020_SEED42
V140,passenger,1902,19.9,96.2,345,Hydrogen,0.42,R028,New_Mangalore,Kochi,7.5873,17.34,24.2792,0.5463,coastal,DERIVED_PHYSICS_IMO_GHG2020_SEED42
V042,bulk_carrier,48674,9.2,84.4,311,HFO,1.4,R040,Paradip,Visakhapatnam,39.7366,33.8,20.663,5.9024,sea_passage,DERIVED_PHYSICS_IMO_GHG2020_SEED42
V132,ro_ro,8727,18.8,59.4,169,MGO,1.85,R055,New_Mangalore,Mormugao,24.0312,8.99,16.3412,3.848,coastal,DERIVED_PHYSICS_IMO_GHG2020_SEED42
V059,container_ship,13324,14.2,58.4,856,Methanol,1.73,R038,Kolkata_SMPK,Chennai,196.7597,60.28,68.8659,11.355,sea_passage,DERIVED_PHYSICS_IMO_GHG2020_SEED42
V048,container_ship,21724,16.7,80.3,286,LNG,0.92,R045,Kandla,JNPA,51.5306,17.13,28.3418,7.9872,coastal,DERIVED_PHYSICS_IMO_GHG2020_SEED42
V135,ro_ro,7575,17.4,70.9,538,LNG,2.15,R023,Kochi,Chennai,54.9572,30.92,30.2264,8.5184,sea_passage,DERIVED_PHYSICS_IMO_GHG2020_SEED42
V062,container_ship,34470,21.6,73.8,169,HFO,0.53,R055,New_Mangalore,Mormugao,78.621,7.82,40.8829,11.6783,sea_passage,DERIVED_PHYSICS_IMO_GHG2020_SEED42
V129,general_cargo,5817,12.9,76.4,290,MGO,2.23,R008,Kandla,JNPA,17.428,22.48,11.851,2.7907,sea_passage,DERIVED_PHYSICS_IMO_GHG2020_SEED42
V068,container_ship,37761,19.9,73.7,17,HFO,1.76,R034,Kamarajar,Chennai,8.3848,0.85,4.3601,1.2455,sea_passage,DERIVED_PHYSICS_IMO_GHG2020_SEED42
V023,bulk_carrier,58095,14.8,97.1,507,HFO,1.2,R019,Mumbai,New_Mangalore,183.3789,34.26,95.357,27.2389,coastal,DERIVED_PHYSICS_IMO_GHG2020_SEED42
V105,tanker,59471,15.0,79.3,290,HFO,0.36,R008,Kandla,JNPA,96.8018,19.33,50.3369,14.3788,sea_passage,DERIVED_PHYSICS_IMO_GHG2020_SEED42
V066,container_ship,31457,15.2,82.0,507,HFO,0.91,R019,Mumbai,New_Mangalore,113.3605,33.36,58.9475,16.8385,sea_passage,DERIVED_PHYSICS_IMO_GHG2020_SEED42
V022,bulk_carrier,27915,10.5,59.1,290,LNG,1.01,R008,Kandla,JNPA,24.3841,27.62,13.4113,3.7795,sea_passage,DERIVED_PHYSICS_IMO_GHG2020_SEED42
V133,ro_ro,11514,15.7,91.7,345,MGO,1.93,R028,New_Mangalore,Kochi,50.0746,21.97,34.0507,8.0182,sea_passage,DERIVED_PHYSICS_IMO_GHG2020_SEED42
V121,general_cargo,14844,8.5,91.6,217,MGO,2.42,R043,Paradip,Kolkata_SMPK,11.0461,25.53,7.5114,1.7688,coastal,DERIVED_PHYSICS_IMO_GHG2020_SEED42
V088,tanker,47767,15.2,82.7,507,MGO,1.11,R019,Mumbai,New_Mangalore,163.6388,33.36,111.2744,26.2027,sea_passage,DERIVED_PHYSICS_IMO_GHG2020_SEED42
V014,bulk_carrier,44373,12.8,78.1,856,LNG,1.27,R038,Kolkata_SMPK,Chennai,140.8725,66.88,77.4799,21.8352,sea_passage,DERIVED_PHYSICS_IMO_GHG2020_SEED42
V125,general_cargo,5602,12.7,78.8,788,HFO,1.21,R052,Port_Blair,Chennai,40.1344,62.05,20.8699,5.9615,sea_passage,DERIVED_PHYSICS_IMO_GHG2020_SEED42
V023,bulk_carrier,58095,12.0,58.0,345,HFO,2.25,R028,New_Mangalore,Kochi,78.6908,28.75,40.9192,11.6887,sea_passage,DERIVED_PHYSICS_IMO_GHG2020_SEED42
V036,bulk_carrier,45790,11.0,66.6,297,LNG,1.38,R007,JNPA,Kandla,36.75,27.0,20.2125,5.6963,sea_passage,DERIVED_PHYSICS_IMO_GHG2020_SEED42
V086,tanker,66768,15.4,73.5,411,MGO,3.48,R058,Visakhapatnam,Kamarajar,197.2324,26.69,134.118,31.5818,sea_passage,DERIVED_PHYSICS_IMO_GHG2020_SEED42
V004,bulk_carrier,71338,14.1,94.4,870,HFO,1.94,R004,Kochi,JNPA,342.2212,61.7,177.955,50.8332,river_mouth,DERIVED_PHYSICS_IMO_GHG2020_SEED42
V119,general_cargo,18455,12.4,99.8,406,MGO,0.8,R032,Visakhapatnam,Chennai,45.3293,32.74,30.8239,7.2584,sea_passage,DERIVED_PHYSICS_IMO_GHG2020_SEED42
V116,general_cargo,6658,11.6,68.7,176,HFO,2.16,R056,Mormugao,New_Mangalore,8.656,15.17,4.5011,1.2858,coastal,DERIVED_PHYSICS_IMO_GHG2020_SEED42
V059,container_ship,13324,12.6,92.0,528,LNG,1.41,R010,New_Mangalore,JNPA,38.5402,41.9,21.1971,5.9737,sea_passage,DERIVED_PHYSICS_IMO_GHG2020_SEED42
V106,general_cargo,10004,13.3,92.3,528,HFO,2.05,R010,New_Mangalore,JNPA,50.5448,39.7,26.2833,7.5079,coastal,DERIVED_PHYSICS_IMO_GHG2020_SEED42
V013,bulk_carrier,60013,10.1,74.3,505,HFO,1.8,R020,New_Mangalore,Mumbai,79.3491,50.0,41.2615,11.7864,sea_passage,DERIVED_PHYSICS_IMO_GHG2020_SEED42
V018,bulk_carrier,58420,10.0,70.7,176,LNG,2.29,R056,Mormugao,New_Mangalore,23.5756,17.6,12.9666,3.6542,sea_passage,DERIVED_PHYSICS_IMO_GHG2020_SEED42
V098,tanker,28244,12.5,83.1,396,HFO,2.0,R031,Chennai,Visakhapatnam,62.1025,31.68,32.2933,9.2246,sea_passage,DERIVED_PHYSICS_IMO_GHG2020_SEED42
V052,container_ship,35698,19.1,81.9,538,MGO,1.86,R023,Kochi,Chennai,219.5005,28.17,149.2603,35.1475,sea_passage,DERIVED_PHYSICS_IMO_GHG2020_SEED42
V080,tanker,50271,15.5,64.8,761,HFO,2.44,R049,Tuticorin,Port_Blair,269.3467,49.1,140.0603,40.0085,sea_passage,DERIVED_PHYSICS_IMO_GHG2020_SEED42
V087,tanker,28073,15.8,50.8,370,MGO,0.71,R029,Chennai,Tuticorin,69.1243,23.42,47.0045,11.0685,sea_passage,DERIVED_PHYSICS_IMO_GHG2020_SEED42
V104,tanker,27184,10.8,63.1,169,HFO,2.53,R055,New_Mangalore,Mormugao,20.4509,15.65,10.6345,3.0378,coastal,DERIVED_PHYSICS_IMO_GHG2020_SEED42
V001,bulk_carrier,63697,12.2,62.5,850,LNG,2.84,R014,Kochi,Mumbai,207.6622,69.67,114.2142,32.1876,coastal,DERIVED_PHYSICS_IMO_GHG2020_SEED42
V115,general_cargo,11634,9.5,84.9,406,MGO,2.55,R032,Visakhapatnam,Chennai,22.3832,42.74,15.2206,3.5841,sea_passage,DERIVED_PHYSICS_IMO_GHG2020_SEED42
V039,bulk_carrier,42343,13.6,93.9,282,HFO,2.52,R017,Mumbai,Kandla,76.3781,20.74,39.7166,11.3451,sea_passage,DERIVED_PHYSICS_IMO_GHG2020_SEED42
V146,ferry,1735,11.3,68.2,411,Shore_Power,2.91,R058,Visakhapatnam,Kamarajar,101.0947,36.37,12.1314,0.2984,sea_passage,DERIVED_PHYSICS_IMO_GHG2020_SEED42
V088,tanker,47767,14.7,83.6,282,LNG,2.84,R017,Mumbai,Kandla,73.9335,19.18,40.6634,11.4597,sea_passage,DERIVED_PHYSICS_IMO_GHG2020_SEED42
V121,general_cargo,14844,10.7,89.1,348,MGO,1.2,R027,Kochi,New_Mangalore,26.3336,32.52,17.9069,4.2167,coastal,DERIVED_PHYSICS_IMO_GHG2020_SEED42
V067,container_ship,23507,23.6,75.4,282,HFO,2.8,R017,Mumbai,Kandla,161.0177,11.95,83.7292,23.9174,sea_passage,DERIVED_PHYSICS_IMO_GHG2020_SEED42
V021,bulk_carrier,35729,11.0,95.0,406,MGO,1.04,R032,Visakhapatnam,Chennai,59.4445,36.91,40.4223,9.5186,sea_passage,DERIVED_PHYSICS_IMO_GHG2020_SEED42
V117,general_cargo,9258,11.9,79.7,345,MGO,2.11,R028,New_Mangalore,Kochi,24.2953,28.99,16.5208,3.8903,sea_passage,DERIVED_PHYSICS_IMO_GHG2020_SEED42
V090,tanker,33954,14.6,84.0,189,LNG,3.48,R025,Kochi,Tuticorin,45.0473,12.95,24.776,6.9823,sea_passage,DERIVED_PHYSICS_IMO_GHG2020_SEED42
V068,container_ship,37761,20.3,76.4,692,LNG,1.59,R035,Chennai,Paradip,298.9488,34.09,164.4218,46.3371,river_mouth,DERIVED_PHYSICS_IMO_GHG2020_SEED42
V136,ro_ro,4206,15.4,56.9,505,MGO,2.25,R020,New_Mangalore,Mumbai,28.6818,32.79,19.5036,4.5927,sea_passage,DERIVED_PHYSICS_IMO_GHG2020_SEED42
V061,container_ship,33687,18.2,65.1,1196,LNG,2.31,R006,Chennai,JNPA,366.1748,65.71,201.3962,56.7571,coastal,DERIVED_PHYSICS_IMO_GHG2020_SEED42
V001,bulk_carrier,63697,9.7,90.9,22,LNG,1.28,R002,Mumbai,JNPA,3.2513,2.27,1.7882,0.5039,coastal,DERIVED_PHYSICS_IMO_GHG2020_SEED42
V037,bulk_carrier,41493,13.1,75.0,277,HFO,1.97,R018,Kandla,Mumbai,61.9936,21.15,32.2367,9.2085,river_mouth,DERIVED_PHYSICS_IMO_GHG2020_SEED42
V091,tanker,39649,13.7,98.9,311,HFO,1.35,R040,Paradip,Visakhapatnam,72.382,22.7,37.6386,10.7515,sea_passage,DERIVED_PHYSICS_IMO_GHG2020_SEED42
V033,bulk_carrier,40297,13.0,65.3,538,LNG,2.15,R023,Kochi,Chennai,91.1467,41.38,50.1307,14.1277,sea_passage,DERIVED_PHYSICS_IMO_GHG2020_SEED42
V093,tanker,39701,14.5,55.2,518,MGO,2.59,R009,JNPA,New_Mangalore,130.5179,35.72,88.7522,20.8992,sea_passage,DERIVED_PHYSICS_IMO_GHG2020_SEED42
V062,container_ship,34470,22.6,51.7,313,Methanol,2.47,R039,Visakhapatnam,Paradip,350.819,13.85,122.7867,20.2458,sea_passage,DERIVED_PHYSICS_IMO_GHG2020_SEED42
V058,container_ship,36763,21.9,85.6,313,Methanol,2.99,R039,Visakhapatnam,Paradip,420.8055,14.29,147.2819,24.2847,coastal,DERIVED_PHYSICS_IMO_GHG2020_SEED42
V027,bulk_carrier,59816,10.2,51.1,18,HFO,2.0,R033,Chennai,Kamarajar,2.6356,1.76,1.3705,0.3915,sea_passage,DERIVED_PHYSICS_IMO_GHG2020_SEED42
V038,bulk_carrier,33529,13.3,62.8,505,MGO,2.11,R020,New_Mangalore,Mumbai,96.2457,37.97,65.4471,15.4113,sea_passage,DERIVED_PHYSICS_IMO_GHG2020_SEED42
V138,ro_ro,6679,14.1,75.8,700,LNG,3.27,R036,Paradip,Chennai,53.6474,49.65,29.5061,8.3154,sea_passage,DERIVED_PHYSICS_IMO_GHG2020_SEED42
V139,passenger,2268,16.5,82.5,313,MGO,1.35,R039,Visakhapatnam,Paradip,15.9731,18.97,10.8617,2.5577,river_mouth,DERIVED_PHYSICS_IMO_GHG2020_SEED42
V006,bulk_carrier,66381,12.4,79.0,22,HFO,0.39,R002,Mumbai,JNPA,5.9174,1.77,3.0771,0.879,sea_passage,DERIVED_PHYSICS_IMO_GHG2020_SEED42
V124,general_cargo,16581,14.2,61.4,313,MGO,0.89,R039,Visakhapatnam,Paradip,37.1146,22.04,25.238,5.943,sea_passage,DERIVED_PHYSICS_IMO_GHG2020_SEED42
V013,bulk_carrier,60013,11.7,79.0,870,MGO,1.77,R004,Kochi,JNPA,209.0041,74.36,142.1228,33.4668,coastal,DERIVED_PHYSICS_IMO_GHG2020_SEED42
V075,tanker,55666,10.9,61.9,17,MGO,3.03,R034,Kamarajar,Chennai,3.1978,1.56,2.1745,0.5121,sea_passage,DERIVED_PHYSICS_IMO_GHG2020_SEED42
V103,tanker,67954,11.2,51.9,276,LNG,3.03,R048,Mumbai,Kandla,46.9248,24.64,25.8086,7.2733,sea_passage,DERIVED_PHYSICS_IMO_GHG2020_SEED42
V034,bulk_carrier,62925,11.3,64.0,277,HFO,1.14,R018,Kandla,Mumbai,54.9568,24.51,28.5776,8.1632,sea_passage,DERIVED_PHYSICS_IMO_GHG2020_SEED42
V023,bulk_carrier,58095,13.5,95.5,276,HFO,3.06,R048,Mumbai,Kandla,99.0752,20.44,51.5191,14.7165,river_mouth,DERIVED_PHYSICS_IMO_GHG2020_SEED42
V134,ro_ro,8843,17.5,60.5,22,LNG,0.83,R002,Mumbai,JNPA,2.2225,1.26,1.2224,0.3445,sea_passage,DERIVED_PHYSICS_IMO_GHG2020_SEED42
V146,ferry,1735,14.7,89.2,349,Shore_Power,2.31,R021,Mumbai,Mormugao,152.4274,23.74,18.2913,0.45,sea_passage,DERIVED_PHYSICS_IMO_GHG2020_SEED42
V125,general_cargo,5602,11.2,58.0,24,HFO,2.24,R001,JNPA,Mumbai,0.9646,2.14,0.5016,0.1433,sea_passage,DERIVED_PHYSICS_IMO_GHG2020_SEED42
V052,container_ship,35698,20.9,68.4,521,Methanol,3.38,R060,Kandla,Mormugao,628.2085,24.93,219.873,36.2539,river_mouth,DERIVED_PHYSICS_IMO_GHG2020_SEED42
V008,bulk_carrier,34731,9.7,60.8,282,MGO,3.49,R017,Mumbai,Kandla,35.2863,29.07,23.9947,5.6502,sea_passage,DERIVED_PHYSICS_IMO_GHG2020_SEED42
V137,ro_ro,6851,16.6,89.2,276,HFO,0.8,R048,Mumbai,Kandla,29.7205,16.63,15.4547,4.4147,river_mouth,DERIVED_PHYSICS_IMO_GHG2020_SEED42
V092,tanker,76931,16.7,87.0,518,LNG,2.38,R009,JNPA,New_Mangalore,262.0351,31.02,144.1193,40.6154,sea_passage,DERIVED_PHYSICS_IMO_GHG2020_SEED42
V110,general_cargo,16704,12.9,71.7,411,HFO,2.81,R058,Visakhapatnam,Kamarajar,56.2656,31.86,29.2581,8.3576,coastal,DERIVED_PHYSICS_IMO_GHG2020_SEED42
V073,tanker,47233,13.8,61.4,345,LNG,0.42,R028,New_Mangalore,Kochi,68.3298,25.0,37.5814,10.5911,sea_passage,DERIVED_PHYSICS_IMO_GHG2020_SEED42
V046,container_ship,34898,15.5,61.5,18,MGO,0.43,R033,Chennai,Kamarajar,3.9217,1.16,2.6668,0.628,sea_passage,DERIVED_PHYSICS_IMO_GHG2020_SEED42
V042,bulk_carrier,48674,13.1,98.1,345,LNG,2.25,R028,New_Mangalore,Kochi,72.6923,26.34,39.9808,11.2673,sea_passage,DERIVED_PHYSICS_IMO_GHG2020_SEED42
V055,container_ship,17711,18.5,94.7,290,Methanol,3.11,R008,Kandla,JNPA,183.7664,15.68,64.3182,10.6052,sea_passage,DERIVED_PHYSICS_IMO_GHG2020_SEED42
V100,tanker,35203,15.9,87.8,347,LNG,2.49,R022,Mormugao,Mumbai,90.9353,21.82,50.0144,14.095,sea_passage,DERIVED_PHYSICS_IMO_GHG2020_SEED42
V133,ro_ro,11514,18.4,81.9,538,HFO,2.8,R023,Kochi,Chennai,113.3385,29.24,58.936,16.8352,coastal,DERIVED_PHYSICS_IMO_GHG2020_SEED42
V044,container_ship,41157,14.5,86.9,297,MGO,0.43,R007,JNPA,Kandla,71.9288,20.48,48.9116,11.5176,sea_passage,DERIVED_PHYSICS_IMO_GHG2020_SEED42
V023,bulk_carrier,58095,11.4,65.6,876,LNG,1.27,R003,JNPA,Kochi,139.6095,76.84,76.7852,21.6395,sea_passage,DERIVED_PHYSICS_IMO_GHG2020_SEED42
V114,general_cargo,17380,11.3,70.6,850,HFO,2.55,R014,Kochi,Mumbai,86.1606,75.22,44.8035,12.7982,sea_passage,DERIVED_PHYSICS_IMO_GHG2020_SEED42
V029,bulk_carrier,30900,13.4,82.8,411,HFO,3.28,R058,Visakhapatnam,Kamarajar,94.5679,30.67,49.1753,14.047,sea_passage,DERIVED_PHYSICS_IMO_GHG2020_SEED42
V063,container_ship,12578,20.8,92.5,276,Methanol,2.94,R047,Kandla,Mumbai,178.9635,13.27,62.6372,10.328,sea_passage,DERIVED_PHYSICS_IMO_GHG2020_SEED42
V074,tanker,68994,13.1,56.2,518,MGO,1.69,R009,JNPA,New_Mangalore,142.9156,39.54,97.1826,22.8844,sea_passage,DERIVED_PHYSICS_IMO_GHG2020_SEED42
V108,general_cargo,7216,14.7,73.8,217,MGO,1.25,R043,Paradip,Kolkata_SMPK,15.6102,14.76,10.6149,2.4996,coastal,DERIVED_PHYSICS_IMO_GHG2020_SEED42
V009,bulk_carrier,32714,14.5,95.7,859,MGO,3.35,R013,Mumbai,Kochi,260.2602,59.24,176.9769,41.6742,sea_passage,DERIVED_PHYSICS_IMO_GHG2020_SEED42
V120,general_cargo,16651,12.5,81.7,856,MGO,1.52,R038,Kolkata_SMPK,Chennai,96.2363,68.48,65.4407,15.4098,sea_passage,DERIVED_PHYSICS_IMO_GHG2020_SEED42
V095,tanker,37289,14.4,51.8,529,HFO,3.05,R059,Mormugao,Kandla,141.1378,36.74,73.3916,20.9645,sea_passage,DERIVED_PHYSICS_IMO_GHG2020_SEED42
V074,tanker,68994,12.3,60.9,1179,LNG,0.99,R015,Mumbai,Chennai,231.5264,95.85,127.3395,35.8866,sea_passage,DERIVED_PHYSICS_IMO_GHG2020_SEED42
V102,tanker,47959,13.4,56.5,411,LNG,2.08,R058,Visakhapatnam,Kamarajar,82.8817,30.67,45.585,12.8467,sea_passage,DERIVED_PHYSICS_IMO_GHG2020_SEED42
V089,tanker,35987,14.0,99.6,347,MGO,2.9,R022,Mormugao,Mumbai,97.2658,24.79,66.1408,15.5747,coastal,DERIVED_PHYSICS_IMO_GHG2020_SEED42
V081,tanker,22608,12.3,94.7,419,LNG,1.52,R057,Kamarajar,Visakhapatnam,46.4589,34.07,25.5524,7.2011,coastal,DERIVED_PHYSICS_IMO_GHG2020_SEED42
V022,bulk_carrier,27915,10.6,54.7,491,HFO,2.91,R041,Visakhapatnam,Kolkata_SMPK,53.1809,46.32,27.6541,7.8994,sea_passage,DERIVED_PHYSICS_IMO_GHG2020_SEED42
V132,ro_ro,8727,20.1,62.2,788,MGO,3.39,R052,Port_Blair,Chennai,150.086,39.2,102.0585,24.0325,sea_passage,DERIVED_PHYSICS_IMO_GHG2020_SEED42
V027,bulk_carrier,59816,11.5,88.9,347,HFO,1.69,R022,Mormugao,Mumbai,84.5486,30.17,43.9653,12.5588,sea_passage,DERIVED_PHYSICS_IMO_GHG2020_SEED42
V014,bulk_carrier,44373,12.5,75.1,313,HFO,1.09,R039,Visakhapatnam,Paradip,67.7675,25.04,35.2391,10.0661,coastal,DERIVED_PHYSICS_IMO_GHG2020_SEED42
V030,bulk_carrier,38293,11.6,99.7,286,LNG,3.05,R045,Kandla,JNPA,45.8188,24.66,25.2003,7.1019,coastal,DERIVED_PHYSICS_IMO_GHG2020_SEED42
V107,general_cargo,9058,12.6,57.0,853,HFO,3.2,R037,Chennai,Kolkata_SMPK,72.4086,67.7,37.6525,10.7555,coastal,DERIVED_PHYSICS_IMO_GHG2020_SEED42
V119,general_cargo,18455,9.7,65.4,290,MGO,3.39,R008,Kandla,JNPA,24.2264,29.9,16.474,3.8793,sea_passage,DERIVED_PHYSICS_IMO_GHG2020_SEED42
V140,passenger,1902,18.5,93.9,757,MGO,3.23,R050,Port_Blair,Tuticorin,48.1117,40.92,32.7159,7.7039,sea_passage,DERIVED_PHYSICS_IMO_GHG2020_SEED42
V142,passenger,4149,24.5,96.5,348,Hydrogen,1.98,R027,Kochi,New_Mangalore,20.9978,14.2,67.1929,1.5118,sea_passage,DERIVED_PHYSICS_IMO_GHG2020_SEED42
V146,ferry,1735,13.8,66.7,358,Shore_Power,1.38,R011,JNPA,Mormugao,116.9125,25.94,14.0295,0.3451,coastal,DERIVED_PHYSICS_IMO_GHG2020_SEED42
V097,tanker,25705,12.5,62.5,183,HFO,0.32,R026,Tuticorin,Kochi,23.8034,14.64,12.3778,3.5357,river_mouth,DERIVED_PHYSICS_IMO_GHG2020_SEED42
V125,general_cargo,5602,9.8,98.3,347,MGO,0.39,R022,Mormugao,Mumbai,10.9493,35.41,7.4455,1.7533,coastal,DERIVED_PHYSICS_IMO_GHG2020_SEED42
V029,bulk_carrier,30900,15.3,59.5,229,MGO,2.56,R044,Kolkata_SMPK,Paradip,49.9042,14.97,33.9349,7.9909,sea_passage,DERIVED_PHYSICS_IMO_GHG2020_SEED42
V102,tanker,47959,14.9,78.0,692,MGO,2.62,R035,Chennai,Paradip,241.0386,46.44,163.9062,38.5963,coastal,DERIVED_PHYSICS_IMO_GHG2020_SEED42
V079,tanker,55468,15.3,64.5,542,HFO,0.47,R024,Chennai,Kochi,168.7319,35.42,87.7406,25.0633,sea_passage,DERIVED_PHYSICS_IMO_GHG2020_SEED42
V046,container_ship,34898,21.2,78.1,229,MGO,0.84,R044,Kolkata_SMPK,Paradip,106.3431,10.8,72.3133,17.0282,sea_passage,DERIVED_PHYSICS_IMO_GHG2020_SEED42
V106,general_cargo,10004,13.7,78.4,290,MGO,0.57,R046,JNPA,Kandla,25.9193,21.17,17.6251,4.1503,sea_passage,DERIVED_PHYSICS_IMO_GHG2020_SEED42
V060,container_ship,33073,12.9,60.4,347,HFO,1.05,R022,Mormugao,Mumbai,57.4996,26.9,29.8998,8.5409,coastal,DERIVED_PHYSICS_IMO_GHG2020_SEED42
V129,general_cargo,5817,14.2,51.6,1181,MGO,0.48,R016,Chennai,Mumbai,63.6544,83.17,43.285,10.1927,sea_passage,DERIVED_PHYSICS_IMO_GHG2020_SEED42
V053,container_ship,27197,13.6,79.6,359,HFO,3.49,R012,Mormugao,JNPA,81.4762,26.4,42.3676,12.1024,river_mouth,DERIVED_PHYSICS_IMO_GHG2020_SEED42
V071,tanker,72064,15.4,99.3,491,MGO,2.75,R041,Visakhapatnam,Kolkata_SMPK,280.4255,31.88,190.6893,44.9031,sea_passage,DERIVED_PHYSICS_IMO_GHG2020_SEED42
V064,container_ship,26077,15.7,87.1,22,Methanol,2.31,R002,Mumbai,JNPA,11.914,1.4,4.1699,0.6876,sea_passage,DERIVED_PHYSICS_IMO_GHG2020_SEED42
V131,ro_ro,4651,17.0,70.3,18,LNG,0.93,R033,Chennai,Kamarajar,1.1488,1.06,0.6318,0.1781,sea_passage,DERIVED_PHYSICS_IMO_GHG2020_SEED42
V086,tanker,66768,11.7,62.1,853,MGO,1.31,R037,Chennai,Kolkata_SMPK,174.5592,72.91,118.7002,27.9513,sea_passage,DERIVED_PHYSICS_IMO_GHG2020_SEED42
V150,ferry,884,19.7,65.0,359,Hydrogen,1.22,R012,Mormugao,JNPA,4.4448,18.22,14.2233,0.32,coastal,DERIVED_PHYSICS_IMO_GHG2020_SEED42
V077,tanker,37083,10.7,78.3,859,HFO,1.85,R013,Mumbai,Kochi,120.9406,80.28,62.8891,17.9644,river_mouth,DERIVED_PHYSICS_IMO_GHG2020_SEED42
V075,tanker,55666,14.3,78.1,24,MGO,0.52,R001,JNPA,Mumbai,6.3784,1.68,4.3373,1.0213,river_mouth,DERIVED_PHYSICS_IMO_GHG2020_SEED42
V025,bulk_carrier,26135,9.6,59.5,491,MGO,0.79,R041,Visakhapatnam,Kolkata_SMPK,34.8851,51.15,23.7219,5.586,sea_passage,DERIVED_PHYSICS_IMO_GHG2020_SEED42
V092,tanker,76931,13.7,66.2,276,LNG,1.18,R048,Mumbai,Kandla,75.7285,20.15,41.6507,11.7379,sea_passage,DERIVED_PHYSICS_IMO_GHG2020_SEED42
V004,bulk_carrier,71338,13.9,81.8,876,HFO,2.59,R003,JNPA,Kochi,370.4721,63.02,192.6455,55.0296,sea_passage,DERIVED_PHYSICS_IMO_GHG2020_SEED42
V014,bulk_carrier,44373,9.2,52.5,757,HFO,2.56,R050,Port_Blair,Tuticorin,88.6846,82.28,46.116,13.1731,sea_passage,DERIVED_PHYSICS_IMO_GHG2020_SEED42
V017,bulk_carrier,47945,13.7,98.9,528,MGO,1.81,R010,New_Mangalore,JNPA,143.0726,38.54,97.2893,22.9095,coastal,DERIVED_PHYSICS_IMO_GHG2020_SEED42
V135,ro_ro,7575,18.2,85.4,22,LNG,3.06,R002,Mumbai,JNPA,2.5346,1.21,1.394,0.3929,sea_passage,DERIVED_PHYSICS_IMO_GHG2020_SEED42
V132,ro_ro,8727,16.6,62.1,396,HFO,0.79,R031,Chennai,Visakhapatnam,43.4304,23.86,22.5838,6.4511,sea_passage,DERIVED_PHYSICS_IMO_GHG2020_SEED42
V092,tanker,76931,16.8,65.7,419,HFO,1.67,R057,Kamarajar,Visakhapatnam,224.923,24.94,116.96,33.4098,sea_passage,DERIVED_PHYSICS_IMO_GHG2020_SEED42
V134,ro_ro,8843,19.5,95.4,276,LNG,1.92,R048,Mumbai,Kandla,41.3577,14.15,22.7468,6.4104,coastal,DERIVED_PHYSICS_IMO_GHG2020_SEED42
V025,bulk_carrier,26135,9.3,67.3,529,HFO,0.66,R059,Mormugao,Kandla,40.4233,56.88,21.0201,6.0044,coastal,DERIVED_PHYSICS_IMO_GHG2020_SEED42
V074,tanker,68994,11.5,60.5,507,LNG,1.29,R019,Mumbai,New_Mangalore,93.5464,44.09,51.4505,14.4997,sea_passage,DERIVED_PHYSICS_IMO_GHG2020_SEED42
V027,bulk_carrier,59816,13.2,52.1,859,MGO,0.71,R013,Mumbai,Kochi,182.7249,65.08,124.2529,29.2588,river_mouth,DERIVED_PHYSICS_IMO_GHG2020_SEED42
V009,bulk_carrier,32714,14.0,58.4,276,LNG,2.26,R048,Mumbai,Kandla,50.8543,19.71,27.9699,7.8824,sea_passage,DERIVED_PHYSICS_IMO_GHG2020_SEED42
V060,container_ship,33073,13.6,58.1,229,HFO,3.14,R044,Kolkata_SMPK,Paradip,48.7108,16.84,25.3296,7.2355,sea_passage,DERIVED_PHYSICS_IMO_GHG2020_SEED42
V032,bulk_carrier,70130,10.0,73.8,495,LNG,1.66,R042,Kolkata_SMPK,Visakhapatnam,73.4402,49.5,40.3921,11.3832,sea_passage,DERIVED_PHYSICS_IMO_GHG2020_SEED42
V148,ferry,932,15.2,96.4,850,LNG,2.55,R014,Kochi,Mumbai,19.2715,55.92,10.5994,2.9871,coastal,DERIVED_PHYSICS_IMO_GHG2020_SEED42
V058,container_ship,36763,22.2,50.3,518,MGO,0.53,R009,JNPA,New_Mangalore,256.7859,23.33,174.6144,41.1178,sea_passage,DERIVED_PHYSICS_IMO_GHG2020_SEED42
V114,general_cargo,17380,12.4,81.8,276,HFO,0.5,R048,Mumbai,Kandla,29.5627,22.26,15.3726,4.3912,sea_passage,DERIVED_PHYSICS_IMO_GHG2020_SEED42
V061,container_ship,33687,20.3,66.5,505,Methanol,2.98,R020,New_Mangalore,Mumbai,469.1706,24.88,164.2097,27.0758,sea_passage,DERIVED_PHYSICS_IMO_GHG2020_SEED42
V056,container_ship,38751,15.7,62.1,22,LNG,0.7,R002,Mumbai,JNPA,4.8088,1.4,2.6448,0.7454,coastal,DERIVED_PHYSICS_IMO_GHG2020_SEED42
V147,ferry,2604,14.9,65.1,17,LNG,1.76,R034,Kamarajar,Chennai,0.5909,1.14,0.325,0.0916,sea_passage,DERIVED_PHYSICS_IMO_GHG2020_SEED42
V143,passenger,3504,18.0,61.9,348,Hydrogen,2.13,R027,Kochi,New_Mangalore,9.4663,19.33,30.2921,0.6816,sea_passage,DERIVED_PHYSICS_IMO_GHG2020_SEED42
V105,tanker,59471,14.1,80.8,189,LNG,1.0,R025,Kochi,Tuticorin,49.2089,13.4,27.0649,7.6274,river_mouth,DERIVED_PHYSICS_IMO_GHG2020_SEED42
V011,bulk_carrier,34473,11.5,79.8,358,HFO,2.35,R011,JNPA,Mormugao,56.5508,31.13,29.4064,8.4,sea_passage,DERIVED_PHYSICS_IMO_GHG2020_SEED42
V149,ferry,536,17.1,90.0,396,LNG,0.69,R031,Chennai,Visakhapatnam,6.0942,23.16,3.3518,0.9446,sea_passage,DERIVED_PHYSICS_IMO_GHG2020_SEED42
V128,general_cargo,15648,14.7,82.1,870,HFO,1.49,R004,Kochi,JNPA,133.4157,59.18,69.3762,19.8174,coastal,DERIVED_PHYSICS_IMO_GHG2020_SEED42
V098,tanker,28244,16.1,60.5,761,MGO,3.19,R049,Tuticorin,Port_Blair,199.6151,47.27,135.7383,31.9634,sea_passage,DERIVED_PHYSICS_IMO_GHG2020_SEED42
V047,container_ship,41892,13.2,62.7,311,HFO,2.54,R040,Paradip,Visakhapatnam,76.0561,23.56,39.5492,11.2973,coastal,DERIVED_PHYSICS_IMO_GHG2020_SEED42
V018,bulk_carrier,58420,12.5,92.9,419,LNG,1.66,R057,Kamarajar,Visakhapatnam,90.4832,33.52,49.7658,14.0249,sea_passage,DERIVED_PHYSICS_IMO_GHG2020_SEED42
V025,bulk_carrier,26135,10.1,89.0,528,MGO,0.34,R010,New_Mangalore,JNPA,44.7738,52.28,30.4462,7.1694,sea_passage,DERIVED_PHYSICS_IMO_GHG2020_SEED42
V036,bulk_carrier,45790,11.2,50.5,1181,MGO,0.82,R016,Chennai,Mumbai,154.3992,105.45,104.9914,24.7232,sea_passage,DERIVED_PHYSICS_IMO_GHG2020_SEED42
V011,bulk_carrier,34473,9.2,58.6,528,MGO,3.01,R010,New_Mangalore,JNPA,49.4358,57.39,33.6163,7.9159,sea_passage,DERIVED_PHYSICS_IMO_GHG2020_SEED42
V032,bulk_carrier,70130,10.0,67.4,850,LNG,1.57,R014,Kochi,Mumbai,124.0605,85.0,68.2333,19.2294,coastal,DERIVED_PHYSICS_IMO_GHG2020_SEED42
V108,general_cargo,7216,13.6,56.7,856,HFO,2.4,R038,Kolkata_SMPK,Chennai,65.3454,62.94,33.9796,9.7063,sea_passage,DERIVED_PHYSICS_IMO_GHG2020_SEED42
V032,bulk_carrier,70130,10.5,85.1,491,HFO,0.89,R041,Visakhapatnam,Kolkata_SMPK,92.2701,46.76,47.9804,13.7057,sea_passage,DERIVED_PHYSICS_IMO_GHG2020_SEED42
V029,bulk_carrier,30900,14.1,80.0,495,LNG,2.28,R042,Kolkata_SMPK,Visakhapatnam,87.3156,35.11,48.0236,13.5339,sea_passage,DERIVED_PHYSICS_IMO_GHG2020_SEED42
V099,tanker,55620,12.1,83.9,856,LNG,0.7,R038,Kolkata_SMPK,Chennai,160.4138,70.74,88.2276,24.8641,sea_passage,DERIVED_PHYSICS_IMO_GHG2020_SEED42
V124,general_cargo,16581,15.4,81.5,507,MGO,0.58,R019,Mumbai,New_Mangalore,71.8054,32.92,48.8277,11.4978,sea_passage,DERIVED_PHYSICS_IMO_GHG2020_SEED42
V070,container_ship,16607,16.8,88.8,18,LNG,3.32,R033,Chennai,Kamarajar,3.7244,1.07,2.0484,0.5773,sea_passage,DERIVED_PHYSICS_IMO_GHG2020_SEED42
V118,general_cargo,14985,10.5,91.4,359,HFO,1.22,R012,Mormugao,JNPA,25.418,34.19,13.2174,3.7756,river_mouth,DERIVED_PHYSICS_IMO_GHG2020_SEED42
V060,container_ship,33073,14.1,93.4,276,MGO,2.38,R048,Mumbai,Kandla,71.2296,19.57,48.4361,11.4056,sea_passage,DERIVED_PHYSICS_IMO_GHG2020_SEED42
V077,tanker,37083,11.0,90.3,290,HFO,2.73,R046,JNPA,Kandla,51.8467,26.36,26.9603,7.7013,sea_passage,DERIVED_PHYSICS_IMO_GHG2020_SEED42
V042,bulk_carrier,48674,10.7,63.4,757,MGO,3.49,R050,Port_Blair,Tuticorin,127.6104,70.75,86.7751,20.4336,sea_passage,DERIVED_PHYSICS_IMO_GHG2020_SEED42
V072,tanker,45552,16.1,67.8,189,MGO,3.02,R025,Kochi,Tuticorin,71.0488,11.74,48.3132,11.3767,coastal,DERIVED_PHYSICS_IMO_GHG2020_SEED42
V044,container_ship,41157,15.8,92.6,505,LNG,1.55,R020,New_Mangalore,Mumbai,155.5695,31.96,85.5632,24.1133,sea_passage,DERIVED_PHYSICS_IMO_GHG2020_SEED42
V055,container_ship,17711,18.1,85.9,290,LNG,2.7,R008,Kandla,JNPA,63.5559,16.02,34.9557,9.8512,sea_passage,DERIVED_PHYSICS_IMO_GHG2020_SEED42
V034,bulk_carrier,62925,13.1,93.8,1196,HFO,3.41,R006,Chennai,JNPA,466.1342,91.3,242.3898,69.2391,sea_passage,DERIVED_PHYSICS_IMO_GHG2020_SEED42
V130,general_cargo,15643,12.7,60.7,290,HFO,3.25,R008,Kandla,JNPA,37.9944,22.83,19.7571,5.6437,sea_passage,DERIVED_PHYSICS_IMO_GHG2020_SEED42
V133,ro_ro,11514,17.3,62.0,1190,MGO,0.63,R005,JNPA,Chennai,178.9293,68.79,121.6719,28.651,river_mouth,DERIVED_PHYSICS_IMO_GHG2020_SEED42
V090,tanker,33954,13.4,57.1,495,MGO,2.36,R042,Kolkata_SMPK,Visakhapatnam,91.0365,36.94,61.9048,14.5772,sea_passage,DERIVED_PHYSICS_IMO_GHG2020_SEED42
V082,tanker,54273,12.8,66.1,348,HFO,0.61,R027,Kochi,New_Mangalore,82.9211,27.19,43.119,12.317,sea_passage,DERIVED_PHYSICS_IMO_GHG2020_SEED42
V087,tanker,28073,12.1,57.2,169,HFO,2.04,R055,New_Mangalore,Mormugao,24.0351,13.97,12.4983,3.5701,coastal,DERIVED_PHYSICS_IMO_GHG2020_SEED42
V082,tanker,54273,13.9,91.7,189,MGO,2.45,R025,Kochi,Tuticorin,62.6587,13.6,42.6079,10.0332,sea_passage,DERIVED_PHYSICS_IMO_GHG2020_SEED42
V028,bulk_carrier,56514,10.7,66.0,1190,MGO,1.56,R005,JNPA,Chennai,184.7941,111.21,125.66,29.5902,sea_passage,DERIVED_PHYSICS_IMO_GHG2020_SEED42
V118,general_cargo,14985,15.3,80.9,700,MGO,0.97,R036,Paradip,Chennai,107.2758,45.75,72.9475,17.1775,sea_passage,DERIVED_PHYSICS_IMO_GHG2020_SEED42
V104,tanker,27184,9.7,71.6,797,MGO,1.07,R051,Chennai,Port_Blair,63.7812,82.16,43.3712,10.213,sea_passage,DERIVED_PHYSICS_IMO_GHG2020_SEED42
V061,container_ship,33687,14.7,96.5,183,HFO,0.44,R026,Tuticorin,Kochi,47.0149,12.45,24.4477,6.9835,sea_passage,DERIVED_PHYSICS_IMO_GHG2020_SEED42
V082,tanker,54273,14.8,91.6,521,LNG,2.2,R060,Kandla,Mormugao,157.948,35.2,86.8714,24.4819,sea_passage,DERIVED_PHYSICS_IMO_GHG2020_SEED42
V064,container_ship,26077,19.1,81.6,406,MGO,3.4,R032,Visakhapatnam,Chennai,143.9621,21.26,97.8942,23.0519,sea_passage,DERIVED_PHYSICS_IMO_GHG2020_SEED42
V025,bulk_carrier,26135,9.1,56.7,176,MGO,2.61,R056,Mormugao,New_Mangalore,14.227,19.34,9.6744,2.2781,sea_passage,DERIVED_PHYSICS_IMO_GHG2020_SEED42
V071,tanker,72064,12.7,69.3,290,MGO,3.49,R046,JNPA,Kandla,93.9251,22.83,63.869,15.0398,sea_passage,DERIVED_PHYSICS_IMO_GHG2020_SEED42
V006,bulk_carrier,66381,11.9,52.4,507,HFO,2.39,R019,Mumbai,New_Mangalore,120.1015,42.61,62.4528,17.8398,sea_passage,DERIVED_PHYSICS_IMO_GHG2020_SEED42
V129,general_cargo,5817,14.7,91.3,538,HFO,2.14,R023,Kochi,Chennai,44.4718,36.6,23.1253,6.6058,river_mouth,DERIVED_PHYSICS_IMO_GHG2020_SEED42
V045,container_ship,12017,20.4,97.6,1190,MGO,0.53,R005,JNPA,Chennai,247.7156,58.33,168.4466,39.6655,sea_passage,DERIVED_PHYSICS_IMO_GHG2020_SEED42
V127,general_cargo,7328,14.1,58.9,1190,MGO,3.42,R005,JNPA,Chennai,109.5767,84.4,74.5122,17.546,sea_passage,DERIVED_PHYSICS_IMO_GHG2020_SEED42
V040,bulk_carrier,49115,14.0,83.4,18,LNG,0.31,R033,Chennai,Kamarajar,3.9524,1.29,2.1738,0.6126,sea_passage,DERIVED_PHYSICS_IMO_GHG2020_SEED42
V022,bulk_carrier,27915,13.0,95.3,313,HFO,2.72,R039,Visakhapatnam,Paradip,61.2214,24.08,31.8351,9.0938,sea_passage,DERIVED_PHYSICS_IMO_GHG2020_SEED42
V080,tanker,50271,15.6,66.2,169,LNG,2.57,R055,New_Mangalore,Mormugao,54.1744,10.83,29.7959,8.397,sea_passage,DERIVED_PHYSICS_IMO_GHG2020_SEED42
V117,general_cargo,9258,14.4,75.9,797,MGO,2.35,R051,Chennai,Port_Blair,82.2422,55.35,55.9247,13.169,coastal,DERIVED_PHYSICS_IMO_GHG2020_SEED42
V108,general_cargo,7216,14.6,78.7,189,MGO,1.69,R025,Kochi,Tuticorin,16.0771,12.95,10.9324,2.5743,sea_passage,DERIVED_PHYSICS_IMO_GHG2020_SEED42
V134,ro_ro,8843,16.7,93.0,370,LNG,2.9,R029,Chennai,Tuticorin,45.9901,22.16,25.2946,7.1285,coastal,DERIVED_PHYSICS_IMO_GHG2020_SEED42
V125,general_cargo,5602,12.0,57.1,396,MGO,2.67,R031,Chennai,Visakhapatnam,18.557,33.0,12.6187,2.9714,sea_passage,DERIVED_PHYSICS_IMO_GHG2020_SEED42
V080,tanker,50271,13.9,81.9,856,LNG,2.18,R038,Kolkata_SMPK,Chennai,218.8504,61.58,120.3677,33.9218,sea_passage,DERIVED_PHYSICS_IMO_GHG2020_SEED42
V020,bulk_carrier,40197,10.3,93.0,359,MGO,1.46,R012,Mormugao,JNPA,47.7917,34.85,32.4983,7.6526,sea_passage,DERIVED_PHYSICS_IMO_GHG2020_SEED42
V137,ro_ro,6851,17.0,69.9,876,HFO,2.59,R003,JNPA,Kochi,110.5583,51.53,57.4903,16.4222,coastal,DERIVED_PHYSICS_IMO_GHG2020_SEED42
V065,container_ship,18598,23.4,62.1,406,HFO,0.36,R032,Visakhapatnam,Chennai,162.3527,17.35,84.4234,24.1157,sea_passage,DERIVED_PHYSICS_IMO_GHG2020_SEED42
V136,ro_ro,4206,13.4,84.7,491,HFO,1.2,R041,Visakhapatnam,Kolkata_SMPK,25.8422,36.64,13.4379,3.8386,sea_passage,DERIVED_PHYSICS_IMO_GHG2020_SEED42
V072,tanker,45552,15.0,63.5,521,MGO,2.61,R060,Kandla,Mormugao,148.5291,34.73,100.9998,23.7832,sea_passage,DERIVED_PHYSICS_IMO_GHG2020_SEED42
V014,bulk_carrier,44373,9.9,66.6,348,LNG,3.11,R027,Kochi,New_Mangalore,39.1463,35.15,21.5305,6.0677,river_mouth,DERIVED_PHYSICS_IMO_GHG2020_SEED42
V070,container_ship,16607,14.9,68.1,1181,MGO,2.24,R016,Chennai,Mumbai,165.7576,79.26,112.7152,26.5419,sea_passage,DERIVED_PHYSICS_IMO_GHG2020_SEED42
V091,tanker,39649,13.3,64.6,176,LNG,2.36,R056,Mormugao,New_Mangalore,31.4798,13.23,17.3139,4.8794,sea_passage,DERIVED_PHYSICS_IMO_GHG2020_SEED42
V073,tanker,47233,13.9,51.9,538,HFO,3.18,R023,Kochi,Chennai,159.7078,38.71,83.0481,23.7228,sea_passage,DERIVED_PHYSICS_IMO_GHG2020_SEED42
V037,bulk_carrier,41493,12.4,52.2,358,MGO,0.31,R011,JNPA,Mormugao,54.5415,28.87,37.0882,8.7335,sea_passage,DERIVED_PHYSICS_IMO_GHG2020_SEED42
V054,container_ship,21825,15.4,74.1,17,Methanol,2.47,R034,Kamarajar,Chennai,7.63,1.1,2.6705,0.4403,sea_passage,DERIVED_PHYSICS_IMO_GHG2020_SEED42
V147,ferry,2604,15.1,67.3,358,Shore_Power,1.34,R011,JNPA,Mormugao,179.9398,23.71,21.5928,0.5312,river_mouth,DERIVED_PHYSICS_IMO_GHG2020_SEED42
V122,general_cargo,14088,11.9,82.3,700,HFO,0.43,R036,Paradip,Chennai,60.4383,58.82,31.4279,8.9774,coastal,DERIVED_PHYSICS_IMO_GHG2020_SEED42
V074,tanker,68994,12.6,61.5,277,LNG,3.45,R018,Kandla,Mumbai,76.3642,21.98,42.0003,11.8364,river_mouth,DERIVED_PHYSICS_IMO_GHG2020_SEED42
V048,container_ship,21724,17.1,70.3,853,LNG,1.37,R037,Chennai,Kolkata_SMPK,162.9885,49.88,89.6437,25.2632,coastal,DERIVED_PHYSICS_IMO_GHG2020_SEED42
V141,passenger,3808,17.3,58.8,518,LNG,0.46,R009,JNPA,New_Mangalore,26.8171,29.94,14.7494,4.1567,sea_passage,DERIVED_PHYSICS_IMO_GHG2020_SEED42
V139,passenger,2268,13.6,67.7,396,LNG,0.55,R031,Chennai,Visakhapatnam,10.2935,29.12,5.6614,1.5955,sea_passage,DERIVED_PHYSICS_IMO_GHG2020_SEED42
V067,container_ship,23507,22.3,78.3,297,LNG,1.82,R007,JNPA,Kandla,105.2775,13.32,57.9026,16.318,sea_passage,DERIVED_PHYSICS_IMO_GHG2020_SEED42
V122,general_cargo,14088,10.7,95.4,217,MGO,1.48,R043,Paradip,Kolkata_SMPK,14.73,20.28,10.0164,2.3586,sea_passage,DERIVED_PHYSICS_IMO_GHG2020_SEED42
V048,container_ship,21724,18.8,68.7,290,MGO,0.5,R008,Kandla,JNPA,69.5474,15.43,47.2922,11.1363,sea_passage,DERIVED_PHYSICS_IMO_GHG2020_SEED42
V030,bulk_carrier,38293,15.9,66.7,349,LNG,3.37,R021,Mumbai,Mormugao,106.5706,21.95,58.6138,16.5184,coastal,DERIVED_PHYSICS_IMO_GHG2020_SEED42
V075,tanker,55666,10.7,78.4,528,LNG,0.43,R010,New_Mangalore,JNPA,65.6214,49.35,36.0918,10.1713,sea_passage,DERIVED_PHYSICS_IMO_GHG2020_SEED42
V116,general_cargo,6658,15.0,91.6,348,MGO,1.12,R027,Kochi,New_Mangalore,26.0726,23.2,17.7293,4.1749,sea_passage,DERIVED_PHYSICS_IMO_GHG2020_SEED42
V079,tanker,55468,11.3,79.3,348,HFO,1.89,R027,Kochi,New_Mangalore,72.2304,30.8,37.5598,10.729,sea_passage,DERIVED_PHYSICS_IMO_GHG2020_SEED42
V023,bulk_carrier,58095,12.8,90.9,692,HFO,0.52,R035,Chennai,Paradip,195.4543,54.06,101.6362,29.0326,sea_passage,DERIVED_PHYSICS_IMO_GHG2020_SEED42
V077,tanker,37083,9.8,96.2,788,LNG,1.83,R052,Port_Blair,Chennai,81.6761,80.41,44.9219,12.6598,coastal,DERIVED_PHYSICS_IMO_GHG2020_SEED42
V056,container_ship,38751,17.1,86.4,169,MGO,2.95,R055,New_Mangalore,Mormugao,73.32,9.88,49.8576,11.7404,coastal,DERIVED_PHYSICS_IMO_GHG2020_SEED42
V014,bulk_carrier,44373,13.2,68.5,495,MGO,0.47,R042,Kolkata_SMPK,Visakhapatnam,100.3188,37.5,68.2168,16.0636,coastal,DERIVED_PHYSICS_IMO_GHG2020_SEED42
V068,container_ship,37761,17.2,88.2,290,MGO,0.41,R046,JNPA,Kandla,99.7415,16.86,67.8242,15.9711,sea_passage,DERIVED_PHYSICS_IMO_GHG2020_SEED42
V098,tanker,28244,15.8,98.1,788,MGO,2.41,R052,Port_Blair,Chennai,210.5469,49.87,143.1719,33.7138,sea_passage,DERIVED_PHYSICS_IMO_GHG2020_SEED42
V115,general_cargo,11634,13.5,83.6,217,HFO,2.87,R043,Paradip,Kolkata_SMPK,24.6656,16.07,12.8261,3.6638,coastal,DERIVED_PHYSICS_IMO_GHG2020_SEED42
V013,bulk_carrier,60013,12.7,94.1,176,MGO,3.18,R056,Mormugao,New_Mangalore,57.696,13.86,39.2333,9.2386,coastal,DERIVED_PHYSICS_IMO_GHG2020_SEED42
V137,ro_ro,6851,14.5,73.9,183,HFO,2.48,R026,Tuticorin,Kochi,17.6611,12.62,9.1838,2.6234,sea_passage,DERIVED_PHYSICS_IMO_GHG2020_SEED42
V088,tanker,47767,13.5,79.1,364,LNG,1.99,R030,Tuticorin,Chennai,72.2917,26.96,39.7604,11.2052,sea_passage,DERIVED_PHYSICS_IMO_GHG2020_SEED42
V048,container_ship,21724,16.4,76.9,349,LNG,2.62,R021,Mumbai,Mormugao,73.5883,21.28,40.4735,11.4062,sea_passage,DERIVED_PHYSICS_IMO_GHG2020_SEED42
V065,container_ship,18598,23.5,80.9,345,HFO,2.82,R028,New_Mangalore,Kochi,174.2002,14.68,90.5841,25.8755,sea_passage,DERIVED_PHYSICS_IMO_GHG2020_SEED42
V105,tanker,59471,11.5,81.9,22,LNG,3.23,R002,Mumbai,JNPA,4.8738,1.91,2.6806,0.7554,sea_passage,DERIVED_PHYSICS_IMO_GHG2020_SEED42
V014,bulk_carrier,44373,12.7,70.1,1196,LNG,3.46,R006,Chennai,JNPA,234.7526,94.17,129.1139,36.3867,coastal,DERIVED_PHYSICS_IMO_GHG2020_SEED42
V007,bulk_carrier,42726,16.4,52.0,692,LNG,2.78,R035,Chennai,Paradip,200.8849,42.2,110.4867,31.1372,coastal,DERIVED_PHYSICS_IMO_GHG2020_SEED42
V041,bulk_carrier,49332,13.9,89.0,761,LNG,2.84,R049,Tuticorin,Port_Blair,198.0363,54.75,108.92,30.6956,sea_passage,DERIVED_PHYSICS_IMO_GHG2020_SEED42
V028,bulk_carrier,56514,9.9,91.5,521,LNG,2.37,R060,Kandla,Mormugao,78.4896,52.63,43.1693,12.1659,sea_passage,DERIVED_PHYSICS_IMO_GHG2020_SEED42
V083,tanker,42416,13.0,99.8,850,LNG,3.06,R014,Kochi,Mumbai,196.5438,65.38,108.0991,30.4643,coastal,DERIVED_PHYSICS_IMO_GHG2020_SEED42
V018,bulk_carrier,58420,10.5,55.1,347,MGO,2.32,R022,Mormugao,Mumbai,61.9747,33.05,42.1428,9.9237,sea_passage,DERIVED_PHYSICS_IMO_GHG2020_SEED42
V099,tanker,55620,14.3,53.1,169,HFO,1.66,R055,New_Mangalore,Mormugao,51.7499,11.82,26.91,7.6869,river_mouth,DERIVED_PHYSICS_IMO_GHG2020_SEED42
V043,container_ship,27264,15.8,58.4,1181,HFO,0.32,R016,Chennai,Mumbai,267.6415,74.75,139.1736,39.7552,coastal,DERIVED_PHYSICS_IMO_GHG2020_SEED42
V118,general_cargo,14985,11.2,96.7,419,HFO,2.82,R053,Kochi,Mormugao,39.5581,37.41,20.5702,5.8759,sea_passage,DERIVED_PHYSICS_IMO_GHG2020_SEED42
V004,bulk_carrier,71338,14.6,84.6,876,MGO,3.33,R003,JNPA,Kochi,413.368,60.0,281.0903,66.1906,coastal,DERIVED_PHYSICS_IMO_GHG2020_SEED42
V136,ro_ro,4206,14.5,87.5,217,HFO,2.58,R043,Paradip,Kolkata_SMPK,14.8284,14.97,7.7108,2.2026,sea_passage,DERIVED_PHYSICS_IMO_GHG2020_SEED42
V039,bulk_carrier,42343,14.0,56.3,183,HFO,1.34,R026,Tuticorin,Kochi,41.656,13.07,21.6611,6.1875,sea_passage,DERIVED_PHYSICS_IMO_GHG2020_SEED42
V137,ro_ro,6851,14.2,76.8,24,HFO,2.52,R001,JNPA,Mumbai,2.1396,1.69,1.1126,0.3178,sea_passage,DERIVED_PHYSICS_IMO_GHG2020_SEED42
V041,bulk_carrier,49332,11.4,91.7,761,LNG,2.85,R049,Tuticorin,Port_Blair,142.4141,66.75,78.3278,22.0742,sea_passage,DERIVED_PHYSICS_IMO_GHG2020_SEED42
V144,passenger,4545,25.0,68.9,406,LNG,0.56,R032,Visakhapatnam,Chennai,56.8042,16.24,31.2423,8.8047,sea_passage,DERIVED_PHYSICS_IMO_GHG2020_SEED42
V115,general_cargo,11634,10.6,96.4,1179,MGO,3.5,R015,Mumbai,Chennai,92.117,111.23,62.6396,14.7502,river_mouth,DERIVED_PHYSICS_IMO_GHG2020_SEED42
V105,tanker,59471,12.9,97.7,797,MGO,2.58,R051,Chennai,Port_Blair,251.8585,61.78,171.2638,40.3288,sea_passage,DERIVED_PHYSICS_IMO_GHG2020_SEED42
V112,general_cargo,17758,11.4,95.6,518,MGO,0.99,R009,JNPA,New_Mangalore,46.9352,45.44,31.9159,7.5155,sea_passage,DERIVED_PHYSICS_IMO_GHG2020_SEED42
V082,tanker,54273,12.3,96.8,358,MGO,1.64,R011,JNPA,Mormugao,84.7194,29.11,57.6092,13.5657,sea_passage,DERIVED_PHYSICS_IMO_GHG2020_SEED42
V054,container_ship,21825,14.8,58.0,1179,MGO,1.17,R015,Mumbai,Chennai,169.7443,79.66,115.4261,27.1803,coastal,DERIVED_PHYSICS_IMO_GHG2020_SEED42
V051,container_ship,9661,19.9,91.0,528,Methanol,0.66,R010,New_Mangalore,JNPA,210.4,26.53,73.64,12.1422,coastal,DERIVED_PHYSICS_IMO_GHG2020_SEED42
V120,general_cargo,16651,12.6,54.6,859,HFO,1.02,R013,Mumbai,Kochi,86.5167,68.17,44.9887,12.8511,sea_passage,DERIVED_PHYSICS_IMO_GHG2020_SEED42
V028,bulk_carrier,56514,12.3,75.4,311,MGO,0.8,R040,Paradip,Visakhapatnam,64.2338,25.28,43.679,10.2854,sea_passage,DERIVED_PHYSICS_IMO_GHG2020_SEED42
V109,general_cargo,10749,12.4,89.6,290,HFO,3.15,R008,Kandla,JNPA,31.796,23.39,16.5339,4.7229,coastal,DERIVED_PHYSICS_IMO_GHG2020_SEED42
V125,general_cargo,5602,11.7,99.1,1181,MGO,1.09,R016,Chennai,Mumbai,52.8812,100.94,35.9592,8.4676,coastal,DERIVED_PHYSICS_IMO_GHG2020_SEED42
V088,tanker,47767,12.6,67.3,277,LNG,0.48,R018,Kandla,Mumbai,44.2419,21.98,24.333,6.8575,sea_passage,DERIVED_PHYSICS_IMO_GHG2020_SEED42
V015,bulk_carrier,31987,13.3,64.1,229,LNG,2.91,R044,Kolkata_SMPK,Paradip,39.1141,17.22,21.5128,6.0627,sea_passage,DERIVED_PHYSICS_IMO_GHG2020_SEED42
V112,general_cargo,17758,14.7,59.3,24,HFO,1.21,R001,JNPA,Mumbai,3.2207,1.63,1.6747,0.4784,sea_passage,DERIVED_PHYSICS_IMO_GHG2020_SEED42
V003,bulk_carrier,64303,13.0,70.2,419,HFO,2.41,R053,Kochi,Mormugao,130.3694,32.23,67.7921,19.3649,sea_passage,DERIVED_PHYSICS_IMO_GHG2020_SEED42
V144,passenger,4545,23.4,83.8,422,MGO,1.24,R054,Mormugao,Kochi,64.2111,18.03,43.6635,10.2818,coastal,DERIVED_PHYSICS_IMO_GHG2020_SEED42
V121,general_cargo,14844,10.4,81.0,349,HFO,2.64,R021,Mumbai,Mormugao,28.1538,33.56,14.64,4.1819,coastal,DERIVED_PHYSICS_IMO_GHG2020_SEED42
V071,tanker,72064,13.4,96.8,528,MGO,3.36,R010,New_Mangalore,JNPA,220.1375,39.4,149.6935,35.2495,sea_passage,DERIVED_PHYSICS_IMO_GHG2020_SEED42
V099,tanker,55620,14.3,91.1,507,HFO,0.75,R019,Mumbai,New_Mangalore,183.4632,35.45,95.4009,27.2514,river_mouth,DERIVED_PHYSICS_IMO_GHG2020_SEED42
V092,tanker,76931,17.5,50.5,850,MGO,3.41,R014,Kochi,Mumbai,570.1837,48.57,387.7249,91.3007,sea_passage,DERIVED_PHYSICS_IMO_GHG2020_SEED42
V004,bulk_carrier,71338,11.4,65.0,24,MGO,3.23,R001,JNPA,Mumbai,5.8932,2.11,4.0074,0.9437,coastal,DERIVED_PHYSICS_IMO_GHG2020_SEED42
V054,container_ship,21825,15.7,69.6,276,HFO,0.34,R048,Mumbai,Kandla,55.4103,17.58,28.8133,8.2306,sea_passage,DERIVED_PHYSICS_IMO_GHG2020_SEED42
V048,container_ship,21724,17.8,84.9,282,HFO,2.95,R017,Mumbai,Kandla,92.0684,15.84,47.8755,13.6757,sea_passage,DERIVED_PHYSICS_IMO_GHG2020_SEED42
V113,general_cargo,13823,15.1,80.4,282,MGO,1.93,R017,Mumbai,Kandla,39.1767,18.68,26.6402,6.2732,sea_passage,DERIVED_PHYSICS_IMO_GHG2020_SEED42
V019,bulk_carrier,63249,13.4,90.0,692,LNG,3.04,R035,Chennai,Paradip,233.7501,51.64,128.5625,36.2313,sea_passage,DERIVED_PHYSICS_IMO_GHG2020_SEED42
V041,bulk_carrier,49332,11.3,93.9,850,LNG,2.31,R014,Kochi,Mumbai,143.0228,75.22,78.6625,22.1685,sea_passage,DERIVED_PHYSICS_IMO_GHG2020_SEED42
V133,ro_ro,11514,17.8,88.1,850,HFO,1.51,R014,Kochi,Mumbai,156.8651,47.75,81.5698,23.3006,coastal,DERIVED_PHYSICS_IMO_GHG2020_SEED42
V077,tanker,37083,13.3,72.5,853,MGO,2.05,R037,Chennai,Kolkata_SMPK,188.8362,64.14,128.4086,30.2374,sea_passage,DERIVED_PHYSICS_IMO_GHG2020_SEED42
V148,ferry,932,12.8,92.3,276,Shore_Power,1.46,R047,Kandla,Mumbai,55.4561,21.56,6.6547,0.1637,sea_passage,DERIVED_PHYSICS_IMO_GHG2020_SEED42
V113,general_cargo,13823,10.7,68.1,528,HFO,0.81,R010,New_Mangalore,JNPA,34.9813,49.35,18.1903,5.1961,river_mouth,DERIVED_PHYSICS_IMO_GHG2020_SEED42
V070,container_ship,16607,19.6,93.1,411,HFO,2.79,R058,Visakhapatnam,Kamarajar,125.0146,20.97,65.0076,18.5695,coastal,DERIVED_PHYSICS_IMO_GHG2020_SEED42
V121,general_cargo,14844,10.2,53.5,529,MGO,2.56,R059,Mormugao,Kandla,35.7327,51.86,24.2983,5.7217,sea_passage,DERIVED_PHYSICS_IMO_GHG2020_SEED42
V076,tanker,28632,12.0,86.8,1190,LNG,3.4,R005,JNPA,Chennai,171.5577,99.17,94.3568,26.5914,river_mouth,DERIVED_PHYSICS_IMO_GHG2020_SEED42
V135,ro_ro,7575,18.2,87.2,1190,LNG,3.35,R005,JNPA,Chennai,170.1083,65.38,93.5595,26.3668,sea_passage,DERIVED_PHYSICS_IMO_GHG2020_SEED42
V143,passenger,3504,18.2,66.2,347,MGO,0.56,R022,Mormugao,Mumbai,23.9914,19.07,16.3141,3.8416,coastal,DERIVED_PHYSICS_IMO_GHG2020_SEED42
V010,bulk_carrier,41291,13.9,98.8,183,LNG,0.96,R026,Tuticorin,Kochi,36.3594,13.17,19.9977,5.6357,sea_passage,DERIVED_PHYSICS_IMO_GHG2020_SEED42
V073,tanker,47233,12.6,68.1,370,MGO,3.32,R029,Chennai,Tuticorin,90.4522,29.37,61.5075,14.4837,coastal,DERIVED_PHYSICS_IMO_GHG2020_SEED42
V055,container_ship,17711,23.8,86.8,529,HFO,0.99,R059,Mormugao,Kandla,216.9936,22.23,112.8367,32.232,river_mouth,DERIVED_PHYSICS_IMO_GHG2020_SEED42
V086,tanker,66768,11.6,98.9,282,HFO,2.79,R017,Mumbai,Kandla,93.9324,24.31,48.8448,13.9526,sea_passage,DERIVED_PHYSICS_IMO_GHG2020_SEED42
V145,passenger,3081,22.6,92.0,859,MGO,1.35,R013,Mumbai,Kochi,102.2114,38.01,69.5038,16.3666,sea_passage,DERIVED_PHYSICS_IMO_GHG2020_SEED42
V084,tanker,23117,13.4,93.2,277,LNG,1.21,R018,Kandla,Mumbai,36.9291,20.67,20.311,5.724,river_mouth,DERIVED_PHYSICS_IMO_GHG2020_SEED42
V058,container_ship,36763,24.7,84.3,700,LNG,3.27,R036,Paradip,Chennai,498.4512,28.34,274.1482,77.2599,sea_passage,DERIVED_PHYSICS_IMO_GHG2020_SEED42
V017,bulk_carrier,47945,12.4,89.6,1190,LNG,3.0,R005,JNPA,Chennai,254.2059,95.97,139.8133,39.4019,sea_passage,DERIVED_PHYSICS_IMO_GHG2020_SEED42
V073,tanker,47233,14.7,79.5,311,HFO,1.25,R040,Paradip,Visakhapatnam,92.612,21.16,48.1582,13.7565,sea_passage,DERIVED_PHYSICS_IMO_GHG2020_SEED42
V026,bulk_carrier,33063,12.0,75.3,348,LNG,1.79,R027,Kochi,New_Mangalore,45.5939,29.0,25.0766,7.067,sea_passage,DERIVED_PHYSICS_IMO_GHG2020_SEED42
V133,ro_ro,11514,12.8,68.6,297,MGO,3.13,R007,JNPA,Kandla,28.3879,23.2,19.3038,4.5456,sea_passage,DERIVED_PHYSICS_IMO_GHG2020_SEED42
V067,container_ship,23507,21.6,74.1,183,Methanol,2.53,R026,Tuticorin,Kochi,154.1795,8.47,53.9628,8.8977,sea_passage,DERIVED_PHYSICS_IMO_GHG2020_SEED42
V138,ro_ro,6679,15.2,75.6,505,MGO,2.1,R020,New_Mangalore,Mumbai,44.7352,33.22,30.4199,7.1632,sea_passage,DERIVED_PHYSICS_IMO_GHG2020_SEED42
V090,tanker,33954,13.9,83.2,277,MGO,1.36,R018,Kandla,Mumbai,53.4501,19.93,36.3461,8.5587,coastal,DERIVED_PHYSICS_IMO_GHG2020_SEED42
V127,general_cargo,7328,13.2,99.5,297,HFO,2.96,R007,JNPA,Kandla,26.5929,22.5,13.8283,3.9501,sea_passage,DERIVED_PHYSICS_IMO_GHG2020_SEED42
V148,ferry,932,15.3,97.0,217,MGO,1.87,R043,Paradip,Kolkata_SMPK,5.1047,14.18,3.4712,0.8174,sea_passage,DERIVED_PHYSICS_IMO_GHG2020_SEED42
V120,general_cargo,16651,12.5,67.9,189,MGO,0.39,R025,Kochi,Tuticorin,16.6411,15.12,11.3159,2.6646,sea_passage,DERIVED_PHYSICS_IMO_GHG2020_SEED42
V121,general_cargo,14844,10.1,56.7,276,MGO,1.82,R048,Mumbai,Kandla,16.5623,27.33,11.2624,2.652,sea_passage,DERIVED_PHYSICS_IMO_GHG2020_SEED42
V150,ferry,884,17.8,57.9,311,MGO,0.8,R040,Paradip,Visakhapatnam,7.6296,17.47,5.1881,1.2217,sea_passage,DERIVED_PHYSICS_IMO_GHG2020_SEED42
V119,general_cargo,18455,10.3,68.3,183,MGO,2.04,R026,Tuticorin,Kochi,16.0614,17.77,10.9217,2.5718,sea_passage,DERIVED_PHYSICS_IMO_GHG2020_SEED42
V097,tanker,25705,14.3,96.0,700,HFO,1.85,R036,Paradip,Chennai,152.4353,48.95,79.2664,22.6426,sea_passage,DERIVED_PHYSICS_IMO_GHG2020_SEED42
V135,ro_ro,7575,18.9,50.0,419,HFO,3.18,R057,Kamarajar,Visakhapatnam,71.97,22.17,37.4244,10.6904,sea_passage,DERIVED_PHYSICS_IMO_GHG2020_SEED42
V062,container_ship,34470,18.8,63.0,422,LNG,0.51,R054,Mormugao,Kochi,126.9982,22.45,69.849,19.6847,sea_passage,DERIVED_PHYSICS_IMO_GHG2020_SEED42
V084,tanker,23117,13.4,63.9,422,MGO,1.37,R054,Mormugao,Kochi,53.6694,31.49,36.4952,8.5938,sea_passage,DERIVED_PHYSICS_IMO_GHG2020_SEED42
V085,tanker,70614,17.1,93.8,311,LNG,1.88,R040,Paradip,Visakhapatnam,155.9911,18.19,85.7951,24.1786,sea_passage,DERIVED_PHYSICS_IMO_GHG2020_SEED42
V025,bulk_carrier,26135,11.6,76.8,528,HFO,0.39,R010,New_Mangalore,JNPA,66.18,45.52,34.4136,9.8303,river_mouth,DERIVED_PHYSICS_IMO_GHG2020_SEED42
V076,tanker,28632,16.1,97.4,757,MGO,1.39,R050,Port_Blair,Tuticorin,194.7407,47.02,132.4237,31.1829,sea_passage,DERIVED_PHYSICS_IMO_GHG2020_SEED42
V008,bulk_carrier,34731,11.1,84.7,364,HFO,0.86,R030,Tuticorin,Chennai,49.7495,32.79,25.8698,7.3897,sea_passage,DERIVED_PHYSICS_IMO_GHG2020_SEED42
V058,container_ship,36763,23.7,100.0,518,Methanol,2.29,R009,JNPA,New_Mangalore,800.3904,21.86,280.1366,46.1905,coastal,DERIVED_PHYSICS_IMO_GHG2020_SEED42
V054,container_ship,21825,16.5,87.9,347,MGO,1.99,R022,Mormugao,Mumbai,79.897,21.03,54.3299,12.7935,sea_passage,DERIVED_PHYSICS_IMO_GHG2020_SEED42
V032,bulk_carrier,70130,11.4,97.1,761,HFO,2.34,R049,Tuticorin,Port_Blair,210.151,66.75,109.2785,31.2156,sea_passage,DERIVED_PHYSICS_IMO_GHG2020_SEED42
V121,general_cargo,14844,9.8,54.7,17,MGO,2.47,R034,Kamarajar,Chennai,0.9724,1.73,0.6612,0.1557,sea_passage,DERIVED_PHYSICS_IMO_GHG2020_SEED42
V027,bulk_carrier,59816,11.9,62.1,761,LNG,3.25,R049,Tuticorin,Port_Blair,171.0886,63.95,94.0987,26.5187,river_mouth,DERIVED_PHYSICS_IMO_GHG2020_SEED42
V068,container_ship,37761,16.0,69.0,396,Methanol,2.53,R031,Chennai,Visakhapatnam,263.447,24.75,92.2065,15.2035,river_mouth,DERIVED_PHYSICS_IMO_GHG2020_SEED42
V026,bulk_carrier,33063,9.9,76.6,859,LNG,2.44,R013,Mumbai,Kochi,82.9829,86.77,45.6406,12.8624,sea_passage,DERIVED_PHYSICS_IMO_GHG2020_SEED42
V021,bulk_carrier,35729,10.9,79.5,788,MGO,2.7,R052,Port_Blair,Chennai,116.3505,72.29,79.1183,18.6306,coastal,DERIVED_PHYSICS_IMO_GHG2020_SEED42
V036,bulk_carrier,45790,8.8,66.8,22,MGO,3.37,R002,Mumbai,JNPA,2.6502,2.5,1.8021,0.4244,sea_passage,DERIVED_PHYSICS_IMO_GHG2020_SEED42
V088,tanker,47767,14.9,58.1,761,LNG,1.26,R049,Tuticorin,Port_Blair,184.0939,51.07,101.2517,28.5346,sea_passage,DERIVED_PHYSICS_IMO_GHG2020_SEED42
V096,tanker,71643,12.0,69.7,529,MGO,1.62,R059,Mormugao,Kandla,137.0173,44.08,93.1717,21.9399,sea_passage,DERIVED_PHYSICS_IMO_GHG2020_SEED42
V096,tanker,71643,14.0,77.4,495,MGO,2.25,R042,Kolkata_SMPK,Visakhapatnam,187.0671,35.36,127.2056,29.9541,coastal,DERIVED_PHYSICS_IMO_GHG2020_SEED42
V131,ro_ro,4651,20.4,55.7,406,LNG,3.32,R032,Visakhapatnam,Chennai,44.1365,19.9,24.2751,6.8412,coastal,DERIVED_PHYSICS_IMO_GHG2020_SEED42
V041,bulk_carrier,49332,12.1,84.4,700,MGO,2.78,R036,Paradip,Chennai,169.9261,57.85,115.5498,27.2094,sea_passage,DERIVED_PHYSICS_IMO_GHG2020_SEED42
V107,general_cargo,9058,13.1,99.6,853,HFO,0.34,R037,Chennai,Kolkata_SMPK,69.11,65.11,35.9372,10.2655,sea_passage,DERIVED_PHYSICS_IMO_GHG2020_SEED42
V059,container_ship,13324,11.4,77.0,22,HFO,2.38,R002,Mumbai,JNPA,1.9279,1.93,1.0025,0.2864,sea_passage,DERIVED_PHYSICS_IMO_GHG2020_SEED42
V050,container_ship,17470,24.6,73.9,419,HFO,2.85,R053,Kochi,Mormugao,210.6447,17.03,109.5353,31.289,coastal,DERIVED_PHYSICS_IMO_GHG2020_SEED42
V089,tanker,35987,10.8,82.8,277,LNG,2.48,R018,Kandla,Mumbai,36.3851,25.65,20.0118,5.6397,coastal,DERIVED_PHYSICS_IMO_GHG2020_SEED42
V024,bulk_carrier,45319,12.4,74.2,290,LNG,3.47,R008,Kandla,JNPA,61.054,23.39,33.5797,9.4634,sea_passage,DERIVED_PHYSICS_IMO_GHG2020_SEED42
V027,bulk_carrier,59816,14.5,58.0,290,LNG,0.91,R008,Kandla,JNPA,75.3153,20.0,41.4234,11.6739,coastal,DERIVED_PHYSICS_IMO_GHG2020_SEED42
V011,bulk_carrier,34473,11.1,99.1,422,HFO,0.42,R054,Mormugao,Kochi,65.3694,38.02,33.9921,9.7099,sea_passage,DERIVED_PHYSICS_IMO_GHG2020_SEED42
V070,container_ship,16607,20.5,77.6,856,MGO,1.09,R038,Kolkata_SMPK,Chennai,235.6567,41.76,160.2466,37.7345,sea_passage,DERIVED_PHYSICS_IMO_GHG2020_SEED42
V026,bulk_carrier,33063,14.2,62.5,290,HFO,3.2,R046,JNPA,Kandla,80.8795,20.42,42.0573,12.0138,river_mouth,DERIVED_PHYSICS_IMO_GHG2020_SEED42
V055,container_ship,17711,17.4,54.3,345,LNG,2.87,R028,New_Mangalore,Kochi,61.3751,19.83,33.7563,9.5131,sea_passage,DERIVED_PHYSICS_IMO_GHG2020_SEED42
V012,bulk_carrier,58490,13.4,95.4,370,LNG,2.76,R029,Chennai,Tuticorin,106.8143,27.61,58.7479,16.5562,sea_passage,DERIVED_PHYSICS_IMO_GHG2020_SEED42
V120,general_cargo,16651,10.5,89.3,359,MGO,2.48,R012,Mormugao,JNPA,30.6052,34.19,20.8116,4.9007,river_mouth,DERIVED_PHYSICS_IMO_GHG2020_SEED42
V041,bulk_carrier,49332,12.1,81.0,290,LNG,1.93,R046,JNPA,Kandla,52.8416,23.97,29.0629,8.1904,sea_passage,DERIVED_PHYSICS_IMO_GHG2020_SEED42
V081,tanker,22608,11.5,84.0,757,HFO,2.11,R050,Port_Blair,Tuticorin,92.6615,65.83,48.184,13.7638,coastal,DERIVED_PHYSICS_IMO_GHG2020_SEED42
V081,tanker,22608,10.0,67.8,529,LNG,2.58,R059,Mormugao,Kandla,38.5811,52.9,21.2196,5.9801,sea_passage,DERIVED_PHYSICS_IMO_GHG2020_SEED42
V123,general_cargo,17741,8.8,99.9,491,HFO,3.27,R041,Visakhapatnam,Kolkata_SMPK,34.4979,55.8,17.9389,5.1243,sea_passage,DERIVED_PHYSICS_IMO_GHG2020_SEED42
V071,tanker,72064,16.1,81.5,507,HFO,3.39,R019,Mumbai,New_Mangalore,314.2476,31.49,163.4087,46.678,sea_passage,DERIVED_PHYSICS_IMO_GHG2020_SEED42
V034,bulk_carrier,62925,15.2,58.8,396,HFO,1.31,R031,Chennai,Visakhapatnam,133.6025,26.05,69.4733,19.8452,river_mouth,DERIVED_PHYSICS_IMO_GHG2020_SEED42
V123,general_cargo,17741,12.0,96.2,1179,MGO,2.46,R015,Mumbai,Chennai,137.7264,98.25,93.6539,22.0534,sea_passage,DERIVED_PHYSICS_IMO_GHG2020_SEED42
V053,container_ship,27197,17.5,80.1,18,LNG,1.85,R033,Chennai,Kamarajar,4.5553,1.03,2.5054,0.7061,coastal,DERIVED_PHYSICS_IMO_GHG2020_SEED42
V034,bulk_carrier,62925,14.7,68.2,521,HFO,3.27,R060,Kandla,Mormugao,232.0844,35.44,120.6839,34.4736,sea_passage,DERIVED_PHYSICS_IMO_GHG2020_SEED42
V128,general_cargo,15648,13.9,54.0,276,HFO,2.6,R047,Kandla,Mumbai,35.394,19.86,18.4049,5.2574,sea_passage,DERIVED_PHYSICS_IMO_GHG2020_SEED42
V035,bulk_carrier,56365,14.5,97.7,1196,HFO,1.73,R006,Chennai,JNPA,431.9187,82.48,224.5977,64.1568,sea_passage,DERIVED_PHYSICS_IMO_GHG2020_SEED42
V105,tanker,59471,12.4,84.3,358,HFO,2.43,R011,JNPA,Mormugao,109.1605,28.87,56.7634,16.2146,sea_passage,DERIVED_PHYSICS_IMO_GHG2020_SEED42
V092,tanker,76931,13.4,68.9,297,MGO,2.94,R007,JNPA,Kandla,112.4369,22.16,76.4571,18.004,sea_passage,DERIVED_PHYSICS_IMO_GHG2020_SEED42
V048,container_ship,21724,19.8,52.0,542,Methanol,0.94,R024,Chennai,Kochi,316.2154,27.37,110.6754,18.2488,sea_passage,DERIVED_PHYSICS_IMO_GHG2020_SEED42
V119,general_cargo,18455,9.8,89.4,24,MGO,0.67,R001,JNPA,Mumbai,1.5149,2.45,1.0302,0.2426,sea_passage,DERIVED_PHYSICS_IMO_GHG2020_SEED42
V047,container_ship,41892,13.7,50.7,700,LNG,1.18,R036,Paradip,Chennai,113.7147,51.09,62.5431,17.6258,sea_passage,DERIVED_PHYSICS_IMO_GHG2020_SEED42
V005,bulk_carrier,47170,10.0,74.8,311,HFO,1.03,R040,Paradip,Visakhapatnam,38.6652,31.1,20.1059,5.7433,sea_passage,DERIVED_PHYSICS_IMO_GHG2020_SEED42
V096,tanker,71643,13.8,85.7,505,LNG,0.99,R020,New_Mangalore,Mumbai,151.6201,36.59,83.391,23.5011,sea_passage,DERIVED_PHYSICS_IMO_GHG2020_SEED42
V095,tanker,37289,15.6,51.5,229,LNG,2.42,R044,Kolkata_SMPK,Paradip,56.6629,14.68,31.1646,8.7828,sea_passage,DERIVED_PHYSICS_IMO_GHG2020_SEED42
V088,tanker,47767,12.0,83.7,364,MGO,2.21,R030,Tuticorin,Chennai,84.4543,30.33,57.4289,13.5232,sea_passage,DERIVED_PHYSICS_IMO_GHG2020_SEED42
V086,tanker,66768,15.6,74.6,276,HFO,2.28,R047,Kandla,Mumbai,133.0658,17.69,69.1942,19.7655,sea_passage,DERIVED_PHYSICS_IMO_GHG2020_SEED42
V122,general_cargo,14088,10.7,76.7,422,MGO,1.91,R054,Mormugao,Kochi,32.0373,39.44,21.7854,5.13,coastal,DERIVED_PHYSICS_IMO_GHG2020_SEED42
V131,ro_ro,4651,17.1,52.7,17,MGO,2.87,R034,Kamarajar,Chennai,1.3824,0.99,0.94,0.2214,sea_passage,DERIVED_PHYSICS_IMO_GHG2020_SEED42
V116,general_cargo,6658,11.2,86.1,853,MGO,1.79,R037,Chennai,Kolkata_SMPK,41.7273,76.16,28.3745,6.6816,sea_passage,DERIVED_PHYSICS_IMO_GHG2020_SEED42
V059,container_ship,13324,13.2,92.0,290,LNG,0.42,R046,JNPA,Kandla,24.6111,21.97,13.5361,3.8147,sea_passage,DERIVED_PHYSICS_IMO_GHG2020_SEED42
V049,container_ship,19734,16.6,78.8,282,LNG,1.51,R017,Mumbai,Kandla,49.7883,16.99,27.3836,7.7172,river_mouth,DERIVED_PHYSICS_IMO_GHG2020_SEED42
V085,tanker,70614,14.2,77.7,1196,MGO,1.78,R006,Chennai,JNPA,456.2665,84.23,310.2612,73.0597,coastal,DERIVED_PHYSICS_IMO_GHG2020_SEED42
V068,container_ship,37761,19.4,97.4,797,MGO,1.8,R051,Chennai,Port_Blair,373.15,41.08,253.742,59.7506,sea_passage,DERIVED_PHYSICS_IMO_GHG2020_SEED42
V074,tanker,68994,14.0,79.0,692,LNG,1.14,R035,Chennai,Paradip,206.7954,49.43,113.7375,32.0533,sea_passage,DERIVED_PHYSICS_IMO_GHG2020_SEED42
V083,tanker,42416,14.6,93.9,358,MGO,2.05,R011,JNPA,Mormugao,104.3819,24.52,70.9797,16.7142,coastal,DERIVED_PHYSICS_IMO_GHG2020_SEED42
V125,general_cargo,5602,9.4,52.7,692,MGO,3.45,R035,Chennai,Paradip,21.209,73.62,14.4222,3.3961,river_mouth,DERIVED_PHYSICS_IMO_GHG2020_SEED42
V024,bulk_carrier,45319,12.2,95.1,276,HFO,0.59,R047,Kandla,Mumbai,59.2861,22.62,30.8287,8.8063,sea_passage,DERIVED_PHYSICS_IMO_GHG2020_SEED42
V087,tanker,28073,15.2,75.9,277,HFO,1.23,R018,Kandla,Mumbai,64.0367,18.22,33.2991,9.5119,sea_passage,DERIVED_PHYSICS_IMO_GHG2020_SEED42
V049,container_ship,19734,21.6,80.0,876,HFO,1.7,R003,JNPA,Kochi,338.7107,40.56,176.1295,50.3117,sea_passage,DERIVED_PHYSICS_IMO_GHG2020_SEED42
V137,ro_ro,6851,20.3,70.8,406,LNG,1.89,R032,Visakhapatnam,Chennai,53.0224,20.0,29.1623,8.2185,river_mouth,DERIVED_PHYSICS_IMO_GHG2020_SEED42
V059,container_ship,13324,11.8,80.4,276,LNG,1.85,R048,Mumbai,Kandla,19.9743,23.39,10.9859,3.096,river_mouth,DERIVED_PHYSICS_IMO_GHG2020_SEED42
V008,bulk_carrier,34731,13.4,93.2,286,LNG,1.91,R045,Kandla,JNPA,55.8513,21.34,30.7182,8.657,sea_passage,DERIVED_PHYSICS_IMO_GHG2020_SEED42
V117,general_cargo,9258,11.9,75.2,876,HFO,0.66,R003,JNPA,Kochi,59.1108,73.61,30.7376,8.7803,coastal,DERIVED_PHYSICS_IMO_GHG2020_SEED42
V001,bulk_carrier,63697,10.4,90.6,297,LNG,1.49,R007,JNPA,Kandla,47.3402,28.56,26.0371,7.3377,river_mouth,DERIVED_PHYSICS_IMO_GHG2020_SEED42
V127,general_cargo,7328,14.7,63.1,396,HFO,1.46,R031,Chennai,Visakhapatnam,35.5981,26.94,18.511,5.2877,coastal,DERIVED_PHYSICS_IMO_GHG2020_SEED42
V118,general_cargo,14985,14.3,87.0,24,MGO,1.04,R001,JNPA,Mumbai,3.0672,1.68,2.0857,0.4911,river_mouth,DERIVED_PHYSICS_IMO_GHG2020_SEED42
V141,passenger,3808,23.6,80.0,411,MGO,3.26,R058,Visakhapatnam,Kamarajar,65.1218,17.42,44.2828,10.4276,sea_passage,DERIVED_PHYSICS_IMO_GHG2020_SEED42
V076,tanker,28632,16.9,65.0,345,MGO,1.71,R028,New_Mangalore,Kochi,79.5329,20.41,54.0824,12.7352,sea_passage,DERIVED_PHYSICS_IMO_GHG2020_SEED42
V027,bulk_carrier,59816,12.9,100.0,297,HFO,0.72,R007,JNPA,Kandla,87.5576,23.02,45.53,13.0057,sea_passage,DERIVED_PHYSICS_IMO_GHG2020_SEED42
V146,ferry,1735,12.6,87.5,217,LNG,2.08,R043,Paradip,Kolkata_SMPK,4.8055,17.22,2.643,0.7449,coastal,DERIVED_PHYSICS_IMO_GHG2020_SEED42
V137,ro_ro,6851,19.4,53.3,348,LNG,2.79,R027,Kochi,New_Mangalore,42.8348,17.94,23.5592,6.6394,sea_passage,DERIVED_PHYSICS_IMO_GHG2020_SEED42
V064,container_ship,26077,19.4,87.5,24,Methanol,0.93,R001,JNPA,Mumbai,16.3863,1.24,5.7352,0.9457,sea_passage,DERIVED_PHYSICS_IMO_GHG2020_SEED42
V070,container_ship,16607,20.3,58.4,850,LNG,2.77,R014,Kochi,Mumbai,205.0822,41.87,112.7952,31.7877,sea_passage,DERIVED_PHYSICS_IMO_GHG2020_SEED42
V067,container_ship,23507,21.1,57.7,1196,MGO,0.92,R006,Chennai,JNPA,403.5351,56.68,274.4038,64.6161,sea_passage,DERIVED_PHYSICS_IMO_GHG2020_SEED42
V123,general_cargo,17741,11.2,52.8,419,HFO,1.45,R053,Kochi,Mormugao,38.3171,37.41,19.9249,5.6916,sea_passage,DERIVED_PHYSICS_IMO_GHG2020_SEED42
V071,tanker,72064,14.7,54.7,491,LNG,3.28,R041,Visakhapatnam,Kolkata_SMPK,168.638,33.4,92.7509,26.1389,sea_passage,DERIVED_PHYSICS_IMO_GHG2020_SEED42
V022,bulk_carrier,27915,10.8,86.3,529,LNG,0.35,R059,Mormugao,Kandla,46.4475,48.98,25.5461,7.1994,sea_passage,DERIVED_PHYSICS_IMO_GHG2020_SEED42
V019,bulk_carrier,63249,13.4,94.5,876,MGO,0.5,R003,JNPA,Kochi,229.9812,65.37,156.3872,36.8257,coastal,DERIVED_PHYSICS_IMO_GHG2020_SEED42
V025,bulk_carrier,26135,9.3,67.5,183,HFO,0.67,R026,Tuticorin,Kochi,13.481,19.68,7.0101,2.0025,sea_passage,DERIVED_PHYSICS_IMO_GHG2020_SEED42
V030,bulk_carrier,38293,13.4,86.2,411,HFO,1.24,R058,Visakhapatnam,Kamarajar,97.2523,30.67,50.5712,14.4458,sea_passage,DERIVED_PHYSICS_IMO_GHG2020_SEED42
V079,tanker,55468,14.0,63.0,419,HFO,3.45,R053,Kochi,Mormugao,147.9886,29.93,76.9541,21.9821,coastal,DERIVED_PHYSICS_IMO_GHG2020_SEED42
V050,container_ship,17470,24.5,76.8,876,MGO,2.64,R003,JNPA,Kochi,423.1088,35.76,287.714,67.7503,sea_passage,DERIVED_PHYSICS_IMO_GHG2020_SEED42
V065,container_ship,18598,20.1,94.7,229,HFO,2.4,R044,Kolkata_SMPK,Paradip,79.3651,11.39,41.2698,11.7888,sea_passage,DERIVED_PHYSICS_IMO_GHG2020_SEED42
V018,bulk_carrier,58420,10.7,58.5,345,LNG,2.59,R028,New_Mangalore,Kochi,52.1823,32.24,28.7002,8.0883,river_mouth,DERIVED_PHYSICS_IMO_GHG2020_SEED42
V061,container_ship,33687,18.0,65.0,169,MGO,0.57,R055,New_Mangalore,Mormugao,49.2647,9.39,33.5,7.8885,sea_passage,DERIVED_PHYSICS_IMO_GHG2020_SEED42
V087,tanker,28073,13.9,77.8,757,MGO,0.99,R050,Port_Blair,Tuticorin,122.0645,54.46,83.0038,19.5456,sea_passage,DERIVED_PHYSICS_IMO_GHG2020_SEED42
V077,tanker,37083,13.2,50.6,692,LNG,1.16,R035,Chennai,Paradip,100.0608,52.42,55.0334,15.5094,sea_passage,DERIVED_PHYSICS_IMO_GHG2020_SEED42
V065,container_ship,18598,24.1,92.2,282,HFO,2.71,R017,Mumbai,Kandla,146.7867,11.7,76.3291,21.8035,sea_passage,DERIVED_PHYSICS_IMO_GHG2020_SEED42
V088,tanker,47767,14.3,71.5,1190,HFO,1.33,R005,JNPA,Chennai,296.2092,83.22,154.0288,43.9986,coastal,DERIVED_PHYSICS_IMO_GHG2020_SEED42
V040,bulk_carrier,49115,13.3,57.5,359,HFO,3.25,R012,Mormugao,JNPA,87.7063,26.99,45.6073,13.0278,river_mouth,DERIVED_PHYSICS_IMO_GHG2020_SEED42
V041,bulk_carrier,49332,14.4,95.7,529,HFO,1.6,R059,Mormugao,Kandla,176.4306,36.74,91.7439,26.2068,sea_passage,DERIVED_PHYSICS_IMO_GHG2020_SEED42
V047,container_ship,41892,13.0,67.8,217,MGO,2.25,R043,Paradip,Kolkata_SMPK,46.975,16.69,31.943,7.5219,sea_passage,DERIVED_PHYSICS_IMO_GHG2020_SEED42
V146,ferry,1735,14.9,61.6,364,MGO,1.99,R030,Tuticorin,Chennai,11.4057,24.43,7.7559,1.8263,sea_passage,DERIVED_PHYSICS_IMO_GHG2020_SEED42
V042,bulk_carrier,48674,13.4,99.9,528,LNG,1.08,R010,New_Mangalore,JNPA,110.9532,39.4,61.0243,17.1978,sea_passage,DERIVED_PHYSICS_IMO_GHG2020_SEED42
V141,passenger,3808,17.9,57.4,870,Hydrogen,1.66,R004,Kochi,JNPA,23.8635,48.6,76.3633,1.7182,coastal,DERIVED_PHYSICS_IMO_GHG2020_SEED42
V020,bulk_carrier,40197,11.7,76.8,505,MGO,1.68,R020,New_Mangalore,Mumbai,78.9986,43.16,53.7191,12.6497,sea_passage,DERIVED_PHYSICS_IMO_GHG2020_SEED42
V007,bulk_carrier,42726,11.4,96.2,528,LNG,0.74,R010,New_Mangalore,JNPA,70.0887,46.32,38.5488,10.8637,sea_passage,DERIVED_PHYSICS_IMO_GHG2020_SEED42
V129,general_cargo,5817,14.3,79.2,853,MGO,0.36,R037,Chennai,Kolkata_SMPK,53.1024,59.65,36.1097,8.503,sea_passage,DERIVED_PHYSICS_IMO_GHG2020_SEED42
V104,tanker,27184,11.0,88.0,1190,HFO,3.03,R005,JNPA,Chennai,179.7225,108.18,93.4557,26.6958,coastal,DERIVED_PHYSICS_IMO_GHG2020_SEED42
V105,tanker,59471,15.0,84.5,183,MGO,1.33,R026,Tuticorin,Kochi,62.1803,12.2,42.2826,9.9566,sea_passage,DERIVED_PHYSICS_IMO_GHG2020_SEED42
V146,ferry,1735,11.7,90.4,345,Shore_Power,2.25,R028,New_Mangalore,Kochi,92.9416,29.49,11.153,0.2744,sea_passage,DERIVED_PHYSICS_IMO_GHG2020_SEED42
V044,container_ship,41157,12.0,89.5,22,MGO,2.04,R002,Mumbai,JNPA,4.0227,1.83,2.7355,0.6441,sea_passage,DERIVED_PHYSICS_IMO_GHG2020_SEED42
V128,general_cargo,15648,15.0,85.0,277,HFO,0.51,R018,Kandla,Mumbai,39.1006,18.47,20.3323,5.808,sea_passage,DERIVED_PHYSICS_IMO_GHG2020_SEED42
V088,tanker,47767,11.4,51.6,359,HFO,2.31,R012,Mormugao,JNPA,57.7569,31.49,30.0336,8.5791,sea_passage,DERIVED_PHYSICS_IMO_GHG2020_SEED42
V035,bulk_carrier,56365,13.8,70.5,491,MGO,0.52,R041,Visakhapatnam,Kolkata_SMPK,125.1256,35.58,85.0854,20.0357,sea_passage,DERIVED_PHYSICS_IMO_GHG2020_SEED42
V136,ro_ro,4206,18.3,90.9,17,LNG,0.55,R034,Kamarajar,Chennai,1.2565,0.93,0.6911,0.1948,sea_passage,DERIVED_PHYSICS_IMO_GHG2020_SEED42
V057,container_ship,30177,18.7,56.4,347,LNG,1.01,R022,Mormugao,Mumbai,85.0181,18.56,46.76,13.1778,sea_passage,DERIVED_PHYSICS_IMO_GHG2020_SEED42
V135,ro_ro,7575,15.9,76.0,347,HFO,1.48,R022,Mormugao,Mumbai,31.6658,21.82,16.4662,4.7036,sea_passage,DERIVED_PHYSICS_IMO_GHG2020_SEED42
V121,general_cargo,14844,8.8,79.3,406,MGO,0.92,R032,Visakhapatnam,Chennai,18.5712,46.14,12.6284,2.9737,sea_passage,DERIVED_PHYSICS_IMO_GHG2020_SEED42
V142,passenger,4149,22.7,98.9,217,Hydrogen,1.88,R043,Paradip,Kolkata_SMPK,11.562,9.56,36.9983,0.8325,coastal,DERIVED_PHYSICS_IMO_GHG2020_SEED42
V131,ro_ro,4651,19.2,92.3,859,LNG,1.59,R013,Mumbai,Kochi,87.3809,44.74,48.0595,13.544,sea_passage,DERIVED_PHYSICS_IMO_GHG2020_SEED42
V052,container_ship,35698,16.6,99.3,859,HFO,0.87,R013,Mumbai,Kochi,276.6512,51.75,143.8586,41.0935,sea_passage,DERIVED_PHYSICS_IMO_GHG2020_SEED42
V007,bulk_carrier,42726,11.7,59.8,290,MGO,1.88,R046,JNPA,Kandla,46.7965,24.79,31.8216,7.4933,coastal,DERIVED_PHYSICS_IMO_GHG2020_SEED42
V033,bulk_carrier,40297,11.6,97.0,290,MGO,1.2,R008,Kandla,JNPA,46.9235,25.0,31.908,7.5136,river_mouth,DERIVED_PHYSICS_IMO_GHG2020_SEED42
V129,general_cargo,5817,11.8,69.8,495,MGO,3.0,R042,Kolkata_SMPK,Visakhapatnam,26.9461,41.95,18.3233,4.3147,sea_passage,DERIVED_PHYSICS_IMO_GHG2020_SEED42
V088,tanker,47767,12.8,91.4,276,LNG,2.11,R048,Mumbai,Kandla,55.7494,21.56,30.6621,8.6412,river_mouth,DERIVED_PHYSICS_IMO_GHG2020_SEED42
V027,bulk_carrier,59816,13.4,56.4,419,LNG,2.65,R053,Kochi,Mormugao,105.7939,31.27,58.1867,16.3981,sea_passage,DERIVED_PHYSICS_IMO_GHG2020_SEED42
V005,bulk_carrier,47170,11.5,94.0,348,HFO,1.81,R027,Kochi,New_Mangalore,70.6797,30.26,36.7535,10.4987,sea_passage,DERIVED_PHYSICS_IMO_GHG2020_SEED42
V053,container_ship,27197,17.3,70.1,870,MGO,1.08,R004,Kochi,JNPA,212.4134,50.29,144.4411,34.0127,sea_passage,DERIVED_PHYSICS_IMO_GHG2020_SEED42
V114,general_cargo,17380,9.6,70.5,286,MGO,2.03,R045,Kandla,JNPA,17.4929,29.79,11.8952,2.801,sea_passage,DERIVED_PHYSICS_IMO_GHG2020_SEED42
V075,tanker,55666,13.5,64.6,422,LNG,3.37,R054,Mormugao,Kochi,107.4567,31.26,59.1012,16.6558,river_mouth,DERIVED_PHYSICS_IMO_GHG2020_SEED42
V107,general_cargo,9058,13.6,93.2,528,HFO,0.43,R010,New_Mangalore,JNPA,49.8456,38.82,25.9197,7.404,coastal,DERIVED_PHYSICS_IMO_GHG2020_SEED42
V147,ferry,2604,12.6,82.0,788,MGO,3.32,R052,Port_Blair,Chennai,30.2818,62.54,20.5916,4.8489,sea_passage,DERIVED_PHYSICS_IMO_GHG2020_SEED42
V077,tanker,37083,12.6,59.3,411,MGO,1.66,R058,Visakhapatnam,Kamarajar,71.904,32.62,48.8948,11.5136,sea_passage,DERIVED_PHYSICS_IMO_GHG2020_SEED42
V042,bulk_carrier,48674,11.5,69.0,176,LNG,2.68,R056,Mormugao,New_Mangalore,31.9208,15.3,17.5564,4.9477,river_mouth,DERIVED_PHYSICS_IMO_GHG2020_SEED42
V102,tanker,47959,15.6,94.0,870,LNG,3.13,R004,Kochi,JNPA,302.6747,55.77,166.4711,46.9146,sea_passage,DERIVED_PHYSICS_IMO_GHG2020_SEED42
V067,container_ship,23507,18.9,92.5,505,LNG,0.94,R020,New_Mangalore,Mumbai,129.4436,26.72,71.194,20.0638,sea_passage,DERIVED_PHYSICS_IMO_GHG2020_SEED42
V046,container_ship,34898,22.0,74.7,411,Methanol,2.25,R058,Visakhapatnam,Kamarajar,503.4298,18.68,176.2004,29.0529,sea_passage,DERIVED_PHYSICS_IMO_GHG2020_SEED42
V006,bulk_carrier,66381,10.6,79.5,276,MGO,2.26,R048,Mumbai,Kandla,58.3594,26.04,39.6844,9.3448,sea_passage,DERIVED_PHYSICS_IMO_GHG2020_SEED42
V033,bulk_carrier,40297,10.1,94.8,24,HFO,2.53,R001,JNPA,Mumbai,3.4833,2.38,1.8113,0.5174,sea_passage,DERIVED_PHYSICS_IMO_GHG2020_SEED42
V030,bulk_carrier,38293,15.6,86.2,313,HFO,2.34,R039,Visakhapatnam,Paradip,104.207,20.06,54.1876,15.4788,coastal,DERIVED_PHYSICS_IMO_GHG2020_SEED42
V145,passenger,3081,21.2,66.1,345,MGO,1.66,R028,New_Mangalore,Kochi,33.2083,16.27,22.5817,5.3175,sea_passage,DERIVED_PHYSICS_IMO_GHG2020_SEED42
V131,ro_ro,4651,21.5,58.9,348,HFO,1.6,R027,Kochi,New_Mangalore,44.9197,16.19,23.3583,6.6723,river_mouth,DERIVED_PHYSICS_IMO_GHG2020_SEED42
V064,container_ship,26077,16.1,72.6,358,LNG,3.2,R011,JNPA,Mormugao,87.1334,22.24,47.9234,13.5057,sea_passage,DERIVED_PHYSICS_IMO_GHG2020_SEED42
V130,general_cargo,15643,9.7,68.7,22,MGO,1.12,R002,Mumbai,JNPA,1.289,2.27,0.8765,0.2064,coastal,DERIVED_PHYSICS_IMO_GHG2020_SEED42
V084,tanker,23117,16.6,58.6,349,HFO,1.29,R021,Mumbai,Mormugao,78.3812,21.02,40.7582,11.6427,sea_passage,DERIVED_PHYSICS_IMO_GHG2020_SEED42
V039,bulk_carrier,42343,12.0,59.3,1190,MGO,0.55,R005,JNPA,Chennai,178.5099,99.17,121.3867,28.5839,coastal,DERIVED_PHYSICS_IMO_GHG2020_SEED42
V056,container_ship,38751,12.4,78.3,856,HFO,2.1,R038,Kolkata_SMPK,Chennai,170.8037,69.03,88.8179,25.371,sea_passage,DERIVED_PHYSICS_IMO_GHG2020_SEED42
V107,general_cargo,9058,9.7,75.6,870,MGO,3.4,R004,Kochi,JNPA,43.1264,89.69,29.326,6.9056,sea_passage,DERIVED_PHYSICS_IMO_GHG2020_SEED42
V019,bulk_carrier,63249,15.1,89.0,18,HFO,2.76,R033,Chennai,Kamarajar,8.3404,1.19,4.337,1.2389,coastal,DERIVED_PHYSICS_IMO_GHG2020_SEED42
V053,container_ship,27197,17.2,89.4,419,Methanol,1.6,R057,Kamarajar,Visakhapatnam,268.5425,24.36,93.9899,15.4976,river_mouth,DERIVED_PHYSICS_IMO_GHG2020_SEED42
V021,bulk_carrier,35729,12.3,61.1,419,MGO,2.78,R053,Kochi,Mormugao,79.1189,34.07,53.8008,12.6689,sea_passage,DERIVED_PHYSICS_IMO_GHG2020_SEED42
V096,tanker,71643,13.3,98.0,347,LNG,0.6,R022,Mormugao,Mumbai,85.5075,26.09,47.0291,13.2537,coastal,DERIVED_PHYSICS_IMO_GHG2020_SEED42
V047,container_ship,41892,13.1,62.3,521,HFO,1.55,R060,Kandla,Mormugao,104.3877,39.77,54.2816,15.5057,sea_passage,DERIVED_PHYSICS_IMO_GHG2020_SEED42
V005,bulk_carrier,47170,10.2,73.4,542,HFO,0.43,R024,Chennai,Kochi,72.2314,53.14,37.5603,10.7292,sea_passage,DERIVED_PHYSICS_IMO_GHG2020_SEED42
V132,ro_ro,8727,18.9,86.7,347,HFO,3.07,R022,Mormugao,Mumbai,67.721,18.36,35.2149,10.0592,sea_passage,DERIVED_PHYSICS_IMO_GHG2020_SEED42
V007,bulk_carrier,42726,14.0,56.5,277,LNG,0.62,R018,Kandla,Mumbai,55.0788,19.79,30.2933,8.5372,sea_passage,DERIVED_PHYSICS_IMO_GHG2020_SEED42
V017,bulk_carrier,47945,14.7,91.7,1179,LNG,2.62,R015,Mumbai,Chennai,357.1153,80.2,196.4134,55.3529,sea_passage,DERIVED_PHYSICS_IMO_GHG2020_SEED42
V002,bulk_carrier,29708,11.6,90.8,406,MGO,1.45,R032,Visakhapatnam,Chennai,53.789,35.0,36.5766,8.613,sea_passage,DERIVED_PHYSICS_IMO_GHG2020_SEED42
V081,tanker,22608,10.5,88.7,169,HFO,3.01,R055,New_Mangalore,Mormugao,18.206,16.1,9.4671,2.7043,sea_passage,DERIVED_PHYSICS_IMO_GHG2020_SEED42
V059,container_ship,13324,14.9,95.9,1179,LNG,1.06,R015,Mumbai,Chennai,136.2137,79.13,74.9175,21.1131,sea_passage,DERIVED_PHYSICS_IMO_GHG2020_SEED42
V079,tanker,55468,15.1,56.4,1181,MGO,3.5,R016,Chennai,Mumbai,481.5963,78.21,327.4855,77.1156,sea_passage,DERIVED_PHYSICS_IMO_GHG2020_SEED42
V130,general_cargo,15643,10.0,62.7,788,HFO,2.21,R052,Port_Blair,Chennai,53.9495,78.8,28.0538,8.0136,coastal,DERIVED_PHYSICS_IMO_GHG2020_SEED42
V019,bulk_carrier,63249,13.1,58.7,853,LNG,3.26,R037,Chennai,Kolkata_SMPK,231.3897,65.11,127.2643,35.8654,sea_passage,DERIVED_PHYSICS_IMO_GHG2020_SEED42
V003,bulk_carrier,64303,12.7,58.4,22,HFO,1.06,R002,Mumbai,JNPA,5.0059,1.73,2.603,0.7436,sea_passage,DERIVED_PHYSICS_IMO_GHG2020_SEED42
V093,tanker,39701,14.4,76.1,189,LNG,1.15,R025,Kochi,Tuticorin,39.0479,13.12,21.4764,6.0524,sea_passage,DERIVED_PHYSICS_IMO_GHG2020_SEED42
V019,bulk_carrier,63249,12.0,55.2,313,MGO,1.43,R039,Visakhapatnam,Paradip,66.4238,26.08,45.1682,10.6361,coastal,DERIVED_PHYSICS_IMO_GHG2020_SEED42
V043,container_ship,27264,19.7,98.1,538,Methanol,1.99,R023,Kochi,Chennai,467.5412,27.31,163.6394,26.9818,sea_passage,DERIVED_PHYSICS_IMO_GHG2020_SEED42
V004,bulk_carrier,71338,13.0,88.4,17,MGO,2.77,R034,Kamarajar,Chennai,6.1481,1.31,4.1807,0.9845,coastal,DERIVED_PHYSICS_IMO_GHG2020_SEED42
V002,bulk_carrier,29708,16.1,97.4,859,MGO,1.76,R013,Mumbai,Kochi,216.6454,53.35,147.3189,34.6903,coastal,DERIVED_PHYSICS_IMO_GHG2020_SEED42
V047,container_ship,41892,15.2,92.1,276,Methanol,2.75,R048,Mumbai,Kandla,187.7986,18.16,65.7295,10.8379,river_mouth,DERIVED_PHYSICS_IMO_GHG2020_SEED42
V015,bulk_carrier,31987,10.1,82.1,17,MGO,1.33,R034,Kamarajar,Chennai,1.8074,1.68,1.229,0.2894,sea_passage,DERIVED_PHYSICS_IMO_GHG2020_SEED42
V007,bulk_carrier,42726,13.2,52.8,297,HFO,0.43,R007,JNPA,Kandla,52.6546,22.5,27.3804,7.8213,sea_passage,DERIVED_PHYSICS_IMO_GHG2020_SEED42
V113,general_cargo,13823,10.4,54.1,757,HFO,0.93,R050,Port_Blair,Tuticorin,42.6582,72.79,22.1823,6.3364,river_mouth,DERIVED_PHYSICS_IMO_GHG2020_SEED42
V015,bulk_carrier,31987,10.7,76.6,1190,MGO,0.66,R005,JNPA,Chennai,126.8614,111.21,86.2658,20.3137,river_mouth,DERIVED_PHYSICS_IMO_GHG2020_SEED42
V050,container_ship,17470,17.5,57.6,761,LNG,2.31,R049,Tuticorin,Port_Blair,138.5018,43.49,76.176,21.4678,sea_passage,DERIVED_PHYSICS_IMO_GHG2020_SEED42
V023,bulk_carrier,58095,13.0,60.9,856,LNG,2.93,R038,Kolkata_SMPK,Chennai,221.3709,65.85,121.754,34.3125,sea_passage,DERIVED_PHYSICS_IMO_GHG2020_SEED42
V058,container_ship,36763,22.8,80.7,876,LNG,2.22,R003,JNPA,Kochi,471.2038,38.42,259.1621,73.0366,sea_passage,DERIVED_PHYSICS_IMO_GHG2020_SEED42
V107,general_cargo,9058,12.1,70.1,853,HFO,2.75,R037,Chennai,Kolkata_SMPK,64.8486,70.5,33.7213,9.6325,coastal,DERIVED_PHYSICS_IMO_GHG2020_SEED42
V141,passenger,3808,19.6,74.0,1181,Hydrogen,2.67,R016,Chennai,Mumbai,44.4225,60.26,142.1519,3.1984,sea_passage,DERIVED_PHYSICS_IMO_GHG2020_SEED42
V137,ro_ro,6851,19.4,99.8,396,LNG,1.79,R031,Chennai,Visakhapatnam,55.7883,20.41,30.6836,8.6472,sea_passage,DERIVED_PHYSICS_IMO_GHG2020_SEED42
V037,bulk_carrier,41493,11.0,53.7,364,MGO,3.07,R030,Tuticorin,Chennai,58.1865,33.09,39.5668,9.3171,sea_passage,DERIVED_PHYSICS_IMO_GHG2020_SEED42
V137,ro_ro,6851,14.0,75.9,17,LNG,1.82,R034,Kamarajar,Chennai,1.1166,1.21,0.6141,0.1731,sea_passage,DERIVED_PHYSICS_IMO_GHG2020_SEED42
V062,container_ship,34470,18.5,78.6,507,MGO,3.13,R019,Mumbai,New_Mangalore,236.2456,27.41,160.647,37.8288,sea_passage,DERIVED_PHYSICS_IMO_GHG2020_SEED42
V022,bulk_carrier,27915,10.8,72.0,518,HFO,2.86,R009,JNPA,New_Mangalore,64.5162,47.96,33.5484,9.5832,river_mouth,DERIVED_PHYSICS_IMO_GHG2020_SEED42
V042,bulk_carrier,48674,11.3,74.0,229,LNG,0.44,R044,Kolkata_SMPK,Paradip,31.8735,20.27,17.5304,4.9404,sea_passage,DERIVED_PHYSICS_IMO_GHG2020_SEED42
V047,container_ship,41892,15.3,64.2,788,LNG,0.37,R052,Port_Blair,Chennai,176.1275,51.5,96.8701,27.2998,sea_passage,DERIVED_PHYSICS_IMO_GHG2020_SEED42
V146,ferry,1735,12.2,88.8,1196,MGO,0.77,R006,Chennai,JNPA,24.512,98.03,16.6682,3.925,river_mouth,DERIVED_PHYSICS_IMO_GHG2020_SEED42
V053,container_ship,27197,15.6,71.0,518,LNG,3.02,R009,JNPA,New_Mangalore,113.5882,33.21,62.4735,17.6062,sea_passage,DERIVED_PHYSICS_IMO_GHG2020_SEED42
V068,container_ship,37761,14.6,56.6,518,Methanol,2.8,R009,JNPA,New_Mangalore,260.9953,35.48,91.3484,15.062,sea_passage,DERIVED_PHYSICS_IMO_GHG2020_SEED42
V030,bulk_carrier,38293,11.8,87.1,700,HFO,3.13,R036,Paradip,Chennai,148.0197,59.32,76.9702,21.9867,coastal,DERIVED_PHYSICS_IMO_GHG2020_SEED42
V134,ro_ro,8843,17.3,79.3,17,HFO,1.7,R034,Kamarajar,Chennai,2.5842,0.98,1.3438,0.3839,sea_passage,DERIVED_PHYSICS_IMO_GHG2020_SEED42
V118,general_cargo,14985,10.5,73.9,856,MGO,3.09,R038,Kolkata_SMPK,Chennai,66.5494,81.52,45.2536,10.6562,sea_passage,DERIVED_PHYSICS_IMO_GHG2020_SEED42
V082,tanker,54273,11.2,92.4,797,LNG,0.79,R051,Chennai,Port_Blair,126.5171,71.16,69.5844,19.6101,sea_passage,DERIVED_PHYSICS_IMO_GHG2020_SEED42
V064,container_ship,26077,19.6,91.4,229,HFO,1.78,R044,Kolkata_SMPK,Paradip,96.043,11.68,49.9424,14.2661,sea_passage,DERIVED_PHYSICS_IMO_GHG2020_SEED42
V090,tanker,33954,13.2,58.8,700,MGO,0.91,R036,Paradip,Chennai,119.6598,53.03,81.3687,19.1605,coastal,DERIVED_PHYSICS_IMO_GHG2020_SEED42
V085,tanker,70614,14.4,67.8,761,LNG,1.7,R049,Tuticorin,Port_Blair,205.8073,52.85,113.194,31.9001,sea_passage,DERIVED_PHYSICS_IMO_GHG2020_SEED42
V139,passenger,2268,14.9,93.4,419,MGO,2.88,R057,Kamarajar,Visakhapatnam,20.9013,28.12,14.2129,3.3468,sea_passage,DERIVED_PHYSICS_IMO_GHG2020_SEED42
V066,container_ship,31457,13.4,91.2,396,MGO,1.86,R031,Chennai,Visakhapatnam,71.5012,29.55,48.6208,11.4491,sea_passage,DERIVED_PHYSICS_IMO_GHG2020_SEED42
V121,general_cargo,14844,12.6,88.4,276,HFO,2.64,R048,Mumbai,Kandla,34.5907,21.9,17.9872,5.1381,sea_passage,DERIVED_PHYSICS_IMO_GHG2020_SEED42
V027,bulk_carrier,59816,12.1,90.8,276,MGO,3.05,R047,Kandla,Mumbai,70.1809,22.81,47.723,11.2377,coastal,DERIVED_PHYSICS_IMO_GHG2020_SEED42
V107,general_cargo,9058,10.6,61.5,217,HFO,2.18,R043,Paradip,Kolkata_SMPK,11.8765,20.47,6.1758,1.7641,sea_passage,DERIVED_PHYSICS_IMO_GHG2020_SEED42
V029,bulk_carrier,30900,14.0,76.0,528,HFO,0.91,R010,New_Mangalore,JNPA,115.8655,37.71,60.2501,17.2105,sea_passage,DERIVED_PHYSICS_IMO_GHG2020_SEED42
V065,container_ship,18598,23.4,58.9,282,Methanol,2.9,R017,Mumbai,Kandla,248.0903,12.05,86.8316,14.3173,coastal,DERIVED_PHYSICS_IMO_GHG2020_SEED42
V003,bulk_carrier,64303,10.3,88.6,850,HFO,1.84,R014,Kochi,Mumbai,170.8825,82.52,88.8589,25.3827,sea_passage,DERIVED_PHYSICS_IMO_GHG2020_SEED42
V094,tanker,68263,13.0,75.3,757,MGO,3.17,R050,Port_Blair,Tuticorin,261.7333,58.23,177.9787,41.91,sea_passage,DERIVED_PHYSICS_IMO_GHG2020_SEED42
V047,container_ship,41892,14.0,50.6,24,LNG,3.02,R001,JNPA,Mumbai,5.2951,1.71,2.9123,0.8207,sea_passage,DERIVED_PHYSICS_IMO_GHG2020_SEED42
V097,tanker,25705,13.4,77.2,1181,LNG,2.96,R016,Chennai,Mumbai,184.4047,88.13,101.4226,28.5827,sea_passage,DERIVED_PHYSICS_IMO_GHG2020_SEED42
V073,tanker,47233,12.8,51.6,797,MGO,0.65,R051,Chennai,Port_Blair,148.2343,62.27,100.7993,23.736,river_mouth,DERIVED_PHYSICS_IMO_GHG2020_SEED42
V082,tanker,54273,12.5,85.8,419,LNG,0.31,R053,Kochi,Mormugao,79.1649,33.52,43.5407,12.2706,sea_passage,DERIVED_PHYSICS_IMO_GHG2020_SEED42
V016,bulk_carrier,58242,13.1,89.4,406,HFO,2.31,R032,Visakhapatnam,Chennai,129.3747,30.99,67.2749,19.2172,river_mouth,DERIVED_PHYSICS_IMO_GHG2020_SEED42
V150,ferry,884,16.4,94.6,176,Shore_Power,0.42,R056,Mormugao,New_Mangalore,52.2886,10.73,6.2746,0.1544,river_mouth,DERIVED_PHYSICS_IMO_GHG2020_SEED42
V056,container_ship,38751,15.0,73.6,282,HFO,2.89,R017,Mumbai,Kandla,84.3747,18.8,43.8748,12.5329,river_mouth,DERIVED_PHYSICS_IMO_GHG2020_SEED42
V128,general_cargo,15648,12.5,53.7,358,MGO,2.77,R011,JNPA,Mormugao,37.409,28.64,25.4381,5.9901,sea_passage,DERIVED_PHYSICS_IMO_GHG2020_SEED42
V082,tanker,54273,15.3,78.6,277,LNG,3.47,R018,Kandla,Mumbai,91.1797,18.1,50.1489,14.1329,sea_passage,DERIVED_PHYSICS_IMO_GHG2020_SEED42
V080,tanker,50271,12.8,71.5,349,HFO,0.5,R021,Mumbai,Mormugao,76.4031,27.27,39.7296,11.3488,sea_passage,DERIVED_PHYSICS_IMO_GHG2020_SEED42
V063,container_ship,12578,20.0,75.9,761,HFO,1.73,R049,Tuticorin,Port_Blair,179.0511,38.05,93.1066,26.5961,coastal,DERIVED_PHYSICS_IMO_GHG2020_SEED42
V012,bulk_carrier,58490,13.4,91.9,528,LNG,0.98,R010,New_Mangalore,JNPA,122.1389,39.4,67.1764,18.9315,coastal,DERIVED_PHYSICS_IMO_GHG2020_SEED42
V005,bulk_carrier,47170,11.5,74.6,411,HFO,2.75,R058,Visakhapatnam,Kamarajar,81.3312,35.74,42.2922,12.0809,sea_passage,DERIVED_PHYSICS_IMO_GHG2020_SEED42
V147,ferry,2604,10.9,91.7,349,Shore_Power,2.57,R021,Mumbai,Mormugao,112.6413,32.02,13.517,0.3325,sea_passage,DERIVED_PHYSICS_IMO_GHG2020_SEED42
V004,bulk_carrier,71338,14.0,89.0,1179,HFO,0.8,R015,Mumbai,Chennai,375.0742,84.21,195.0386,55.7132,coastal,DERIVED_PHYSICS_IMO_GHG2020_SEED42
V084,tanker,23117,12.4,74.9,277,MGO,2.05,R018,Kandla,Mumbai,34.6863,22.34,23.5867,5.5541,coastal,DERIVED_PHYSICS_IMO_GHG2020_SEED42
V092,tanker,76931,16.2,82.3,491,LNG,1.92,R041,Visakhapatnam,Kolkata_SMPK,225.6128,30.31,124.087,34.97,sea_passage,DERIVED_PHYSICS_IMO_GHG2020_SEED42
V139,passenger,2268,18.0,59.4,422,MGO,3.47,R054,Mormugao,Kochi,26.8708,23.44,18.2722,4.3027,sea_passage,DERIVED_PHYSICS_IMO_GHG2020_SEED42
V013,bulk_carrier,60013,11.1,57.4,229,HFO,0.92,R044,Kolkata_SMPK,Paradip,42.005,20.63,21.8426,6.2394,sea_passage,DERIVED_PHYSICS_IMO_GHG2020_SEED42
V066,container_ship,31457,16.0,72.7,1190,HFO,0.45,R005,JNPA,Chennai,292.9015,74.38,152.3088,43.5073,sea_passage,DERIVED_PHYSICS_IMO_GHG2020_SEED42
V072,tanker,45552,13.3,74.5,406,HFO,2.12,R032,Visakhapatnam,Chennai,110.0069,30.53,57.2036,16.3403,sea_passage,DERIVED_PHYSICS_IMO_GHG2020_SEED42
V058,container_ship,36763,24.8,86.3,419,MGO,3.46,R053,Kochi,Mormugao,381.7734,16.9,259.6059,61.1315,sea_passage,DERIVED_PHYSICS_IMO_GHG2020_SEED42
V130,general_cargo,15643,12.2,51.2,538,MGO,0.71,R023,Kochi,Chennai,39.0024,44.1,26.5217,6.2453,sea_passage,DERIVED_PHYSICS_IMO_GHG2020_SEED42
V132,ro_ro,8727,19.7,86.1,797,LNG,0.76,R051,Chennai,Port_Blair,113.3231,40.46,62.3277,17.5651,sea_passage,DERIVED_PHYSICS_IMO_GHG2020_SEED42
V101,tanker,56969,14.0,58.2,859,HFO,1.63,R013,Mumbai,Kochi,260.8533,61.36,135.6437,38.7469,sea_passage,DERIVED_PHYSICS_IMO_GHG2020_SEED42
V127,general_cargo,7328,15.0,67.9,286,MGO,0.97,R045,Kandla,JNPA,23.3478,19.07,15.8765,3.7386,sea_passage,DERIVED_PHYSICS_IMO_GHG2020_SEED42
V023,bulk_carrier,58095,13.7,65.2,349,HFO,1.9,R021,Mumbai,Mormugao,107.1123,25.47,55.6984,15.9103,river_mouth,DERIVED_PHYSICS_IMO_GHG2020_SEED42
V019,bulk_carrier,63249,11.9,89.5,422,LNG,0.92,R054,Mormugao,Kochi,81.3215,35.46,44.7268,12.6048,sea_passage,DERIVED_PHYSICS_IMO_GHG2020_SEED42
V058,container_ship,36763,22.8,86.2,349,LNG,2.68,R021,Mumbai,Mormugao,188.1583,15.31,103.4871,29.1645,coastal,DERIVED_PHYSICS_IMO_GHG2020_SEED42
V035,bulk_carrier,56365,14.1,67.4,347,HFO,0.97,R022,Mormugao,Mumbai,102.0496,24.61,53.0658,15.1584,sea_passage,DERIVED_PHYSICS_IMO_GHG2020_SEED42
V081,tanker,22608,13.8,56.8,183,MGO,2.89,R026,Tuticorin,Kochi,32.749,13.26,22.2693,5.2439,sea_passage,DERIVED_PHYSICS_IMO_GHG2020_SEED42
V057,container_ship,30177,23.9,88.9,518,MGO,0.99,R009,JNPA,New_Mangalore,285.961,21.67,194.4535,45.7895,river_mouth,DERIVED_PHYSICS_IMO_GHG2020_SEED42
V005,bulk_carrier,47170,9.6,59.3,348,LNG,2.71,R027,Kochi,New_Mangalore,37.9493,36.25,20.8721,5.8821,sea_passage,DERIVED_PHYSICS_IMO_GHG2020_SEED42
V123,general_cargo,17741,10.5,57.7,538,MGO,1.83,R023,Kochi,Chennai,38.7317,51.24,26.3375,6.2019,sea_passage,DERIVED_PHYSICS_IMO_GHG2020_SEED42
V022,bulk_carrier,27915,12.1,72.8,422,HFO,3.17,R054,Mormugao,Kochi,71.1305,34.88,36.9879,10.5657,sea_passage,DERIVED_PHYSICS_IMO_GHG2020_SEED42
V097,tanker,25705,13.9,76.7,364,MGO,1.15,R030,Tuticorin,Chennai,57.1636,26.19,38.8713,9.1533,sea_passage,DERIVED_PHYSICS_IMO_GHG2020_SEED42
V127,general_cargo,7328,14.7,96.1,345,HFO,2.02,R028,New_Mangalore,Kochi,33.7305,23.47,17.5398,5.0103,sea_passage,DERIVED_PHYSICS_IMO_GHG2020_SEED42
V144,passenger,4545,21.2,75.6,18,MGO,2.48,R033,Chennai,Kamarajar,2.492,0.85,1.6946,0.399,sea_passage,DERIVED_PHYSICS_IMO_GHG2020_SEED42
V026,bulk_carrier,33063,11.0,59.8,876,LNG,2.88,R003,JNPA,Kochi,104.8091,79.64,57.645,16.2454,sea_passage,DERIVED_PHYSICS_IMO_GHG2020_SEED42
V131,ro_ro,4651,15.4,77.8,229,LNG,2.22,R044,Kolkata_SMPK,Paradip,14.3413,14.87,7.8877,2.2229,sea_passage,DERIVED_PHYSICS_IMO_GHG2020_SEED42
V003,bulk_carrier,64303,9.6,91.3,419,LNG,3.44,R057,Kamarajar,Visakhapatnam,66.6954,43.65,36.6825,10.3378,sea_passage,DERIVED_PHYSICS_IMO_GHG2020_SEED42
V052,container_ship,35698,22.6,59.7,507,LNG,1.33,R019,Mumbai,New_Mangalore,234.9771,22.43,129.2374,36.4214,sea_passage,DERIVED_PHYSICS_IMO_GHG2020_SEED42
V134,ro_ro,8843,19.3,79.4,24,HFO,2.21,R001,JNPA,Mumbai,4.5161,1.24,2.3483,0.6708,coastal,DERIVED_PHYSICS_IMO_GHG2020_SEED42
V030,bulk_carrier,38293,12.5,97.4,277,HFO,1.03,R018,Kandla,Mumbai,54.2469,22.16,28.2084,8.0578,sea_passage,DERIVED_PHYSICS_IMO_GHG2020_SEED42
V026,bulk_carrier,33063,12.9,61.5,797,HFO,1.67,R051,Chennai,Port_Blair,137.8812,61.78,71.6982,20.4807,sea_passage,DERIVED_PHYSICS_IMO_GHG2020_SEED42
V137,ro_ro,6851,14.7,66.9,217,HFO,0.94,R043,Paradip,Kolkata_SMPK,16.4158,14.76,8.5362,2.4384,coastal,DERIVED_PHYSICS_IMO_GHG2020_SEED42
V033,bulk_carrier,40297,10.4,51.3,856,MGO,1.03,R038,Kolkata_SMPK,Chennai,100.7091,82.31,68.4822,16.126,sea_passage,DERIVED_PHYSICS_IMO_GHG2020_SEED42
V140,passenger,1902,24.6,89.6,1179,MGO,0.55,R015,Mumbai,Chennai,112.0487,47.93,76.1931,17.9418,sea_passage,DERIVED_PHYSICS_IMO_GHG2020_SEED42
V110,general_cargo,16704,12.3,53.8,18,MGO,0.49,R033,Chennai,Kamarajar,1.578,1.46,1.073,0.2527,sea_passage,DERIVED_PHYSICS_IMO_GHG2020_SEED42
V126,general_cargo,16177,10.2,98.5,24,HFO,1.52,R001,JNPA,Mumbai,2.009,2.35,1.0447,0.2984,sea_passage,DERIVED_PHYSICS_IMO_GHG2020_SEED42
V030,bulk_carrier,38293,13.5,74.3,345,LNG,1.39,R028,New_Mangalore,Kochi,64.5708,25.56,35.5139,10.0085,sea_passage,DERIVED_PHYSICS_IMO_GHG2020_SEED42
V065,container_ship,18598,21.9,80.9,761,LNG,2.44,R049,Tuticorin,Port_Blair,235.5869,34.75,129.5728,36.516,sea_passage,DERIVED_PHYSICS_IMO_GHG2020_SEED42
V065,container_ship,18598,20.0,73.9,700,Methanol,2.33,R036,Paradip,Chennai,493.2619,35.0,172.6417,28.4661,sea_passage,DERIVED_PHYSICS_IMO_GHG2020_SEED42
V099,tanker,55620,14.1,53.4,22,LNG,1.06,R002,Mumbai,JNPA,4.9282,1.56,2.7105,0.7639,sea_passage,DERIVED_PHYSICS_IMO_GHG2020_SEED42
V129,general_cargo,5817,10.5,96.0,528,MGO,3.36,R010,New_Mangalore,JNPA,24.4368,50.29,16.617,3.9129,sea_passage,DERIVED_PHYSICS_IMO_GHG2020_SEED42
V143,passenger,3504,17.9,65.3,757,MGO,2.81,R050,Port_Blair,Tuticorin,59.4322,42.29,40.4139,9.5166,coastal,DERIVED_PHYSICS_IMO_GHG2020_SEED42
V011,bulk_carrier,34473,12.6,71.5,518,LNG,1.64,R009,JNPA,New_Mangalore,81.2017,41.11,44.6609,12.5863,sea_passage,DERIVED_PHYSICS_IMO_GHG2020_SEED42
V044,container_ship,41157,17.3,72.9,313,MGO,3.28,R039,Visakhapatnam,Paradip,132.0648,18.09,89.804,21.1469,sea_passage,DERIVED_PHYSICS_IMO_GHG2020_SEED42
V103,tanker,67954,10.6,92.5,853,HFO,0.55,R037,Chennai,Kolkata_SMPK,178.3313,80.47,92.7323,26.4892,sea_passage,DERIVED_PHYSICS_IMO_GHG2020_SEED42
V043,container_ship,27264,18.7,96.6,22,MGO,2.91,R002,Mumbai,JNPA,8.4769,1.18,5.7643,1.3574,sea_passage,DERIVED_PHYSICS_IMO_GHG2020_SEED42
V105,tanker,59471,15.0,55.9,345,HFO,3.35,R028,New_Mangalore,Kochi,136.1588,23.0,70.8026,20.2249,coastal,DERIVED_PHYSICS_IMO_GHG2020_SEED42
V057,container_ship,30177,22.3,67.0,349,HFO,1.25,R021,Mumbai,Mormugao,172.3464,15.65,89.6201,25.6002,sea_passage,DERIVED_PHYSICS_IMO_GHG2020_SEED42
V054,container_ship,21825,14.6,94.3,349,Methanol,3.11,R021,Mumbai,Mormugao,155.1593,23.9,54.3057,8.9542,sea_passage,DERIVED_PHYSICS_IMO_GHG2020_SEED42
V125,general_cargo,5602,10.8,55.9,529,MGO,2.51,R059,Mormugao,Kandla,21.4077,48.98,14.5572,3.4279,coastal,DERIVED_PHYSICS_IMO_GHG2020_SEED42
V113,general_cargo,13823,14.6,80.3,491,MGO,3.48,R041,Visakhapatnam,Kolkata_SMPK,72.3886,33.63,49.2242,11.5912,coastal,DERIVED_PHYSICS_IMO_GHG2020_SEED42
V048,container_ship,21724,16.8,91.6,505,MGO,1.28,R020,New_Mangalore,Mumbai,119.7345,30.06,81.4195,19.1725,sea_passage,DERIVED_PHYSICS_IMO_GHG2020_SEED42
V047,container_ship,41892,13.1,60.0,229,Methanol,2.87,R044,Kolkata_SMPK,Paradip,111.9798,17.48,39.1929,6.4624,river_mouth,DERIVED_PHYSICS_IMO_GHG2020_SEED42
V044,container_ship,41157,16.9,70.1,521,MGO,2.82,R060,Kandla,Mormugao,210.1323,30.83,142.89,33.6474,sea_passage,DERIVED_PHYSICS_IMO_GHG2020_SEED42
V071,tanker,72064,15.8,55.6,505,MGO,2.99,R020,New_Mangalore,Mumbai,228.0145,31.96,155.0498,36.5108,river_mouth,DERIVED_PHYSICS_IMO_GHG2020_SEED42
V053,container_ship,27197,17.0,58.3,189,Methanol,2.92,R025,Kochi,Tuticorin,116.8198,11.12,40.8869,6.7417,sea_passage,DERIVED_PHYSICS_IMO_GHG2020_SEED42
V085,tanker,70614,16.2,74.1,538,LNG,2.64,R023,Kochi,Chennai,225.8615,33.21,124.2238,35.0085,sea_passage,DERIVED_PHYSICS_IMO_GHG2020_SEED42
V105,tanker,59471,13.8,61.5,853,LNG,1.74,R037,Chennai,Kolkata_SMPK,212.3101,61.81,116.7705,32.9081,coastal,DERIVED_PHYSICS_IMO_GHG2020_SEED42
V129,general_cargo,5817,13.1,94.4,349,HFO,3.06,R021,Mumbai,Mormugao,24.3082,26.64,12.6403,3.6107,sea_passage,DERIVED_PHYSICS_IMO_GHG2020_SEED42
V046,container_ship,34898,16.9,54.2,757,LNG,1.24,R050,Port_Blair,Tuticorin,194.8472,44.79,107.166,30.2013,coastal,DERIVED_PHYSICS_IMO_GHG2020_SEED42
V076,tanker,28632,14.2,71.1,757,MGO,0.79,R050,Port_Blair,Tuticorin,143.1789,53.31,97.3617,22.9265,sea_passage,DERIVED_PHYSICS_IMO_GHG2020_SEED42
V094,tanker,68263,15.7,56.4,217,LNG,2.72,R043,Paradip,Kolkata_SMPK,77.4063,13.82,42.5735,11.998,sea_passage,DERIVED_PHYSICS_IMO_GHG2020_SEED42
V127,general_cargo,7328,15.3,62.0,521,MGO,3.22,R060,Kandla,Mormugao,52.5426,34.05,35.729,8.4134,coastal,DERIVED_PHYSICS_IMO_GHG2020_SEED42
V122,general_cargo,14088,10.7,76.8,419,MGO,2.62,R053,Kochi,Mormugao,33.7896,39.16,22.9769,5.4106,coastal,DERIVED_PHYSICS_IMO_GHG2020_SEED42
V098,tanker,28244,16.8,66.2,700,MGO,1.05,R036,Paradip,Chennai,171.7621,41.67,116.7982,27.5034,sea_passage,DERIVED_PHYSICS_IMO_GHG2020_SEED42
V031,bulk_carrier,60844,10.2,83.7,521,HFO,0.76,R060,Kandla,Mormugao,82.4252,51.08,42.8611,12.2434,sea_passage,DERIVED_PHYSICS_IMO_GHG2020_SEED42
V079,tanker,55468,12.6,65.4,297,MGO,2.35,R007,JNPA,Kandla,70.0812,23.57,47.6552,11.2218,river_mouth,DERIVED_PHYSICS_IMO_GHG2020_SEED42
V084,tanker,23117,13.8,97.3,229,LNG,2.26,R044,Kolkata_SMPK,Paradip,36.0002,16.59,19.8001,5.58,sea_passage,DERIVED_PHYSICS_IMO_GHG2020_SEED42
V121,general_cargo,14844,8.8,90.2,542,MGO,0.74,R024,Chennai,Kochi,25.1148,61.59,17.078,4.0215,sea_passage,DERIVED_PHYSICS_IMO_GHG2020_SEED42
V078,tanker,23323,14.2,78.4,277,HFO,2.64,R018,Kandla,Mumbai,56.4351,19.51,29.3463,8.3828,river_mouth,DERIVED_PHYSICS_IMO_GHG2020_SEED42
V067,container_ship,23507,18.9,72.7,189,HFO,1.02,R025,Kochi,Tuticorin,54.6204,10.0,28.4026,8.1133,sea_passage,DERIVED_PHYSICS_IMO_GHG2020_SEED42
V019,bulk_carrier,63249,11.2,50.4,757,HFO,0.54,R050,Port_Blair,Tuticorin,135.8817,67.59,70.6585,20.1837,river_mouth,DERIVED_PHYSICS_IMO_GHG2020_SEED42
V022,bulk_carrier,27915,9.8,54.6,542,HFO,2.92,R024,Chennai,Kochi,53.9404,55.31,28.049,8.0123,river_mouth,DERIVED_PHYSICS_IMO_GHG2020_SEED42
V028,bulk_carrier,56514,10.1,76.1,876,MGO,0.69,R003,JNPA,Kochi,127.1815,86.73,86.4834,20.3649,sea_passage,DERIVED_PHYSICS_IMO_GHG2020_SEED42
V016,bulk_carrier,58242,10.5,88.9,297,HFO,1.03,R007,JNPA,Kandla,49.3026,28.29,25.6374,7.3234,sea_passage,DERIVED_PHYSICS_IMO_GHG2020_SEED42
V038,bulk_carrier,33529,15.3,56.7,505,LNG,2.42,R020,New_Mangalore,Mumbai,111.0684,33.01,61.0876,17.2156,sea_passage,DERIVED_PHYSICS_IMO_GHG2020_SEED42
V078,tanker,23323,11.2,64.8,169,HFO,2.33,R055,New_Mangalore,Mormugao,18.7588,15.09,9.7546,2.7864,sea_passage,DERIVED_PHYSICS_IMO_GHG2020_SEED42
V144,passenger,4545,21.8,63.8,290,MGO,0.87,R008,Kandla,JNPA,36.186,13.3,24.6065,5.7943,sea_passage,DERIVED_PHYSICS_IMO_GHG2020_SEED42
V150,ferry,884,18.1,70.1,297,LNG,3.05,R007,JNPA,Kandla,8.4119,16.41,4.6266,1.3039,sea_passage,DERIVED_PHYSICS_IMO_GHG2020_SEED42
V101,tanker,56969,11.1,83.2,396,LNG,0.75,R031,Chennai,Visakhapatnam,61.3439,35.68,33.7391,9.5083,sea_passage,DERIVED_PHYSICS_IMO_GHG2020_SEED42
V005,bulk_carrier,47170,11.8,57.8,290,MGO,1.01,R046,JNPA,Kandla,46.0239,24.58,31.2963,7.3696,sea_passage,DERIVED_PHYSICS_IMO_GHG2020_SEED42
V107,general_cargo,9058,9.9,66.5,396,HFO,3.29,R031,Chennai,Visakhapatnam,22.0258,40.0,11.4534,3.2717,sea_passage,DERIVED_PHYSICS_IMO_GHG2020_SEED42
V049,container_ship,19734,22.0,90.6,358,HFO,2.4,R011,JNPA,Mormugao,144.8456,16.27,75.3197,21.5152,sea_passage,DERIVED_PHYSICS_IMO_GHG2020_SEED42
V109,general_cargo,10749,11.8,52.1,277,MGO,0.64,R018,Kandla,Mumbai,16.0766,23.47,10.9321,2.5743,river_mouth,DERIVED_PHYSICS_IMO_GHG2020_SEED42
V029,bulk_carrier,30900,15.3,83.2,529,LNG,3.19,R059,Mormugao,Kandla,120.6835,34.58,66.3759,18.7059,sea_passage,DERIVED_PHYSICS_IMO_GHG2020_SEED42
V091,tanker,39649,12.7,70.2,282,LNG,0.83,R017,Mumbai,Kandla,45.3907,22.2,24.9649,7.0356,sea_passage,DERIVED_PHYSICS_IMO_GHG2020_SEED42
V017,bulk_carrier,47945,11.1,95.8,290,HFO,1.4,R008,Kandla,JNPA,50.2778,26.13,26.1445,7.4682,sea_passage,DERIVED_PHYSICS_IMO_GHG2020_SEED42
V113,general_cargo,13823,15.3,88.2,282,HFO,3.2,R017,Mumbai,Kandla,50.1009,18.43,26.0524,7.4419,sea_passage,DERIVED_PHYSICS_IMO_GHG2020_SEED42
V030,bulk_carrier,38293,13.5,87.5,217,LNG,0.46,R043,Paradip,Kolkata_SMPK,38.179,16.07,20.9985,5.9178,coastal,DERIVED_PHYSICS_IMO_GHG2020_SEED42
V033,bulk_carrier,40297,10.6,86.1,870,MGO,0.94,R004,Kochi,JNPA,125.3688,82.08,85.2508,20.0747,sea_passage,DERIVED_PHYSICS_IMO_GHG2020_SEED42
V083,tanker,42416,14.9,93.8,1190,HFO,1.01,R005,JNPA,Chennai,343.1509,79.87,178.4384,50.9713,coastal,DERIVED_PHYSICS_IMO_GHG2020_SEED42
V121,general_cargo,14844,8.8,55.8,850,HFO,1.83,R014,Kochi,Mumbai,40.0271,96.59,20.8141,5.9456,sea_passage,DERIVED_PHYSICS_IMO_GHG2020_SEED42
V091,tanker,39649,15.1,96.9,542,MGO,2.39,R024,Chennai,Kochi,174.2295,35.89,118.4761,27.8985,river_mouth,DERIVED_PHYSICS_IMO_GHG2020_SEED42
V128,general_cargo,15648,14.7,89.4,859,HFO,1.78,R013,Mumbai,Kochi,140.7577,58.44,73.194,20.908,coastal,DERIVED_PHYSICS_IMO_GHG2020_SEED42
V139,passenger,2268,14.7,81.2,692,MGO,2.91,R035,Chennai,Paradip,31.6204,47.07,21.5018,5.0632,coastal,DERIVED_PHYSICS_IMO_GHG2020_SEED42
V066,container_ship,31457,12.2,81.2,359,LNG,3.5,R012,Mormugao,JNPA,50.4348,29.43,27.7391,7.8174,coastal,DERIVED_PHYSICS_IMO_GHG2020_SEED42
V057,container_ship,30177,19.8,83.9,411,HFO,1.33,R058,Visakhapatnam,Kamarajar,162.4485,20.76,84.4732,24.1299,sea_passage,DERIVED_PHYSICS_IMO_GHG2020_SEED42
V104,tanker,27184,12.0,70.6,217,LNG,1.43,R043,Paradip,Kolkata_SMPK,22.2549,18.08,12.2402,3.4495,sea_passage,DERIVED_PHYSICS_IMO_GHG2020_SEED42
V120,general_cargo,16651,9.5,95.1,347,MGO,0.52,R022,Mormugao,Mumbai,19.1248,36.53,13.0049,3.0624,sea_passage,DERIVED_PHYSICS_IMO_GHG2020_SEED42
V103,tanker,67954,15.0,86.0,17,MGO,3.25,R034,Kamarajar,Chennai,8.3429,1.13,5.6732,1.3359,coastal,DERIVED_PHYSICS_IMO_GHG2020_SEED42
V060,container_ship,33073,15.2,67.0,286,LNG,3.13,R045,Kandla,JNPA,62.8103,18.82,34.5457,9.7356,sea_passage,DERIVED_PHYSICS_IMO_GHG2020_SEED42
V108,general_cargo,7216,14.7,66.9,217,HFO,2.47,R043,Paradip,Kolkata_SMPK,20.6205,14.76,10.7226,3.0629,sea_passage,DERIVED_PHYSICS_IMO_GHG2020_SEED42
V032,bulk_carrier,70130,10.8,89.9,411,HFO,2.51,R058,Visakhapatnam,Kamarajar,104.7167,38.06,54.4527,15.5545,sea_passage,DERIVED_PHYSICS_IMO_GHG2020_SEED42
V149,ferry,536,14.9,79.9,286,Shore_Power,3.14,R045,Kandla,JNPA,57.2077,19.19,6.8649,0.1689,sea_passage,DERIVED_PHYSICS_IMO_GHG2020_SEED42
V143,passenger,3504,17.2,63.8,277,MGO,2.34,R018,Kandla,Mumbai,20.4513,16.1,13.9069,3.2748,coastal,DERIVED_PHYSICS_IMO_GHG2020_SEED42
V101,tanker,56969,11.6,80.8,282,MGO,1.57,R017,Mumbai,Kandla,58.0187,24.31,39.4527,9.2902,sea_passage,DERIVED_PHYSICS_IMO_GHG2020_SEED42
V012,bulk_carrier,58490,14.2,52.1,505,MGO,2.0,R020,New_Mangalore,Mumbai,147.0397,35.56,99.987,23.5447,sea_passage,DERIVED_PHYSICS_IMO_GHG2020_SEED42
V105,tanker,59471,14.6,63.8,528,LNG,3.1,R010,New_Mangalore,JNPA,161.1903,36.16,88.6546,24.9845,sea_passage,DERIVED_PHYSICS_IMO_GHG2020_SEED42
V088,tanker,47767,10.9,86.0,18,HFO,2.89,R033,Chennai,Kamarajar,3.3624,1.65,1.7484,0.4994,sea_passage,DERIVED_PHYSICS_IMO_GHG2020_SEED42
V007,bulk_carrier,42726,13.6,76.4,348,LNG,2.43,R027,Kochi,New_Mangalore,74.953,25.59,41.2241,11.6177,sea_passage,DERIVED_PHYSICS_IMO_GHG2020_SEED42
V006,bulk_carrier,66381,14.1,84.8,419,HFO,1.17,R057,Kamarajar,Visakhapatnam,134.6134,29.72,69.999,19.9953,sea_passage,DERIVED_PHYSICS_IMO_GHG2020_SEED42
V054,container_ship,21825,16.6,90.4,349,Methanol,3.07,R021,Mumbai,Mormugao,218.2074,21.02,76.3726,12.5927,coastal,DERIVED_PHYSICS_IMO_GHG2020_SEED42
V056,container_ship,38751,13.0,52.0,349,LNG,0.64,R021,Mumbai,Mormugao,51.7802,26.85,28.4791,8.0259,sea_passage,DERIVED_PHYSICS_IMO_GHG2020_SEED42
V139,passenger,2268,14.1,76.4,853,Hydrogen,2.81,R037,Chennai,Kolkata_SMPK,10.8556,60.5,34.738,0.7816,coastal,DERIVED_PHYSICS_IMO_GHG2020_SEED42
V016,bulk_carrier,58242,13.5,91.9,282,LNG,1.63,R017,Mumbai,Kandla,75.8861,20.89,41.7373,11.7623,coastal,DERIVED_PHYSICS_IMO_GHG2020_SEED42
V143,passenger,3504,20.3,71.6,542,Hydrogen,1.2,R024,Chennai,Kochi,19.3963,26.7,62.0683,1.3965,sea_passage,DERIVED_PHYSICS_IMO_GHG2020_SEED42
V040,bulk_carrier,49115,12.8,52.1,370,HFO,3.12,R029,Chennai,Tuticorin,95.144,28.91,49.4749,14.1326,coastal,DERIVED_PHYSICS_IMO_GHG2020_SEED42
V040,bulk_carrier,49115,12.9,61.2,313,HFO,1.23,R039,Visakhapatnam,Paradip,72.6059,24.26,37.7551,10.7848,sea_passage,DERIVED_PHYSICS_IMO_GHG2020_SEED42
V059,container_ship,13324,12.5,67.7,183,Methanol,0.31,R026,Tuticorin,Kochi,33.9524,14.64,11.8833,1.9594,sea_passage,DERIVED_PHYSICS_IMO_GHG2020_SEED42
V145,passenger,3081,26.0,54.9,286,Hydrogen,1.1,R045,Kandla,JNPA,13.0001,11.0,41.6003,0.936,river_mouth,DERIVED_PHYSICS_IMO_GHG2020_SEED42
V013,bulk_carrier,60013,12.2,75.9,411,LNG,3.08,R058,Visakhapatnam,Kamarajar,96.3709,33.69,53.004,14.9375,coastal,DERIVED_PHYSICS_IMO_GHG2020_SEED42
V149,ferry,536,20.2,51.8,788,Hydrogen,0.72,R052,Port_Blair,Chennai,6.4795,39.01,20.7343,0.4665,sea_passage,DERIVED_PHYSICS_IMO_GHG2020_SEED42
V125,general_cargo,5602,9.7,85.2,1196,MGO,1.88,R006,Chennai,JNPA,38.7688,123.3,26.3628,6.2078,sea_passage,DERIVED_PHYSICS_IMO_GHG2020_SEED42
V037,bulk_carrier,41493,10.6,74.6,1179,MGO,3.18,R015,Mumbai,Chennai,188.9906,111.23,128.5136,30.2621,sea_passage,DERIVED_PHYSICS_IMO_GHG2020_SEED42
V129,general_cargo,5817,13.3,61.3,1196,HFO,0.69,R006,Chennai,JNPA,66.714,89.92,34.6913,9.9096,coastal,DERIVED_PHYSICS_IMO_GHG2020_SEED42
V103,tanker,67954,14.5,84.7,290,LNG,0.31,R046,JNPA,Kandla,84.4997,20.0,46.4749,13.0975,sea_passage,DERIVED_PHYSICS_IMO_GHG2020_SEED42
V072,tanker,45552,15.1,71.5,22,HFO,2.46,R002,Mumbai,JNPA,6.8377,1.46,3.5556,1.0157,sea_passage,DERIVED_PHYSICS_IMO_GHG2020_SEED42
V138,ro_ro,6679,15.3,60.2,277,LNG,0.58,R018,Kandla,Mumbai,15.9869,18.1,8.7928,2.478,sea_passage,DERIVED_PHYSICS_IMO_GHG2020_SEED42
V016,bulk_carrier,58242,12.9,90.5,850,MGO,2.67,R014,Kochi,Mumbai,256.7528,65.89,174.5919,41.1125,sea_passage,DERIVED_PHYSICS_IMO_GHG2020_SEED42
V106,general_cargo,10004,16.2,70.3,24,MGO,2.84,R001,JNPA,Mumbai,3.3881,1.48,2.3039,0.5425,sea_passage,DERIVED_PHYSICS_IMO_GHG2020_SEED42
V087,tanker,28073,13.0,63.2,313,HFO,1.52,R039,Visakhapatnam,Paradip,51.3458,24.08,26.6998,7.6269,river_mouth,DERIVED_PHYSICS_IMO_GHG2020_SEED42
V011,bulk_carrier,34473,11.6,58.7,870,MGO,2.75,R004,Kochi,JNPA,130.5625,75.0,88.7825,20.9063,coastal,DERIVED_PHYSICS_IMO_GHG2020_SEED42
V016,bulk_carrier,58242,10.7,60.2,17,LNG,2.76,R034,Kamarajar,Chennai,2.6862,1.59,1.4774,0.4164,coastal,DERIVED_PHYSICS_IMO_GHG2020_SEED42
V147,ferry,2604,10.2,90.3,311,Hydrogen,1.71,R040,Paradip,Visakhapatnam,2.3251,30.49,7.4402,0.1674,sea_passage,DERIVED_PHYSICS_IMO_GHG2020_SEED42
V008,bulk_carrier,34731,14.5,62.7,176,MGO,2.81,R056,Mormugao,New_Mangalore,39.0761,12.14,26.5717,6.2571,sea_passage,DERIVED_PHYSICS_IMO_GHG2020_SEED42
V129,general_cargo,5817,11.6,86.6,364,MGO,1.21,R030,Tuticorin,Chennai,16.8026,31.38,11.4258,2.6905,coastal,DERIVED_PHYSICS_IMO_GHG2020_SEED42
V098,tanker,28244,16.2,80.2,17,LNG,1.95,R034,Kamarajar,Chennai,3.8604,1.05,2.1232,0.5984,sea_passage,DERIVED_PHYSICS_IMO_GHG2020_SEED42
V015,bulk_carrier,31987,10.4,81.4,282,MGO,3.32,R017,Mumbai,Kandla,37.5339,27.12,25.5231,6.0101,river_mouth,DERIVED_PHYSICS_IMO_GHG2020_SEED42
V135,ro_ro,7575,16.0,71.5,24,LNG,0.71,R001,JNPA,Mumbai,1.7743,1.5,0.9758,0.275,sea_passage,DERIVED_PHYSICS_IMO_GHG2020_SEED42
V078,tanker,23323,11.6,61.9,850,LNG,3.36,R014,Kochi,Mumbai,87.2236,73.28,47.973,13.5197,sea_passage,DERIVED_PHYSICS_IMO_GHG2020_SEED42
V118,general_cargo,14985,10.9,67.6,406,MGO,2.79,R032,Visakhapatnam,Chennai,35.4408,37.25,24.0997,5.675,sea_passage,DERIVED_PHYSICS_IMO_GHG2020_SEED42
V071,tanker,72064,15.2,50.2,313,MGO,2.95,R039,Visakhapatnam,Paradip,127.3959,20.59,86.6292,20.3993,coastal,DERIVED_PHYSICS_IMO_GHG2020_SEED42
V068,container_ship,37761,19.4,51.0,761,Methanol,1.98,R049,Tuticorin,Port_Blair,635.1916,39.23,222.3171,36.6569,sea_passage,DERIVED_PHYSICS_IMO_GHG2020_SEED42
V005,bulk_carrier,47170,10.7,73.5,521,LNG,0.56,R060,Kandla,Mormugao,61.264,48.69,33.6952,9.4959,sea_passage,DERIVED_PHYSICS_IMO_GHG2020_SEED42
V124,general_cargo,16581,11.4,50.9,1190,MGO,3.25,R005,JNPA,Chennai,105.8332,104.39,71.9666,16.9465,sea_passage,DERIVED_PHYSICS_IMO_GHG2020_SEED42
V119,general_cargo,18455,11.8,81.3,313,HFO,1.62,R039,Visakhapatnam,Paradip,33.8184,26.53,17.5856,5.0234,sea_passage,DERIVED_PHYSICS_IMO_GHG2020_SEED42
V108,general_cargo,7216,12.1,95.9,692,MGO,1.93,R035,Chennai,Paradip,38.3878,57.19,26.1037,6.1468,sea_passage,DERIVED_PHYSICS_IMO_GHG2020_SEED42
V033,bulk_carrier,40297,10.5,71.7,370,MGO,3.07,R029,Chennai,Tuticorin,56.6225,35.24,38.5033,9.0667,coastal,DERIVED_PHYSICS_IMO_GHG2020_SEED42
V137,ro_ro,6851,16.9,50.6,370,HFO,2.22,R029,Chennai,Tuticorin,41.2245,21.89,21.4367,6.1234,sea_passage,DERIVED_PHYSICS_IMO_GHG2020_SEED42
V110,general_cargo,16704,10.4,50.6,1181,HFO,1.11,R016,Chennai,Mumbai,78.1007,113.56,40.6124,11.601,sea_passage,DERIVED_PHYSICS_IMO_GHG2020_SEED42
V091,tanker,39649,12.4,60.0,297,HFO,1.98,R007,JNPA,Kandla,59.6035,23.95,30.9938,8.8534,sea_passage,DERIVED_PHYSICS_IMO_GHG2020_SEED42
V048,container_ship,21724,18.3,77.1,422,MGO,1.05,R054,Mormugao,Kochi,117.0968,23.06,79.6258,18.7501,sea_passage,DERIVED_PHYSICS_IMO_GHG2020_SEED42
V124,general_cargo,16581,14.6,92.4,290,HFO,1.59,R008,Kandla,JNPA,44.8613,19.86,23.3279,6.6637,river_mouth,DERIVED_PHYSICS_IMO_GHG2020_SEED42
V042,bulk_carrier,48674,11.5,99.7,507,MGO,2.74,R019,Mumbai,New_Mangalore,110.5957,44.09,75.2051,17.7091,sea_passage,DERIVED_PHYSICS_IMO_GHG2020_SEED42
V014,bulk_carrier,44373,13.0,65.3,406,LNG,2.46,R032,Visakhapatnam,Chennai,79.9749,31.23,43.9862,12.3961,coastal,DERIVED_PHYSICS_IMO_GHG2020_SEED42
V032,bulk_carrier,70130,13.3,53.2,850,HFO,1.38,R014,Kochi,Mumbai,245.56,63.91,127.6912,36.4752,coastal,DERIVED_PHYSICS_IMO_GHG2020_SEED42
V093,tanker,39701,13.5,90.4,313,LNG,1.69,R039,Visakhapatnam,Paradip,62.9198,23.19,34.6059,9.7526,coastal,DERIVED_PHYSICS_IMO_GHG2020_SEED42
V058,container_ship,36763,21.0,90.4,358,LNG,1.55,R011,JNPA,Mormugao,155.5926,17.05,85.5759,24.1169,sea_passage,DERIVED_PHYSICS_IMO_GHG2020_SEED42
V076,tanker,28632,12.6,87.1,507,MGO,1.2,R019,Mumbai,New_Mangalore,75.7016,40.24,51.4771,12.1217,sea_passage,DERIVED_PHYSICS_IMO_GHG2020_SEED42
V021,bulk_carrier,35729,11.6,78.8,528,MGO,2.48,R010,New_Mangalore,JNPA,91.2936,45.52,62.0797,14.6184,sea_passage,DERIVED_PHYSICS_IMO_GHG2020_SEED42
V141,passenger,3808,18.4,76.1,859,LNG,3.11,R013,Mumbai,Kochi,68.027,46.68,37.4149,10.5442,river_mouth,DERIVED_PHYSICS_IMO_GHG2020_SEED42
V136,ro_ro,4206,13.4,86.8,856,MGO,2.57,R038,Kolkata_SMPK,Chennai,48.2243,63.88,32.7925,7.7219,sea_passage,DERIVED_PHYSICS_IMO_GHG2020_SEED42
V133,ro_ro,11514,17.1,75.0,183,MGO,1.98,R026,Tuticorin,Kochi,28.6037,10.7,19.4505,4.5802,sea_passage,DERIVED_PHYSICS_IMO_GHG2020_SEED42
V125,general_cargo,5602,13.0,65.8,870,HFO,1.56,R004,Kochi,JNPA,51.0815,66.92,26.5624,7.5876,sea_passage,DERIVED_PHYSICS_IMO_GHG2020_SEED42
V072,tanker,45552,16.0,78.1,290,LNG,1.18,R046,JNPA,Kandla,88.6456,18.12,48.7551,13.7401,sea_passage,DERIVED_PHYSICS_IMO_GHG2020_SEED42
V101,tanker,56969,12.6,98.7,495,LNG,0.55,R042,Kolkata_SMPK,Visakhapatnam,102.1606,39.29,56.1883,15.8349,sea_passage,DERIVED_PHYSICS_IMO_GHG2020_SEED42
V133,ro_ro,11514,16.5,73.2,700,MGO,1.15,R036,Paradip,Chennai,87.2891,42.42,59.3566,13.9772,sea_passage,DERIVED_PHYSICS_IMO_GHG2020_SEED42
V061,container_ship,33687,19.5,58.6,290,LNG,1.89,R046,JNPA,Kandla,87.0598,14.87,47.8829,13.4943,sea_passage,DERIVED_PHYSICS_IMO_GHG2020_SEED42
V010,bulk_carrier,41291,13.9,62.2,422,MGO,2.7,R054,Mormugao,Kochi,94.8304,30.36,64.4847,15.1847,coastal,DERIVED_PHYSICS_IMO_GHG2020_SEED42
V015,bulk_carrier,31987,9.8,69.7,521,HFO,3.39,R060,Kandla,Mormugao,60.3367,53.16,31.3751,8.9624,sea_passage,DERIVED_PHYSICS_IMO_GHG2020_SEED42
V055,container_ship,17711,16.5,63.7,345,HFO,1.99,R028,New_Mangalore,Kochi,69.0411,20.91,35.9014,10.2553,river_mouth,DERIVED_PHYSICS_IMO_GHG2020_SEED42
V138,ro_ro,6679,15.2,72.3,396,HFO,2.11,R031,Chennai,Visakhapatnam,33.1255,26.05,17.2252,4.9204,sea_passage,DERIVED_PHYSICS_IMO_GHG2020_SEED42
V093,tanker,39701,14.2,66.3,856,MGO,1.73,R038,Kolkata_SMPK,Chennai,185.3989,60.28,126.0713,29.687,sea_passage,DERIVED_PHYSICS_IMO_GHG2020_SEED42
V065,container_ship,18598,19.3,93.8,169,Methanol,1.99,R055,New_Mangalore,Mormugao,104.4868,8.76,36.5704,6.0299,coastal,DERIVED_PHYSICS_IMO_GHG2020_SEED42
V128,general_cargo,15648,15.7,74.7,876,HFO,1.44,R003,JNPA,Kochi,146.0297,55.8,75.9355,21.6911,coastal,DERIVED_PHYSICS_IMO_GHG2020_SEED42
V112,general_cargo,17758,15.1,72.9,521,MGO,2.44,R060,Kandla,Mormugao,91.5683,34.5,62.2664,14.6624,sea_passage,DERIVED_PHYSICS_IMO_GHG2020_SEED42
V080,tanker,50271,11.6,75.5,24,LNG,1.49,R001,JNPA,Mumbai,3.8696,2.07,2.1283,0.5998,sea_passage,DERIVED_PHYSICS_IMO_GHG2020_SEED42
V092,tanker,76931,12.7,83.7,507,HFO,0.9,R019,Mumbai,New_Mangalore,156.4218,39.92,81.3394,23.2347,river_mouth,DERIVED_PHYSICS_IMO_GHG2020_SEED42
V123,general_cargo,17741,10.0,81.9,528,MGO,1.49,R010,New_Mangalore,JNPA,37.2316,52.8,25.3175,5.9617,coastal,DERIVED_PHYSICS_IMO_GHG2020_SEED42
V021,bulk_carrier,35729,12.4,75.9,495,HFO,3.14,R042,Kolkata_SMPK,Visakhapatnam,113.2507,39.92,58.8904,16.8221,sea_passage,DERIVED_PHYSICS_IMO_GHG2020_SEED42
V008,bulk_carrier,34731,9.9,99.0,276,LNG,2.65,R047,Kandla,Mumbai,31.7219,27.88,17.447,4.9169,sea_passage,DERIVED_PHYSICS_IMO_GHG2020_SEED42
V039,bulk_carrier,42343,11.2,84.2,290,HFO,1.42,R008,Kandla,JNPA,47.6618,25.89,24.7842,7.0796,sea_passage,DERIVED_PHYSICS_IMO_GHG2020_SEED42
V139,passenger,2268,18.9,94.2,521,Hydrogen,1.24,R060,Kandla,Mormugao,11.6725,27.57,37.352,0.8404,coastal,DERIVED_PHYSICS_IMO_GHG2020_SEED42
V039,bulk_carrier,42343,13.5,81.9,217,MGO,2.41,R043,Paradip,Kolkata_SMPK,52.4909,16.07,35.6938,8.4051,sea_passage,DERIVED_PHYSICS_IMO_GHG2020_SEED42
V072,tanker,45552,13.5,86.4,542,HFO,1.87,R024,Chennai,Kochi,153.446,40.15,79.7919,22.7927,sea_passage,DERIVED_PHYSICS_IMO_GHG2020_SEED42
V139,passenger,2268,15.8,98.1,297,MGO,1.43,R007,JNPA,Kandla,12.3346,18.8,8.3875,1.9751,sea_passage,DERIVED_PHYSICS_IMO_GHG2020_SEED42
V075,tanker,55666,11.8,51.5,411,HFO,2.83,R058,Visakhapatnam,Kamarajar,85.9322,34.83,44.6847,12.7643,sea_passage,DERIVED_PHYSICS_IMO_GHG2020_SEED42
V125,general_cargo,5602,11.2,98.1,183,HFO,1.21,R026,Tuticorin,Kochi,8.4899,16.34,4.4148,1.2611,sea_passage,DERIVED_PHYSICS_IMO_GHG2020_SEED42
V099,tanker,55620,14.3,62.0,348,HFO,3.11,R027,Kochi,New_Mangalore,119.1847,24.34,61.976,17.7036,sea_passage,DERIVED_PHYSICS_IMO_GHG2020_SEED42
V070,container_ship,16607,18.9,83.9,183,HFO,2.69,R026,Tuticorin,Kochi,52.0943,9.68,27.089,7.738,coastal,DERIVED_PHYSICS_IMO_GHG2020_SEED42
V136,ro_ro,4206,14.6,73.3,505,LNG,1.71,R020,New_Mangalore,Mumbai,22.7427,34.59,12.5085,3.5251,sea_passage,DERIVED_PHYSICS_IMO_GHG2020_SEED42
V053,container_ship,27197,15.4,55.6,277,LNG,2.96,R018,Kandla,Mumbai,54.9207,17.99,30.2064,8.5127,sea_passage,DERIVED_PHYSICS_IMO_GHG2020_SEED42
V115,general_cargo,11634,13.6,92.8,370,HFO,0.39,R029,Chennai,Tuticorin,35.725,27.21,18.577,5.3066,sea_passage,DERIVED_PHYSICS_IMO_GHG2020_SEED42
V104,tanker,27184,12.8,81.7,700,LNG,2.47,R036,Paradip,Chennai,101.045,54.69,55.5748,15.662,river_mouth,DERIVED_PHYSICS_IMO_GHG2020_SEED42
V001,bulk_carrier,63697,14.0,90.7,313,LNG,1.38,R039,Visakhapatnam,Paradip,92.7125,22.36,50.9919,14.3704,sea_passage,DERIVED_PHYSICS_IMO_GHG2020_SEED42
V070,container_ship,16607,15.3,99.6,370,LNG,1.67,R029,Chennai,Tuticorin,57.315,24.18,31.5232,8.8838,river_mouth,DERIVED_PHYSICS_IMO_GHG2020_SEED42
V074,tanker,68994,10.5,53.9,1181,LNG,1.97,R016,Chennai,Mumbai,187.4436,112.48,103.094,29.0538,sea_passage,DERIVED_PHYSICS_IMO_GHG2020_SEED42
V043,container_ship,27264,19.2,66.4,797,MGO,2.15,R051,Chennai,Port_Blair,269.4835,41.51,183.2488,43.151,sea_passage,DERIVED_PHYSICS_IMO_GHG2020_SEED42
V080,tanker,50271,14.1,66.9,24,MGO,1.3,R001,JNPA,Mumbai,5.8438,1.7,3.9738,0.9357,sea_passage,DERIVED_PHYSICS_IMO_GHG2020_SEED42
V049,container_ship,19734,20.6,56.9,411,LNG,1.02,R058,Visakhapatnam,Kamarajar,101.421,19.95,55.7816,15.7203,coastal,DERIVED_PHYSICS_IMO_GHG2020_SEED42
V109,general_cargo,10749,13.3,79.1,692,HFO,1.57,R035,Chennai,Paradip,68.1524,52.03,35.4392,10.1233,sea_passage,DERIVED_PHYSICS_IMO_GHG2020_SEED42
V015,bulk_carrier,31987,11.4,67.9,406,MGO,0.74,R032,Visakhapatnam,Chennai,48.7188,35.61,33.1288,7.8011,coastal,DERIVED_PHYSICS_IMO_GHG2020_SEED42
V050,container_ship,17470,23.9,58.5,183,MGO,0.61,R026,Tuticorin,Kochi,62.8197,7.66,42.7174,10.059,river_mouth,DERIVED_PHYSICS_IMO_GHG2020_SEED42
V126,general_cargo,16177,11.3,89.3,406,HFO,2.36,R032,Visakhapatnam,Chennai,40.2774,35.93,20.9442,5.9828,sea_passage,DERIVED_PHYSICS_IMO_GHG2020_SEED42
V083,tanker,42416,14.3,69.7,411,MGO,2.01,R058,Visakhapatnam,Kamarajar,112.4885,28.74,76.4922,18.0122,coastal,DERIVED_PHYSICS_IMO_GHG2020_SEED42
V057,container_ship,30177,21.7,76.5,313,HFO,1.89,R039,Visakhapatnam,Paradip,169.6167,14.42,88.2007,25.1947,sea_passage,DERIVED_PHYSICS_IMO_GHG2020_SEED42
V050,container_ship,17470,22.1,52.2,1190,MGO,0.3,R005,JNPA,Chennai,323.3545,53.85,219.881,51.7771,sea_passage,DERIVED_PHYSICS_IMO_GHG2020_SEED42
V138,ro_ro,6679,15.6,84.1,788,HFO,1.65,R052,Port_Blair,Chennai,74.9217,50.51,38.9593,11.1288,sea_passage,DERIVED_PHYSICS_IMO_GHG2020_SEED42
V119,general_cargo,18455,12.0,91.0,856,MGO,2.94,R038,Kolkata_SMPK,Chennai,114.1936,71.33,77.6517,18.2853,coastal,DERIVED_PHYSICS_IMO_GHG2020_SEED42
V150,ferry,884,16.8,79.8,518,Hydrogen,2.63,R009,JNPA,New_Mangalore,5.5968,30.83,17.9097,0.403,sea_passage,DERIVED_PHYSICS_IMO_GHG2020_SEED42
V102,tanker,47959,13.3,52.6,217,MGO,1.6,R043,Paradip,Kolkata_SMPK,48.5362,16.32,33.0046,7.7719,sea_passage,DERIVED_PHYSICS_IMO_GHG2020_SEED42
V149,ferry,536,18.3,75.3,297,Shore_Power,1.87,R007,JNPA,Kandla,81.8873,16.23,9.8265,0.2417,sea_passage,DERIVED_PHYSICS_IMO_GHG2020_SEED42
V017,bulk_carrier,47945,12.0,82.3,348,HFO,0.7,R027,Kochi,New_Mangalore,70.1466,29.0,36.4762,10.4195,sea_passage,DERIVED_PHYSICS_IMO_GHG2020_SEED42
V117,general_cargo,9258,11.9,69.7,311,HFO,0.61,R040,Paradip,Visakhapatnam,19.5734,26.13,10.1781,2.9074,river_mouth,DERIVED_PHYSICS_IMO_GHG2020_SEED42
V023,bulk_carrier,58095,13.8,81.1,359,MGO,3.2,R012,Mormugao,JNPA,126.1857,26.01,85.8063,20.2055,sea_passage,DERIVED_PHYSICS_IMO_GHG2020_SEED42
V149,ferry,536,15.8,69.8,528,Hydrogen,1.39,R010,New_Mangalore,JNPA,2.9962,33.42,9.5879,0.2157,sea_passage,DERIVED_PHYSICS_IMO_GHG2020_SEED42
V093,tanker,39701,10.6,89.6,290,MGO,1.56,R008,Kandla,JNPA,40.452,27.36,27.5074,6.4774,coastal,DERIVED_PHYSICS_IMO_GHG2020_SEED42
V149,ferry,536,17.6,86.2,495,Shore_Power,3.11,R042,Kolkata_SMPK,Visakhapatnam,152.4776,28.12,18.2973,0.4501,sea_passage,DERIVED_PHYSICS_IMO_GHG2020_SEED42
V004,bulk_carrier,71338,10.7,97.3,311,HFO,2.88,R040,Paradip,Visakhapatnam,75.9293,29.07,39.4832,11.2785,sea_passage,DERIVED_PHYSICS_IMO_GHG2020_SEED42
V098,tanker,28244,17.2,61.0,364,HFO,0.35,R030,Tuticorin,Chennai,88.6409,21.16,46.0933,13.1666,coastal,DERIVED_PHYSICS_IMO_GHG2020_SEED42
V020,bulk_carrier,40197,10.5,58.0,176,LNG,2.23,R056,Mormugao,New_Mangalore,19.2206,16.76,10.5713,2.9792,sea_passage,DERIVED_PHYSICS_IMO_GHG2020_SEED42
V111,general_cargo,19799,14.5,73.7,370,HFO,2.56,R029,Chennai,Tuticorin,67.924,25.52,35.3205,10.0894,sea_passage,DERIVED_PHYSICS_IMO_GHG2020_SEED42
V133,ro_ro,11514,13.7,87.3,345,MGO,2.35,R028,New_Mangalore,Kochi,38.2032,25.18,25.9782,6.1173,river_mouth,DERIVED_PHYSICS_IMO_GHG2020_SEED42
V104,tanker,27184,13.3,56.3,518,HFO,0.82,R009,JNPA,New_Mangalore,80.8477,38.95,42.0408,12.009,sea_passage,DERIVED_PHYSICS_IMO_GHG2020_SEED42
V035,bulk_carrier,56365,13.2,53.3,189,MGO,1.72,R025,Kochi,Tuticorin,48.8928,14.32,33.2471,7.829,sea_passage,DERIVED_PHYSICS_IMO_GHG2020_SEED42
V139,passenger,2268,14.5,91.6,347,Hydrogen,2.61,R022,Mormugao,Mumbai,5.2518,23.93,16.8058,0.3781,sea_passage,DERIVED_PHYSICS_IMO_GHG2020_SEED42
V073,tanker,47233,13.7,68.7,856,MGO,1.51,R038,Kolkata_SMPK,Chennai,232.758,62.48,158.2754,37.2704,coastal,DERIVED_PHYSICS_IMO_GHG2020_SEED42
V141,passenger,3808,24.5,70.3,276,LNG,2.17,R047,Kandla,Mumbai,35.0884,11.27,19.2986,5.4387,sea_passage,DERIVED_PHYSICS_IMO_GHG2020_SEED42
V019,bulk_carrier,63249,14.4,69.5,24,MGO,2.16,R001,JNPA,Mumbai,8.7758,1.67,5.9675,1.4052,coastal,DERIVED_PHYSICS_IMO_GHG2020_SEED42
V103,tanker,67954,11.5,80.9,518,HFO,1.89,R009,JNPA,New_Mangalore,128.1038,45.04,66.614,19.0284,sea_passage,DERIVED_PHYSICS_IMO_GHG2020_SEED42
V053,container_ship,27197,18.0,97.1,850,MGO,1.44,R014,Kochi,Mumbai,266.7634,47.22,181.3991,42.7155,sea_passage,DERIVED_PHYSICS_IMO_GHG2020_SEED42
V001,bulk_carrier,63697,14.4,92.5,422,MGO,3.36,R054,Mormugao,Kochi,197.986,29.31,134.6305,31.7025,sea_passage,DERIVED_PHYSICS_IMO_GHG2020_SEED42
V103,tanker,67954,12.5,67.4,290,LNG,0.56,R046,JNPA,Kandla,57.9888,23.2,31.8938,8.9883,sea_passage,DERIVED_PHYSICS_IMO_GHG2020_SEED42
V007,bulk_carrier,42726,16.3,86.2,229,MGO,2.73,R044,Kolkata_SMPK,Paradip,86.2279,14.05,58.635,13.8072,coastal,DERIVED_PHYSICS_IMO_GHG2020_SEED42
V068,container_ship,37761,14.2,69.7,183,LNG,0.72,R026,Tuticorin,Kochi,33.6383,12.89,18.5011,5.2139,coastal,DERIVED_PHYSICS_IMO_GHG2020_SEED42
V076,tanker,28632,13.4,80.6,183,MGO,1.46,R026,Tuticorin,Kochi,32.0274,13.66,21.7787,5.1284,sea_passage,DERIVED_PHYSICS_IMO_GHG2020_SEED42
V047,container_ship,41892,17.3,57.5,542,MGO,1.94,R024,Chennai,Kochi,190.0213,31.33,129.2145,30.4272,sea_passage,DERIVED_PHYSICS_IMO_GHG2020_SEED42
V058,container_ship,36763,17.3,52.9,856,Methanol,1.37,R038,Kolkata_SMPK,Chennai,516.628,49.48,180.8198,29.8146,sea_passage,DERIVED_PHYSICS_IMO_GHG2020_SEED42
V044,container_ship,41157,12.8,97.3,422,Methanol,3.1,R054,Mormugao,Kochi,198.9163,32.97,69.6207,11.4795,sea_passage,DERIVED_PHYSICS_IMO_GHG2020_SEED42
V128,general_cargo,15648,16.5,67.8,406,HFO,0.61,R032,Visakhapatnam,Chennai,74.4374,24.61,38.7075,11.0569,coastal,DERIVED_PHYSICS_IMO_GHG2020_SEED42
V109,general_cargo,10749,12.1,70.8,491,MGO,1.16,R041,Visakhapatnam,Kolkata_SMPK,32.7856,40.58,22.2942,5.2498,coastal,DERIVED_PHYSICS_IMO_GHG2020_SEED42
V137,ro_ro,6851,19.0,84.6,1181,HFO,2.5,R016,Chennai,Mumbai,190.1487,62.16,98.8773,28.2445,sea_passage,DERIVED_PHYSICS_IMO_GHG2020_SEED42
V096,tanker,71643,10.0,57.1,364,HFO,0.7,R030,Tuticorin,Chennai,60.9417,36.4,31.6897,9.0522,sea_passage,DERIVED_PHYSICS_IMO_GHG2020_SEED42
V080,tanker,50271,16.3,56.1,349,LNG,1.53,R021,Mumbai,Mormugao,100.5664,21.41,55.3115,15.5878,sea_passage,DERIVED_PHYSICS_IMO_GHG2020_SEED42
V055,container_ship,17711,18.3,97.3,189,LNG,1.61,R025,Kochi,Tuticorin,40.4423,10.33,22.2433,6.2686,coastal,DERIVED_PHYSICS_IMO_GHG2020_SEED42
V130,general_cargo,15643,12.7,50.8,277,HFO,1.83,R018,Kandla,Mumbai,28.1399,21.81,14.6328,4.1799,sea_passage,DERIVED_PHYSICS_IMO_GHG2020_SEED42
V091,tanker,39649,12.1,70.5,286,MGO,2.33,R045,Kandla,JNPA,50.1975,23.64,34.1343,8.0379,sea_passage,DERIVED_PHYSICS_IMO_GHG2020_SEED42
V094,tanker,68263,12.5,84.3,286,HFO,0.3,R045,Kandla,JNPA,82.9811,22.88,43.1502,12.3259,sea_passage,DERIVED_PHYSICS_IMO_GHG2020_SEED42
V033,bulk_carrier,40297,13.8,75.5,396,LNG,2.37,R031,Chennai,Visakhapatnam,82.5026,28.7,45.3765,12.7879,sea_passage,DERIVED_PHYSICS_IMO_GHG2020_SEED42
V034,bulk_carrier,62925,12.3,96.3,364,MGO,2.98,R030,Tuticorin,Chennai,96.1344,29.59,65.3714,15.3935,sea_passage,DERIVED_PHYSICS_IMO_GHG2020_SEED42
V054,container_ship,21825,16.8,84.9,1179,HFO,1.21,R015,Mumbai,Chennai,281.987,70.18,146.6333,41.8861,coastal,DERIVED_PHYSICS_IMO_GHG2020_SEED42
V090,tanker,33954,13.1,98.2,345,HFO,1.6,R028,New_Mangalore,Kochi,79.7113,26.34,41.4499,11.8402,sea_passage,DERIVED_PHYSICS_IMO_GHG2020_SEED42
V083,tanker,42416,12.3,53.7,870,LNG,1.3,R004,Kochi,JNPA,129.946,70.73,71.4703,20.1416,coastal,DERIVED_PHYSICS_IMO_GHG2020_SEED42
V127,general_cargo,7328,11.7,72.9,761,HFO,2.45,R049,Tuticorin,Port_Blair,45.4706,65.04,23.6447,6.7542,sea_passage,DERIVED_PHYSICS_IMO_GHG2020_SEED42
V023,bulk_carrier,58095,12.8,74.1,22,LNG,2.98,R002,Mumbai,JNPA,5.521,1.72,3.0366,0.8558,coastal,DERIVED_PHYSICS_IMO_GHG2020_SEED42
V023,bulk_carrier,58095,12.0,80.6,313,LNG,1.99,R039,Visakhapatnam,Paradip,64.52,26.08,35.486,10.0006,sea_passage,DERIVED_PHYSICS_IMO_GHG2020_SEED42
V073,tanker,47233,11.3,94.5,276,MGO,3.47,R047,Kandla,Mumbai,60.5896,24.42,41.2009,9.7019,sea_passage,DERIVED_PHYSICS_IMO_GHG2020_SEED42
V139,passenger,2268,19.0,58.6,521,Hydrogen,2.77,R060,Kandla,Mormugao,12.5706,27.42,40.2258,0.9051,sea_passage,DERIVED_PHYSICS_IMO_GHG2020_SEED42
V001,bulk_carrier,63697,11.1,96.0,757,LNG,0.86,R050,Port_Blair,Tuticorin,137.7896,68.2,75.7843,21.3574,sea_passage,DERIVED_PHYSICS_IMO_GHG2020_SEED42
V050,container_ship,17470,24.3,69.5,538,MGO,2.77,R023,Kochi,Chennai,235.5422,22.14,160.1687,37.7162,coastal,DERIVED_PHYSICS_IMO_GHG2020_SEED42
V114,general_cargo,17380,13.4,81.9,22,HFO,3.31,R002,Mumbai,JNPA,3.5444,1.64,1.8431,0.5265,coastal,DERIVED_PHYSICS_IMO_GHG2020_SEED42
V019,bulk_carrier,63249,13.8,63.4,347,LNG,3.25,R022,Mormugao,Mumbai,101.0214,25.14,55.5618,15.6583,coastal,DERIVED_PHYSICS_IMO_GHG2020_SEED42
V088,tanker,47767,14.4,65.7,358,HFO,3.39,R011,JNPA,Mormugao,124.3049,24.86,64.6385,18.4641,sea_passage,DERIVED_PHYSICS_IMO_GHG2020_SEED42
V130,general_cargo,15643,9.4,85.9,507,HFO,1.46,R019,Mumbai,New_Mangalore,34.4069,53.94,17.8916,5.1108,coastal,DERIVED_PHYSICS_IMO_GHG2020_SEED42
V006,bulk_carrier,66381,14.3,84.1,22,LNG,1.67,R002,Mumbai,JNPA,6.9779,1.54,3.8378,1.0816,sea_passage,DERIVED_PHYSICS_IMO_GHG2020_SEED42
V114,general_cargo,17380,9.5,75.9,788,HFO,2.03,R052,Port_Blair,Chennai,57.2427,82.95,29.7662,8.5028,river_mouth,DERIVED_PHYSICS_IMO_GHG2020_SEED42
V012,bulk_carrier,58490,13.7,90.0,1196,LNG,2.73,R006,Chennai,JNPA,354.2715,87.3,194.8493,54.9121,sea_passage,DERIVED_PHYSICS_IMO_GHG2020_SEED42
V050,container_ship,17470,23.5,87.2,761,HFO,2.97,R049,Tuticorin,Port_Blair,399.6372,32.38,207.8113,59.3617,sea_passage,DERIVED_PHYSICS_IMO_GHG2020_SEED42
V138,ro_ro,6679,16.0,87.6,286,LNG,0.86,R045,Kandla,JNPA,21.1348,17.88,11.6241,3.2759,sea_passage,DERIVED_PHYSICS_IMO_GHG2020_SEED42
V017,bulk_carrier,47945,10.8,62.0,229,MGO,0.53,R044,Kolkata_SMPK,Paradip,29.3759,21.2,19.9756,4.7038,sea_passage,DERIVED_PHYSICS_IMO_GHG2020_SEED42
V105,tanker,59471,12.1,54.2,18,LNG,2.73,R033,Chennai,Kamarajar,3.538,1.49,1.9459,0.5484,sea_passage,DERIVED_PHYSICS_IMO_GHG2020_SEED42
V010,bulk_carrier,41291,11.7,98.5,538,LNG,1.49,R023,Kochi,Chennai,86.3118,45.98,47.4715,13.3783,sea_passage,DERIVED_PHYSICS_IMO_GHG2020_SEED42
V042,bulk_carrier,48674,9.9,88.7,22,MGO,2.02,R002,Mumbai,JNPA,3.356,2.22,2.2821,0.5374,river_mouth,DERIVED_PHYSICS_IMO_GHG2020_SEED42
V083,tanker,42416,13.2,55.9,521,HFO,2.6,R060,Kandla,Mormugao,116.972,39.47,60.8254,17.3749,sea_passage,DERIVED_PHYSICS_IMO_GHG2020_SEED42
V124,general_cargo,16581,12.8,65.7,176,HFO,2.14,R056,Mormugao,New_Mangalore,20.562,13.75,10.6922,3.0543,sea_passage,DERIVED_PHYSICS_IMO_GHG2020_SEED42
V099,tanker,55620,14.1,62.7,876,LNG,0.43,R003,JNPA,Kochi,177.0694,62.13,97.3882,27.4458,sea_passage,DERIVED_PHYSICS_IMO_GHG2020_SEED42
V053,container_ship,27197,19.4,55.6,761,Methanol,0.79,R049,Tuticorin,Port_Blair,490.0536,39.23,171.5188,28.281,sea_passage,DERIVED_PHYSICS_IMO_GHG2020_SEED42
V141,passenger,3808,25.0,83.6,169,LNG,1.99,R055,New_Mangalore,Mormugao,24.321,6.76,13.3766,3.7698,sea_passage,DERIVED_PHYSICS_IMO_GHG2020_SEED42
V140,passenger,1902,17.1,88.4,491,Hydrogen,2.95,R041,Visakhapatnam,Kolkata_SMPK,10.1654,28.71,32.5293,0.7319,sea_passage,DERIVED_PHYSICS_IMO_GHG2020_SEED42
V042,bulk_carrier,48674,12.6,86.2,542,LNG,0.34,R024,Chennai,Kochi,93.6843,43.02,51.5264,14.5211,sea_passage,DERIVED_PHYSICS_IMO_GHG2020_SEED42
V120,general_cargo,16651,9.3,61.9,348,HFO,2.51,R027,Kochi,New_Mangalore,22.23,37.42,11.5596,3.302,sea_passage,DERIVED_PHYSICS_IMO_GHG2020_SEED42
V044,container_ship,41157,12.0,91.3,761,Methanol,0.42,R049,Tuticorin,Port_Blair,275.7228,63.42,96.503,15.912,sea_passage,DERIVED_PHYSICS_IMO_GHG2020_SEED42
V148,ferry,932,13.7,65.0,290,LNG,3.36,R008,Kandla,JNPA,5.0161,21.17,2.7588,0.7775,river_mouth,DERIVED_PHYSICS_IMO_GHG2020_SEED42
V073,tanker,47233,13.4,91.5,364,MGO,3.39,R030,Tuticorin,Chennai,114.0347,27.16,77.5436,18.2598,river_mouth,DERIVED_PHYSICS_IMO_GHG2020_SEED42
V022,bulk_carrier,27915,9.7,74.5,850,HFO,1.75,R014,Kochi,Mumbai,83.7287,87.63,43.5389,12.437,sea_passage,DERIVED_PHYSICS_IMO_GHG2020_SEED42
V102,tanker,47959,13.4,93.5,18,HFO,1.41,R033,Chennai,Kamarajar,4.7612,1.34,2.4758,0.7072,coastal,DERIVED_PHYSICS_IMO_GHG2020_SEED42
V025,bulk_carrier,26135,12.3,65.5,370,MGO,0.32,R029,Chennai,Tuticorin,41.709,30.08,28.3621,6.6787,sea_passage,DERIVED_PHYSICS_IMO_GHG2020_SEED42
V120,general_cargo,16651,12.0,66.1,217,MGO,1.66,R043,Paradip,Kolkata_SMPK,18.8567,18.08,12.8225,3.0194,sea_passage,DERIVED_PHYSICS_IMO_GHG2020_SEED42
V055,container_ship,17711,22.7,51.0,419,LNG,1.18,R053,Kochi,Mormugao,113.33,18.46,62.3315,17.5661,sea_passage,DERIVED_PHYSICS_IMO_GHG2020_SEED42
V030,bulk_carrier,38293,14.6,69.1,396,HFO,1.55,R031,Chennai,Visakhapatnam,111.2604,27.12,57.8554,16.5265,coastal,DERIVED_PHYSICS_IMO_GHG2020_SEED42
V054,container_ship,21825,17.3,67.9,518,MGO,1.47,R009,JNPA,New_Mangalore,126.3908,29.94,85.9457,20.2383,sea_passage,DERIVED_PHYSICS_IMO_GHG2020_SEED42
V056,container_ship,38751,15.8,95.2,347,HFO,3.01,R022,Mormugao,Mumbai,131.6957,21.96,68.4818,19.562,coastal,DERIVED_PHYSICS_IMO_GHG2020_SEED42
V100,tanker,35203,15.0,58.5,495,HFO,0.45,R042,Kolkata_SMPK,Visakhapatnam,109.8996,33.0,57.1478,16.3244,sea_passage,DERIVED_PHYSICS_IMO_GHG2020_SEED42
V007,bulk_carrier,42726,15.2,55.1,370,MGO,0.33,R029,Chennai,Tuticorin,91.6351,24.34,62.3119,14.6731,sea_passage,DERIVED_PHYSICS_IMO_GHG2020_SEED42
V128,general_cargo,15648,12.5,56.2,276,MGO,0.37,R048,Mumbai,Kandla,22.347,22.08,15.1959,3.5783,sea_passage,DERIVED_PHYSICS_IMO_GHG2020_SEED42
V029,bulk_carrier,30900,15.3,53.6,528,LNG,3.25,R010,New_Mangalore,JNPA,113.6138,34.51,62.4876,17.6101,sea_passage,DERIVED_PHYSICS_IMO_GHG2020_SEED42
V051,container_ship,9661,14.3,67.7,22,Methanol,1.97,R002,Mumbai,JNPA,4.2267,1.54,1.4793,0.2439,sea_passage,DERIVED_PHYSICS_IMO_GHG2020_SEED42
V051,container_ship,9661,15.5,99.1,348,HFO,1.17,R027,Kochi,New_Mangalore,43.2573,22.45,22.4938,6.4254,sea_passage,DERIVED_PHYSICS_IMO_GHG2020_SEED42
V126,general_cargo,16177,12.3,81.2,347,HFO,2.23,R022,Mormugao,Mumbai,36.2367,28.21,18.8431,5.3826,sea_passage,DERIVED_PHYSICS_IMO_GHG2020_SEED42
V084,tanker,23117,12.0,89.5,757,HFO,0.99,R050,Port_Blair,Tuticorin,93.2635,63.08,48.497,13.8533,sea_passage,DERIVED_PHYSICS_IMO_GHG2020_SEED42
V116,general_cargo,6658,12.1,95.1,290,MGO,1.33,R008,Kandla,JNPA,16.8362,23.97,11.4486,2.6959,sea_passage,DERIVED_PHYSICS_IMO_GHG2020_SEED42
V009,bulk_carrier,32714,14.0,68.8,1190,LNG,2.98,R005,JNPA,Chennai,248.2807,85.0,136.5544,38.4835,coastal,DERIVED_PHYSICS_IMO_GHG2020_SEED42
V076,tanker,28632,15.1,62.5,761,HFO,1.13,R049,Tuticorin,Port_Blair,155.1573,50.4,80.6818,23.0469,river_mouth,DERIVED_PHYSICS_IMO_GHG2020_SEED42
V052,container_ship,35698,17.3,60.2,406,Methanol,0.64,R032,Visakhapatnam,Chennai,263.7922,23.47,92.3273,15.2234,sea_passage,DERIVED_PHYSICS_IMO_GHG2020_SEED42
V076,tanker,28632,12.2,94.1,277,HFO,3.41,R018,Kandla,Mumbai,54.657,22.7,28.4216,8.1187,sea_passage,DERIVED_PHYSICS_IMO_GHG2020_SEED42
V138,ro_ro,6679,15.3,60.3,856,LNG,2.64,R038,Kolkata_SMPK,Chennai,68.8421,55.95,37.8632,10.6705,sea_passage,DERIVED_PHYSICS_IMO_GHG2020_SEED42
V058,container_ship,36763,19.2,57.8,359,LNG,3.44,R012,Mormugao,JNPA,135.5773,18.7,74.5675,21.0145,sea_passage,DERIVED_PHYSICS_IMO_GHG2020_SEED42
V007,bulk_carrier,42726,12.5,66.0,521,LNG,1.69,R060,Kandla,Mormugao,77.7979,41.68,42.7888,12.0587,sea_passage,DERIVED_PHYSICS_IMO_GHG2020_SEED42
V006,bulk_carrier,66381,10.2,69.2,419,MGO,3.32,R057,Kamarajar,Visakhapatnam,85.8716,41.08,58.3927,13.7502,coastal,DERIVED_PHYSICS_IMO_GHG2020_SEED42
V147,ferry,2604,11.6,74.4,1179,Hydrogen,3.0,R015,Mumbai,Chennai,12.4497,101.64,39.839,0.8964,coastal,DERIVED_PHYSICS_IMO_GHG2020_SEED42
V113,general_cargo,13823,10.7,56.0,347,MGO,0.3,R022,Mormugao,Mumbai,21.0537,32.43,14.3165,3.3712,sea_passage,DERIVED_PHYSICS_IMO_GHG2020_SEED42
V055,container_ship,17711,20.0,79.9,347,MGO,2.21,R022,Mormugao,Mumbai,106.2425,17.35,72.2449,17.0121,sea_passage,DERIVED_PHYSICS_IMO_GHG2020_SEED42
V123,general_cargo,17741,12.7,72.2,17,HFO,3.1,R034,Kamarajar,Chennai,2.3131,1.34,1.2028,0.3436,sea_passage,DERIVED_PHYSICS_IMO_GHG2020_SEED42
V106,general_cargo,10004,13.6,84.4,277,MGO,3.17,R018,Kandla,Mumbai,30.1603,20.37,20.509,4.8294,coastal,DERIVED_PHYSICS_IMO_GHG2020_SEED42
V032,bulk_carrier,70130,13.5,51.2,183,MGO,0.3,R026,Tuticorin,Kochi,47.5445,13.56,32.3302,7.6131,coastal,DERIVED_PHYSICS_IMO_GHG2020_SEED42
V045,container_ship,12017,22.2,64.6,276,Methanol,2.82,R048,Mumbai,Kandla,163.6907,12.43,57.2918,9.4466,coastal,DERIVED_PHYSICS_IMO_GHG2020_SEED42
V012,bulk_carrier,58490,10.3,84.0,290,HFO,2.23,R046,JNPA,Kandla,59.3276,28.16,30.8504,8.8125,sea_passage,DERIVED_PHYSICS_IMO_GHG2020_SEED42
V148,ferry,932,16.7,57.1,419,Hydrogen,1.65,R057,Kamarajar,Visakhapatnam,3.5179,25.09,11.2571,0.2533,river_mouth,DERIVED_PHYSICS_IMO_GHG2020_SEED42
V067,container_ship,23507,19.1,53.0,495,Methanol,1.32,R042,Kolkata_SMPK,Visakhapatnam,291.6774,25.92,102.0871,16.8327,coastal,DERIVED_PHYSICS_IMO_GHG2020_SEED42
V013,bulk_carrier,60013,11.0,54.9,692,LNG,3.08,R035,Chennai,Paradip,118.3256,62.91,65.0791,18.3405,sea_passage,DERIVED_PHYSICS_IMO_GHG2020_SEED42
V088,tanker,47767,10.5,58.9,757,MGO,3.45,R050,Port_Blair,Tuticorin,129.3148,72.1,87.9341,20.7065,coastal,DERIVED_PHYSICS_IMO_GHG2020_SEED42
V068,container_ship,37761,18.4,52.4,18,MGO,2.97,R033,Chennai,Kamarajar,7.598,0.98,5.1666,1.2166,sea_passage,DERIVED_PHYSICS_IMO_GHG2020_SEED42
V008,bulk_carrier,34731,12.2,50.7,370,HFO,1.11,R029,Chennai,Tuticorin,58.8218,30.33,30.5873,8.7373,sea_passage,DERIVED_PHYSICS_IMO_GHG2020_SEED42
V012,bulk_carrier,58490,9.6,78.3,370,HFO,0.93,R029,Chennai,Tuticorin,50.619,38.54,26.3219,7.5189,sea_passage,DERIVED_PHYSICS_IMO_GHG2020_SEED42
V097,tanker,25705,14.6,82.8,345,HFO,0.4,R028,New_Mangalore,Kochi,63.8755,23.63,33.2153,9.488,coastal,DERIVED_PHYSICS_IMO_GHG2020_SEED42
V040,bulk_carrier,49115,11.7,76.6,853,MGO,1.73,R037,Chennai,Kolkata_SMPK,150.4712,72.91,102.3204,24.0942,sea_passage,DERIVED_PHYSICS_IMO_GHG2020_SEED42
V020,bulk_carrier,40197,11.2,78.1,176,HFO,1.23,R056,Mormugao,New_Mangalore,27.2127,15.71,14.1506,4.0421,sea_passage,DERIVED_PHYSICS_IMO_GHG2020_SEED42
V124,general_cargo,16581,11.8,83.5,358,MGO,2.74,R011,JNPA,Mormugao,40.5696,30.34,27.5873,6.4962,sea_passage,DERIVED_PHYSICS_IMO_GHG2020_SEED42
V012,bulk_carrier,58490,13.6,93.1,859,HFO,2.67,R013,Mumbai,Kochi,311.1629,63.16,161.8047,46.2198,coastal,DERIVED_PHYSICS_IMO_GHG2020_SEED42
V072,tanker,45552,14.2,87.0,870,LNG,0.96,R004,Kochi,JNPA,194.3501,61.27,106.8925,30.1243,sea_passage,DERIVED_PHYSICS_IMO_GHG2020_SEED42
V097,tanker,25705,13.4,94.4,176,MGO,0.34,R056,Mormugao,New_Mangalore,28.7298,13.13,19.5363,4.6004,sea_passage,DERIVED_PHYSICS_IMO_GHG2020_SEED42
V008,bulk_carrier,34731,10.5,70.3,17,MGO,2.6,R034,Kamarajar,Chennai,2.3755,1.62,1.6153,0.3804,sea_passage,DERIVED_PHYSICS_IMO_GHG2020_SEED42
V092,tanker,76931,16.2,63.6,18,HFO,2.55,R033,Chennai,Kamarajar,10.1342,1.11,5.2698,1.5053,coastal,DERIVED_PHYSICS_IMO_GHG2020_SEED42
V106,general_cargo,10004,11.1,99.0,370,HFO,3.39,R029,Chennai,Tuticorin,29.8605,33.33,15.5274,4.4354,sea_passage,DERIVED_PHYSICS_IMO_GHG2020_SEED42
V049,container_ship,19734,18.6,98.9,856,LNG,0.86,R038,Kolkata_SMPK,Chennai,193.4436,46.02,106.394,29.9838,sea_passage,DERIVED_PHYSICS_IMO_GHG2020_SEED42
V075,tanker,55666,12.3,93.0,788,MGO,2.29,R052,Port_Blair,Chennai,204.7804,64.07,139.2507,32.7905,sea_passage,DERIVED_PHYSICS_IMO_GHG2020_SEED42
V001,bulk_carrier,63697,11.6,73.7,359,HFO,2.17,R012,Mormugao,JNPA,91.6041,30.95,47.6341,13.6068,coastal,DERIVED_PHYSICS_IMO_GHG2020_SEED42
V017,bulk_carrier,47945,13.4,71.6,419,LNG,0.41,R053,Kochi,Mormugao,77.273,31.27,42.5002,11.9773,sea_passage,DERIVED_PHYSICS_IMO_GHG2020_SEED42
V096,tanker,71643,12.3,65.0,507,HFO,1.01,R019,Mumbai,New_Mangalore,122.8438,41.22,63.8788,18.2471,coastal,DERIVED_PHYSICS_IMO_GHG2020_SEED42
V038,bulk_carrier,33529,16.3,76.3,297,LNG,2.45,R007,JNPA,Kandla,81.7329,18.22,44.9531,12.6686,sea_passage,DERIVED_PHYSICS_IMO_GHG2020_SEED42
V105,tanker,59471,11.4,96.6,183,HFO,0.35,R026,Tuticorin,Kochi,37.5001,16.05,19.5001,5.5702,sea_passage,DERIVED_PHYSICS_IMO_GHG2020_SEED42
V084,tanker,23117,15.5,61.0,538,HFO,3.38,R023,Kochi,Chennai,133.5857,34.71,69.4646,19.8427,river_mouth,DERIVED_PHYSICS_IMO_GHG2020_SEED42
V040,bulk_carrier,49115,12.8,86.7,18,LNG,2.07,R033,Chennai,Kamarajar,3.7399,1.41,2.0569,0.5797,coastal,DERIVED_PHYSICS_IMO_GHG2020_SEED42
V079,tanker,55468,14.2,78.3,24,MGO,2.66,R001,JNPA,Mumbai,8.196,1.69,5.5733,1.3124,sea_passage,DERIVED_PHYSICS_IMO_GHG2020_SEED42
V069,container_ship,8659,13.3,78.8,349,Methanol,1.26,R021,Mumbai,Mormugao,60.8904,26.24,21.3116,3.514,coastal,DERIVED_PHYSICS_IMO_GHG2020_SEED42
V015,bulk_carrier,31987,9.9,58.2,349,HFO,3.02,R021,Mumbai,Mormugao,38.6066,35.25,20.0754,5.7346,coastal,DERIVED_PHYSICS_IMO_GHG2020_SEED42
V109,general_cargo,10749,13.6,96.6,797,HFO,1.2,R051,Chennai,Port_Blair,83.8418,58.6,43.5977,12.4538,sea_passage,DERIVED_PHYSICS_IMO_GHG2020_SEED42
V012,bulk_carrier,58490,13.9,64.1,286,MGO,1.87,R045,Kandla,JNPA,85.4287,20.58,58.0915,13.6793,river_mouth,DERIVED_PHYSICS_IMO_GHG2020_SEED42
V021,bulk_carrier,35729,12.0,97.9,518,HFO,0.94,R009,JNPA,New_Mangalore,100.546,43.17,52.2839,14.935,sea_passage,DERIVED_PHYSICS_IMO_GHG2020_SEED42
V046,container_ship,34898,17.5,53.5,176,MGO,1.36,R056,Mormugao,New_Mangalore,51.3499,10.06,34.9179,8.2224,coastal,DERIVED_PHYSICS_IMO_GHG2020_SEED42
V024,bulk_carrier,45319,12.9,84.6,290,HFO,3.33,R008,Kandla,JNPA,78.2988,22.48,40.7154,11.6304,sea_passage,DERIVED_PHYSICS_IMO_GHG2020_SEED42
V051,container_ship,9661,14.4,92.9,850,MGO,3.01,R014,Kochi,Mumbai,90.3965,59.03,61.4696,14.4747,sea_passage,DERIVED_PHYSICS_IMO_GHG2020_SEED42
V049,container_ship,19734,22.0,66.6,176,HFO,0.56,R056,Mormugao,New_Mangalore,61.2937,8.0,31.8727,9.1045,sea_passage,DERIVED_PHYSICS_IMO_GHG2020_SEED42
V078,tanker,23323,14.3,59.5,507,MGO,3.23,R019,Mumbai,New_Mangalore,91.0092,35.45,61.8862,14.5728,sea_passage,DERIVED_PHYSICS_IMO_GHG2020_SEED42
V108,general_cargo,7216,14.1,53.1,692,MGO,1.15,R035,Chennai,Paradip,46.588,49.08,31.6799,7.4599,sea_passage,DERIVED_PHYSICS_IMO_GHG2020_SEED42
V007,bulk_carrier,42726,13.0,79.2,396,LNG,1.16,R031,Chennai,Visakhapatnam,76.8784,30.46,42.2831,11.9162,coastal,DERIVED_PHYSICS_IMO_GHG2020_SEED42
V070,container_ship,16607,16.1,70.5,521,HFO,3.25,R060,Kandla,Mormugao,105.1434,32.36,54.6746,15.6179,sea_passage,DERIVED_PHYSICS_IMO_GHG2020_SEED42
V150,ferry,884,15.5,53.0,419,LNG,0.54,R053,Kochi,Mormugao,6.7338,27.03,3.7036,1.0437,sea_passage,DERIVED_PHYSICS_IMO_GHG2020_SEED42
V018,bulk_carrier,58420,10.7,68.9,757,LNG,2.56,R050,Port_Blair,Tuticorin,123.6359,70.75,67.9998,19.1636,sea_passage,DERIVED_PHYSICS_IMO_GHG2020_SEED42
V050,container_ship,17470,24.6,79.8,1181,LNG,2.41,R016,Chennai,Mumbai,452.8165,48.01,249.0491,70.1866,river_mouth,DERIVED_PHYSICS_IMO_GHG2020_SEED42
V028,bulk_carrier,56514,9.7,90.8,313,HFO,0.31,R039,Visakhapatnam,Paradip,46.8906,32.27,24.3831,6.9651,sea_passage,DERIVED_PHYSICS_IMO_GHG2020_SEED42
V092,tanker,76931,13.7,82.5,17,HFO,2.05,R034,Kamarajar,Chennai,6.9215,1.24,3.5992,1.0281,sea_passage,DERIVED_PHYSICS_IMO_GHG2020_SEED42
V143,passenger,3504,20.5,51.2,1181,LNG,2.2,R016,Chennai,Mumbai,94.3054,57.61,51.868,14.6173,sea_passage,DERIVED_PHYSICS_IMO_GHG2020_SEED42
V079,tanker,55468,12.8,89.9,518,HFO,1.52,R009,JNPA,New_Mangalore,146.1207,40.47,75.9828,21.7046,river_mouth,DERIVED_PHYSICS_IMO_GHG2020_SEED42
V034,bulk_carrier,62925,14.6,50.7,1196,HFO,1.47,R006,Chennai,JNPA,387.0574,81.92,201.2698,57.4931,sea_passage,DERIVED_PHYSICS_IMO_GHG2020_SEED42
V019,bulk_carrier,63249,13.9,63.0,1190,HFO,2.03,R005,JNPA,Chennai,406.9352,85.61,211.6063,60.4458,sea_passage,DERIVED_PHYSICS_IMO_GHG2020_SEED42
V021,bulk_carrier,35729,11.1,52.3,349,MGO,3.22,R021,Mumbai,Mormugao,52.116,31.44,35.4389,8.3451,sea_passage,DERIVED_PHYSICS_IMO_GHG2020_SEED42
V108,general_cargo,7216,13.4,68.6,495,HFO,0.45,R042,Kolkata_SMPK,Visakhapatnam,31.1693,36.94,16.208,4.6299,sea_passage,DERIVED_PHYSICS_IMO_GHG2020_SEED42
V028,bulk_carrier,56514,9.6,77.3,290,LNG,1.79,R046,JNPA,Kandla,35.805,30.21,19.6927,5.5498,coastal,DERIVED_PHYSICS_IMO_GHG2020_SEED42
V145,passenger,3081,23.7,50.1,518,MGO,2.74,R009,JNPA,New_Mangalore,61.374,21.86,41.7343,9.8275,sea_passage,DERIVED_PHYSICS_IMO_GHG2020_SEED42
V115,general_cargo,11634,9.7,80.0,22,MGO,1.2,R002,Mumbai,JNPA,1.0843,2.27,0.7373,0.1736,sea_passage,DERIVED_PHYSICS_IMO_GHG2020_SEED42
V001,bulk_carrier,63697,11.0,50.1,1196,LNG,1.88,R006,Chennai,JNPA,190.7002,108.73,104.8851,29.5585,sea_passage,DERIVED_PHYSICS_IMO_GHG2020_SEED42
V067,container_ship,23507,19.9,73.5,876,MGO,1.79,R003,JNPA,Kochi,279.6275,44.02,190.1467,44.7753,river_mouth,DERIVED_PHYSICS_IMO_GHG2020_SEED42
V089,tanker,35987,9.7,69.8,692,HFO,3.04,R035,Chennai,Paradip,86.9184,71.34,45.1976,12.9108,river_mouth,DERIVED_PHYSICS_IMO_GHG2020_SEED42
V083,tanker,42416,14.4,53.8,359,LNG,1.18,R012,Mormugao,JNPA,72.0505,24.93,39.6278,11.1678,sea_passage,DERIVED_PHYSICS_IMO_GHG2020_SEED42
V090,tanker,33954,14.0,99.7,529,LNG,0.96,R059,Mormugao,Kandla,94.6394,37.79,52.0517,14.6691,coastal,DERIVED_PHYSICS_IMO_GHG2020_SEED42
V139,passenger,2268,18.1,81.0,349,MGO,3.48,R021,Mumbai,Mormugao,22.1746,19.28,15.0787,3.5507,sea_passage,DERIVED_PHYSICS_IMO_GHG2020_SEED42
V102,tanker,47959,11.3,71.8,507,LNG,2.88,R019,Mumbai,New_Mangalore,87.4574,44.87,48.1016,13.5559,sea_passage,DERIVED_PHYSICS_IMO_GHG2020_SEED42
V055,container_ship,17711,22.3,57.7,17,Methanol,1.96,R034,Kamarajar,Chennai,12.9454,0.76,4.5309,0.7471,sea_passage,DERIVED_PHYSICS_IMO_GHG2020_SEED42
V093,tanker,39701,12.8,80.2,518,MGO,1.93,R009,JNPA,New_Mangalore,109.1556,40.47,74.2258,17.4785,river_mouth,DERIVED_PHYSICS_IMO_GHG2020_SEED42
V065,container_ship,18598,17.4,53.2,396,LNG,0.93,R031,Chennai,Visakhapatnam,58.4816,22.76,32.1649,9.0646,coastal,DERIVED_PHYSICS_IMO_GHG2020_SEED42
V012,bulk_carrier,58490,14.0,61.5,345,HFO,2.73,R028,New_Mangalore,Kochi,121.3359,24.64,63.0947,18.0231,sea_passage,DERIVED_PHYSICS_IMO_GHG2020_SEED42
V003,bulk_carrier,64303,13.1,98.4,542,MGO,2.67,R024,Chennai,Kochi,196.9861,41.37,133.9505,31.5424,sea_passage,DERIVED_PHYSICS_IMO_GHG2020_SEED42
V128,general_cargo,15648,16.7,63.8,359,MGO,1.7,R012,Mormugao,JNPA,62.4146,21.5,42.4419,9.9941,sea_passage,DERIVED_PHYSICS_IMO_GHG2020_SEED42
V110,general_cargo,16704,13.7,75.3,850,MGO,1.64,R014,Kochi,Mumbai,97.3596,62.04,66.2046,15.5897,sea_passage,DERIVED_PHYSICS_IMO_GHG2020_SEED42
V016,bulk_carrier,58242,14.4,95.1,505,HFO,2.99,R020,New_Mangalore,Mumbai,214.5518,35.07,111.5669,31.8693,coastal,DERIVED_PHYSICS_IMO_GHG2020_SEED42
V017,bulk_carrier,47945,13.2,83.7,505,HFO,1.58,R020,New_Mangalore,Mumbai,118.6408,38.26,61.6932,17.6228,sea_passage,DERIVED_PHYSICS_IMO_GHG2020_SEED42
V101,tanker,56969,11.1,87.3,870,MGO,1.43,R004,Kochi,JNPA,171.7687,78.38,116.8027,27.5045,coastal,DERIVED_PHYSICS_IMO_GHG2020_SEED42
V124,general_cargo,16581,11.6,78.1,761,MGO,0.64,R049,Tuticorin,Port_Blair,67.9786,65.6,46.2255,10.8851,coastal,DERIVED_PHYSICS_IMO_GHG2020_SEED42
V052,container_ship,35698,16.4,80.5,700,HFO,0.41,R036,Paradip,Chennai,231.8875,42.68,120.5815,34.4443,sea_passage,DERIVED_PHYSICS_IMO_GHG2020_SEED42
V125,general_cargo,5602,11.4,65.6,542,HFO,1.62,R024,Chennai,Kochi,22.1007,47.54,11.4924,3.2828,sea_passage,DERIVED_PHYSICS_IMO_GHG2020_SEED42
V045,container_ship,12017,17.0,59.9,22,Methanol,1.88,R002,Mumbai,JNPA,6.9104,1.29,2.4186,0.3988,coastal,DERIVED_PHYSICS_IMO_GHG2020_SEED42
V043,container_ship,27264,18.4,74.2,692,LNG,2.11,R035,Chennai,Paradip,191.6191,37.61,105.3905,29.701,sea_passage,DERIVED_PHYSICS_IMO_GHG2020_SEED42
V044,container_ship,41157,17.6,67.3,297,LNG,2.24,R007,JNPA,Kandla,102.9712,16.88,56.6342,15.9605,coastal,DERIVED_PHYSICS_IMO_GHG2020_SEED42
V009,bulk_carrier,32714,14.8,56.9,358,MGO,0.76,R011,JNPA,Mormugao,68.1058,24.19,46.3119,10.9054,sea_passage,DERIVED_PHYSICS_IMO_GHG2020_SEED42
V029,bulk_carrier,30900,14.4,73.2,419,HFO,3.29,R057,Kamarajar,Visakhapatnam,111.5875,29.1,58.0255,16.5751,sea_passage,DERIVED_PHYSICS_IMO_GHG2020_SEED42
V054,container_ship,21825,13.1,80.8,542,Methanol,2.71,R024,Chennai,Kochi,173.573,41.37,60.7506,10.0169,sea_passage,DERIVED_PHYSICS_IMO_GHG2020_SEED42
V055,container_ship,17711,23.3,77.8,406,Methanol,3.27,R032,Visakhapatnam,Chennai,388.8019,17.42,136.0807,22.4378,sea_passage,DERIVED_PHYSICS_IMO_GHG2020_SEED42
V023,bulk_carrier,58095,11.5,72.1,359,MGO,2.77,R012,Mormugao,JNPA,81.3871,31.22,55.3432,13.0321,sea_passage,DERIVED_PHYSICS_IMO_GHG2020_SEED42
V099,tanker,55620,12.3,65.1,1181,LNG,1.27,R016,Chennai,Mumbai,209.9061,96.02,115.4483,32.5354,coastal,DERIVED_PHYSICS_IMO_GHG2020_SEED42
V046,container_ship,34898,21.7,98.7,761,LNG,1.36,R049,Tuticorin,Port_Blair,324.2304,35.07,178.3267,50.2557,sea_passage,DERIVED_PHYSICS_IMO_GHG2020_SEED42
V099,tanker,55620,14.9,99.6,22,HFO,2.89,R002,Mumbai,JNPA,10.4298,1.48,5.4235,1.5492,sea_passage,DERIVED_PHYSICS_IMO_GHG2020_SEED42
V066,container_ship,31457,17.3,62.3,521,HFO,1.93,R060,Kandla,Mormugao,153.7875,30.12,79.9695,22.8434,sea_passage,DERIVED_PHYSICS_IMO_GHG2020_SEED42
V002,bulk_carrier,29708,13.4,67.3,419,HFO,2.22,R057,Kamarajar,Visakhapatnam,82.8247,31.27,43.0688,12.3027,sea_passage,DERIVED_PHYSICS_IMO_GHG2020_SEED42
V120,general_cargo,16651,10.6,87.7,370,HFO,1.91,R029,Chennai,Tuticorin,31.7929,34.91,16.5323,4.7225,sea_passage,DERIVED_PHYSICS_IMO_GHG2020_SEED42
V021,bulk_carrier,35729,9.7,90.5,22,MGO,3.04,R002,Mumbai,JNPA,2.8873,2.27,1.9634,0.4623,sea_passage,DERIVED_PHYSICS_IMO_GHG2020_SEED42
V009,bulk_carrier,32714,13.8,59.4,538,MGO,3.43,R023,Kochi,Chennai,115.2417,38.99,78.3644,18.4531,river_mouth,DERIVED_PHYSICS_IMO_GHG2020_SEED42
V125,general_cargo,5602,9.3,65.9,345,HFO,1.1,R028,New_Mangalore,Kochi,9.3794,37.1,4.8773,1.3932,river_mouth,DERIVED_PHYSICS_IMO_GHG2020_SEED42
V073,tanker,47233,10.4,99.1,542,HFO,1.08,R024,Chennai,Kochi,94.0851,52.12,48.9243,13.9753,sea_passage,DERIVED_PHYSICS_IMO_GHG2020_SEED42
V082,tanker,54273,12.7,95.9,757,MGO,0.35,R050,Port_Blair,Tuticorin,187.0688,59.61,127.2068,29.9544,sea_passage,DERIVED_PHYSICS_IMO_GHG2020_SEED42
V053,container_ship,27197,17.5,87.4,1190,HFO,2.09,R005,JNPA,Chennai,401.4795,68.0,208.7693,59.6354,sea_passage,DERIVED_PHYSICS_IMO_GHG2020_SEED42
V068,container_ship,37761,18.9,80.0,1190,HFO,1.65,R005,JNPA,Chennai,490.8982,62.96,255.2671,72.9175,coastal,DERIVED_PHYSICS_IMO_GHG2020_SEED42
V148,ferry,932,15.3,84.4,870,Shore_Power,1.01,R004,Kochi,JNPA,204.7586,56.86,24.571,0.6044,sea_passage,DERIVED_PHYSICS_IMO_GHG2020_SEED42
V106,general_cargo,10004,14.1,95.1,348,HFO,2.05,R027,Kochi,New_Mangalore,37.542,24.68,19.5219,5.5765,sea_passage,DERIVED_PHYSICS_IMO_GHG2020_SEED42
V113,general_cargo,13823,12.0,88.4,176,HFO,0.91,R056,Mormugao,New_Mangalore,15.5715,14.67,8.0972,2.313,sea_passage,DERIVED_PHYSICS_IMO_GHG2020_SEED42
V061,container_ship,33687,20.7,84.0,176,LNG,1.96,R056,Mormugao,New_Mangalore,74.973,8.5,41.2352,11.6208,river_mouth,DERIVED_PHYSICS_IMO_GHG2020_SEED42
V123,general_cargo,17741,10.2,87.6,1179,MGO,3.22,R015,Mumbai,Chennai,102.2905,115.59,69.5575,16.3793,sea_passage,DERIVED_PHYSICS_IMO_GHG2020_SEED42
V077,tanker,37083,12.1,70.4,528,LNG,2.74,R010,New_Mangalore,JNPA,80.7318,43.64,44.4025,12.5134,sea_passage,DERIVED_PHYSICS_IMO_GHG2020_SEED42
V129,general_cargo,5817,13.6,52.7,17,HFO,1.39,R034,Kamarajar,Chennai,0.9716,1.25,0.5053,0.1443,coastal,DERIVED_PHYSICS_IMO_GHG2020_SEED42
V002,bulk_carrier,29708,11.8,53.9,411,MGO,2.82,R058,Visakhapatnam,Kamarajar,62.135,34.83,42.2518,9.9494,sea_passage,DERIVED_PHYSICS_IMO_GHG2020_SEED42
V039,bulk_carrier,42343,14.2,59.1,276,LNG,0.57,R047,Kandla,Mumbai,52.6753,19.44,28.9714,8.1647,river_mouth,DERIVED_PHYSICS_IMO_GHG2020_SEED42
V144,passenger,4545,26.9,64.3,788,LNG,0.96,R052,Port_Blair,Chennai,124.8844,29.29,68.6864,19.3571,sea_passage,DERIVED_PHYSICS_IMO_GHG2020_SEED42
V145,passenger,3081,26.3,51.0,189,MGO,3.12,R025,Kochi,Tuticorin,28.6904,7.19,19.5095,4.5941,coastal,DERIVED_PHYSICS_IMO_GHG2020_SEED42
V073,tanker,47233,11.9,53.9,229,HFO,2.86,R044,Kolkata_SMPK,Paradip,47.4999,19.24,24.7,7.0556,coastal,DERIVED_PHYSICS_IMO_GHG2020_SEED42
V039,bulk_carrier,42343,15.0,91.6,290,LNG,1.07,R046,JNPA,Kandla,68.4406,19.33,37.6424,10.6083,sea_passage,DERIVED_PHYSICS_IMO_GHG2020_SEED42
V114,general_cargo,17380,10.7,77.3,1196,MGO,1.06,R006,Chennai,JNPA,86.626,111.78,58.9057,13.871,sea_passage,DERIVED_PHYSICS_IMO_GHG2020_SEED42
V076,tanker,28632,17.3,92.2,277,HFO,1.27,R018,Kandla,Mumbai,86.8994,16.01,45.1877,12.9079,coastal,DERIVED_PHYSICS_IMO_GHG2020_SEED42
V014,bulk_carrier,44373,10.3,80.3,276,HFO,2.79,R047,Kandla,Mumbai,44.844,26.8,23.3189,6.6611,sea_passage,DERIVED_PHYSICS_IMO_GHG2020_SEED42
V054,container_ship,21825,13.6,79.9,419,Methanol,0.8,R053,Kochi,Mormugao,128.7727,30.81,45.0705,7.4315,coastal,DERIVED_PHYSICS_IMO_GHG2020_SEED42
V103,tanker,67954,11.6,76.5,853,HFO,1.55,R037,Chennai,Kolkata_SMPK,206.5289,73.53,107.395,30.6776,sea_passage,DERIVED_PHYSICS_IMO_GHG2020_SEED42
V118,general_cargo,14985,11.3,57.5,1190,HFO,0.86,R005,JNPA,Chennai,89.2773,105.31,46.4242,13.2612,river_mouth,DERIVED_PHYSICS_IMO_GHG2020_SEED42
V016,bulk_carrier,58242,13.7,99.2,297,HFO,2.15,R007,JNPA,Kandla,105.0353,21.68,54.6184,15.6018,coastal,DERIVED_PHYSICS_IMO_GHG2020_SEED42
V017,bulk_carrier,47945,10.5,97.4,853,MGO,2.38,R037,Chennai,Kolkata_SMPK,141.7595,81.24,96.3965,22.6992,sea_passage,DERIVED_PHYSICS_IMO_GHG2020_SEED42
V034,bulk_carrier,62925,14.4,61.7,277,HFO,1.4,R018,Kandla,Mumbai,90.6133,19.24,47.1189,13.4596,sea_passage,DERIVED_PHYSICS_IMO_GHG2020_SEED42
V132,ro_ro,8727,19.6,93.5,870,MGO,0.33,R004,Kochi,JNPA,139.5032,44.39,94.8622,22.3379,river_mouth,DERIVED_PHYSICS_IMO_GHG2020_SEED42
V024,bulk_carrier,45319,13.7,74.0,505,LNG,0.51,R020,New_Mangalore,Mumbai,97.5333,36.86,53.6433,15.1177,river_mouth,DERIVED_PHYSICS_IMO_GHG2020_SEED42
V051,container_ship,9661,19.0,61.0,277,LNG,1.06,R018,Kandla,Mumbai,33.4987,14.58,18.4243,5.1923,coastal,DERIVED_PHYSICS_IMO_GHG2020_SEED42
V110,general_cargo,16704,11.1,66.4,528,HFO,2.06,R010,New_Mangalore,JNPA,47.2051,47.57,24.5467,7.0118,sea_passage,DERIVED_PHYSICS_IMO_GHG2020_SEED42
V004,bulk_carrier,71338,10.2,81.9,761,MGO,0.46,R049,Tuticorin,Port_Blair,126.4003,74.61,85.9522,20.2399,coastal,DERIVED_PHYSICS_IMO_GHG2020_SEED42
V088,tanker,47767,14.4,83.7,347,MGO,2.1,R022,Mormugao,Mumbai,99.0992,24.1,67.3875,15.8683,sea_passage,DERIVED_PHYSICS_IMO_GHG2020_SEED42
V084,tanker,23117,15.8,51.2,345,LNG,1.62,R028,New_Mangalore,Kochi,55.1416,21.84,30.3279,8.5469,sea_passage,DERIVED_PHYSICS_IMO_GHG2020_SEED42
V083,tanker,42416,12.4,72.1,24,HFO,2.18,R001,JNPA,Mumbai,5.2597,1.94,2.735,0.7813,sea_passage,DERIVED_PHYSICS_IMO_GHG2020_SEED42
V129,general_cargo,5817,14.4,52.8,229,HFO,1.17,R044,Kolkata_SMPK,Paradip,15.6248,15.9,8.1249,2.3209,sea_passage,DERIVED_PHYSICS_IMO_GHG2020_SEED42
V009,bulk_carrier,32714,13.6,76.5,853,HFO,2.9,R037,Chennai,Kolkata_SMPK,185.5956,62.72,96.5097,27.5682,sea_passage,DERIVED_PHYSICS_IMO_GHG2020_SEED42
V060,container_ship,33073,16.3,75.1,290,LNG,1.71,R046,JNPA,Kandla,72.015,17.79,39.6082,11.1623,sea_passage,DERIVED_PHYSICS_IMO_GHG2020_SEED42
V021,bulk_carrier,35729,11.0,92.7,529,MGO,0.96,R059,Mormugao,Kandla,72.3808,48.09,49.2189,11.59,coastal,DERIVED_PHYSICS_IMO_GHG2020_SEED42
V110,general_cargo,16704,12.9,73.4,1190,HFO,3.42,R005,JNPA,Chennai,186.5534,92.25,97.0078,27.7105,sea_passage,DERIVED_PHYSICS_IMO_GHG2020_SEED42
V109,general_cargo,10749,13.5,71.5,345,MGO,2.08,R028,New_Mangalore,Kochi,33.2974,25.56,22.6423,5.3318,sea_passage,DERIVED_PHYSICS_IMO_GHG2020_SEED42
V108,general_cargo,7216,13.3,75.2,313,MGO,2.58,R039,Visakhapatnam,Paradip,24.689,23.53,16.7885,3.9533,sea_passage,DERIVED_PHYSICS_IMO_GHG2020_SEED42
V103,tanker,67954,15.7,62.3,700,HFO,0.97,R036,Paradip,Chennai,283.9166,44.59,147.6366,42.1727,coastal,DERIVED_PHYSICS_IMO_GHG2020_SEED42
V034,bulk_carrier,62925,11.5,70.6,853,HFO,1.32,R037,Chennai,Kolkata_SMPK,181.8943,74.17,94.5851,27.0184,coastal,DERIVED_PHYSICS_IMO_GHG2020_SEED42
V149,ferry,536,15.4,77.3,347,MGO,0.58,R022,Mormugao,Mumbai,5.7198,22.53,3.8895,0.9159,sea_passage,DERIVED_PHYSICS_IMO_GHG2020_SEED42
V115,general_cargo,11634,11.8,82.2,521,MGO,2.92,R060,Kandla,Mormugao,45.1851,44.15,30.7259,7.2353,coastal,DERIVED_PHYSICS_IMO_GHG2020_SEED42
V105,tanker,59471,13.7,54.0,870,MGO,1.4,R004,Kochi,JNPA,233.3501,63.5,158.6781,37.3652,sea_passage,DERIVED_PHYSICS_IMO_GHG2020_SEED42
V056,container_ship,38751,13.5,95.0,419,MGO,3.16,R053,Kochi,Mormugao,107.4846,31.04,73.0895,17.211,coastal,DERIVED_PHYSICS_IMO_GHG2020_SEED42
V113,general_cargo,13823,15.4,70.5,297,HFO,1.97,R007,JNPA,Kandla,43.6527,19.29,22.6994,6.4841,river_mouth,DERIVED_PHYSICS_IMO_GHG2020_SEED42
V033,bulk_carrier,40297,10.3,85.6,692,LNG,1.11,R035,Chennai,Paradip,74.659,67.18,41.0624,11.5721,sea_passage,DERIVED_PHYSICS_IMO_GHG2020_SEED42
V106,general_cargo,10004,14.7,58.0,277,MGO,1.31,R018,Kandla,Mumbai,24.9614,18.84,16.9738,3.9969,sea_passage,DERIVED_PHYSICS_IMO_GHG2020_SEED42
V116,general_cargo,6658,13.8,79.3,528,HFO,0.56,R010,New_Mangalore,JNPA,39.0924,38.26,20.3281,5.8067,river_mouth,DERIVED_PHYSICS_IMO_GHG2020_SEED42
V054,container_ship,21825,12.9,83.2,859,Methanol,2.84,R013,Mumbai,Kochi,294.7857,66.59,103.175,17.0121,sea_passage,DERIVED_PHYSICS_IMO_GHG2020_SEED42
V054,container_ship,21825,14.7,96.2,169,LNG,0.45,R055,New_Mangalore,Mormugao,25.1181,11.5,13.815,3.8933,river_mouth,DERIVED_PHYSICS_IMO_GHG2020_SEED42
V035,bulk_carrier,56365,10.8,71.5,276,LNG,2.29,R048,Mumbai,Kandla,42.9481,25.56,23.6214,6.657,sea_passage,DERIVED_PHYSICS_IMO_GHG2020_SEED42
V008,bulk_carrier,34731,13.6,70.5,797,LNG,2.24,R051,Chennai,Port_Blair,145.9391,58.6,80.2665,22.6206,river_mouth,DERIVED_PHYSICS_IMO_GHG2020_SEED42
V076,tanker,28632,12.5,97.4,761,MGO,2.11,R049,Tuticorin,Port_Blair,130.3954,60.88,88.6688,20.8796,sea_passage,DERIVED_PHYSICS_IMO_GHG2020_SEED42
V035,bulk_carrier,56365,14.2,89.3,505,LNG,0.33,R020,New_Mangalore,Mumbai,117.2515,35.56,64.4883,18.174,sea_passage,DERIVED_PHYSICS_IMO_GHG2020_SEED42
V118,general_cargo,14985,11.0,85.3,859,MGO,3.36,R013,Mumbai,Kochi,80.4422,78.09,54.7007,12.8808,sea_passage,DERIVED_PHYSICS_IMO_GHG2020_SEED42
V019,bulk_carrier,63249,12.1,56.3,349,MGO,3.01,R021,Mumbai,Mormugao,90.3736,28.84,61.4541,14.4711,sea_passage,DERIVED_PHYSICS_IMO_GHG2020_SEED42
V074,tanker,68994,12.8,56.3,282,HFO,1.61,R017,Mumbai,Kandla,78.5945,22.03,40.8691,11.6743,sea_passage,DERIVED_PHYSICS_IMO_GHG2020_SEED42
V131,ro_ro,4651,19.0,83.4,183,LNG,1.0,R026,Tuticorin,Kochi,14.8299,9.63,8.1564,2.2986,sea_passage,DERIVED_PHYSICS_IMO_GHG2020_SEED42
V115,general_cargo,11634,9.4,55.8,297,MGO,1.21,R007,JNPA,Kandla,14.3046,31.6,9.7272,2.2905,sea_passage,DERIVED_PHYSICS_IMO_GHG2020_SEED42
V108,general_cargo,7216,13.5,76.7,396,MGO,1.12,R031,Chennai,Visakhapatnam,26.6076,29.33,18.0931,4.2605,coastal,DERIVED_PHYSICS_IMO_GHG2020_SEED42
V135,ro_ro,7575,17.5,98.6,370,LNG,0.37,R029,Chennai,Tuticorin,37.2168,21.14,20.4692,5.7686,coastal,DERIVED_PHYSICS_IMO_GHG2020_SEED42
V137,ro_ro,6851,14.2,65.0,348,MGO,0.58,R027,Kochi,New_Mangalore,21.0677,24.51,14.326,3.3735,coastal,DERIVED_PHYSICS_IMO_GHG2020_SEED42
V067,container_ship,23507,21.9,69.3,311,MGO,2.76,R040,Paradip,Visakhapatnam,136.247,14.2,92.648,21.8165,coastal,DERIVED_PHYSICS_IMO_GHG2020_SEED42
V037,bulk_carrier,41493,13.0,64.5,348,MGO,2.23,R027,Kochi,New_Mangalore,70.8229,26.77,48.1596,11.3405,coastal,DERIVED_PHYSICS_IMO_GHG2020_SEED42
V033,bulk_carrier,40297,14.7,69.8,1196,MGO,2.54,R006,Chennai,JNPA,341.4411,81.36,232.18,54.6733,sea_passage,DERIVED_PHYSICS_IMO_GHG2020_SEED42
V076,tanker,28632,14.2,96.0,282,MGO,2.89,R017,Mumbai,Kandla,69.1554,19.86,47.0257,11.0735,sea_passage,DERIVED_PHYSICS_IMO_GHG2020_SEED42
V085,tanker,70614,13.9,56.9,347,HFO,0.52,R022,Mormugao,Mumbai,107.3281,24.96,55.8106,15.9424,sea_passage,DERIVED_PHYSICS_IMO_GHG2020_SEED42
V128,general_cargo,15648,15.1,53.7,1179,HFO,1.57,R015,Mumbai,Chennai,177.4558,78.08,92.277,26.3591,sea_passage,DERIVED_PHYSICS_IMO_GHG2020_SEED42
V078,tanker,23323,12.1,86.0,349,HFO,1.86,R021,Mumbai,Mormugao,45.603,28.84,23.7136,6.7738,river_mouth,DERIVED_PHYSICS_IMO_GHG2020_SEED42
V003,bulk_carrier,64303,12.9,96.5,370,LNG,2.96,R029,Chennai,Tuticorin,105.3318,28.68,57.9325,16.3264,sea_passage,DERIVED_PHYSICS_IMO_GHG2020_SEED42
V078,tanker,23323,13.1,92.3,24,LNG,2.93,R001,JNPA,Mumbai,3.595,1.83,1.9773,0.5572,coastal,DERIVED_PHYSICS_IMO_GHG2020_SEED42
V101,tanker,56969,12.8,52.3,542,LNG,1.77,R024,Chennai,Kochi,102.4729,42.34,56.3601,15.8833,sea_passage,DERIVED_PHYSICS_IMO_GHG2020_SEED42
V106,general_cargo,10004,13.9,52.4,1179,MGO,3.22,R015,Mumbai,Chennai,118.86,84.82,80.8248,19.0325,sea_passage,DERIVED_PHYSICS_IMO_GHG2020_SEED42
V078,tanker,23323,13.7,73.9,411,HFO,2.09,R058,Visakhapatnam,Kamarajar,72.1452,30.0,37.5155,10.7164,sea_passage,DERIVED_PHYSICS_IMO_GHG2020_SEED42
V012,bulk_carrier,58490,12.3,87.2,169,HFO,2.88,R055,New_Mangalore,Mormugao,51.2448,13.74,26.6473,7.6119,river_mouth,DERIVED_PHYSICS_IMO_GHG2020_SEED42
V136,ro_ro,4206,14.1,65.6,856,LNG,1.45,R038,Kolkata_SMPK,Chennai,39.5029,60.71,21.7266,6.123,coastal,DERIVED_PHYSICS_IMO_GHG2020_SEED42
V013,bulk_carrier,60013,11.8,98.4,419,MGO,0.57,R057,Kamarajar,Visakhapatnam,88.0709,35.51,59.8882,14.1023,sea_passage,DERIVED_PHYSICS_IMO_GHG2020_SEED42
V062,container_ship,34470,18.3,84.0,311,MGO,2.69,R040,Paradip,Visakhapatnam,117.1092,16.99,79.6342,18.7521,sea_passage,DERIVED_PHYSICS_IMO_GHG2020_SEED42
V030,bulk_carrier,38293,13.5,62.1,359,MGO,2.47,R012,Mormugao,JNPA,79.7389,26.59,54.2224,12.7682,coastal,DERIVED_PHYSICS_IMO_GHG2020_SEED42
V053,container_ship,27197,15.4,95.6,521,HFO,2.79,R060,Kandla,Mormugao,143.7299,33.83,74.7396,21.3495,coastal,DERIVED_PHYSICS_IMO_GHG2020_SEED42
V009,bulk_carrier,32714,12.8,85.5,286,LNG,2.55,R045,Kandla,JNPA,46.8982,22.34,25.794,7.2692,coastal,DERIVED_PHYSICS_IMO_GHG2020_SEED42
V140,passenger,1902,19.3,98.7,276,Hydrogen,2.42,R047,Kandla,Mumbai,6.678,14.3,21.3697,0.4808,coastal,DERIVED_PHYSICS_IMO_GHG2020_SEED42
V043,container_ship,27264,14.5,66.8,348,Methanol,2.97,R027,Kochi,New_Mangalore,163.4291,24.0,57.2002,9.4315,coastal,DERIVED_PHYSICS_IMO_GHG2020_SEED42
V054,container_ship,21825,13.2,76.3,24,LNG,1.57,R001,JNPA,Mumbai,2.8657,1.82,1.5762,0.4442,sea_passage,DERIVED_PHYSICS_IMO_GHG2020_SEED42
V128,general_cargo,15648,13.3,74.9,217,HFO,3.29,R043,Paradip,Kolkata_SMPK,29.1792,16.32,15.1732,4.3342,sea_passage,DERIVED_PHYSICS_IMO_GHG2020_SEED42
V150,ferry,884,16.2,65.5,870,LNG,2.66,R004,Kochi,JNPA,19.2059,53.7,10.5632,2.9769,sea_passage,DERIVED_PHYSICS_IMO_GHG2020_SEED42
V003,bulk_carrier,64303,10.7,73.3,18,MGO,2.11,R033,Chennai,Kamarajar,3.5864,1.68,2.4388,0.5743,sea_passage,DERIVED_PHYSICS_IMO_GHG2020_SEED42
V109,general_cargo,10749,14.5,95.4,189,HFO,0.44,R025,Kochi,Tuticorin,21.3971,13.03,11.1265,3.1783,river_mouth,DERIVED_PHYSICS_IMO_GHG2020_SEED42
V031,bulk_carrier,60844,10.4,99.0,542,HFO,2.95,R024,Chennai,Kochi,125.8483,52.12,65.4411,18.6934,sea_passage,DERIVED_PHYSICS_IMO_GHG2020_SEED42
V108,general_cargo,7216,12.4,76.9,853,HFO,1.06,R037,Chennai,Kolkata_SMPK,46.7449,68.79,24.3073,6.9434,coastal,DERIVED_PHYSICS_IMO_GHG2020_SEED42
V080,tanker,50271,15.3,52.3,542,LNG,2.2,R024,Chennai,Kochi,141.9125,35.42,78.0519,21.9964,sea_passage,DERIVED_PHYSICS_IMO_GHG2020_SEED42
V092,tanker,76931,15.4,50.5,856,MGO,3.34,R038,Kolkata_SMPK,Chennai,379.2462,55.58,257.8874,60.7268,sea_passage,DERIVED_PHYSICS_IMO_GHG2020_SEED42
V084,tanker,23117,12.2,68.7,290,LNG,1.28,R008,Kandla,JNPA,27.8253,23.77,15.3039,4.3129,coastal,DERIVED_PHYSICS_IMO_GHG2020_SEED42
V057,container_ship,30177,17.2,85.4,529,LNG,2.62,R059,Mormugao,Kandla,151.9323,30.76,83.5628,23.5495,river_mouth,DERIVED_PHYSICS_IMO_GHG2020_SEED42
V062,container_ship,34470,17.5,52.9,411,LNG,0.39,R058,Visakhapatnam,Kamarajar,92.2844,23.49,50.7564,14.3041,sea_passage,DERIVED_PHYSICS_IMO_GHG2020_SEED42
V011,bulk_carrier,34473,11.2,95.0,870,HFO,2.85,R004,Kochi,JNPA,146.0395,77.68,75.9405,21.6926,sea_passage,DERIVED_PHYSICS_IMO_GHG2020_SEED42
V088,tanker,47767,13.9,74.7,297,HFO,1.59,R007,JNPA,Kandla,83.5426,21.37,43.4421,12.4093,sea_passage,DERIVED_PHYSICS_IMO_GHG2020_SEED42
V064,container_ship,26077,18.4,55.9,859,Methanol,1.16,R013,Mumbai,Kochi,512.0247,46.68,179.2086,29.5489,sea_passage,DERIVED_PHYSICS_IMO_GHG2020_SEED42
V117,general_cargo,9258,13.0,58.1,17,MGO,0.84,R034,Kamarajar,Chennai,1.1267,1.31,0.7661,0.1804,sea_passage,DERIVED_PHYSICS_IMO_GHG2020_SEED42
V013,bulk_carrier,60013,13.8,73.8,870,LNG,2.24,R004,Kochi,JNPA,232.0653,63.04,127.6359,35.9701,sea_passage,DERIVED_PHYSICS_IMO_GHG2020_SEED42
V126,general_cargo,16177,12.0,70.0,422,HFO,1.04,R054,Mormugao,Kochi,34.7089,35.17,18.0486,5.1556,sea_passage,DERIVED_PHYSICS_IMO_GHG2020_SEED42
V033,bulk_carrier,40297,10.7,78.7,183,LNG,1.74,R026,Tuticorin,Kochi,20.8294,17.1,11.4562,3.2286,sea_passage,DERIVED_PHYSICS_IMO_GHG2020_SEED42
V120,general_cargo,16651,12.1,92.5,692,HFO,1.98,R035,Chennai,Paradip,83.2806,57.19,43.3059,12.3704,sea_passage,DERIVED_PHYSICS_IMO_GHG2020_SEED42
V081,tanker,22608,11.4,72.3,313,MGO,3.07,R039,Visakhapatnam,Paradip,36.6231,27.46,24.9037,5.8643,sea_passage,DERIVED_PHYSICS_IMO_GHG2020_SEED42
V061,container_ship,33687,20.8,62.5,313,HFO,2.36,R039,Visakhapatnam,Paradip,166.2743,15.05,86.4626,24.6982,river_mouth,DERIVED_PHYSICS_IMO_GHG2020_SEED42
V084,tanker,23117,15.9,77.5,853,HFO,3.43,R037,Chennai,Kolkata_SMPK,240.1127,53.65,124.8586,35.6661,coastal,DERIVED_PHYSICS_IMO_GHG2020_SEED42
V010,bulk_carrier,41291,9.9,73.5,345,HFO,3.03,R028,New_Mangalore,Kochi,50.5151,34.85,26.2678,7.5035,coastal,DERIVED_PHYSICS_IMO_GHG2020_SEED42
V047,container_ship,41892,14.4,59.8,22,MGO,1.33,R002,Mumbai,JNPA,4.9861,1.53,3.3906,0.7984,sea_passage,DERIVED_PHYSICS_IMO_GHG2020_SEED42
V133,ro_ro,11514,12.7,87.1,700,LNG,0.44,R036,Paradip,Chennai,46.5743,55.12,25.6159,7.219,sea_passage,DERIVED_PHYSICS_IMO_GHG2020_SEED42
V029,bulk_carrier,30900,11.8,87.4,529,MGO,3.02,R059,Mormugao,Kandla,95.5874,44.83,64.9994,15.3059,river_mouth,DERIVED_PHYSICS_IMO_GHG2020_SEED42
V084,tanker,23117,13.2,58.0,422,MGO,0.52,R054,Mormugao,Kochi,50.2467,31.97,34.1677,8.0457,sea_passage,DERIVED_PHYSICS_IMO_GHG2020_SEED42
V087,tanker,28073,13.7,90.2,345,LNG,1.69,R028,New_Mangalore,Kochi,58.25,25.18,32.0375,9.0288,sea_passage,DERIVED_PHYSICS_IMO_GHG2020_SEED42
V017,bulk_carrier,47945,12.7,88.7,17,LNG,1.06,R034,Kamarajar,Chennai,3.1757,1.34,1.7466,0.4922,coastal,DERIVED_PHYSICS_IMO_GHG2020_SEED42
V113,general_cargo,13823,11.5,54.5,297,HFO,0.53,R007,JNPA,Kandla,20.4897,25.83,10.6547,3.0435,sea_passage,DERIVED_PHYSICS_IMO_GHG2020_SEED42
V081,tanker,22608,14.4,98.1,876,LNG,0.39,R003,JNPA,Kochi,142.7112,60.83,78.4912,22.1202,sea_passage,DERIVED_PHYSICS_IMO_GHG2020_SEED42
V005,bulk_carrier,47170,10.1,91.5,495,MGO,3.16,R042,Kolkata_SMPK,Visakhapatnam,84.6392,49.01,57.5547,13.5529,sea_passage,DERIVED_PHYSICS_IMO_GHG2020_SEED42
V099,tanker,55620,13.8,76.1,507,MGO,0.58,R019,Mumbai,New_Mangalore,128.8098,36.74,87.5907,20.6257,river_mouth,DERIVED_PHYSICS_IMO_GHG2020_SEED42
V017,bulk_carrier,47945,14.3,83.8,853,HFO,2.19,R037,Chennai,Kolkata_SMPK,278.108,59.65,144.6162,41.3099,sea_passage,DERIVED_PHYSICS_IMO_GHG2020_SEED42
V136,ro_ro,4206,15.8,63.7,183,MGO,2.58,R026,Tuticorin,Kochi,13.0106,11.58,8.8472,2.0833,sea_passage,DERIVED_PHYSICS_IMO_GHG2020_SEED42
V002,bulk_carrier,29708,13.3,62.0,18,HFO,0.91,R033,Chennai,Kamarajar,3.1479,1.35,1.6369,0.4676,sea_passage,DERIVED_PHYSICS_IMO_GHG2020_SEED42
V052,container_ship,35698,19.2,92.3,491,MGO,2.94,R041,Visakhapatnam,Kolkata_SMPK,227.9163,25.57,154.9831,36.4951,sea_passage,DERIVED_PHYSICS_IMO_GHG2020_SEED42
V013,bulk_carrier,60013,11.7,85.9,229,MGO,0.33,R044,Kolkata_SMPK,Paradip,46.1722,19.57,31.3971,7.3933,sea_passage,DERIVED_PHYSICS_IMO_GHG2020_SEED42
V003,bulk_carrier,64303,11.1,55.5,396,HFO,2.92,R031,Chennai,Visakhapatnam,87.5355,35.68,45.5185,13.0024,sea_passage,DERIVED_PHYSICS_IMO_GHG2020_SEED42
V026,bulk_carrier,33063,10.0,79.6,358,HFO,1.91,R011,JNPA,Mormugao,42.478,35.8,22.0886,6.3096,sea_passage,DERIVED_PHYSICS_IMO_GHG2020_SEED42
V056,container_ship,38751,12.5,86.6,528,Methanol,2.56,R010,New_Mangalore,JNPA,246.0328,42.24,86.1115,14.1986,sea_passage,DERIVED_PHYSICS_IMO_GHG2020_SEED42
V054,container_ship,21825,12.9,65.2,282,MGO,2.49,R017,Mumbai,Kandla,39.8387,21.86,27.0903,6.3792,river_mouth,DERIVED_PHYSICS_IMO_GHG2020_SEED42
V080,tanker,50271,11.7,92.5,876,LNG,1.45,R003,JNPA,Kochi,152.2702,74.87,83.7486,23.6019,sea_passage,DERIVED_PHYSICS_IMO_GHG2020_SEED42
V035,bulk_carrier,56365,12.7,53.0,1196,HFO,3.31,R006,Chennai,JNPA,331.7159,94.17,172.4923,49.2727,sea_passage,DERIVED_PHYSICS_IMO_GHG2020_SEED42
V112,general_cargo,17758,10.4,91.3,348,MGO,0.79,R027,Kochi,New_Mangalore,25.2697,33.46,17.1834,4.0463,river_mouth,DERIVED_PHYSICS_IMO_GHG2020_SEED42
V120,general_cargo,16651,10.2,79.3,290,HFO,1.08,R046,JNPA,Kandla,22.1839,28.43,11.5356,3.2952,sea_passage,DERIVED_PHYSICS_IMO_GHG2020_SEED42
V102,tanker,47959,13.9,87.9,419,MGO,1.42,R053,Kochi,Mormugao,114.4185,30.14,77.8046,18.3213,sea_passage,DERIVED_PHYSICS_IMO_GHG2020_SEED42
V135,ro_ro,7575,17.9,89.3,276,HFO,3.42,R047,Kandla,Mumbai,45.4174,15.42,23.617,6.7463,river_mouth,DERIVED_PHYSICS_IMO_GHG2020_SEED42
V126,general_cargo,16177,13.3,61.5,870,MGO,2.25,R004,Kochi,JNPA,98.5872,65.41,67.0393,15.7863,sea_passage,DERIVED_PHYSICS_IMO_GHG2020_SEED42
V022,bulk_carrier,27915,10.8,85.4,297,LNG,1.46,R007,JNPA,Kandla,28.381,27.5,15.6095,4.3991,river_mouth,DERIVED_PHYSICS_IMO_GHG2020_SEED42
V108,general_cargo,7216,14.2,60.5,1190,HFO,1.11,R005,JNPA,Chennai,82.5866,83.8,42.9451,12.2673,river_mouth,DERIVED_PHYSICS_IMO_GHG2020_SEED42
V002,bulk_carrier,29708,16.4,63.2,419,LNG,2.86,R057,Kamarajar,Visakhapatnam,101.509,25.55,55.8299,15.7339,sea_passage,DERIVED_PHYSICS_IMO_GHG2020_SEED42
V087,tanker,28073,12.5,66.7,788,HFO,3.47,R052,Port_Blair,Chennai,157.0338,63.04,81.6576,23.3256,sea_passage,DERIVED_PHYSICS_IMO_GHG2020_SEED42
V126,general_cargo,16177,10.8,96.3,1190,HFO,1.66,R005,JNPA,Chennai,111.0285,110.19,57.7348,16.4921,sea_passage,DERIVED_PHYSICS_IMO_GHG2020_SEED42
V015,bulk_carrier,31987,9.7,96.5,17,LNG,1.28,R034,Kamarajar,Chennai,1.4596,1.75,0.8028,0.2262,coastal,DERIVED_PHYSICS_IMO_GHG2020_SEED42
V126,general_cargo,16177,10.6,83.4,396,HFO,0.32,R031,Chennai,Visakhapatnam,30.4175,37.36,15.8171,4.5182,sea_passage,DERIVED_PHYSICS_IMO_GHG2020_SEED42
V073,tanker,47233,11.0,73.7,757,HFO,1.14,R050,Port_Blair,Tuticorin,125.9798,68.82,65.5095,18.7129,sea_passage,DERIVED_PHYSICS_IMO_GHG2020_SEED42
V018,bulk_carrier,58420,12.0,89.3,286,LNG,0.52,R045,Kandla,JNPA,51.5141,23.83,28.3328,7.9847,sea_passage,DERIVED_PHYSICS_IMO_GHG2020_SEED42
V019,bulk_carrier,63249,14.4,74.7,297,LNG,0.64,R007,JNPA,Kandla,83.2629,20.62,45.7946,12.9057,river_mouth,DERIVED_PHYSICS_IMO_GHG2020_SEED42
V061,container_ship,33687,19.6,69.0,297,Methanol,2.18,R007,JNPA,Kandla,300.8961,15.15,105.3136,17.3647,sea_passage,DERIVED_PHYSICS_IMO_GHG2020_SEED42
V085,tanker,70614,13.1,91.5,859,LNG,2.55,R013,Mumbai,Kochi,254.8028,65.57,140.1416,39.4944,sea_passage,DERIVED_PHYSICS_IMO_GHG2020_SEED42
V062,container_ship,34470,16.5,61.8,22,Methanol,1.17,R002,Mumbai,JNPA,13.8269,1.33,4.8394,0.7979,sea_passage,DERIVED_PHYSICS_IMO_GHG2020_SEED42
V089,tanker,35987,13.0,72.9,1190,HFO,3.46,R005,JNPA,Chennai,286.3996,91.54,148.9278,42.5415,sea_passage,DERIVED_PHYSICS_IMO_GHG2020_SEED42
V105,tanker,59471,15.0,61.0,311,HFO,1.51,R040,Paradip,Visakhapatnam,103.1405,20.73,53.6331,15.3204,coastal,DERIVED_PHYSICS_IMO_GHG2020_SEED42
V048,container_ship,21724,22.4,94.0,347,MGO,0.85,R022,Mormugao,Mumbai,135.4075,15.49,92.0771,21.6821,coastal,DERIVED_PHYSICS_IMO_GHG2020_SEED42
V126,general_cargo,16177,10.4,58.9,358,MGO,2.67,R011,JNPA,Mormugao,25.5044,34.42,17.343,4.0839,coastal,DERIVED_PHYSICS_IMO_GHG2020_SEED42
V092,tanker,76931,13.5,81.1,422,HFO,0.39,R054,Mormugao,Kochi,133.373,31.26,69.3539,19.8111,sea_passage,DERIVED_PHYSICS_IMO_GHG2020_SEED42
V101,tanker,56969,11.0,54.1,542,HFO,0.5,R024,Chennai,Kochi,86.9808,49.27,45.23,12.92,sea_passage,DERIVED_PHYSICS_IMO_GHG2020_SEED42
V034,bulk_carrier,62925,14.7,63.3,856,LNG,2.03,R038,Kolkata_SMPK,Chennai,250.4986,58.23,137.7742,38.8273,sea_passage,DERIVED_PHYSICS_IMO_GHG2020_SEED42
V149,ferry,536,17.1,71.8,396,Shore_Power,2.22,R031,Chennai,Visakhapatnam,92.1449,23.16,11.0574,0.272,sea_passage,DERIVED_PHYSICS_IMO_GHG2020_SEED42
V062,container_ship,34470,20.4,54.5,528,LNG,1.42,R010,New_Mangalore,JNPA,191.3479,25.88,105.2413,29.6589,sea_passage,DERIVED_PHYSICS_IMO_GHG2020_SEED42
V060,container_ship,33073,15.4,54.2,521,MGO,3.08,R060,Kandla,Mormugao,137.1367,33.83,93.253,21.959,sea_passage,DERIVED_PHYSICS_IMO_GHG2020_SEED42
V013,bulk_carrier,60013,11.9,50.5,495,HFO,0.65,R042,Kolkata_SMPK,Visakhapatnam,87.9843,41.6,45.7518,13.0691,sea_passage,DERIVED_PHYSICS_IMO_GHG2020_SEED42
V126,general_cargo,16177,14.5,95.9,349,HFO,2.05,R021,Mumbai,Mormugao,60.1017,24.07,31.2529,8.9274,coastal,DERIVED_PHYSICS_IMO_GHG2020_SEED42
V101,tanker,56969,13.1,74.7,507,HFO,2.96,R019,Mumbai,New_Mangalore,162.0618,38.7,84.2721,24.0725,sea_passage,DERIVED_PHYSICS_IMO_GHG2020_SEED42
V130,general_cargo,15643,10.5,54.1,349,HFO,0.5,R021,Mumbai,Mormugao,22.8903,33.24,11.903,3.4001,river_mouth,DERIVED_PHYSICS_IMO_GHG2020_SEED42
V089,tanker,35987,10.0,63.7,359,HFO,2.96,R012,Mormugao,JNPA,45.1452,35.9,23.4755,6.7058,coastal,DERIVED_PHYSICS_IMO_GHG2020_SEED42
V147,ferry,2604,13.1,58.1,507,MGO,1.43,R019,Mumbai,New_Mangalore,14.432,38.7,9.8137,2.3109,sea_passage,DERIVED_PHYSICS_IMO_GHG2020_SEED42
V050,container_ship,17470,18.0,69.3,761,LNG,2.46,R049,Tuticorin,Port_Blair,152.1382,42.28,83.676,23.5814,coastal,DERIVED_PHYSICS_IMO_GHG2020_SEED42
V009,bulk_carrier,32714,10.4,95.1,856,MGO,2.94,R038,Kolkata_SMPK,Chennai,120.8836,82.31,82.2008,19.3565,sea_passage,DERIVED_PHYSICS_IMO_GHG2020_SEED42
V070,container_ship,16607,16.3,95.3,788,LNG,1.53,R052,Port_Blair,Chennai,128.8693,48.34,70.8781,19.9747,river_mouth,DERIVED_PHYSICS_IMO_GHG2020_SEED42
V094,tanker,68263,11.3,81.3,217,MGO,2.84,R043,Paradip,Kolkata_SMPK,51.8767,19.2,35.2761,8.3068,sea_passage,DERIVED_PHYSICS_IMO_GHG2020_SEED42
V007,bulk_carrier,42726,14.6,75.5,411,MGO,3.5,R058,Visakhapatnam,Kamarajar,131.9993,28.15,89.7595,21.1364,sea_passage,DERIVED_PHYSICS_IMO_GHG2020_SEED42
V083,tanker,42416,11.3,52.2,406,MGO,3.41,R032,Visakhapatnam,Chennai,65.9564,35.93,44.8504,10.5613,sea_passage,DERIVED_PHYSICS_IMO_GHG2020_SEED42
V112,general_cargo,17758,10.2,58.3,1181,MGO,0.33,R016,Chennai,Mumbai,73.3555,115.78,49.8817,11.746,sea_passage,DERIVED_PHYSICS_IMO_GHG2020_SEED42
V110,general_cargo,16704,12.8,97.7,290,MGO,3.47,R008,Kandla,JNPA,40.1013,22.66,27.2689,6.4212,sea_passage,DERIVED_PHYSICS_IMO_GHG2020_SEED42
V125,general_cargo,5602,11.4,75.2,345,HFO,0.8,R028,New_Mangalore,Kochi,13.6849,30.26,7.1162,2.0327,sea_passage,DERIVED_PHYSICS_IMO_GHG2020_SEED42
V150,ferry,884,14.6,57.7,761,LNG,3.09,R049,Tuticorin,Port_Blair,14.5725,52.12,8.0149,2.2587,sea_passage,DERIVED_PHYSICS_IMO_GHG2020_SEED42
V115,general_cargo,11634,12.1,85.2,518,MGO,0.68,R009,JNPA,New_Mangalore,36.0872,42.81,24.5393,5.7785,coastal,DERIVED_PHYSICS_IMO_GHG2020_SEED42
V128,general_cargo,15648,13.8,89.6,1190,MGO,1.32,R005,JNPA,Chennai,153.803,86.23,104.586,24.6277,sea_passage,DERIVED_PHYSICS_IMO_GHG2020_SEED42
V059,container_ship,13324,16.0,88.8,396,Methanol,1.21,R031,Chennai,Visakhapatnam,127.7963,24.75,44.7287,7.3751,coastal,DERIVED_PHYSICS_IMO_GHG2020_SEED42
V124,general_cargo,16581,13.9,73.8,277,MGO,0.54,R018,Kandla,Mumbai,31.1217,19.93,21.1627,4.9834,sea_passage,DERIVED_PHYSICS_IMO_GHG2020_SEED42
V098,tanker,28244,16.8,60.4,419,HFO,0.31,R057,Kamarajar,Visakhapatnam,102.2266,24.94,53.1578,15.1846,sea_passage,DERIVED_PHYSICS_IMO_GHG2020_SEED42
V102,tanker,47959,12.5,55.9,692,MGO,3.44,R035,Chennai,Paradip,148.9239,55.36,101.2682,23.8464,sea_passage,DERIVED_PHYSICS_IMO_GHG2020_SEED42
V027,bulk_carrier,59816,13.9,82.6,18,MGO,1.32,R033,Chennai,Kamarajar,4.9611,1.29,3.3736,0.7944,sea_passage,DERIVED_PHYSICS_IMO_GHG2020_SEED42
V142,passenger,4149,16.5,97.1,700,LNG,1.2,R036,Paradip,Chennai,47.061,42.42,25.8836,7.2945,sea_passage,DERIVED_PHYSICS_IMO_GHG2020_SEED42
V144,passenger,4545,20.4,92.8,297,MGO,3.48,R007,JNPA,Kandla,46.3926,14.56,31.547,7.4286,sea_passage,DERIVED_PHYSICS_IMO_GHG2020_SEED42
V139,passenger,2268,16.3,70.3,1181,Hydrogen,0.92,R016,Chennai,Mumbai,17.2297,72.45,55.1351,1.2405,sea_passage,DERIVED_PHYSICS_IMO_GHG2020_SEED42
V073,tanker,47233,11.1,66.2,358,LNG,0.74,R011,JNPA,Mormugao,44.7196,32.25,24.5958,6.9315,sea_passage,DERIVED_PHYSICS_IMO_GHG2020_SEED42
V020,bulk_carrier,40197,10.0,55.8,18,LNG,3.09,R033,Chennai,Kamarajar,1.9666,1.8,1.0816,0.3048,sea_passage,DERIVED_PHYSICS_IMO_GHG2020_SEED42
V133,ro_ro,11514,12.6,79.9,1179,MGO,2.8,R015,Mumbai,Chennai,113.7918,93.57,77.3784,18.2209,coastal,DERIVED_PHYSICS_IMO_GHG2020_SEED42
V122,general_cargo,14088,15.8,60.6,176,HFO,1.15,R056,Mormugao,New_Mangalore,25.413,11.14,13.2148,3.7748,sea_passage,DERIVED_PHYSICS_IMO_GHG2020_SEED42
V017,bulk_carrier,47945,12.2,59.8,1181,HFO,2.7,R016,Chennai,Mumbai,262.3992,96.8,136.4476,38.9765,sea_passage,DERIVED_PHYSICS_IMO_GHG2020_SEED42
V063,container_ship,12578,18.9,91.4,183,HFO,1.92,R026,Tuticorin,Kochi,44.5984,9.68,23.1912,6.6246,sea_passage,DERIVED_PHYSICS_IMO_GHG2020_SEED42
V074,tanker,68994,10.4,68.0,505,MGO,2.54,R020,New_Mangalore,Mumbai,101.2686,48.56,68.8627,16.2156,river_mouth,DERIVED_PHYSICS_IMO_GHG2020_SEED42
V051,container_ship,9661,16.7,88.3,297,Methanol,1.33,R007,JNPA,Kandla,84.8199,17.78,29.687,4.895,sea_passage,DERIVED_PHYSICS_IMO_GHG2020_SEED42
V062,container_ship,34470,17.1,64.0,419,MGO,1.44,R053,Kochi,Mormugao,112.4802,24.5,76.4865,18.0109,sea_passage,DERIVED_PHYSICS_IMO_GHG2020_SEED42
V137,ro_ro,6851,14.8,90.5,406,LNG,3.14,R032,Visakhapatnam,Chennai,35.5767,27.43,19.5672,5.5144,coastal,DERIVED_PHYSICS_IMO_GHG2020_SEED42
V100,tanker,35203,11.5,54.9,422,HFO,1.9,R054,Mormugao,Kochi,62.6102,36.7,32.5573,9.3001,coastal,DERIVED_PHYSICS_IMO_GHG2020_SEED42
V086,tanker,66768,16.0,65.5,761,LNG,2.15,R049,Tuticorin,Port_Blair,311.9602,47.56,171.5781,48.3538,sea_passage,DERIVED_PHYSICS_IMO_GHG2020_SEED42
V027,bulk_carrier,59816,13.3,87.5,359,HFO,2.83,R012,Mormugao,JNPA,117.6891,26.99,61.1983,17.4814,sea_passage,DERIVED_PHYSICS_IMO_GHG2020_SEED42
V131,ro_ro,4651,21.5,79.0,1196,MGO,2.24,R006,Chennai,JNPA,167.7457,55.63,114.0671,26.8603,sea_passage,DERIVED_PHYSICS_IMO_GHG2020_SEED42
V068,container_ship,37761,16.9,98.5,229,MGO,1.23,R044,Kolkata_SMPK,Paradip,77.815,13.55,52.9142,12.4601,sea_passage,DERIVED_PHYSICS_IMO_GHG2020_SEED42
V032,bulk_carrier,70130,11.1,84.4,853,MGO,0.73,R037,Chennai,Kolkata_SMPK,159.3292,76.85,108.3439,25.5126,sea_passage,DERIVED_PHYSICS_IMO_GHG2020_SEED42
V004,bulk_carrier,71338,10.4,90.7,229,MGO,3.2,R044,Kolkata_SMPK,Paradip,54.4165,22.02,37.0032,8.7134,coastal,DERIVED_PHYSICS_IMO_GHG2020_SEED42
V047,container_ship,41892,18.1,73.3,176,LNG,2.76,R056,Mormugao,New_Mangalore,73.1881,9.72,40.2535,11.3442,sea_passage,DERIVED_PHYSICS_IMO_GHG2020_SEED42
V041,bulk_carrier,49332,11.1,55.9,528,HFO,1.62,R010,New_Mangalore,JNPA,94.1903,47.57,48.9789,13.9909,river_mouth,DERIVED_PHYSICS_IMO_GHG2020_SEED42
V018,bulk_carrier,58420,12.6,76.2,521,HFO,0.37,R060,Kandla,Mormugao,133.3679,41.35,69.3513,19.8103,sea_passage,DERIVED_PHYSICS_IMO_GHG2020_SEED42
V050,container_ship,17470,20.5,61.7,1181,HFO,0.41,R016,Chennai,Mumbai,321.8054,57.61,167.3388,47.8007,coastal,DERIVED_PHYSICS_IMO_GHG2020_SEED42
V073,tanker,47233,10.7,82.3,853,MGO,3.26,R037,Chennai,Kolkata_SMPK,160.6148,79.72,109.218,25.7184,sea_passage,DERIVED_PHYSICS_IMO_GHG2020_SEED42
V006,bulk_carrier,66381,10.3,58.6,859,LNG,2.9,R013,Mumbai,Kochi,142.3047,83.4,78.2676,22.0572,sea_passage,DERIVED_PHYSICS_IMO_GHG2020_SEED42
V127,general_cargo,7328,14.6,59.8,788,MGO,0.75,R052,Port_Blair,Chennai,58.0921,53.97,39.5026,9.302,coastal,DERIVED_PHYSICS_IMO_GHG2020_SEED42
V023,bulk_carrier,58095,13.5,81.2,176,MGO,2.63,R056,Mormugao,New_Mangalore,56.1156,13.04,38.1586,8.9855,sea_passage,DERIVED_PHYSICS_IMO_GHG2020_SEED42
V150,ferry,884,19.2,75.7,406,Hydrogen,0.69,R032,Visakhapatnam,Chennai,4.4512,21.15,14.2438,0.3205,sea_passage,DERIVED_PHYSICS_IMO_GHG2020_SEED42
V111,general_cargo,19799,12.1,56.0,276,MGO,0.34,R047,Kandla,Mumbai,24.7372,22.81,16.8213,3.961,sea_passage,DERIVED_PHYSICS_IMO_GHG2020_SEED42
V063,container_ship,12578,17.7,76.4,761,LNG,1.69,R049,Tuticorin,Port_Blair,110.179,42.99,60.5984,17.0777,sea_passage,DERIVED_PHYSICS_IMO_GHG2020_SEED42
V093,tanker,39701,15.1,99.2,419,HFO,1.44,R057,Kamarajar,Visakhapatnam,140.6223,27.75,73.1236,20.8879,coastal,DERIVED_PHYSICS_IMO_GHG2020_SEED42
V111,general_cargo,19799,15.2,75.0,538,MGO,2.08,R023,Kochi,Chennai,91.9061,35.39,62.4962,14.7165,sea_passage,DERIVED_PHYSICS_IMO_GHG2020_SEED42
V028,bulk_carrier,56514,13.0,86.6,290,HFO,0.61,R008,Kandla,JNPA,73.0637,22.31,37.9931,10.8528,river_mouth,DERIVED_PHYSICS_IMO_GHG2020_SEED42
V090,tanker,33954,13.3,59.9,349,HFO,1.41,R021,Mumbai,Mormugao,64.1143,26.24,33.3394,9.5235,coastal,DERIVED_PHYSICS_IMO_GHG2020_SEED42
V008,bulk_carrier,34731,13.5,95.5,24,LNG,0.5,R001,JNPA,Mumbai,4.1128,1.78,2.2621,0.6375,river_mouth,DERIVED_PHYSICS_IMO_GHG2020_SEED42
V120,general_cargo,16651,12.9,71.9,277,HFO,1.3,R018,Kandla,Mumbai,31.5653,21.47,16.414,4.6887,sea_passage,DERIVED_PHYSICS_IMO_GHG2020_SEED42
V110,general_cargo,16704,9.9,84.6,419,MGO,1.38,R053,Kochi,Mormugao,26.7934,42.32,18.2195,4.2903,sea_passage,DERIVED_PHYSICS_IMO_GHG2020_SEED42
V143,passenger,3504,22.2,70.4,797,MGO,2.79,R051,Chennai,Port_Blair,92.0699,35.9,62.6075,14.7427,coastal,DERIVED_PHYSICS_IMO_GHG2020_SEED42
V016,bulk_carrier,58242,14.1,80.8,419,MGO,3.43,R053,Kochi,Mormugao,158.3677,29.72,107.69,25.3586,coastal,DERIVED_PHYSICS_IMO_GHG2020_SEED42
V063,container_ship,12578,17.7,87.0,169,MGO,2.95,R055,New_Mangalore,Mormugao,33.1981,9.55,22.5747,5.3158,river_mouth,DERIVED_PHYSICS_IMO_GHG2020_SEED42
V146,ferry,1735,14.3,76.4,850,LNG,3.3,R014,Kochi,Mumbai,27.4689,59.44,15.1079,4.2577,sea_passage,DERIVED_PHYSICS_IMO_GHG2020_SEED42
V023,bulk_carrier,58095,12.8,84.0,290,HFO,2.91,R046,JNPA,Kandla,91.5658,22.66,47.6142,13.6011,coastal,DERIVED_PHYSICS_IMO_GHG2020_SEED42
V124,general_cargo,16581,13.5,97.6,1196,HFO,1.41,R006,Chennai,JNPA,151.0631,88.59,78.5528,22.4388,coastal,DERIVED_PHYSICS_IMO_GHG2020_SEED42
V119,general_cargo,18455,9.1,52.5,349,MGO,0.66,R021,Mumbai,Mormugao,18.5635,38.35,12.6232,2.9725,sea_passage,DERIVED_PHYSICS_IMO_GHG2020_SEED42
V053,container_ship,27197,16.6,85.6,277,LNG,0.42,R018,Kandla,Mumbai,57.6075,16.69,31.6841,8.9292,coastal,DERIVED_PHYSICS_IMO_GHG2020_SEED42
V126,general_cargo,16177,13.7,87.3,788,MGO,3.38,R052,Port_Blair,Chennai,114.4112,57.52,77.7996,18.3201,sea_passage,DERIVED_PHYSICS_IMO_GHG2020_SEED42
V111,general_cargo,19799,12.1,50.7,518,MGO,2.32,R009,JNPA,New_Mangalore,56.6333,42.81,38.5107,9.0684,sea_passage,DERIVED_PHYSICS_IMO_GHG2020_SEED42
V108,general_cargo,7216,16.1,53.3,495,MGO,2.82,R042,Kolkata_SMPK,Visakhapatnam,51.3048,30.75,34.8872,8.2152,sea_passage,DERIVED_PHYSICS_IMO_GHG2020_SEED42
V095,tanker,37289,11.5,92.3,217,HFO,2.39,R043,Paradip,Kolkata_SMPK,39.0014,18.87,20.2807,5.7932,sea_passage,DERIVED_PHYSICS_IMO_GHG2020_SEED42
V116,general_cargo,6658,15.2,95.1,411,MGO,1.97,R058,Visakhapatnam,Kamarajar,35.8247,27.04,24.3608,5.7364,sea_passage,DERIVED_PHYSICS_IMO_GHG2020_SEED42
V134,ro_ro,8843,21.6,88.7,870,HFO,0.58,R004,Kochi,JNPA,187.8109,40.28,97.6617,27.8972,river_mouth,DERIVED_PHYSICS_IMO_GHG2020_SEED42
V150,ferry,884,18.4,61.2,518,LNG,0.4,R009,JNPA,New_Mangalore,11.0683,28.15,6.0876,1.7156,sea_passage,DERIVED_PHYSICS_IMO_GHG2020_SEED42
V019,bulk_carrier,63249,10.4,58.0,17,MGO,3.34,R034,Kamarajar,Chennai,3.1256,1.63,2.1254,0.5005,coastal,DERIVED_PHYSICS_IMO_GHG2020_SEED42
V102,tanker,47959,11.0,89.0,345,MGO,1.42,R028,New_Mangalore,Kochi,55.6599,31.36,37.8487,8.9125,river_mouth,DERIVED_PHYSICS_IMO_GHG2020_SEED42
V146,ferry,1735,12.1,73.7,348,MGO,2.33,R027,Kochi,New_Mangalore,8.4815,28.76,5.7674,1.3581,coastal,DERIVED_PHYSICS_IMO_GHG2020_SEED42
V144,passenger,4545,20.7,71.5,24,Hydrogen,1.77,R001,JNPA,Mumbai,1.0282,1.16,3.2902,0.074,river_mouth,DERIVED_PHYSICS_IMO_GHG2020_SEED42
V062,container_ship,34470,21.2,69.1,507,MGO,3.4,R019,Mumbai,New_Mangalore,281.436,23.92,191.3765,45.0649,sea_passage,DERIVED_PHYSICS_IMO_GHG2020_SEED42
V082,tanker,54273,11.4,54.2,22,LNG,1.85,R002,Mumbai,JNPA,3.1786,1.93,1.7482,0.4927,river_mouth,DERIVED_PHYSICS_IMO_GHG2020_SEED42
V114,general_cargo,17380,11.4,60.6,290,HFO,3.41,R008,Kandla,JNPA,31.2169,25.44,16.2328,4.6369,sea_passage,DERIVED_PHYSICS_IMO_GHG2020_SEED42
V031,bulk_carrier,60844,12.9,74.7,1190,MGO,2.3,R005,JNPA,Chennai,306.3907,92.25,208.3456,49.0608,sea_passage,DERIVED_PHYSICS_IMO_GHG2020_SEED42
V014,bulk_carrier,44373,13.2,87.1,24,HFO,2.46,R001,JNPA,Mumbai,6.4739,1.82,3.3664,0.9616,sea_passage,DERIVED_PHYSICS_IMO_GHG2020_SEED42
V053,container_ship,27197,16.5,69.6,859,HFO,2.29,R013,Mumbai,Kochi,241.0656,52.06,125.3541,35.8076,sea_passage,DERIVED_PHYSICS_IMO_GHG2020_SEED42
V098,tanker,28244,14.1,95.1,359,MGO,1.49,R012,Mormugao,JNPA,67.5597,25.46,45.9406,10.818,sea_passage,DERIVED_PHYSICS_IMO_GHG2020_SEED42
V051,container_ship,9661,19.2,96.4,850,MGO,2.73,R014,Kochi,Mumbai,164.087,44.27,111.5792,26.2744,sea_passage,DERIVED_PHYSICS_IMO_GHG2020_SEED42
V055,container_ship,17711,24.0,93.8,290,MGO,2.74,R046,JNPA,Kandla,128.8325,12.08,87.6061,20.6293,coastal,DERIVED_PHYSICS_IMO_GHG2020_SEED42
V120,general_cargo,16651,11.4,70.9,169,MGO,2.43,R055,New_Mangalore,Mormugao,16.1343,14.82,10.9714,2.5835,coastal,DERIVED_PHYSICS_IMO_GHG2020_SEED42
V126,general_cargo,16177,12.7,67.7,700,MGO,0.77,R036,Paradip,Chennai,66.384,55.12,45.1411,10.6297,sea_passage,DERIVED_PHYSICS_IMO_GHG2020_SEED42
V007,bulk_carrier,42726,11.3,66.5,1181,LNG,1.47,R016,Chennai,Mumbai,146.2882,104.51,80.4585,22.6747,sea_passage,DERIVED_PHYSICS_IMO_GHG2020_SEED42
V109,general_cargo,10749,14.1,87.3,24,HFO,3.37,R001,JNPA,Mumbai,3.5369,1.7,1.8392,0.5254,sea_passage,DERIVED_PHYSICS_IMO_GHG2020_SEED42
V042,bulk_carrier,48674,12.0,50.8,406,MGO,0.96,R032,Visakhapatnam,Chennai,64.1036,33.83,43.5904,10.2646,sea_passage,DERIVED_PHYSICS_IMO_GHG2020_SEED42
V089,tanker,35987,12.1,82.0,276,HFO,2.98,R048,Mumbai,Kandla,55.7313,22.81,28.9803,8.2783,sea_passage,DERIVED_PHYSICS_IMO_GHG2020_SEED42
V057,container_ship,30177,16.7,52.1,358,MGO,1.75,R011,JNPA,Mormugao,88.5673,21.44,60.2258,14.1818,sea_passage,DERIVED_PHYSICS_IMO_GHG2020_SEED42
V132,ro_ro,8727,18.2,90.8,24,MGO,0.77,R001,JNPA,Mumbai,3.2133,1.32,2.185,0.5145,river_mouth,DERIVED_PHYSICS_IMO_GHG2020_SEED42
V082,tanker,54273,14.1,58.1,518,LNG,3.28,R009,JNPA,New_Mangalore,142.3595,36.74,78.2977,22.0657,sea_passage,DERIVED_PHYSICS_IMO_GHG2020_SEED42
V052,container_ship,35698,24.1,83.5,856,MGO,0.98,R038,Kolkata_SMPK,Chennai,528.0714,35.52,359.0885,84.5574,coastal,DERIVED_PHYSICS_IMO_GHG2020_SEED42
V061,container_ship,33687,15.5,62.9,419,LNG,3.32,R057,Kamarajar,Visakhapatnam,102.7382,27.03,56.506,15.9244,sea_passage,DERIVED_PHYSICS_IMO_GHG2020_SEED42
V012,bulk_carrier,58490,10.3,55.3,286,MGO,1.97,R045,Kandla,JNPA,44.936,27.77,30.5565,7.1954,sea_passage,DERIVED_PHYSICS_IMO_GHG2020_SEED42
V145,passenger,3081,18.5,51.2,1190,MGO,0.87,R005,JNPA,Chennai,67.4456,64.32,45.863,10.7997,sea_passage,DERIVED_PHYSICS_IMO_GHG2020_SEED42
V069,container_ship,8659,13.6,78.2,176,HFO,2.68,R056,Mormugao,New_Mangalore,16.9544,12.94,8.8163,2.5184,river_mouth,DERIVED_PHYSICS_IMO_GHG2020_SEED42
V020,bulk_carrier,40197,8.5,51.9,542,LNG,0.61,R024,Chennai,Kochi,32.96,63.76,18.128,5.1088,sea_passage,DERIVED_PHYSICS_IMO_GHG2020_SEED42
V143,passenger,3504,21.2,99.3,757,MGO,3.0,R050,Port_Blair,Tuticorin,98.3095,35.71,66.8505,15.7418,coastal,DERIVED_PHYSICS_IMO_GHG2020_SEED42
V096,tanker,71643,10.0,77.4,277,HFO,3.23,R018,Kandla,Mumbai,60.4994,27.7,31.4597,8.9865,sea_passage,DERIVED_PHYSICS_IMO_GHG2020_SEED42
V025,bulk_carrier,26135,12.4,73.2,277,MGO,2.49,R018,Kandla,Mumbai,42.5411,22.34,28.928,6.8119,sea_passage,DERIVED_PHYSICS_IMO_GHG2020_SEED42
V021,bulk_carrier,35729,13.7,99.5,521,MGO,1.14,R060,Kandla,Mormugao,117.5399,38.03,79.9271,18.8211,sea_passage,DERIVED_PHYSICS_IMO_GHG2020_SEED42
V056,container_ship,38751,16.6,76.4,347,MGO,2.08,R022,Mormugao,Mumbai,119.9107,20.9,81.5393,19.2007,sea_passage,DERIVED_PHYSICS_IMO_GHG2020_SEED42
V076,tanker,28632,15.1,61.0,859,LNG,0.96,R013,Mumbai,Kochi,133.6779,56.89,73.5229,20.7201,sea_passage,DERIVED_PHYSICS_IMO_GHG2020_SEED42
V045,container_ship,12017,15.4,86.0,542,Methanol,1.14,R024,Chennai,Kochi,146.2071,35.19,51.1725,8.4376,sea_passage,DERIVED_PHYSICS_IMO_GHG2020_SEED42
V070,container_ship,16607,17.5,93.3,282,HFO,1.08,R017,Mumbai,Kandla,63.8402,16.11,33.1969,9.4828,sea_passage,DERIVED_PHYSICS_IMO_GHG2020_SEED42
V063,container_ship,12578,17.9,53.6,870,MGO,2.49,R004,Kochi,JNPA,151.157,48.6,102.7867,24.204,coastal,DERIVED_PHYSICS_IMO_GHG2020_SEED42
V103,tanker,67954,13.7,50.6,542,LNG,1.05,R024,Chennai,Kochi,137.9334,39.56,75.8634,21.3797,sea_passage,DERIVED_PHYSICS_IMO_GHG2020_SEED42
V085,tanker,70614,13.8,78.1,788,HFO,2.63,R052,Port_Blair,Chennai,304.2438,57.1,158.2068,45.1921,sea_passage,DERIVED_PHYSICS_IMO_GHG2020_SEED42
V049,container_ship,19734,19.6,62.0,850,LNG,1.28,R014,Kochi,Mumbai,180.7029,43.37,99.3866,28.009,sea_passage,DERIVED_PHYSICS_IMO_GHG2020_SEED42
V131,ro_ro,4651,19.3,50.5,853,HFO,1.25,R037,Chennai,Kolkata_SMPK,83.0072,44.2,43.1637,12.3298,sea_passage,DERIVED_PHYSICS_IMO_GHG2020_SEED42
V091,tanker,39649,11.4,57.5,538,LNG,3.03,R023,Kochi,Chennai,76.4147,47.19,42.0281,11.8443,sea_passage,DERIVED_PHYSICS_IMO_GHG2020_SEED42
V135,ro_ro,7575,17.7,82.9,856,LNG,3.32,R038,Kolkata_SMPK,Chennai,110.1322,48.36,60.5727,17.0705,sea_passage,DERIVED_PHYSICS_IMO_GHG2020_SEED42
V106,general_cargo,10004,13.6,55.9,406,HFO,2.06,R032,Visakhapatnam,Chennai,35.9463,29.85,18.6921,5.3394,sea_passage,DERIVED_PHYSICS_IMO_GHG2020_SEED42
V075,tanker,55666,13.7,77.0,491,HFO,0.78,R041,Visakhapatnam,Kolkata_SMPK,130.7325,35.84,67.9809,19.4189,sea_passage,DERIVED_PHYSICS_IMO_GHG2020_SEED42
V112,general_cargo,17758,12.7,57.4,1190,MGO,0.66,R005,JNPA,Chennai,118.5483,93.7,80.6128,18.9825,coastal,DERIVED_PHYSICS_IMO_GHG2020_SEED42
V067,container_ship,23507,22.4,92.0,797,MGO,3.0,R051,Chennai,Port_Blair,400.1122,35.58,272.0763,64.068,coastal,DERIVED_PHYSICS_IMO_GHG2020_SEED42
V098,tanker,28244,13.8,70.5,521,LNG,2.69,R060,Kandla,Mormugao,84.746,37.75,46.6103,13.1356,river_mouth,DERIVED_PHYSICS_IMO_GHG2020_SEED42
V068,container_ship,37761,17.1,89.5,276,Methanol,1.79,R048,Mumbai,Kandla,204.1847,16.14,71.4646,11.7835,sea_passage,DERIVED_PHYSICS_IMO_GHG2020_SEED42
V055,container_ship,17711,24.7,66.5,311,HFO,3.43,R040,Paradip,Visakhapatnam,157.0929,12.59,81.6883,23.3344,sea_passage,DERIVED_PHYSICS_IMO_GHG2020_SEED42
V059,container_ship,13324,11.3,84.2,24,Methanol,1.01,R001,JNPA,Mumbai,3.5311,2.12,1.2359,0.2038,sea_passage,DERIVED_PHYSICS_IMO_GHG2020_SEED42
V107,general_cargo,9058,11.4,90.0,542,HFO,0.39,R024,Chennai,Kochi,30.1284,47.54,15.6668,4.4752,sea_passage,DERIVED_PHYSICS_IMO_GHG2020_SEED42
V018,bulk_carrier,58420,13.9,69.5,419,HFO,2.9,R057,Kamarajar,Visakhapatnam,152.0843,30.14,79.0838,22.5904,coastal,DERIVED_PHYSICS_IMO_GHG2020_SEED42
V094,tanker,68263,13.1,51.9,406,HFO,2.01,R032,Visakhapatnam,Chennai,115.545,30.99,60.0834,17.1629,sea_passage,DERIVED_PHYSICS_IMO_GHG2020_SEED42
V012,bulk_carrier,58490,10.2,77.0,859,MGO,1.75,R013,Mumbai,Kochi,130.4883,84.22,88.732,20.8944,sea_passage,DERIVED_PHYSICS_IMO_GHG2020_SEED42
V091,tanker,39649,12.7,69.8,183,LNG,2.75,R026,Tuticorin,Kochi,33.6885,14.41,18.5287,5.2217,sea_passage,DERIVED_PHYSICS_IMO_GHG2020_SEED42
V117,general_cargo,9258,12.1,83.9,345,HFO,2.78,R028,New_Mangalore,Kochi,28.0903,28.51,14.6069,4.1725,sea_passage,DERIVED_PHYSICS_IMO_GHG2020_SEED42
V015,bulk_carrier,31987,12.4,57.2,18,LNG,2.79,R033,Chennai,Kamarajar,2.4497,1.45,1.3473,0.3797,coastal,DERIVED_PHYSICS_IMO_GHG2020_SEED42
V045,container_ship,12017,22.4,73.8,364,MGO,2.54,R030,Tuticorin,Chennai,102.9938,16.25,70.0358,16.4919,coastal,DERIVED_PHYSICS_IMO_GHG2020_SEED42
V017,bulk_carrier,47945,10.5,99.0,1179,HFO,0.48,R015,Mumbai,Chennai,192.9997,112.29,100.3598,28.668,sea_passage,DERIVED_PHYSICS_IMO_GHG2020_SEED42
V038,bulk_carrier,33529,13.7,97.5,348,MGO,2.47,R027,Kochi,New_Mangalore,86.5303,25.4,58.8406,13.8557,sea_passage,DERIVED_PHYSICS_IMO_GHG2020_SEED42
V104,tanker,27184,9.6,79.3,853,LNG,1.68,R037,Chennai,Kolkata_SMPK,68.0777,88.85,37.4427,10.552,sea_passage,DERIVED_PHYSICS_IMO_GHG2020_SEED42
V043,container_ship,27264,20.1,92.4,411,MGO,1.68,R058,Visakhapatnam,Kamarajar,153.7152,20.45,104.5263,24.6136,sea_passage,DERIVED_PHYSICS_IMO_GHG2020_SEED42
V054,container_ship,21825,14.0,93.7,22,LNG,1.16,R002,Mumbai,JNPA,3.1409,1.57,1.7275,0.4868,river_mouth,DERIVED_PHYSICS_IMO_GHG2020_SEED42
V017,bulk_carrier,47945,13.7,88.2,411,MGO,2.67,R058,Visakhapatnam,Kamarajar,125.8891,30.0,85.6046,20.158,sea_passage,DERIVED_PHYSICS_IMO_GHG2020_SEED42
V079,tanker,55468,12.4,56.6,529,MGO,3.45,R059,Mormugao,Kandla,133.6179,42.66,90.8602,21.3956,sea_passage,DERIVED_PHYSICS_IMO_GHG2020_SEED42
V098,tanker,28244,13.6,92.2,297,LNG,3.43,R007,JNPA,Kandla,51.3877,21.84,28.2633,7.9651,sea_passage,DERIVED_PHYSICS_IMO_GHG2020_SEED42
V086,tanker,66768,14.4,61.7,297,LNG,1.35,R007,JNPA,Kandla,86.3567,20.62,47.4962,13.3853,sea_passage,DERIVED_PHYSICS_IMO_GHG2020_SEED42
V032,bulk_carrier,70130,13.3,63.8,364,LNG,2.95,R030,Tuticorin,Chennai,102.1702,27.37,56.1936,15.8364,sea_passage,DERIVED_PHYSICS_IMO_GHG2020_SEED42
V047,container_ship,41892,12.9,63.0,311,LNG,1.97,R040,Paradip,Visakhapatnam,54.6314,24.11,30.0472,8.4679,coastal,DERIVED_PHYSICS_IMO_GHG2020_SEED42
V013,bulk_carrier,60013,11.0,89.7,491,LNG,1.0,R041,Visakhapatnam,Kolkata_SMPK,84.7238,44.64,46.5981,13.1322,sea_passage,DERIVED_PHYSICS_IMO_GHG2020_SEED42
V101,tanker,56969,12.2,74.1,850,HFO,2.68,R014,Kochi,Mumbai,225.529,69.67,117.2751,33.4999,sea_passage,DERIVED_PHYSICS_IMO_GHG2020_SEED42
V022,bulk_carrier,27915,9.6,56.1,797,LNG,1.75,R051,Chennai,Port_Blair,54.2572,83.02,29.8415,8.4099,coastal,DERIVED_PHYSICS_IMO_GHG2020_SEED42
V112,general_cargo,17758,14.8,59.8,505,MGO,1.91,R020,New_Mangalore,Mumbai,72.6759,34.12,49.4196,11.6372,sea_passage,DERIVED_PHYSICS_IMO_GHG2020_SEED42
V120,general_cargo,16651,11.7,71.1,1190,MGO,2.51,R005,JNPA,Chennai,110.5138,101.71,75.1494,17.696,sea_passage,DERIVED_PHYSICS_IMO_GHG2020_SEED42
V076,tanker,28632,11.9,99.1,507,MGO,2.34,R019,Mumbai,New_Mangalore,77.306,42.61,52.5681,12.3786,sea_passage,DERIVED_PHYSICS_IMO_GHG2020_SEED42
V035,bulk_carrier,56365,11.3,89.9,692,LNG,1.02,R035,Chennai,Paradip,108.296,61.24,59.5628,16.7859,sea_passage,DERIVED_PHYSICS_IMO_GHG2020_SEED42
V127,general_cargo,7328,11.8,84.2,870,HFO,2.86,R004,Kochi,JNPA,63.5631,73.73,33.0528,9.4416,sea_passage,DERIVED_PHYSICS_IMO_GHG2020_SEED42
V133,ro_ro,11514,15.9,83.9,364,LNG,2.92,R030,Tuticorin,Chennai,48.4968,22.89,26.6732,7.517,coastal,DERIVED_PHYSICS_IMO_GHG2020_SEED42
V045,container_ship,12017,20.8,50.4,183,Methanol,0.58,R026,Tuticorin,Kochi,78.1542,8.8,27.354,4.5103,sea_passage,DERIVED_PHYSICS_IMO_GHG2020_SEED42
V041,bulk_carrier,49332,14.2,52.0,692,LNG,2.72,R035,Chennai,Paradip,160.9939,48.73,88.5467,24.9541,coastal,DERIVED_PHYSICS_IMO_GHG2020_SEED42
V010,bulk_carrier,41291,11.7,53.5,491,LNG,3.21,R041,Visakhapatnam,Kolkata_SMPK,74.6043,41.97,41.0324,11.5637,sea_passage,DERIVED_PHYSICS_IMO_GHG2020_SEED42
V025,bulk_carrier,26135,13.0,65.6,692,LNG,1.49,R035,Chennai,Paradip,74.919,53.23,41.2055,11.6125,sea_passage,DERIVED_PHYSICS_IMO_GHG2020_SEED42
V001,bulk_carrier,63697,13.9,76.8,189,HFO,1.15,R025,Kochi,Tuticorin,59.8999,13.6,31.1479,8.8975,sea_passage,DERIVED_PHYSICS_IMO_GHG2020_SEED42
V009,bulk_carrier,32714,13.2,77.1,411,LNG,0.33,R058,Visakhapatnam,Kamarajar,56.8257,31.14,31.2541,8.808,sea_passage,DERIVED_PHYSICS_IMO_GHG2020_SEED42
V001,bulk_carrier,63697,11.9,59.5,1179,HFO,1.6,R015,Mumbai,Chennai,273.1007,99.08,142.0124,40.5661,sea_passage,DERIVED_PHYSICS_IMO_GHG2020_SEED42
V140,passenger,1902,21.2,85.1,282,Hydrogen,1.63,R017,Mumbai,Kandla,6.9354,13.3,22.1933,0.4993,coastal,DERIVED_PHYSICS_IMO_GHG2020_SEED42
V011,bulk_carrier,34473,9.3,53.0,1179,MGO,2.62,R015,Mumbai,Chennai,109.075,126.77,74.171,17.4656,sea_passage,DERIVED_PHYSICS_IMO_GHG2020_SEED42
V077,tanker,37083,14.2,85.4,700,HFO,1.22,R036,Paradip,Chennai,171.2751,49.3,89.063,25.441,sea_passage,DERIVED_PHYSICS_IMO_GHG2020_SEED42
V135,ro_ro,7575,16.3,76.3,505,LNG,1.63,R020,New_Mangalore,Mumbai,41.6334,30.98,22.8984,6.4532,sea_passage,DERIVED_PHYSICS_IMO_GHG2020_SEED42
V147,ferry,2604,13.8,90.7,1190,Hydrogen,1.29,R005,JNPA,Chennai,15.456,86.23,49.4594,1.1128,sea_passage,DERIVED_PHYSICS_IMO_GHG2020_SEED42
V086,tanker,66768,15.3,98.5,359,HFO,3.28,R012,Mormugao,JNPA,209.2162,23.46,108.7924,31.0768,sea_passage,DERIVED_PHYSICS_IMO_GHG2020_SEED42
V013,bulk_carrier,60013,12.8,90.3,538,HFO,1.91,R023,Kochi,Chennai,161.1827,42.03,83.815,23.9419,sea_passage,DERIVED_PHYSICS_IMO_GHG2020_SEED42
V027,bulk_carrier,59816,11.0,82.8,229,LNG,0.73,R044,Kolkata_SMPK,Paradip,33.3463,20.82,18.3405,5.1687,sea_passage,DERIVED_PHYSICS_IMO_GHG2020_SEED42
V040,bulk_carrier,49115,12.8,68.6,229,HFO,3.23,R044,Kolkata_SMPK,Paradip,61.3483,17.89,31.9011,9.1126,coastal,DERIVED_PHYSICS_IMO_GHG2020_SEED42
V014,bulk_carrier,44373,12.0,97.7,419,LNG,0.7,R057,Kamarajar,Visakhapatnam,65.8506,34.92,36.2178,10.2068,river_mouth,DERIVED_PHYSICS_IMO_GHG2020_SEED42
V121,general_cargo,14844,10.3,63.6,349,HFO,3.49,R021,Mumbai,Mormugao,30.5939,33.88,15.9088,4.5444,sea_passage,DERIVED_PHYSICS_IMO_GHG2020_SEED42
V137,ro_ro,6851,19.2,72.1,856,MGO,0.44,R038,Kolkata_SMPK,Chennai,118.9683,44.58,80.8984,19.0498,coastal,DERIVED_PHYSICS_IMO_GHG2020_SEED42
V033,bulk_carrier,40297,11.2,67.0,495,LNG,1.94,R042,Kolkata_SMPK,Visakhapatnam,59.8511,44.2,32.9181,9.2769,coastal,DERIVED_PHYSICS_IMO_GHG2020_SEED42
V121,general_cargo,14844,9.8,96.2,419,MGO,2.86,R057,Kamarajar,Visakhapatnam,27.2204,42.76,18.5099,4.3587,river_mouth,DERIVED_PHYSICS_IMO_GHG2020_SEED42
V006,bulk_carrier,66381,11.8,95.8,529,LNG,0.61,R059,Mormugao,Kandla,107.6672,44.83,59.217,16.6884,sea_passage,DERIVED_PHYSICS_IMO_GHG2020_SEED42
V049,container_ship,19734,22.6,73.8,797,Methanol,1.76,R051,Chennai,Port_Blair,665.0258,35.27,232.759,38.3786,sea_passage,DERIVED_PHYSICS_IMO_GHG2020_SEED42
V097,tanker,25705,12.2,59.0,348,HFO,3.35,R027,Kochi,New_Mangalore,55.6579,28.52,28.9421,8.2674,sea_passage,DERIVED_PHYSICS_IMO_GHG2020_SEED42
V051,container_ship,9661,18.1,63.1,348,MGO,0.58,R027,Kochi,New_Mangalore,48.3221,19.23,32.859,7.7376,sea_passage,DERIVED_PHYSICS_IMO_GHG2020_SEED42
V150,ferry,884,18.9,61.8,22,Hydrogen,2.13,R002,Mumbai,JNPA,0.2525,1.16,0.8081,0.0182,coastal,DERIVED_PHYSICS_IMO_GHG2020_SEED42
V109,general_cargo,10749,12.6,52.2,286,MGO,2.42,R045,Kandla,JNPA,22.286,22.7,15.1545,3.5686,sea_passage,DERIVED_PHYSICS_IMO_GHG2020_SEED42
V015,bulk_carrier,31987,11.9,55.1,797,LNG,0.71,R051,Chennai,Port_Blair,81.3371,66.97,44.7354,12.6072,sea_passage,DERIVED_PHYSICS_IMO_GHG2020_SEED42
V083,tanker,42416,12.0,70.0,870,LNG,2.56,R004,Kochi,JNPA,150.7069,72.5,82.8888,23.3596,sea_passage,DERIVED_PHYSICS_IMO_GHG2020_SEED42
V111,general_cargo,19799,13.7,81.2,349,MGO,1.27,R021,Mumbai,Mormugao,53.8892,25.47,36.6446,8.629,sea_passage,DERIVED_PHYSICS_IMO_GHG2020_SEED42
V078,tanker,23323,11.1,78.6,853,LNG,0.81,R037,Chennai,Kolkata_SMPK,75.6033,76.85,41.5818,11.7185,sea_passage,DERIVED_PHYSICS_IMO_GHG2020_SEED42
V051,container_ship,9661,19.6,88.6,507,MGO,1.32,R019,Mumbai,New_Mangalore,95.5182,25.87,64.9524,15.2949,river_mouth,DERIVED_PHYSICS_IMO_GHG2020_SEED42
V054,container_ship,21825,15.8,52.8,311,Methanol,0.64,R040,Paradip,Visakhapatnam,116.8391,19.68,40.8937,6.7428,coastal,DERIVED_PHYSICS_IMO_GHG2020_SEED42
V119,general_cargo,18455,12.3,59.6,422,MGO,2.59,R054,Mormugao,Kochi,43.7706,34.31,29.764,7.0088,coastal,DERIVED_PHYSICS_IMO_GHG2020_SEED42
V014,bulk_carrier,44373,10.4,97.8,290,HFO,1.19,R046,JNPA,Kandla,44.5852,27.88,23.1843,6.6226,sea_passage,DERIVED_PHYSICS_IMO_GHG2020_SEED42
V098,tanker,28244,14.9,55.4,870,MGO,2.13,R004,Kochi,JNPA,166.7651,58.39,113.4003,26.7033,sea_passage,DERIVED_PHYSICS_IMO_GHG2020_SEED42
V141,passenger,3808,24.9,89.6,189,MGO,2.25,R025,Kochi,Tuticorin,32.771,7.59,22.2843,5.2475,sea_passage,DERIVED_PHYSICS_IMO_GHG2020_SEED42
V130,general_cargo,15643,9.8,96.3,183,MGO,1.91,R026,Tuticorin,Kochi,12.0436,18.67,8.1896,1.9285,sea_passage,DERIVED_PHYSICS_IMO_GHG2020_SEED42
V033,bulk_carrier,40297,13.8,81.7,761,HFO,1.71,R049,Tuticorin,Port_Blair,191.2146,55.14,99.4316,28.4028,sea_passage,DERIVED_PHYSICS_IMO_GHG2020_SEED42
V077,tanker,37083,9.6,84.7,870,MGO,0.5,R004,Kochi,JNPA,78.102,90.62,53.1094,12.5061,sea_passage,DERIVED_PHYSICS_IMO_GHG2020_SEED42
V052,container_ship,35698,24.1,55.7,1190,HFO,2.72,R005,JNPA,Chennai,841.8964,49.38,437.7861,125.0545,sea_passage,DERIVED_PHYSICS_IMO_GHG2020_SEED42
V023,bulk_carrier,58095,14.6,60.1,282,HFO,1.95,R017,Mumbai,Kandla,98.4029,19.32,51.1695,14.6167,coastal,DERIVED_PHYSICS_IMO_GHG2020_SEED42
V007,bulk_carrier,42726,15.8,98.1,297,LNG,1.82,R007,JNPA,Kandla,86.0968,18.8,47.3532,13.345,sea_passage,DERIVED_PHYSICS_IMO_GHG2020_SEED42
V114,general_cargo,17380,10.9,73.5,347,HFO,0.93,R022,Mormugao,Mumbai,29.3323,31.83,15.2528,4.357,sea_passage,DERIVED_PHYSICS_IMO_GHG2020_SEED42
V017,bulk_carrier,47945,12.2,53.8,217,MGO,2.1,R043,Paradip,Kolkata_SMPK,41.1929,17.79,28.0112,6.596,sea_passage,DERIVED_PHYSICS_IMO_GHG2020_SEED42
V028,bulk_carrier,56514,10.5,51.2,217,HFO,2.2,R043,Paradip,Kolkata_SMPK,37.8754,20.67,19.6952,5.626,coastal,DERIVED_PHYSICS_IMO_GHG2020_SEED42
V009,bulk_carrier,32714,12.2,51.1,282,HFO,1.32,R017,Mumbai,Kandla,42.8122,23.11,22.2623,6.3593,sea_passage,DERIVED_PHYSICS_IMO_GHG2020_SEED42
V048,container_ship,21724,23.4,58.2,1181,LNG,1.16,R016,Chennai,Mumbai,421.2894,50.47,231.7092,65.2999,river_mouth,DERIVED_PHYSICS_IMO_GHG2020_SEED42
V128,general_cargo,15648,14.1,52.6,797,MGO,2.89,R051,Chennai,Port_Blair,93.7265,56.52,63.734,15.008,sea_passage,DERIVED_PHYSICS_IMO_GHG2020_SEED42
V122,general_cargo,14088,12.2,72.2,358,HFO,2.65,R011,JNPA,Mormugao,38.4711,29.34,20.0049,5.7145,sea_passage,DERIVED_PHYSICS_IMO_GHG2020_SEED42
V125,general_cargo,5602,12.4,60.6,277,HFO,3.19,R018,Kandla,Mumbai,14.5143,22.34,7.5474,2.1559,sea_passage,DERIVED_PHYSICS_IMO_GHG2020_SEED42
V075,tanker,55666,11.2,75.8,761,HFO,1.38,R049,Tuticorin,Port_Blair,158.8607,67.95,82.6075,23.597,sea_passage,DERIVED_PHYSICS_IMO_GHG2020_SEED42
V048,container_ship,21724,22.2,62.3,24,Methanol,2.93,R001,JNPA,Mumbai,23.7208,1.08,8.3023,1.3689,sea_passage,DERIVED_PHYSICS_IMO_GHG2020_SEED42
V102,tanker,47959,10.7,78.1,359,MGO,2.97,R012,Mormugao,JNPA,61.5861,33.55,41.8785,9.8615,sea_passage,DERIVED_PHYSICS_IMO_GHG2020_SEED42
V001,bulk_carrier,63697,11.7,53.5,290,HFO,1.06,R008,Kandla,JNPA,60.6584,24.79,31.5424,9.0101,sea_passage,DERIVED_PHYSICS_IMO_GHG2020_SEED42
V079,tanker,55468,12.3,96.5,797,HFO,1.25,R051,Chennai,Port_Blair,199.5933,64.8,103.7885,29.6474,sea_passage,DERIVED_PHYSICS_IMO_GHG2020_SEED42
V089,tanker,35987,12.0,53.3,1181,LNG,3.04,R016,Chennai,Mumbai,170.3454,98.42,93.69,26.4035,sea_passage,DERIVED_PHYSICS_IMO_GHG2020_SEED42
V135,ro_ro,7575,17.9,80.0,538,HFO,3.01,R023,Kochi,Chennai,86.4355,30.06,44.9464,12.839,sea_passage,DERIVED_PHYSICS_IMO_GHG2020_SEED42
V136,ro_ro,4206,12.4,93.7,290,LNG,1.24,R008,Kandla,JNPA,11.4819,23.39,6.315,1.7797,sea_passage,DERIVED_PHYSICS_IMO_GHG2020_SEED42
V111,general_cargo,19799,15.0,69.2,183,HFO,0.87,R026,Tuticorin,Kochi,31.9065,12.2,16.5914,4.7394,sea_passage,DERIVED_PHYSICS_IMO_GHG2020_SEED42
V146,ferry,1735,13.9,98.0,507,Shore_Power,2.72,R019,Mumbai,New_Mangalore,189.4628,36.47,22.7355,0.5593,sea_passage,DERIVED_PHYSICS_IMO_GHG2020_SEED42
V065,container_ship,18598,22.9,63.8,856,MGO,2.67,R038,Kolkata_SMPK,Chennai,374.5608,37.38,254.7013,59.9765,coastal,DERIVED_PHYSICS_IMO_GHG2020_SEED42
V100,tanker,35203,15.8,70.4,297,LNG,2.62,R007,JNPA,Kandla,73.4748,18.8,40.4111,11.3886,sea_passage,DERIVED_PHYSICS_IMO_GHG2020_SEED42
V039,bulk_carrier,42343,11.6,50.6,276,MGO,1.7,R048,Mumbai,Kandla,43.9415,23.79,29.8802,7.0361,river_mouth,DERIVED_PHYSICS_IMO_GHG2020_SEED42
V089,tanker,35987,13.0,72.7,24,MGO,1.13,R001,JNPA,Mumbai,4.4833,1.85,3.0486,0.7179,sea_passage,DERIVED_PHYSICS_IMO_GHG2020_SEED42
V120,general_cargo,16651,11.4,90.6,1181,MGO,0.9,R016,Chennai,Mumbai,101.6693,103.6,69.1351,16.2798,sea_passage,DERIVED_PHYSICS_IMO_GHG2020_SEED42
V018,bulk_carrier,58420,9.8,70.2,286,HFO,0.66,R045,Kandla,JNPA,43.9245,29.18,22.8407,6.5245,coastal,DERIVED_PHYSICS_IMO_GHG2020_SEED42
V088,tanker,47767,15.2,59.7,22,MGO,1.03,R002,Mumbai,JNPA,5.9747,1.45,4.0628,0.9567,coastal,DERIVED_PHYSICS_IMO_GHG2020_SEED42
V120,general_cargo,16651,11.5,77.3,313,MGO,3.3,R039,Visakhapatnam,Paradip,32.3091,27.22,21.9702,5.1735,sea_passage,DERIVED_PHYSICS_IMO_GHG2020_SEED42
V107,general_cargo,9058,11.3,74.4,528,MGO,0.66,R010,New_Mangalore,JNPA,27.7474,46.73,18.8682,4.443,sea_passage,DERIVED_PHYSICS_IMO_GHG2020_SEED42
V032,bulk_carrier,70130,14.2,75.6,419,LNG,3.03,R057,Kamarajar,Visakhapatnam,159.7969,29.51,87.8883,24.7685,sea_passage,DERIVED_PHYSICS_IMO_GHG2020_SEED42
V090,tanker,33954,13.5,97.6,518,LNG,2.74,R009,JNPA,New_Mangalore,109.3649,38.37,60.1507,16.9516,sea_passage,DERIVED_PHYSICS_IMO_GHG2020_SEED42
V050,container_ship,17470,19.7,81.2,17,HFO,2.47,R034,Kamarajar,Chennai,5.3198,0.86,2.7663,0.7902,sea_passage,DERIVED_PHYSICS_IMO_GHG2020_SEED42
V016,bulk_carrier,58242,14.0,62.4,491,LNG,1.15,R041,Visakhapatnam,Kolkata_SMPK,115.2398,35.07,63.3819,17.8622,sea_passage,DERIVED_PHYSICS_IMO_GHG2020_SEED42
V076,tanker,28632,13.7,94.5,176,MGO,1.75,R056,Mormugao,New_Mangalore,34.5674,12.85,23.5058,5.5351,sea_passage,DERIVED_PHYSICS_IMO_GHG2020_SEED42
V077,tanker,37083,10.4,87.9,788,HFO,1.43,R052,Port_Blair,Chennai,99.8789,75.77,51.937,14.8359,sea_passage,DERIVED_PHYSICS_IMO_GHG2020_SEED42
V059,container_ship,13324,14.1,92.1,700,LNG,0.89,R036,Paradip,Chennai,68.7381,49.65,37.8059,10.6544,sea_passage,DERIVED_PHYSICS_IMO_GHG2020_SEED42
V086,tanker,66768,15.3,61.8,495,LNG,1.67,R042,Kolkata_SMPK,Visakhapatnam,154.8448,32.35,85.1646,24.0009,sea_passage,DERIVED_PHYSICS_IMO_GHG2020_SEED42
V069,container_ship,8659,15.9,56.5,505,LNG,2.78,R020,New_Mangalore,Mumbai,49.5887,31.76,27.2738,7.6862,sea_passage,DERIVED_PHYSICS_IMO_GHG2020_SEED42
V088,tanker,47767,11.2,71.2,1190,LNG,2.91,R005,JNPA,Chennai,197.6046,106.25,108.6825,30.6287,river_mouth,DERIVED_PHYSICS_IMO_GHG2020_SEED42
V061,container_ship,33687,15.0,72.1,761,LNG,0.92,R049,Tuticorin,Port_Blair,151.5224,50.73,83.3373,23.486,sea_passage,DERIVED_PHYSICS_IMO_GHG2020_SEED42
V061,container_ship,33687,21.5,59.7,529,LNG,0.47,R059,Mormugao,Kandla,177.4877,24.6,97.6183,27.5106,sea_passage,DERIVED_PHYSICS_IMO_GHG2020_SEED42
V009,bulk_carrier,32714,13.1,98.5,311,MGO,1.16,R040,Paradip,Visakhapatnam,56.6458,23.74,38.5192,9.0704,sea_passage,DERIVED_PHYSICS_IMO_GHG2020_SEED42
V145,passenger,3081,23.3,66.1,277,MGO,2.19,R018,Kandla,Mumbai,31.736,11.89,21.5805,5.0817,river_mouth,DERIVED_PHYSICS_IMO_GHG2020_SEED42
V010,bulk_carrier,41291,12.7,74.3,276,LNG,1.27,R047,Kandla,Mumbai,43.3711,21.73,23.8541,6.7225,sea_passage,DERIVED_PHYSICS_IMO_GHG2020_SEED42
V009,bulk_carrier,32714,11.3,56.6,419,LNG,1.49,R053,Kochi,Mormugao,43.5825,37.08,23.9704,6.7553,sea_passage,DERIVED_PHYSICS_IMO_GHG2020_SEED42
V090,tanker,33954,14.2,61.2,495,LNG,2.83,R042,Kolkata_SMPK,Visakhapatnam,96.3035,34.86,52.9669,14.927,river_mouth,DERIVED_PHYSICS_IMO_GHG2020_SEED42
V091,tanker,39649,12.8,73.8,788,MGO,2.38,R052,Port_Blair,Chennai,153.3109,61.56,104.2514,24.5489,sea_passage,DERIVED_PHYSICS_IMO_GHG2020_SEED42
V090,tanker,33954,15.1,93.1,419,HFO,1.91,R057,Kamarajar,Visakhapatnam,116.9483,27.75,60.8131,17.3714,sea_passage,DERIVED_PHYSICS_IMO_GHG2020_SEED42
V116,general_cargo,6658,14.2,72.5,358,HFO,1.34,R011,JNPA,Mormugao,26.4061,25.21,13.7312,3.9223,coastal,DERIVED_PHYSICS_IMO_GHG2020_SEED42
V024,bulk_carrier,45319,14.1,68.8,856,HFO,2.72,R038,Kolkata_SMPK,Chennai,272.6921,60.71,141.7999,40.5054,coastal,DERIVED_PHYSICS_IMO_GHG2020_SEED42
V013,bulk_carrier,60013,9.4,90.9,692,LNG,2.55,R035,Chennai,Paradip,92.1464,73.62,50.6805,14.2827,sea_passage,DERIVED_PHYSICS_IMO_GHG2020_SEED42
V054,container_ship,21825,13.5,93.4,1196,Methanol,0.92,R006,Chennai,JNPA,384.6523,88.59,134.6283,22.1983,sea_passage,DERIVED_PHYSICS_IMO_GHG2020_SEED42
V074,tanker,68994,10.0,63.0,286,MGO,3.05,R045,Kandla,JNPA,56.904,28.6,38.6947,9.1117,river_mouth,DERIVED_PHYSICS_IMO_GHG2020_SEED42
V072,tanker,45552,12.2,51.3,229,HFO,1.88,R044,Kolkata_SMPK,Paradip,43.2021,18.77,22.4651,6.4172,sea_passage,DERIVED_PHYSICS_IMO_GHG2020_SEED42
V141,passenger,3808,22.3,58.2,311,LNG,2.09,R040,Paradip,Visakhapatnam,29.7144,13.95,16.3429,4.6057,coastal,DERIVED_PHYSICS_IMO_GHG2020_SEED42
V052,container_ship,35698,21.9,68.3,364,LNG,0.61,R030,Tuticorin,Chennai,140.6789,16.62,77.3734,21.8052,sea_passage,DERIVED_PHYSICS_IMO_GHG2020_SEED42
V034,bulk_carrier,62925,12.8,87.0,358,MGO,2.81,R011,JNPA,Mormugao,101.1389,27.97,68.7744,16.1949,sea_passage,DERIVED_PHYSICS_IMO_GHG2020_SEED42
V089,tanker,35987,14.2,65.6,18,LNG,1.67,R033,Chennai,Kamarajar,3.2286,1.27,1.7758,0.5004,coastal,DERIVED_PHYSICS_IMO_GHG2020_SEED42
V137,ro_ro,6851,16.9,54.4,370,HFO,1.81,R029,Chennai,Tuticorin,36.6457,21.89,19.0558,5.4433,sea_passage,DERIVED_PHYSICS_IMO_GHG2020_SEED42
V059,container_ship,13324,16.2,75.7,757,HFO,3.31,R050,Port_Blair,Tuticorin,137.4999,46.73,71.5,20.4241,sea_passage,DERIVED_PHYSICS_IMO_GHG2020_SEED42
V046,container_ship,34898,21.4,75.3,290,Methanol,2.03,R046,JNPA,Kandla,328.8509,13.55,115.0978,18.978,coastal,DERIVED_PHYSICS_IMO_GHG2020_SEED42
V101,tanker,56969,11.1,82.1,797,LNG,2.31,R051,Chennai,Port_Blair,140.778,71.8,77.4279,21.8206,sea_passage,DERIVED_PHYSICS_IMO_GHG2020_SEED42
V040,bulk_carrier,49115,11.6,60.2,176,LNG,0.46,R056,Mormugao,New_Mangalore,25.2426,15.17,13.8834,3.9126,sea_passage,DERIVED_PHYSICS_IMO_GHG2020_SEED42
V071,tanker,72064,15.5,68.1,528,LNG,1.48,R010,New_Mangalore,JNPA,184.9967,34.06,101.7482,28.6745,sea_passage,DERIVED_PHYSICS_IMO_GHG2020_SEED42
V065,container_ship,18598,22.2,91.1,311,HFO,1.45,R040,Paradip,Visakhapatnam,116.6101,14.01,60.6372,17.3211,sea_passage,DERIVED_PHYSICS_IMO_GHG2020_SEED42
V055,container_ship,17711,21.2,67.5,850,MGO,1.79,R014,Kochi,Mumbai,235.9906,40.09,160.4736,37.788,sea_passage,DERIVED_PHYSICS_IMO_GHG2020_SEED42
V048,container_ship,21724,17.1,77.1,1179,MGO,0.31,R015,Mumbai,Chennai,240.1814,68.95,163.3233,38.459,river_mouth,DERIVED_PHYSICS_IMO_GHG2020_SEED42
V127,general_cargo,7328,12.1,72.5,406,HFO,2.38,R032,Visakhapatnam,Chennai,24.8323,33.55,12.9128,3.6886,river_mouth,DERIVED_PHYSICS_IMO_GHG2020_SEED42
V052,container_ship,35698,20.2,62.5,313,Methanol,1.46,R039,Visakhapatnam,Paradip,296.8185,15.5,103.8865,17.1294,sea_passage,DERIVED_PHYSICS_IMO_GHG2020_SEED42
V094,tanker,68263,14.4,98.3,542,LNG,1.9,R024,Chennai,Kochi,172.3416,37.64,94.7879,26.713,coastal,DERIVED_PHYSICS_IMO_GHG2020_SEED42
V049,container_ship,19734,23.5,97.0,538,Methanol,1.98,R023,Kochi,Chennai,459.7978,22.89,160.9292,26.5349,sea_passage,DERIVED_PHYSICS_IMO_GHG2020_SEED42
V069,container_ship,8659,16.3,87.9,364,LNG,1.67,R030,Tuticorin,Chennai,36.3891,22.33,20.014,5.6403,coastal,DERIVED_PHYSICS_IMO_GHG2020_SEED42
V142,passenger,4149,21.7,72.7,491,Hydrogen,3.03,R041,Visakhapatnam,Kolkata_SMPK,24.1575,22.63,77.304,1.7393,sea_passage,DERIVED_PHYSICS_IMO_GHG2020_SEED42
V028,bulk_carrier,56514,12.6,84.4,761,LNG,1.3,R049,Tuticorin,Port_Blair,160.4382,60.4,88.241,24.8679,coastal,DERIVED_PHYSICS_IMO_GHG2020_SEED42
V032,bulk_carrier,70130,14.2,70.1,538,MGO,3.22,R023,Kochi,Chennai,220.1959,37.89,149.7332,35.2589,sea_passage,DERIVED_PHYSICS_IMO_GHG2020_SEED42
V018,bulk_carrier,58420,10.0,55.7,396,LNG,3.31,R031,Chennai,Visakhapatnam,57.809,39.6,31.795,8.9604,sea_passage,DERIVED_PHYSICS_IMO_GHG2020_SEED42
V139,passenger,2268,16.0,78.9,1181,Hydrogen,2.34,R016,Chennai,Mumbai,21.2961,73.81,68.1474,1.5333,sea_passage,DERIVED_PHYSICS_IMO_GHG2020_SEED42
V021,bulk_carrier,35729,12.5,96.1,495,LNG,1.56,R042,Kolkata_SMPK,Visakhapatnam,82.0374,39.6,45.1206,12.7158,sea_passage,DERIVED_PHYSICS_IMO_GHG2020_SEED42
V056,container_ship,38751,15.7,95.2,529,LNG,0.47,R059,Mormugao,Kandla,136.5727,33.69,75.115,21.1688,sea_passage,DERIVED_PHYSICS_IMO_GHG2020_SEED42
V101,tanker,56969,10.0,68.2,419,LNG,1.06,R053,Kochi,Mormugao,49.3362,41.9,27.1349,7.6471,sea_passage,DERIVED_PHYSICS_IMO_GHG2020_SEED42
V061,container_ship,33687,17.8,93.1,176,Methanol,2.02,R056,Mormugao,New_Mangalore,145.6708,9.89,50.9848,8.4067,sea_passage,DERIVED_PHYSICS_IMO_GHG2020_SEED42
V019,bulk_carrier,63249,12.3,60.2,22,HFO,2.97,R002,Mumbai,JNPA,6.0343,1.79,3.1378,0.8963,sea_passage,DERIVED_PHYSICS_IMO_GHG2020_SEED42
V082,tanker,54273,14.3,76.3,169,HFO,1.91,R055,New_Mangalore,Mormugao,57.1937,11.82,29.7407,8.4955,river_mouth,DERIVED_PHYSICS_IMO_GHG2020_SEED42
V141,passenger,3808,24.5,88.0,1190,Hydrogen,1.91,R005,JNPA,Chennai,67.7805,48.57,216.8975,4.8802,sea_passage,DERIVED_PHYSICS_IMO_GHG2020_SEED42
V143,passenger,3504,15.9,98.1,419,LNG,1.1,R057,Kamarajar,Visakhapatnam,24.7551,26.35,13.6153,3.837,sea_passage,DERIVED_PHYSICS_IMO_GHG2020_SEED42
V150,ferry,884,17.5,89.2,169,LNG,2.72,R055,New_Mangalore,Mormugao,4.929,9.66,2.7109,0.764,sea_passage,DERIVED_PHYSICS_IMO_GHG2020_SEED42
V079,tanker,55468,13.9,93.7,17,MGO,1.2,R034,Kamarajar,Chennai,4.3621,1.22,2.9662,0.6985,sea_passage,DERIVED_PHYSICS_IMO_GHG2020_SEED42
V085,tanker,70614,15.6,63.8,358,LNG,0.72,R011,JNPA,Mormugao,119.3533,22.95,65.6443,18.4998,sea_passage,DERIVED_PHYSICS_IMO_GHG2020_SEED42
V086,tanker,66768,12.0,89.7,396,LNG,3.34,R031,Chennai,Visakhapatnam,100.657,33.0,55.3613,15.6018,coastal,DERIVED_PHYSICS_IMO_GHG2020_SEED42
V076,tanker,28632,16.0,78.4,528,MGO,2.89,R010,New_Mangalore,JNPA,153.9058,33.0,104.6559,24.6442,sea_passage,DERIVED_PHYSICS_IMO_GHG2020_SEED42
V025,bulk_carrier,26135,8.8,82.1,797,LNG,3.17,R051,Chennai,Port_Blair,55.6056,90.57,30.5831,8.6189,sea_passage,DERIVED_PHYSICS_IMO_GHG2020_SEED42
V076,tanker,28632,16.4,88.2,797,MGO,1.87,R051,Chennai,Port_Blair,197.7166,48.6,134.4473,31.6594,sea_passage,DERIVED_PHYSICS_IMO_GHG2020_SEED42
V044,container_ship,41157,17.4,58.5,396,LNG,3.06,R031,Chennai,Visakhapatnam,145.283,22.76,79.9057,22.5189,river_mouth,DERIVED_PHYSICS_IMO_GHG2020_SEED42
V118,general_cargo,14985,14.0,86.5,761,MGO,2.77,R049,Tuticorin,Port_Blair,105.5991,54.36,71.8074,16.9091,sea_passage,DERIVED_PHYSICS_IMO_GHG2020_SEED42
V143,passenger,3504,17.2,61.5,419,LNG,2.54,R057,Kamarajar,Visakhapatnam,25.1135,24.36,13.8125,3.8926,sea_passage,DERIVED_PHYSICS_IMO_GHG2020_SEED42
V099,tanker,55620,13.0,67.1,757,LNG,1.58,R050,Port_Blair,Tuticorin,145.4696,58.23,80.0083,22.5478,sea_passage,DERIVED_PHYSICS_IMO_GHG2020_SEED42
V126,general_cargo,16177,14.8,84.6,406,MGO,2.18,R032,Visakhapatnam,Chennai,67.168,27.43,45.6743,10.7553,coastal,DERIVED_PHYSICS_IMO_GHG2020_SEED42
V034,bulk_carrier,62925,13.0,64.6,422,LNG,1.52,R054,Mormugao,Kochi,95.0726,32.46,52.29,14.7363,sea_passage,DERIVED_PHYSICS_IMO_GHG2020_SEED42
V092,tanker,76931,15.9,67.1,797,LNG,2.93,R051,Chennai,Port_Blair,359.9784,50.13,197.9881,55.7966,sea_passage,DERIVED_PHYSICS_IMO_GHG2020_SEED42
V016,bulk_carrier,58242,12.7,58.5,406,LNG,2.06,R032,Visakhapatnam,Chennai,78.6511,31.97,43.2581,12.1909,coastal,DERIVED_PHYSICS_IMO_GHG2020_SEED42
V107,general_cargo,9058,13.5,85.6,859,MGO,3.41,R013,Mumbai,Kochi,85.5919,63.63,58.2025,13.7054,sea_passage,DERIVED_PHYSICS_IMO_GHG2020_SEED42
V140,passenger,1902,22.2,61.6,189,LNG,0.58,R025,Kochi,Tuticorin,11.8124,8.51,6.4968,1.8309,sea_passage,DERIVED_PHYSICS_IMO_GHG2020_SEED42
V057,container_ship,30177,17.9,67.9,876,MGO,0.81,R003,JNPA,Kochi,257.5088,48.94,175.106,41.2336,sea_passage,DERIVED_PHYSICS_IMO_GHG2020_SEED42
V077,tanker,37083,13.4,71.8,850,MGO,2.66,R014,Kochi,Mumbai,176.4735,63.43,120.002,28.2578,coastal,DERIVED_PHYSICS_IMO_GHG2020_SEED42
V013,bulk_carrier,60013,13.5,74.9,700,MGO,0.63,R036,Paradip,Chennai,181.1793,51.85,123.202,29.0113,sea_passage,DERIVED_PHYSICS_IMO_GHG2020_SEED42
V133,ro_ro,11514,16.0,57.0,876,LNG,0.72,R003,JNPA,Kochi,85.6791,54.75,47.1235,13.2803,sea_passage,DERIVED_PHYSICS_IMO_GHG2020_SEED42
V043,container_ship,27264,14.8,94.8,349,Methanol,2.61,R021,Mumbai,Mormugao,169.2786,23.58,59.2475,9.7691,sea_passage,DERIVED_PHYSICS_IMO_GHG2020_SEED42
V028,bulk_carrier,56514,11.0,100.0,876,HFO,2.81,R003,JNPA,Kochi,212.0711,79.64,110.277,31.5008,sea_passage,DERIVED_PHYSICS_IMO_GHG2020_SEED42
V017,bulk_carrier,47945,15.0,50.5,176,LNG,0.37,R056,Mormugao,New_Mangalore,37.0812,11.73,20.3946,5.7476,sea_passage,DERIVED_PHYSICS_IMO_GHG2020_SEED42
V139,passenger,2268,16.1,65.9,1196,MGO,1.04,R006,Chennai,JNPA,50.7504,74.29,34.5103,8.1264,sea_passage,DERIVED_PHYSICS_IMO_GHG2020_SEED42
V004,bulk_carrier,71338,11.0,72.1,856,LNG,0.68,R038,Kolkata_SMPK,Chennai,143.4309,77.82,78.887,22.2318,river_mouth,DERIVED_PHYSICS_IMO_GHG2020_SEED42
V063,container_ship,12578,21.3,69.7,297,Methanol,3.46,R007,JNPA,Kandla,189.8222,13.94,66.4378,10.9546,coastal,DERIVED_PHYSICS_IMO_GHG2020_SEED42
V079,tanker,55468,12.3,56.2,692,LNG,0.87,R035,Chennai,Paradip,116.4058,56.26,64.0232,18.0429,sea_passage,DERIVED_PHYSICS_IMO_GHG2020_SEED42
V045,container_ship,12017,16.4,61.3,183,Methanol,3.14,R026,Tuticorin,Kochi,58.6534,11.16,20.5287,3.3849,sea_passage,DERIVED_PHYSICS_IMO_GHG2020_SEED42
V023,bulk_carrier,58095,11.4,90.0,788,LNG,3.4,R052,Port_Blair,Chennai,173.0429,69.12,95.1736,26.8217,sea_passage,DERIVED_PHYSICS_IMO_GHG2020_SEED42
V050,container_ship,17470,22.9,55.6,406,MGO,1.69,R032,Visakhapatnam,Chennai,122.9995,17.73,83.6396,19.6953,coastal,DERIVED_PHYSICS_IMO_GHG2020_SEED42
V085,tanker,70614,12.5,87.8,870,LNG,2.44,R004,Kochi,JNPA,232.4914,69.6,127.8703,36.0362,sea_passage,DERIVED_PHYSICS_IMO_GHG2020_SEED42
V122,general_cargo,14088,15.9,59.2,692,HFO,2.95,R035,Chennai,Paradip,116.5071,43.52,60.5837,17.3058,coastal,DERIVED_PHYSICS_IMO_GHG2020_SEED42
V009,bulk_carrier,32714,15.3,98.1,853,HFO,3.03,R037,Chennai,Kolkata_SMPK,283.4855,55.75,147.4125,42.1087,sea_passage,DERIVED_PHYSICS_IMO_GHG2020_SEED42
V133,ro_ro,11514,16.5,67.1,24,LNG,1.69,R001,JNPA,Mumbai,2.6821,1.45,1.4751,0.4157,coastal,DERIVED_PHYSICS_IMO_GHG2020_SEED42
V133,ro_ro,11514,13.2,66.9,491,HFO,2.19,R041,Visakhapatnam,Kolkata_SMPK,47.673,37.2,24.79,7.0813,coastal,DERIVED_PHYSICS_IMO_GHG2020_SEED42
V143,passenger,3504,21.1,65.2,396,Hydrogen,0.72,R031,Chennai,Visakhapatnam,13.5799,18.77,43.4557,0.9778,sea_passage,DERIVED_PHYSICS_IMO_GHG2020_SEED42
V028,bulk_carrier,56514,13.3,97.2,850,MGO,1.21,R014,Kochi,Mumbai,238.2553,63.91,162.0136,38.1506,sea_passage,DERIVED_PHYSICS_IMO_GHG2020_SEED42
V041,bulk_carrier,49332,11.9,82.3,359,MGO,3.46,R012,Mormugao,JNPA,91.3761,30.17,62.1358,14.6316,coastal,DERIVED_PHYSICS_IMO_GHG2020_SEED42
V027,bulk_carrier,59816,11.3,62.6,297,HFO,2.32,R007,JNPA,Kandla,63.4479,26.28,32.9929,9.4245,coastal,DERIVED_PHYSICS_IMO_GHG2020_SEED42
V057,container_ship,30177,17.0,77.0,276,HFO,1.23,R048,Mumbai,Kandla,86.6835,16.24,45.0754,12.8759,sea_passage,DERIVED_PHYSICS_IMO_GHG2020_SEED42
V125,general_cargo,5602,9.7,88.6,700,MGO,1.43,R036,Paradip,Chennai,22.6574,72.16,15.407,3.628,river_mouth,DERIVED_PHYSICS_IMO_GHG2020_SEED42
V044,container_ship,41157,15.2,98.8,495,Methanol,2.69,R042,Kolkata_SMPK,Visakhapatnam,330.339,32.57,115.6187,19.0639,coastal,DERIVED_PHYSICS_IMO_GHG2020_SEED42
V148,ferry,932,14.5,89.4,542,LNG,2.22,R024,Chennai,Kochi,11.2398,37.38,6.1819,1.7422,coastal,DERIVED_PHYSICS_IMO_GHG2020_SEED42
V035,bulk_carrier,56365,14.5,90.9,692,HFO,3.4,R035,Chennai,Paradip,289.2042,47.72,150.3862,42.9581,sea_passage,DERIVED_PHYSICS_IMO_GHG2020_SEED42
V137,ro_ro,6851,15.0,68.7,856,HFO,1.45,R038,Kolkata_SMPK,Chennai,64.9689,57.07,33.7838,9.6504,sea_passage,DERIVED_PHYSICS_IMO_GHG2020_SEED42
V124,general_cargo,16581,11.8,70.9,183,HFO,2.54,R026,Tuticorin,Kochi,19.4109,15.51,10.0937,2.8833,coastal,DERIVED_PHYSICS_IMO_GHG2020_SEED42
V063,container_ship,12578,22.2,85.6,528,Methanol,2.46,R010,New_Mangalore,JNPA,328.4143,23.78,114.945,18.9528,river_mouth,DERIVED_PHYSICS_IMO_GHG2020_SEED42
V086,tanker,66768,13.6,90.7,542,MGO,0.3,R024,Chennai,Kochi,166.4059,39.85,113.156,26.6457,sea_passage,DERIVED_PHYSICS_IMO_GHG2020_SEED42
V144,passenger,4545,20.9,70.0,797,MGO,2.83,R051,Chennai,Port_Blair,113.419,38.13,77.1249,18.1612,sea_passage,DERIVED_PHYSICS_IMO_GHG2020_SEED42
V125,general_cargo,5602,12.6,79.5,856,MGO,1.63,R038,Kolkata_SMPK,Chennai,46.087,67.94,31.3392,7.3797,coastal,DERIVED_PHYSICS_IMO_GHG2020_SEED42
V109,general_cargo,10749,11.7,95.7,1190,MGO,2.78,R005,JNPA,Chennai,89.5682,101.71,60.9064,14.3421,sea_passage,DERIVED_PHYSICS_IMO_GHG2020_SEED42
V071,tanker,72064,15.5,80.7,406,LNG,0.85,R032,Visakhapatnam,Chennai,134.6701,26.19,74.0686,20.8739,sea_passage,DERIVED_PHYSICS_IMO_GHG2020_SEED42
V114,general_cargo,17380,12.0,63.3,311,MGO,3.18,R040,Paradip,Visakhapatnam,34.3495,25.92,23.3576,5.5002,sea_passage,DERIVED_PHYSICS_IMO_GHG2020_SEED42
V042,bulk_carrier,48674,10.5,73.1,348,LNG,1.04,R027,Kochi,New_Mangalore,43.0223,33.14,23.6623,6.6685,sea_passage,DERIVED_PHYSICS_IMO_GHG2020_SEED42
V002,bulk_carrier,29708,12.6,56.0,18,HFO,1.44,R033,Chennai,Kamarajar,2.7167,1.43,1.4127,0.4035,sea_passage,DERIVED_PHYSICS_IMO_GHG2020_SEED42
V056,container_ship,38751,14.9,84.7,24,Methanol,0.41,R001,JNPA,Mumbai,11.8914,1.61,4.162,0.6862,sea_passage,DERIVED_PHYSICS_IMO_GHG2020_SEED42
V127,general_cargo,7328,12.8,80.8,491,MGO,2.85,R041,Visakhapatnam,Kolkata_SMPK,37.0433,38.36,25.1895,5.9316,sea_passage,DERIVED_PHYSICS_IMO_GHG2020_SEED42
V042,bulk_carrier,48674,13.6,59.9,349,HFO,0.44,R021,Mumbai,Mormugao,80.2805,25.66,41.7459,11.9248,river_mouth,DERIVED_PHYSICS_IMO_GHG2020_SEED42
V007,bulk_carrier,42726,16.2,66.0,788,HFO,0.31,R052,Port_Blair,Chennai,242.6992,48.64,126.2036,36.0503,sea_passage,DERIVED_PHYSICS_IMO_GHG2020_SEED42
V030,bulk_carrier,38293,13.7,71.2,277,HFO,1.46,R018,Kandla,Mumbai,63.6234,20.22,33.0842,9.4506,coastal,DERIVED_PHYSICS_IMO_GHG2020_SEED42
V091,tanker,39649,13.0,50.7,542,HFO,0.37,R024,Chennai,Kochi,96.237,41.69,50.0432,14.2949,sea_passage,DERIVED_PHYSICS_IMO_GHG2020_SEED42
V035,bulk_carrier,56365,10.5,61.5,542,MGO,1.85,R024,Chennai,Kochi,81.2994,51.62,55.2836,13.0181,sea_passage,DERIVED_PHYSICS_IMO_GHG2020_SEED42
V102,tanker,47959,12.5,89.4,286,MGO,2.23,R045,Kandla,JNPA,67.3593,22.88,45.8044,10.7859,coastal,DERIVED_PHYSICS_IMO_GHG2020_SEED42
V137,ro_ro,6851,14.6,83.5,1190,LNG,2.32,R005,JNPA,Chennai,85.8582,81.51,47.222,13.308,sea_passage,DERIVED_PHYSICS_IMO_GHG2020_SEED42
V116,general_cargo,6658,11.4,64.7,183,MGO,0.56,R026,Tuticorin,Kochi,8.0409,16.05,5.4678,1.2876,coastal,DERIVED_PHYSICS_IMO_GHG2020_SEED42
V123,general_cargo,17741,10.2,63.4,521,HFO,1.65,R060,Kandla,Mormugao,37.3507,51.08,19.4224,5.548,coastal,DERIVED_PHYSICS_IMO_GHG2020_SEED42
V124,general_cargo,16581,12.5,69.8,311,HFO,0.92,R040,Paradip,Visakhapatnam,33.8062,24.88,17.5792,5.0215,sea_passage,DERIVED_PHYSICS_IMO_GHG2020_SEED42
V021,bulk_carrier,35729,11.6,54.0,518,LNG,1.35,R009,JNPA,New_Mangalore,57.1818,44.66,31.45,8.8632,sea_passage,DERIVED_PHYSICS_IMO_GHG2020_SEED42
V057,container_ship,30177,18.0,60.9,176,MGO,1.05,R056,Mormugao,New_Mangalore,48.8331,9.78,33.2065,7.8194,coastal,DERIVED_PHYSICS_IMO_GHG2020_SEED42
V022,bulk_carrier,27915,13.1,81.2,788,LNG,2.09,R052,Port_Blair,Chennai,115.5749,60.15,63.5662,17.9141,sea_passage,DERIVED_PHYSICS_IMO_GHG2020_SEED42
V055,container_ship,17711,22.2,80.0,419,Methanol,1.74,R057,Kamarajar,Visakhapatnam,305.6165,18.87,106.9658,17.6371,sea_passage,DERIVED_PHYSICS_IMO_GHG2020_SEED42
V085,tanker,70614,14.6,76.7,364,LNG,1.93,R030,Tuticorin,Chennai,119.6412,24.93,65.8027,18.5444,coastal,DERIVED_PHYSICS_IMO_GHG2020_SEED42
V072,tanker,45552,12.7,67.5,1179,MGO,0.35,R015,Mumbai,Chennai,205.5903,92.83,139.8014,32.9202,sea_passage,DERIVED_PHYSICS_IMO_GHG2020_SEED42
V006,bulk_carrier,66381,14.2,62.4,521,HFO,3.08,R060,Kandla,Mormugao,205.8078,36.69,107.02,30.5705,coastal,DERIVED_PHYSICS_IMO_GHG2020_SEED42
V064,container_ship,26077,18.4,85.6,495,Methanol,1.44,R042,Kolkata_SMPK,Visakhapatnam,319.5637,26.9,111.8473,18.442,sea_passage,DERIVED_PHYSICS_IMO_GHG2020_SEED42
V051,container_ship,9661,19.9,81.4,700,MGO,2.76,R036,Paradip,Chennai,147.9544,35.18,100.609,23.6912,coastal,DERIVED_PHYSICS_IMO_GHG2020_SEED42
V083,tanker,42416,15.0,70.6,411,LNG,1.88,R058,Visakhapatnam,Kamarajar,95.3457,27.4,52.4401,14.7786,sea_passage,DERIVED_PHYSICS_IMO_GHG2020_SEED42
V016,bulk_carrier,58242,14.1,90.0,286,HFO,0.65,R045,Kandla,JNPA,92.9329,20.28,48.3251,13.8042,coastal,DERIVED_PHYSICS_IMO_GHG2020_SEED42
V064,container_ship,26077,19.2,98.9,529,HFO,3.12,R059,Mormugao,Kandla,245.6123,27.55,127.7184,36.483,river_mouth,DERIVED_PHYSICS_IMO_GHG2020_SEED42
V035,bulk_carrier,56365,10.8,60.0,521,MGO,2.49,R060,Kandla,Mormugao,89.1157,48.24,60.5987,14.2697,sea_passage,DERIVED_PHYSICS_IMO_GHG2020_SEED42
V118,general_cargo,14985,13.1,65.0,277,HFO,3.01,R018,Kandla,Mumbai,36.0288,21.15,18.735,5.3517,sea_passage,DERIVED_PHYSICS_IMO_GHG2020_SEED42
V147,ferry,2604,10.1,97.0,276,LNG,3.42,R047,Kandla,Mumbai,6.3763,27.33,3.507,0.9883,coastal,DERIVED_PHYSICS_IMO_GHG2020_SEED42
V024,bulk_carrier,45319,15.3,55.8,286,MGO,0.57,R045,Kandla,JNPA,77.8088,18.69,52.91,12.4591,sea_passage,DERIVED_PHYSICS_IMO_GHG2020_SEED42
V014,bulk_carrier,44373,11.9,86.3,1196,HFO,0.8,R006,Chennai,JNPA,215.6731,100.5,112.15,32.0359,sea_passage,DERIVED_PHYSICS_IMO_GHG2020_SEED42
V085,tanker,70614,14.0,88.0,348,LNG,2.96,R027,Kochi,New_Mangalore,122.9831,24.86,67.6407,19.0624,sea_passage,DERIVED_PHYSICS_IMO_GHG2020_SEED42
V121,general_cargo,14844,10.5,97.0,276,HFO,1.16,R048,Mumbai,Kandla,20.5513,26.29,10.6867,3.0527,sea_passage,DERIVED_PHYSICS_IMO_GHG2020_SEED42
V127,general_cargo,7328,12.2,82.9,358,HFO,2.78,R011,JNPA,Mormugao,27.2408,29.34,14.1652,4.0463,coastal,DERIVED_PHYSICS_IMO_GHG2020_SEED42
V080,tanker,50271,15.1,67.4,700,HFO,1.46,R036,Paradip,Chennai,235.9152,46.36,122.6759,35.0426,sea_passage,DERIVED_PHYSICS_IMO_GHG2020_SEED42
V108,general_cargo,7216,13.2,69.9,692,MGO,0.87,R035,Chennai,Paradip,42.3032,52.42,28.7662,6.7738,sea_passage,DERIVED_PHYSICS_IMO_GHG2020_SEED42
V132,ro_ro,8727,18.8,99.7,859,LNG,2.44,R013,Mumbai,Kochi,116.4253,45.69,64.0339,18.0459,sea_passage,DERIVED_PHYSICS_IMO_GHG2020_SEED42
V032,bulk_carrier,70130,13.7,82.0,311,LNG,1.84,R040,Paradip,Visakhapatnam,96.6868,22.7,53.1777,14.9865,sea_passage,DERIVED_PHYSICS_IMO_GHG2020_SEED42
V047,container_ship,41892,13.4,70.7,859,HFO,3.16,R013,Mumbai,Kochi,238.2178,64.1,123.8732,35.3846,sea_passage,DERIVED_PHYSICS_IMO_GHG2020_SEED42
V109,general_cargo,10749,14.5,93.4,176,HFO,2.0,R056,Mormugao,New_Mangalore,21.6432,12.14,11.2545,3.2149,sea_passage,DERIVED_PHYSICS_IMO_GHG2020_SEED42
V016,bulk_carrier,58242,14.7,59.5,419,LNG,3.19,R053,Kochi,Mormugao,127.7503,28.5,70.2627,19.8013,coastal,DERIVED_PHYSICS_IMO_GHG2020_SEED42
V069,container_ship,8659,12.3,95.9,370,LNG,1.99,R029,Chennai,Tuticorin,24.0724,30.08,13.2398,3.7312,sea_passage,DERIVED_PHYSICS_IMO_GHG2020_SEED42
V092,tanker,76931,12.6,51.7,348,HFO,1.15,R027,Kochi,New_Mangalore,85.0716,27.62,44.2372,12.6364,sea_passage,DERIVED_PHYSICS_IMO_GHG2020_SEED42
V106,general_cargo,10004,14.9,79.8,797,HFO,0.67,R051,Chennai,Port_Blair,87.2461,53.49,45.368,12.9594,sea_passage,DERIVED_PHYSICS_IMO_GHG2020_SEED42
V087,tanker,28073,12.3,96.4,297,HFO,2.85,R007,JNPA,Kandla,58.4263,24.15,30.3817,8.6786,sea_passage,DERIVED_PHYSICS_IMO_GHG2020_SEED42
V102,tanker,47959,12.8,96.7,521,LNG,3.18,R060,Kandla,Mormugao,116.43,40.7,64.0365,18.0467,coastal,DERIVED_PHYSICS_IMO_GHG2020_SEED42
V013,bulk_carrier,60013,12.7,60.0,856,MGO,2.02,R038,Kolkata_SMPK,Chennai,229.7906,67.4,156.2576,36.7952,coastal,DERIVED_PHYSICS_IMO_GHG2020_SEED42
V031,bulk_carrier,60844,12.1,75.6,176,LNG,3.49,R056,Mormugao,New_Mangalore,40.4786,14.55,22.2633,6.2742,sea_passage,DERIVED_PHYSICS_IMO_GHG2020_SEED42
V063,container_ship,12578,19.3,62.4,189,HFO,2.31,R025,Kochi,Tuticorin,40.184,9.79,20.8957,5.9689,sea_passage,DERIVED_PHYSICS_IMO_GHG2020_SEED42
V023,bulk_carrier,58095,11.8,73.3,538,LNG,2.5,R023,Kochi,Chennai,105.8166,45.59,58.1991,16.4016,coastal,DERIVED_PHYSICS_IMO_GHG2020_SEED42
V104,tanker,27184,10.9,79.3,276,HFO,2.84,R047,Kandla,Mumbai,35.7066,25.32,18.5674,5.3038,coastal,DERIVED_PHYSICS_IMO_GHG2020_SEED42
V107,general_cargo,9058,11.1,55.6,229,MGO,0.38,R044,Kolkata_SMPK,Paradip,10.4388,20.63,7.0984,1.6715,coastal,DERIVED_PHYSICS_IMO_GHG2020_SEED42
V017,bulk_carrier,47945,14.0,87.6,542,MGO,1.52,R024,Chennai,Kochi,155.4721,38.71,105.721,24.895,coastal,DERIVED_PHYSICS_IMO_GHG2020_SEED42
V097,tanker,25705,13.1,88.6,370,LNG,2.92,R029,Chennai,Tuticorin,56.8175,28.24,31.2497,8.8067,sea_passage,DERIVED_PHYSICS_IMO_GHG2020_SEED42
V140,passenger,1902,22.5,88.7,17,LNG,3.22,R034,Kamarajar,Chennai,1.5206,0.76,0.8363,0.2357,river_mouth,DERIVED_PHYSICS_IMO_GHG2020_SEED42
V009,bulk_carrier,32714,13.0,87.2,505,LNG,1.32,R020,New_Mangalore,Mumbai,79.407,38.85,43.6739,12.3081,sea_passage,DERIVED_PHYSICS_IMO_GHG2020_SEED42
V010,bulk_carrier,41291,9.7,65.5,345,MGO,2.37,R028,New_Mangalore,Kochi,40.2283,35.57,27.3552,6.4416,sea_passage,DERIVED_PHYSICS_IMO_GHG2020_SEED42
V021,bulk_carrier,35729,9.6,79.6,856,MGO,2.54,R038,Kolkata_SMPK,Chennai,88.6401,89.17,60.2752,14.1935,river_mouth,DERIVED_PHYSICS_IMO_GHG2020_SEED42
V002,bulk_carrier,29708,13.8,95.8,507,MGO,2.28,R019,Mumbai,New_Mangalore,100.0162,36.74,68.011,16.0151,river_mouth,DERIVED_PHYSICS_IMO_GHG2020_SEED42
V067,container_ship,23507,19.4,57.9,313,HFO,0.71,R039,Visakhapatnam,Paradip,94.3823,16.13,49.0788,14.0195,coastal,DERIVED_PHYSICS_IMO_GHG2020_SEED42
V083,tanker,42416,13.0,79.2,1181,MGO,0.74,R016,Chennai,Mumbai,241.6714,90.85,164.3365,38.6976,sea_passage,DERIVED_PHYSICS_IMO_GHG2020_SEED42
V035,bulk_carrier,56365,14.3,88.0,370,HFO,1.24,R029,Chennai,Tuticorin,125.9499,25.87,65.4939,18.7085,coastal,DERIVED_PHYSICS_IMO_GHG2020_SEED42
V131,ro_ro,4651,17.3,91.2,17,MGO,2.47,R034,Kamarajar,Chennai,1.8141,0.98,1.2336,0.2905,sea_passage,DERIVED_PHYSICS_IMO_GHG2020_SEED42
V011,bulk_carrier,34473,11.9,85.7,183,HFO,1.37,R026,Tuticorin,Kochi,30.4255,15.38,15.8213,4.5194,sea_passage,DERIVED_PHYSICS_IMO_GHG2020_SEED42
V039,bulk_carrier,42343,11.1,93.7,311,HFO,1.12,R040,Paradip,Visakhapatnam,54.2218,28.02,28.1954,8.0541,sea_passage,DERIVED_PHYSICS_IMO_GHG2020_SEED42
V044,container_ship,41157,16.4,78.1,495,LNG,2.42,R042,Kolkata_SMPK,Visakhapatnam,163.181,30.18,89.7495,25.293,sea_passage,DERIVED_PHYSICS_IMO_GHG2020_SEED42
V038,bulk_carrier,33529,11.4,76.0,495,HFO,2.87,R042,Kolkata_SMPK,Visakhapatnam,84.4566,43.42,43.9174,12.5451,coastal,DERIVED_PHYSICS_IMO_GHG2020_SEED42
V024,bulk_carrier,45319,13.0,97.1,507,HFO,1.52,R019,Mumbai,New_Mangalore,140.5863,39.0,73.1049,20.8826,sea_passage,DERIVED_PHYSICS_IMO_GHG2020_SEED42
V111,general_cargo,19799,13.7,67.3,411,MGO,2.87,R058,Visakhapatnam,Kamarajar,61.4109,30.0,41.7594,9.8334,sea_passage,DERIVED_PHYSICS_IMO_GHG2020_SEED42
V096,tanker,71643,11.7,93.6,277,LNG,2.64,R018,Kandla,Mumbai,70.5553,23.68,38.8054,10.9361,coastal,DERIVED_PHYSICS_IMO_GHG2020_SEED42
V020,bulk_carrier,40197,8.8,57.4,853,MGO,0.51,R037,Chennai,Kolkata_SMPK,63.621,96.93,43.2623,10.1873,sea_passage,DERIVED_PHYSICS_IMO_GHG2020_SEED42
V140,passenger,1902,17.4,68.3,859,LNG,3.07,R013,Mumbai,Kochi,39.1051,49.37,21.5078,6.0613,sea_passage,DERIVED_PHYSICS_IMO_GHG2020_SEED42
V085,tanker,70614,12.1,94.1,297,HFO,0.87,R007,JNPA,Kandla,81.5581,24.55,42.4102,12.1146,sea_passage,DERIVED_PHYSICS_IMO_GHG2020_SEED42
V021,bulk_carrier,35729,9.8,58.4,419,LNG,2.66,R057,Kamarajar,Visakhapatnam,39.8486,42.76,21.9168,6.1765,sea_passage,DERIVED_PHYSICS_IMO_GHG2020_SEED42
V056,container_ship,38751,16.3,95.1,17,HFO,0.79,R034,Kamarajar,Chennai,5.0974,1.04,2.6507,0.7572,coastal,DERIVED_PHYSICS_IMO_GHG2020_SEED42
V139,passenger,2268,16.5,63.1,761,LNG,1.77,R049,Tuticorin,Port_Blair,29.0006,46.12,15.9503,4.4951,coastal,DERIVED_PHYSICS_IMO_GHG2020_SEED42
V055,container_ship,17711,18.0,62.6,856,Methanol,3.18,R038,Kolkata_SMPK,Chennai,421.1971,47.56,147.419,24.3073,sea_passage,DERIVED_PHYSICS_IMO_GHG2020_SEED42
V050,container_ship,17470,24.3,60.4,22,LNG,2.31,R002,Mumbai,JNPA,7.5532,0.91,4.1543,1.1708,sea_passage,DERIVED_PHYSICS_IMO_GHG2020_SEED42
V069,container_ship,8659,17.1,55.0,176,HFO,0.8,R056,Mormugao,New_Mangalore,20.4181,10.29,10.6174,3.0329,coastal,DERIVED_PHYSICS_IMO_GHG2020_SEED42
V070,container_ship,16607,17.4,63.5,1190,MGO,1.64,R005,JNPA,Chennai,221.6995,68.39,150.7557,35.4996,coastal,DERIVED_PHYSICS_IMO_GHG2020_SEED42
V096,tanker,71643,11.0,85.4,345,MGO,2.54,R028,New_Mangalore,Kochi,82.918,31.36,56.3842,13.2772,sea_passage,DERIVED_PHYSICS_IMO_GHG2020_SEED42
V067,container_ship,23507,16.7,82.8,491,Methanol,2.26,R041,Visakhapatnam,Kolkata_SMPK,252.8634,29.4,88.5022,14.5927,sea_passage,DERIVED_PHYSICS_IMO_GHG2020_SEED42
V101,tanker,56969,10.5,60.8,311,HFO,0.86,R040,Paradip,Visakhapatnam,47.8732,29.62,24.8941,7.111,sea_passage,DERIVED_PHYSICS_IMO_GHG2020_SEED42
V108,general_cargo,7216,16.5,75.6,364,HFO,1.4,R030,Tuticorin,Chennai,41.2412,22.06,21.4454,6.1259,sea_passage,DERIVED_PHYSICS_IMO_GHG2020_SEED42
V016,bulk_carrier,58242,13.2,65.2,1196,MGO,2.13,R006,Chennai,JNPA,336.3171,90.61,228.6957,53.8528,sea_passage,DERIVED_PHYSICS_IMO_GHG2020_SEED42
V085,tanker,70614,12.7,64.9,349,HFO,2.5,R021,Mumbai,Mormugao,116.2055,27.48,60.4269,17.2611,sea_passage,DERIVED_PHYSICS_IMO_GHG2020_SEED42
V020,bulk_carrier,40197,11.4,76.9,370,MGO,2.9,R029,Chennai,Tuticorin,66.7323,32.46,45.3779,10.6855,river_mouth,DERIVED_PHYSICS_IMO_GHG2020_SEED42
V038,bulk_carrier,33529,12.3,87.1,788,HFO,1.68,R052,Port_Blair,Chennai,141.0404,64.07,73.341,20.95,coastal,DERIVED_PHYSICS_IMO_GHG2020_SEED42
V128,general_cargo,15648,15.3,66.5,17,MGO,1.93,R034,Kamarajar,Chennai,2.3014,1.11,1.5649,0.3685,sea_passage,DERIVED_PHYSICS_IMO_GHG2020_SEED42
V104,tanker,27184,11.4,61.4,1196,LNG,0.37,R006,Chennai,JNPA,108.007,104.91,59.4038,16.7411,sea_passage,DERIVED_PHYSICS_IMO_GHG2020_SEED42
V120,general_cargo,16651,9.8,74.7,529,HFO,0.92,R059,Mormugao,Kandla,31.0305,53.98,16.1359,4.6092,sea_passage,DERIVED_PHYSICS_IMO_GHG2020_SEED42
V148,ferry,932,12.6,60.8,345,LNG,1.25,R028,New_Mangalore,Kochi,4.0566,27.38,2.2311,0.6288,sea_passage,DERIVED_PHYSICS_IMO_GHG2020_SEED42
V072,tanker,45552,13.3,59.9,1196,LNG,1.07,R006,Chennai,JNPA,208.7,89.92,114.785,32.3485,sea_passage,DERIVED_PHYSICS_IMO_GHG2020_SEED42
V124,general_cargo,16581,13.0,90.6,176,MGO,0.45,R056,Mormugao,New_Mangalore,18.8542,13.54,12.8209,3.019,sea_passage,DERIVED_PHYSICS_IMO_GHG2020_SEED42
V135,ro_ro,7575,15.7,78.3,169,HFO,2.17,R055,New_Mangalore,Mormugao,18.9608,10.76,9.8596,2.8164,sea_passage,DERIVED_PHYSICS_IMO_GHG2020_SEED42
V023,bulk_carrier,58095,12.2,87.9,1179,HFO,1.76,R015,Mumbai,Chennai,293.9968,96.64,152.8784,43.67,sea_passage,DERIVED_PHYSICS_IMO_GHG2020_SEED42
V025,bulk_carrier,26135,9.0,81.7,277,HFO,2.01,R018,Kandla,Mumbai,22.6663,30.78,11.7865,3.3668,sea_passage,DERIVED_PHYSICS_IMO_GHG2020_SEED42
V079,tanker,55468,11.3,78.5,347,MGO,0.35,R022,Mormugao,Mumbai,58.7671,30.71,39.9616,9.4101,river_mouth,DERIVED_PHYSICS_IMO_GHG2020_SEED42
V132,ro_ro,8727,15.1,74.8,358,LNG,3.15,R011,JNPA,Mormugao,33.4601,23.71,18.403,5.1863,sea_passage,DERIVED_PHYSICS_IMO_GHG2020_SEED42
V048,container_ship,21724,22.4,78.7,169,Methanol,2.64,R055,New_Mangalore,Mormugao,155.6509,7.54,54.4778,8.9826,river_mouth,DERIVED_PHYSICS_IMO_GHG2020_SEED42
V103,tanker,67954,11.3,81.0,358,LNG,2.36,R011,JNPA,Mormugao,71.6067,31.68,39.3837,11.099,sea_passage,DERIVED_PHYSICS_IMO_GHG2020_SEED42
V075,tanker,55666,12.3,76.7,396,MGO,3.32,R031,Chennai,Visakhapatnam,100.0573,32.2,68.039,16.0217,sea_passage,DERIVED_PHYSICS_IMO_GHG2020_SEED42
V016,bulk_carrier,58242,13.3,75.5,507,HFO,0.49,R019,Mumbai,New_Mangalore,124.6911,38.12,64.8394,18.5215,coastal,DERIVED_PHYSICS_IMO_GHG2020_SEED42
V081,tanker,22608,11.9,95.1,189,MGO,3.45,R025,Kochi,Tuticorin,30.5727,15.88,20.7894,4.8954,river_mouth,DERIVED_PHYSICS_IMO_GHG2020_SEED42
V060,container_ship,33073,17.3,96.8,358,LNG,2.3,R011,JNPA,Mormugao,108.9107,20.69,59.9009,16.8812,sea_passage,DERIVED_PHYSICS_IMO_GHG2020_SEED42
V136,ro_ro,4206,15.3,86.8,507,MGO,1.9,R019,Mumbai,New_Mangalore,33.2364,33.14,22.6008,5.322,coastal,DERIVED_PHYSICS_IMO_GHG2020_SEED42
V132,ro_ro,8727,14.5,85.3,411,HFO,1.33,R058,Visakhapatnam,Kamarajar,41.9525,28.34,21.8153,6.2316,coastal,DERIVED_PHYSICS_IMO_GHG2020_SEED42
V095,tanker,37289,13.6,79.0,297,HFO,3.01,R007,JNPA,Kandla,82.39,21.84,42.8428,12.2381,sea_passage,DERIVED_PHYSICS_IMO_GHG2020_SEED42
V068,container_ship,37761,17.4,52.1,411,LNG,2.1,R058,Visakhapatnam,Kamarajar,113.9104,23.62,62.6507,17.6561,river_mouth,DERIVED_PHYSICS_IMO_GHG2020_SEED42
V118,general_cargo,14985,10.8,72.0,538,MGO,2.18,R023,Kochi,Chennai,40.446,49.81,27.5033,6.4764,coastal,DERIVED_PHYSICS_IMO_GHG2020_SEED42
V008,bulk_carrier,34731,13.9,83.2,491,MGO,3.16,R041,Visakhapatnam,Kolkata_SMPK,130.4045,35.32,88.6751,20.881,sea_passage,DERIVED_PHYSICS_IMO_GHG2020_SEED42
V075,tanker,55666,14.1,72.7,853,HFO,3.44,R037,Chennai,Kolkata_SMPK,308.4674,60.5,160.4031,45.8194,coastal,DERIVED_PHYSICS_IMO_GHG2020_SEED42
V110,general_cargo,16704,9.9,99.7,859,HFO,1.27,R013,Mumbai,Kochi,62.0955,86.77,32.2897,9.2236,coastal,DERIVED_PHYSICS_IMO_GHG2020_SEED42
V124,general_cargo,16581,12.6,78.8,276,HFO,3.45,R048,Mumbai,Kandla,41.6989,21.9,21.6834,6.1939,sea_passage,DERIVED_PHYSICS_IMO_GHG2020_SEED42
V147,ferry,2604,13.7,59.7,797,LNG,2.05,R051,Chennai,Port_Blair,20.8513,58.18,11.4682,3.2319,sea_passage,DERIVED_PHYSICS_IMO_GHG2020_SEED42
V007,bulk_carrier,42726,12.9,95.5,529,LNG,1.26,R059,Mormugao,Kandla,103.2188,41.01,56.7704,15.9989,river_mouth,DERIVED_PHYSICS_IMO_GHG2020_SEED42
V099,tanker,55620,16.6,94.0,788,HFO,1.81,R052,Port_Blair,Chennai,369.6794,47.47,192.2333,54.9118,sea_passage,DERIVED_PHYSICS_IMO_GHG2020_SEED42
V089,tanker,35987,10.4,61.6,529,MGO,1.81,R059,Mormugao,Kandla,51.7057,50.87,35.1599,8.2794,sea_passage,DERIVED_PHYSICS_IMO_GHG2020_SEED42
V116,general_cargo,6658,11.9,63.6,859,MGO,2.81,R013,Mumbai,Kochi,44.4713,72.18,30.2405,7.121,sea_passage,DERIVED_PHYSICS_IMO_GHG2020_SEED42
V120,general_cargo,16651,11.5,72.9,757,HFO,3.16,R050,Port_Blair,Tuticorin,83.4505,65.83,43.3943,12.3957,coastal,DERIVED_PHYSICS_IMO_GHG2020_SEED42
V137,ro_ro,6851,16.8,76.5,505,HFO,0.63,R020,New_Mangalore,Mumbai,54.4097,30.06,28.293,8.082,sea_passage,DERIVED_PHYSICS_IMO_GHG2020_SEED42
V020,bulk_carrier,40197,9.1,99.9,859,HFO,0.6,R013,Mumbai,Kochi,91.5484,94.4,47.6052,13.5985,sea_passage,DERIVED_PHYSICS_IMO_GHG2020_SEED42
V057,container_ship,30177,17.0,85.0,419,Methanol,2.71,R057,Kamarajar,Visakhapatnam,285.2508,24.65,99.8378,16.4618,sea_passage,DERIVED_PHYSICS_IMO_GHG2020_SEED42
V057,container_ship,30177,17.5,89.5,406,HFO,3.09,R032,Visakhapatnam,Chennai,156.7537,23.2,81.5119,23.284,coastal,DERIVED_PHYSICS_IMO_GHG2020_SEED42
V086,tanker,66768,13.8,80.5,313,MGO,0.64,R039,Visakhapatnam,Paradip,94.5337,22.68,64.2829,15.1372,coastal,DERIVED_PHYSICS_IMO_GHG2020_SEED42
V138,ro_ro,6679,18.0,75.4,853,MGO,0.47,R037,Chennai,Kolkata_SMPK,95.9816,47.39,65.2675,15.3691,sea_passage,DERIVED_PHYSICS_IMO_GHG2020_SEED42
V133,ro_ro,11514,13.4,51.7,22,LNG,2.63,R002,Mumbai,JNPA,1.7401,1.64,0.9571,0.2697,sea_passage,DERIVED_PHYSICS_IMO_GHG2020_SEED42
V053,container_ship,27197,17.7,56.3,276,LNG,1.72,R048,Mumbai,Kandla,59.7819,15.59,32.88,9.2662,sea_passage,DERIVED_PHYSICS_IMO_GHG2020_SEED42
V072,tanker,45552,14.7,51.2,419,LNG,0.73,R053,Kochi,Mormugao,83.102,28.5,45.7061,12.8808,coastal,DERIVED_PHYSICS_IMO_GHG2020_SEED42
V045,container_ship,12017,20.6,80.9,856,Methanol,0.79,R038,Kolkata_SMPK,Chennai,389.4457,41.55,136.306,22.4749,coastal,DERIVED_PHYSICS_IMO_GHG2020_SEED42
V021,bulk_carrier,35729,11.4,71.4,348,MGO,2.18,R027,Kochi,New_Mangalore,57.8087,30.53,39.3099,9.2566,sea_passage,DERIVED_PHYSICS_IMO_GHG2020_SEED42
V019,bulk_carrier,63249,13.6,72.1,313,HFO,1.86,R039,Visakhapatnam,Paradip,102.9737,23.01,53.5463,15.2956,sea_passage,DERIVED_PHYSICS_IMO_GHG2020_SEED42
V025,bulk_carrier,26135,11.2,96.0,217,HFO,2.59,R043,Paradip,Kolkata_SMPK,31.627,19.38,16.446,4.6978,sea_passage,DERIVED_PHYSICS_IMO_GHG2020_SEED42
V064,container_ship,26077,16.2,95.6,856,Methanol,2.41,R038,Kolkata_SMPK,Chennai,491.3391,52.84,171.9687,28.3552,sea_passage,DERIVED_PHYSICS_IMO_GHG2020_SEED42
V006,bulk_carrier,66381,10.8,69.9,1190,HFO,2.21,R005,JNPA,Chennai,252.2017,110.19,131.1449,37.4618,coastal,DERIVED_PHYSICS_IMO_GHG2020_SEED42
V103,tanker,67954,13.2,72.4,870,MGO,0.41,R004,Kochi,JNPA,224.6219,65.91,152.7429,35.9676,river_mouth,DERIVED_PHYSICS_IMO_GHG2020_SEED42
V029,bulk_carrier,30900,14.0,93.1,542,LNG,0.37,R024,Chennai,Kochi,96.2495,38.71,52.9372,14.9187,sea_passage,DERIVED_PHYSICS_IMO_GHG2020_SEED42
V140,passenger,1902,16.7,85.3,850,Hydrogen,0.57,R014,Kochi,Mumbai,12.4761,50.9,39.9236,0.8983,sea_passage,DERIVED_PHYSICS_IMO_GHG2020_SEED42
V111,general_cargo,19799,13.7,71.7,422,MGO,0.51,R054,Mormugao,Kochi,55.3999,30.8,37.6719,8.8709,sea_passage,DERIVED_PHYSICS_IMO_GHG2020_SEED42
V007,bulk_carrier,42726,14.6,80.5,311,HFO,0.48,R040,Paradip,Visakhapatnam,74.5551,21.3,38.7687,11.0743,sea_passage,DERIVED_PHYSICS_IMO_GHG2020_SEED42
V088,tanker,47767,12.4,80.2,24,MGO,0.31,R001,JNPA,Mumbai,4.652,1.94,3.1634,0.7449,sea_passage,DERIVED_PHYSICS_IMO_GHG2020_SEED42
V064,container_ship,26077,20.1,65.7,700,HFO,1.59,R036,Paradip,Chennai,279.4321,34.83,145.3047,41.5066,sea_passage,DERIVED_PHYSICS_IMO_GHG2020_SEED42
V109,general_cargo,10749,12.2,64.0,169,MGO,1.26,R055,New_Mangalore,Mormugao,12.0041,13.85,8.1628,1.9222,sea_passage,DERIVED_PHYSICS_IMO_GHG2020_SEED42
V078,tanker,23323,12.7,50.7,542,LNG,1.38,R024,Chennai,Kochi,49.1424,42.68,27.0283,7.6171,coastal,DERIVED_PHYSICS_IMO_GHG2020_SEED42
V075,tanker,55666,11.0,76.9,761,HFO,2.05,R049,Tuticorin,Port_Blair,147.3803,69.18,76.6377,21.8917,sea_passage,DERIVED_PHYSICS_IMO_GHG2020_SEED42
V064,container_ship,26077,17.0,80.4,364,MGO,2.63,R030,Tuticorin,Chennai,113.6852,21.41,77.3059,18.2038,sea_passage,DERIVED_PHYSICS_IMO_GHG2020_SEED42
V103,tanker,67954,11.2,99.3,286,LNG,2.49,R045,Kandla,JNPA,63.6984,25.54,35.0341,9.8732,sea_passage,DERIVED_PHYSICS_IMO_GHG2020_SEED42
V044,container_ship,41157,15.3,60.8,538,MGO,2.64,R023,Kochi,Chennai,156.8354,35.16,106.648,25.1133,sea_passage,DERIVED_PHYSICS_IMO_GHG2020_SEED42
V095,tanker,37289,16.4,63.3,505,HFO,1.71,R020,New_Mangalore,Mumbai,156.6449,30.79,81.4553,23.2679,sea_passage,DERIVED_PHYSICS_IMO_GHG2020_SEED42
V040,bulk_carrier,49115,15.6,60.0,859,LNG,2.62,R013,Mumbai,Kochi,275.396,55.06,151.4678,42.6864,sea_passage,DERIVED_PHYSICS_IMO_GHG2020_SEED42
V114,general_cargo,17380,9.4,61.5,1179,MGO,1.14,R015,Mumbai,Chennai,59.9021,125.43,40.7334,9.5918,sea_passage,DERIVED_PHYSICS_IMO_GHG2020_SEED42
V046,container_ship,34898,18.2,60.9,761,LNG,0.73,R049,Tuticorin,Port_Blair,214.0959,41.81,117.7527,33.1849,coastal,DERIVED_PHYSICS_IMO_GHG2020_SEED42
V036,bulk_carrier,45790,11.6,52.7,359,MGO,0.43,R012,Mormugao,JNPA,55.5358,30.95,37.7644,8.8927,sea_passage,DERIVED_PHYSICS_IMO_GHG2020_SEED42
V064,container_ship,26077,19.0,85.1,1181,HFO,1.29,R016,Chennai,Mumbai,392.441,62.16,204.0693,58.2928,coastal,DERIVED_PHYSICS_IMO_GHG2020_SEED42
V036,bulk_carrier,45790,11.9,79.4,528,HFO,1.23,R010,New_Mangalore,JNPA,95.7055,44.37,49.7668,14.216,sea_passage,DERIVED_PHYSICS_IMO_GHG2020_SEED42
V057,container_ship,30177,20.9,99.0,347,HFO,1.32,R022,Mormugao,Mumbai,164.6692,16.6,85.628,24.4598,sea_passage,DERIVED_PHYSICS_IMO_GHG2020_SEED42
V024,bulk_carrier,45319,13.6,98.8,521,LNG,1.85,R060,Kandla,Mormugao,123.083,38.31,67.6957,19.0779,sea_passage,DERIVED_PHYSICS_IMO_GHG2020_SEED42
V114,general_cargo,17380,13.2,90.6,290,HFO,2.5,R046,JNPA,Kandla,36.7107,21.97,19.0896,5.453,sea_passage,DERIVED_PHYSICS_IMO_GHG2020_SEED42
V116,general_cargo,6658,14.3,66.9,276,MGO,3.12,R047,Kandla,Mumbai,23.2709,19.3,15.8242,3.7262,sea_passage,DERIVED_PHYSICS_IMO_GHG2020_SEED42
V127,general_cargo,7328,14.0,67.4,396,MGO,1.65,R031,Chennai,Visakhapatnam,30.1539,28.29,20.5046,4.8284,coastal,DERIVED_PHYSICS_IMO_GHG2020_SEED42
V019,bulk_carrier,63249,14.3,65.9,277,HFO,3.49,R018,Kandla,Mumbai,119.4533,19.37,62.1157,17.7435,sea_passage,DERIVED_PHYSICS_IMO_GHG2020_SEED42
V143,passenger,3504,22.4,82.8,529,LNG,3.29,R059,Mormugao,Kandla,70.5014,23.62,38.7758,10.9277,sea_passage,DERIVED_PHYSICS_IMO_GHG2020_SEED42
V057,container_ship,30177,23.0,74.5,297,LNG,2.57,R007,JNPA,Kandla,148.4152,12.91,81.6284,23.0044,sea_passage,DERIVED_PHYSICS_IMO_GHG2020_SEED42
V132,ro_ro,8727,19.3,97.1,797,MGO,1.34,R051,Chennai,Port_Blair,132.4069,41.3,90.0367,21.2017,sea_passage,DERIVED_PHYSICS_IMO_GHG2020_SEED42
V103,tanker,67954,14.9,72.8,859,MGO,1.23,R013,Mumbai,Kochi,315.5524,57.65,214.5756,50.5278,coastal,DERIVED_PHYSICS_IMO_GHG2020_SEED42
V008,bulk_carrier,34731,11.5,95.1,700,HFO,1.78,R036,Paradip,Chennai,117.1905,60.87,60.9391,17.4074,coastal,DERIVED_PHYSICS_IMO_GHG2020_SEED42
V022,bulk_carrier,27915,13.7,80.7,507,HFO,3.23,R019,Mumbai,New_Mangalore,116.5743,37.01,60.6187,17.3158,sea_passage,DERIVED_PHYSICS_IMO_GHG2020_SEED42
V048,container_ship,21724,22.7,91.9,176,HFO,3.09,R056,Mormugao,New_Mangalore,96.4091,7.75,50.1327,14.3205,sea_passage,DERIVED_PHYSICS_IMO_GHG2020_SEED42
V053,container_ship,27197,15.0,76.0,876,Methanol,2.59,R003,JNPA,Kochi,428.3262,58.4,149.9142,24.7187,sea_passage,DERIVED_PHYSICS_IMO_GHG2020_SEED42
V103,tanker,67954,14.7,98.9,276,MGO,1.46,R047,Kandla,Mumbai,117.0618,18.78,79.602,18.7445,coastal,DERIVED_PHYSICS_IMO_GHG2020_SEED42
V025,bulk_carrier,26135,11.7,96.9,757,HFO,2.67,R050,Port_Blair,Tuticorin,119.7007,64.7,62.2444,17.7802,sea_passage,DERIVED_PHYSICS_IMO_GHG2020_SEED42
V058,container_ship,36763,23.1,80.9,297,MGO,0.39,R007,JNPA,Kandla,182.5715,12.86,124.1486,29.2343,coastal,DERIVED_PHYSICS_IMO_GHG2020_SEED42
V103,tanker,67954,15.5,70.7,757,LNG,2.93,R050,Port_Blair,Tuticorin,287.2429,48.84,157.9836,44.5227,coastal,DERIVED_PHYSICS_IMO_GHG2020_SEED42
V087,tanker,28073,15.1,68.1,529,MGO,1.29,R059,Mormugao,Kandla,104.3548,35.03,70.9613,16.7098,coastal,DERIVED_PHYSICS_IMO_GHG2020_SEED42
V010,bulk_carrier,41291,11.5,95.6,286,LNG,2.69,R045,Kandla,JNPA,47.8189,24.87,26.3004,7.4119,sea_passage,DERIVED_PHYSICS_IMO_GHG2020_SEED42
V046,container_ship,34898,16.2,90.5,277,LNG,2.99,R018,Kandla,Mumbai,75.0947,17.1,41.3021,11.6397,sea_passage,DERIVED_PHYSICS_IMO_GHG2020_SEED42
V045,container_ship,12017,16.3,97.4,282,LNG,2.73,R017,Mumbai,Kandla,42.3633,17.3,23.2998,6.5663,sea_passage,DERIVED_PHYSICS_IMO_GHG2020_SEED42
V047,container_ship,41892,13.3,85.5,1181,MGO,0.95,R016,Chennai,Mumbai,270.8605,88.8,184.1851,43.3715,river_mouth,DERIVED_PHYSICS_IMO_GHG2020_SEED42
V039,bulk_carrier,42343,14.2,55.2,788,LNG,1.36,R052,Port_Blair,Chennai,152.0352,55.49,83.6194,23.5655,coastal,DERIVED_PHYSICS_IMO_GHG2020_SEED42
V075,tanker,55666,13.0,79.4,700,MGO,1.16,R036,Paradip,Chennai,153.3626,53.85,104.2866,24.5572,sea_passage,DERIVED_PHYSICS_IMO_GHG2020_SEED42
V002,bulk_carrier,29708,14.0,50.1,370,MGO,1.04,R029,Chennai,Tuticorin,60.1815,26.43,40.9234,9.6366,sea_passage,DERIVED_PHYSICS_IMO_GHG2020_SEED42
V119,general_cargo,18455,12.1,97.4,282,HFO,0.83,R017,Mumbai,Kandla,34.0791,23.31,17.7211,5.0621,coastal,DERIVED_PHYSICS_IMO_GHG2020_SEED42
V095,tanker,37289,15.3,54.3,419,HFO,2.37,R053,Kochi,Mormugao,116.2729,27.39,60.4619,17.2711,coastal,DERIVED_PHYSICS_IMO_GHG2020_SEED42
V034,bulk_carrier,62925,13.1,58.9,364,HFO,1.59,R030,Tuticorin,Chennai,99.3174,27.79,51.645,14.7525,river_mouth,DERIVED_PHYSICS_IMO_GHG2020_SEED42
V093,tanker,39701,11.4,77.8,542,HFO,1.0,R024,Chennai,Kochi,85.4105,47.54,44.4135,12.6868,coastal,DERIVED_PHYSICS_IMO_GHG2020_SEED42
V097,tanker,25705,11.8,79.4,364,MGO,2.53,R030,Tuticorin,Chennai,50.0923,30.85,34.0628,8.021,sea_passage,DERIVED_PHYSICS_IMO_GHG2020_SEED42
V010,bulk_carrier,41291,11.7,77.6,311,MGO,2.12,R040,Paradip,Visakhapatnam,58.0674,26.58,39.4858,9.298,sea_passage,DERIVED_PHYSICS_IMO_GHG2020_SEED42
V119,general_cargo,18455,11.5,74.3,700,HFO,2.42,R036,Paradip,Chennai,74.9238,60.87,38.9604,11.1291,sea_passage,DERIVED_PHYSICS_IMO_GHG2020_SEED42
V034,bulk_carrier,62925,12.0,53.1,757,MGO,1.93,R050,Port_Blair,Tuticorin,164.977,63.08,112.1844,26.4169,sea_passage,DERIVED_PHYSICS_IMO_GHG2020_SEED42
V029,bulk_carrier,30900,13.1,81.7,853,MGO,3.46,R037,Chennai,Kolkata_SMPK,163.5708,65.11,111.2281,26.1918,river_mouth,DERIVED_PHYSICS_IMO_GHG2020_SEED42
V011,bulk_carrier,34473,9.1,64.1,876,LNG,1.25,R003,JNPA,Kochi,64.2778,96.26,35.3528,9.9631,coastal,DERIVED_PHYSICS_IMO_GHG2020_SEED42
V135,ro_ro,7575,18.6,80.2,1181,LNG,3.15,R016,Chennai,Mumbai,155.0207,63.49,85.2614,24.0282,sea_passage,DERIVED_PHYSICS_IMO_GHG2020_SEED42
V112,general_cargo,17758,15.0,84.6,1190,HFO,1.43,R005,JNPA,Chennai,200.6821,79.33,104.3547,29.8091,coastal,DERIVED_PHYSICS_IMO_GHG2020_SEED42
V130,general_cargo,15643,12.5,77.2,528,HFO,3.5,R010,New_Mangalore,JNPA,67.7107,42.24,35.2096,10.0577,river_mouth,DERIVED_PHYSICS_IMO_GHG2020_SEED42
V141,passenger,3808,23.5,95.9,17,Hydrogen,2.96,R034,Kamarajar,Chennai,1.0078,0.72,3.225,0.0726,coastal,DERIVED_PHYSICS_IMO_GHG2020_SEED42
V031,bulk_carrier,60844,12.3,52.2,692,MGO,2.46,R035,Chennai,Paradip,161.3765,56.26,109.736,25.8404,sea_passage,DERIVED_PHYSICS_IMO_GHG2020_SEED42
V126,general_cargo,16177,14.0,61.7,313,MGO,2.31,R039,Visakhapatnam,Paradip,39.0846,22.36,26.5775,6.2584,sea_passage,DERIVED_PHYSICS_IMO_GHG2020_SEED42
V119,general_cargo,18455,9.7,69.2,491,HFO,3.12,R041,Visakhapatnam,Kolkata_SMPK,41.8037,50.62,21.7379,6.2095,sea_passage,DERIVED_PHYSICS_IMO_GHG2020_SEED42
V094,tanker,68263,13.7,70.9,396,HFO,1.88,R031,Chennai,Visakhapatnam,144.817,28.91,75.3048,21.511,sea_passage,DERIVED_PHYSICS_IMO_GHG2020_SEED42
V040,bulk_carrier,49115,12.2,94.6,797,HFO,1.65,R051,Chennai,Port_Blair,178.1129,65.33,92.6187,26.4567,river_mouth,DERIVED_PHYSICS_IMO_GHG2020_SEED42
V006,bulk_carrier,66381,10.6,57.8,1181,HFO,2.59,R016,Chennai,Mumbai,250.0506,111.42,130.0263,37.1423,sea_passage,DERIVED_PHYSICS_IMO_GHG2020_SEED42
V004,bulk_carrier,71338,10.6,58.2,419,MGO,1.57,R057,Kamarajar,Visakhapatnam,73.3801,39.53,49.8985,11.75,sea_passage,DERIVED_PHYSICS_IMO_GHG2020_SEED42
V067,container_ship,23507,22.7,81.8,18,MGO,2.26,R033,Chennai,Kamarajar,8.6602,0.79,5.8889,1.3867,sea_passage,DERIVED_PHYSICS_IMO_GHG2020_SEED42
V140,passenger,1902,21.6,57.9,345,LNG,2.58,R028,New_Mangalore,Kochi,22.7231,15.97,12.4977,3.5221,sea_passage,DERIVED_PHYSICS_IMO_GHG2020_SEED42
V025,bulk_carrier,26135,10.3,55.0,529,MGO,3.15,R059,Mormugao,Kandla,52.6569,51.36,35.8067,8.4317,sea_passage,DERIVED_PHYSICS_IMO_GHG2020_SEED42
V032,bulk_carrier,70130,11.1,71.0,1190,LNG,1.97,R005,JNPA,Chennai,236.9915,107.21,130.3453,36.7337,coastal,DERIVED_PHYSICS_IMO_GHG2020_SEED42
V004,bulk_carrier,71338,14.1,92.4,176,LNG,0.49,R056,Mormugao,New_Mangalore,47.3104,12.48,26.0207,7.3331,sea_passage,DERIVED_PHYSICS_IMO_GHG2020_SEED42
V027,bulk_carrier,59816,11.1,88.1,853,MGO,2.83,R037,Chennai,Kolkata_SMPK,194.8386,76.85,132.4902,31.1985,sea_passage,DERIVED_PHYSICS_IMO_GHG2020_SEED42
V115,general_cargo,11634,9.8,62.2,359,HFO,1.49,R012,Mormugao,JNPA,17.5733,36.63,9.1381,2.6103,sea_passage,DERIVED_PHYSICS_IMO_GHG2020_SEED42
V069,container_ship,8659,12.8,59.4,18,HFO,0.85,R033,Chennai,Kamarajar,1.1936,1.41,0.6207,0.1773,sea_passage,DERIVED_PHYSICS_IMO_GHG2020_SEED42
V001,bulk_carrier,63697,11.7,62.4,406,HFO,1.48,R032,Visakhapatnam,Chennai,94.4523,34.7,49.1152,14.0298,sea_passage,DERIVED_PHYSICS_IMO_GHG2020_SEED42
V080,tanker,50271,12.6,61.6,276,HFO,0.41,R047,Kandla,Mumbai,55.3083,21.9,28.7603,8.2154,sea_passage,DERIVED_PHYSICS_IMO_GHG2020_SEED42
V073,tanker,47233,12.5,62.7,217,HFO,1.59,R043,Paradip,Kolkata_SMPK,44.3688,17.36,23.0718,6.5905,coastal,DERIVED_PHYSICS_IMO_GHG2020_SEED42
V053,container_ship,27197,17.8,64.2,856,MGO,2.74,R038,Kolkata_SMPK,Chennai,292.1159,48.09,198.6388,46.7751,sea_passage,DERIVED_PHYSICS_IMO_GHG2020_SEED42
V019,bulk_carrier,63249,11.4,61.3,529,MGO,3.18,R059,Mormugao,Kandla,116.6142,46.4,79.2977,18.6729,sea_passage,DERIVED_PHYSICS_IMO_GHG2020_SEED42
V024,bulk_carrier,45319,11.2,53.3,856,HFO,1.0,R038,Kolkata_SMPK,Chennai,127.5395,76.43,66.3205,18.9446,sea_passage,DERIVED_PHYSICS_IMO_GHG2020_SEED42
V056,container_ship,38751,13.1,82.4,345,LNG,3.31,R028,New_Mangalore,Kochi,73.0949,26.34,40.2022,11.3297,coastal,DERIVED_PHYSICS_IMO_GHG2020_SEED42
V070,container_ship,16607,18.8,79.3,22,HFO,2.52,R002,Mumbai,JNPA,6.0541,1.17,3.1481,0.8993,river_mouth,DERIVED_PHYSICS_IMO_GHG2020_SEED42
V118,general_cargo,14985,12.6,82.7,797,MGO,3.21,R051,Chennai,Port_Blair,88.3199,63.25,60.0575,14.1422,river_mouth,DERIVED_PHYSICS_IMO_GHG2020_SEED42
V089,tanker,35987,12.6,85.0,797,HFO,2.92,R051,Chennai,Port_Blair,189.3138,63.25,98.4432,28.1205,sea_passage,DERIVED_PHYSICS_IMO_GHG2020_SEED42
V093,tanker,39701,10.8,96.6,853,HFO,2.93,R037,Chennai,Kolkata_SMPK,153.6588,78.98,79.9026,22.8243,sea_passage,DERIVED_PHYSICS_IMO_GHG2020_SEED42
V048,container_ship,21724,18.2,62.7,491,Methanol,1.12,R041,Visakhapatnam,Kolkata_SMPK,266.0647,26.98,93.1226,15.3546,coastal,DERIVED_PHYSICS_IMO_GHG2020_SEED42
V028,bulk_carrier,56514,11.2,98.5,276,MGO,3.06,R048,Mumbai,Kandla,63.9244,24.64,43.4686,10.2359,sea_passage,DERIVED_PHYSICS_IMO_GHG2020_SEED42
V002,bulk_carrier,29708,14.9,70.4,507,LNG,0.8,R019,Mumbai,New_Mangalore,96.5038,34.03,53.0771,14.9581,sea_passage,DERIVED_PHYSICS_IMO_GHG2020_SEED42
V045,container_ship,12017,21.9,92.7,700,Methanol,2.17,R036,Paradip,Chennai,446.0426,31.96,156.1149,25.7411,sea_passage,DERIVED_PHYSICS_IMO_GHG2020_SEED42
V003,bulk_carrier,64303,11.5,90.7,850,MGO,1.9,R014,Kochi,Mumbai,198.194,73.91,134.7719,31.7358,sea_passage,DERIVED_PHYSICS_IMO_GHG2020_SEED42
V012,bulk_carrier,58490,12.6,74.3,859,HFO,0.63,R013,Mumbai,Kochi,205.6422,68.17,106.934,30.5459,coastal,DERIVED_PHYSICS_IMO_GHG2020_SEED42
V147,ferry,2604,12.3,57.5,348,MGO,2.15,R027,Kochi,New_Mangalore,9.7547,28.29,6.6332,1.562,sea_passage,DERIVED_PHYSICS_IMO_GHG2020_SEED42
V085,tanker,70614,14.9,67.0,419,MGO,3.17,R057,Kamarajar,Visakhapatnam,191.6278,28.12,130.3069,30.6844,sea_passage,DERIVED_PHYSICS_IMO_GHG2020_SEED42
V030,bulk_carrier,38293,16.0,82.1,491,HFO,1.88,R041,Visakhapatnam,Kolkata_SMPK,162.1385,30.69,84.312,24.0839,sea_passage,DERIVED_PHYSICS_IMO_GHG2020_SEED42
V035,bulk_carrier,56365,10.2,68.8,359,LNG,3.29,R012,Mormugao,JNPA,55.7822,35.2,30.6802,8.6462,sea_passage,DERIVED_PHYSICS_IMO_GHG2020_SEED42
V120,general_cargo,16651,9.4,84.5,347,MGO,2.54,R022,Mormugao,Mumbai,21.2251,36.91,14.4331,3.3987,sea_passage,DERIVED_PHYSICS_IMO_GHG2020_SEED42
V065,container_ship,18598,22.0,57.8,757,LNG,1.76,R050,Port_Blair,Tuticorin,219.0803,34.41,120.4941,33.9574,sea_passage,DERIVED_PHYSICS_IMO_GHG2020_SEED42
V123,general_cargo,17741,9.5,95.9,529,MGO,3.12,R059,Mormugao,Kandla,43.9618,55.68,29.894,7.0394,coastal,DERIVED_PHYSICS_IMO_GHG2020_SEED42
V016,bulk_carrier,58242,15.4,98.3,538,MGO,2.27,R023,Kochi,Chennai,215.1332,34.94,146.2906,34.4482,sea_passage,DERIVED_PHYSICS_IMO_GHG2020_SEED42
V001,bulk_carrier,63697,12.2,69.9,528,MGO,2.37,R010,New_Mangalore,JNPA,146.7793,43.28,99.8099,23.503,coastal,DERIVED_PHYSICS_IMO_GHG2020_SEED42
V057,container_ship,30177,17.8,81.6,870,Methanol,2.87,R004,Kochi,JNPA,700.3057,48.88,245.107,40.4146,river_mouth,DERIVED_PHYSICS_IMO_GHG2020_SEED42
V141,passenger,3808,21.5,63.5,1179,Hydrogen,1.81,R015,Mumbai,Chennai,40.3408,54.84,129.0907,2.9045,sea_passage,DERIVED_PHYSICS_IMO_GHG2020_SEED42
V116,general_cargo,6658,14.7,68.5,538,HFO,1.65,R023,Kochi,Chennai,40.5869,36.6,21.1052,6.0287,sea_passage,DERIVED_PHYSICS_IMO_GHG2020_SEED42
V039,bulk_carrier,42343,12.7,66.5,396,LNG,2.92,R031,Chennai,Visakhapatnam,72.5241,31.18,39.8882,11.2412,sea_passage,DERIVED_PHYSICS_IMO_GHG2020_SEED42
V077,tanker,37083,13.9,59.6,538,MGO,0.91,R023,Kochi,Chennai,110.1339,38.71,74.8911,17.6352,sea_passage,DERIVED_PHYSICS_IMO_GHG2020_SEED42
V098,tanker,28244,13.7,78.0,870,LNG,1.74,R004,Kochi,JNPA,126.8518,63.5,69.7685,19.662,sea_passage,DERIVED_PHYSICS_IMO_GHG2020_SEED42
V038,bulk_carrier,33529,13.9,63.6,359,HFO,0.66,R012,Mormugao,JNPA,64.742,25.83,33.6658,9.6167,coastal,DERIVED_PHYSICS_IMO_GHG2020_SEED42
V034,bulk_carrier,62925,11.7,82.9,347,HFO,2.91,R022,Mormugao,Mumbai,111.4448,29.66,57.9513,16.5539,sea_passage,DERIVED_PHYSICS_IMO_GHG2020_SEED42
V150,ferry,884,18.2,70.1,761,MGO,1.16,R049,Tuticorin,Port_Blair,22.6064,41.81,15.3724,3.6199,sea_passage,DERIVED_PHYSICS_IMO_GHG2020_SEED42
V087,tanker,28073,11.3,88.0,757,LNG,1.37,R050,Port_Blair,Tuticorin,79.2285,66.99,43.5757,12.2804,coastal,DERIVED_PHYSICS_IMO_GHG2020_SEED42
V135,ro_ro,7575,14.5,69.9,183,MGO,2.87,R026,Tuticorin,Kochi,16.6811,12.62,11.3431,2.6711,sea_passage,DERIVED_PHYSICS_IMO_GHG2020_SEED42
V080,tanker,50271,15.4,51.7,876,HFO,0.48,R003,JNPA,Kochi,252.7706,56.88,131.4407,37.5463,sea_passage,DERIVED_PHYSICS_IMO_GHG2020_SEED42
V148,ferry,932,13.0,76.6,1179,MGO,2.04,R015,Mumbai,Chennai,19.42,90.69,13.2056,3.1096,river_mouth,DERIVED_PHYSICS_IMO_GHG2020_SEED42
V016,bulk_carrier,58242,10.6,70.7,297,MGO,3.04,R007,JNPA,Kandla,57.1126,28.02,38.8365,9.1451,river_mouth,DERIVED_PHYSICS_IMO_GHG2020_SEED42
V065,container_ship,18598,17.7,54.7,788,HFO,1.35,R052,Port_Blair,Chennai,161.267,44.52,83.8588,23.9544,river_mouth,DERIVED_PHYSICS_IMO_GHG2020_SEED42
V133,ro_ro,11514,16.0,55.9,176,MGO,1.76,R056,Mormugao,New_Mangalore,23.2075,11.0,15.7811,3.7161,sea_passage,DERIVED_PHYSICS_IMO_GHG2020_SEED42
V093,tanker,39701,12.6,68.6,507,MGO,2.55,R019,Mumbai,New_Mangalore,101.0595,40.24,68.7204,16.1821,sea_passage,DERIVED_PHYSICS_IMO_GHG2020_SEED42
V097,tanker,25705,11.2,84.4,169,HFO,2.41,R055,New_Mangalore,Mormugao,22.6456,15.09,11.7757,3.3638,coastal,DERIVED_PHYSICS_IMO_GHG2020_SEED42
V123,general_cargo,17741,9.2,64.4,853,MGO,3.42,R037,Chennai,Kolkata_SMPK,59.0261,92.72,40.1377,9.4516,sea_passage,DERIVED_PHYSICS_IMO_GHG2020_SEED42
V070,container_ship,16607,17.8,60.3,406,LNG,2.83,R032,Visakhapatnam,Chennai,76.0064,22.81,41.8035,11.781,coastal,DERIVED_PHYSICS_IMO_GHG2020_SEED42
V116,general_cargo,6658,15.1,66.1,692,MGO,3.11,R035,Chennai,Paradip,64.9678,45.83,44.1781,10.403,sea_passage,DERIVED_PHYSICS_IMO_GHG2020_SEED42
V003,bulk_carrier,64303,13.1,98.0,797,MGO,1.92,R051,Chennai,Port_Blair,266.3481,60.84,181.1167,42.649,sea_passage,DERIVED_PHYSICS_IMO_GHG2020_SEED42
V141,passenger,3808,17.4,65.7,491,LNG,1.64,R041,Visakhapatnam,Kolkata_SMPK,30.9057,28.22,16.9982,4.7904,river_mouth,DERIVED_PHYSICS_IMO_GHG2020_SEED42
V027,bulk_carrier,59816,14.4,89.9,297,MGO,1.23,R007,JNPA,Kandla,100.7094,20.62,68.4824,16.1261,sea_passage,DERIVED_PHYSICS_IMO_GHG2020_SEED42
V146,ferry,1735,13.8,68.6,277,MGO,3.15,R018,Kandla,Mumbai,8.496,20.07,5.7773,1.3604,coastal,DERIVED_PHYSICS_IMO_GHG2020_SEED42
V124,general_cargo,16581,13.4,62.8,396,HFO,2.47,R031,Chennai,Visakhapatnam,50.0583,29.55,26.0303,7.4356,sea_passage,DERIVED_PHYSICS_IMO_GHG2020_SEED42
V064,container_ship,26077,21.8,60.6,757,HFO,1.63,R050,Port_Blair,Tuticorin,330.2775,34.72,171.7443,49.0591,sea_passage,DERIVED_PHYSICS_IMO_GHG2020_SEED42
V045,container_ship,12017,22.3,65.5,345,MGO,2.97,R028,New_Mangalore,Kochi,98.6619,15.47,67.0901,15.7982,sea_passage,DERIVED_PHYSICS_IMO_GHG2020_SEED42
V119,general_cargo,18455,12.7,97.7,358,HFO,2.24,R011,JNPA,Mormugao,49.1173,28.19,25.541,7.2958,sea_passage,DERIVED_PHYSICS_IMO_GHG2020_SEED42
V050,container_ship,17470,18.6,80.1,370,Methanol,1.54,R029,Chennai,Tuticorin,170.1206,19.89,59.5422,9.8177,coastal,DERIVED_PHYSICS_IMO_GHG2020_SEED42
V104,tanker,27184,13.7,53.0,1179,LNG,1.15,R015,Mumbai,Chennai,164.5735,86.06,90.5154,25.5089,sea_passage,DERIVED_PHYSICS_IMO_GHG2020_SEED42
V007,bulk_carrier,42726,12.4,98.8,276,HFO,3.22,R048,Mumbai,Kandla,66.9778,22.26,34.8284,9.9488,sea_passage,DERIVED_PHYSICS_IMO_GHG2020_SEED42
V035,bulk_carrier,56365,11.2,59.5,692,MGO,3.41,R035,Chennai,Paradip,144.5299,61.79,98.2803,23.1428,coastal,DERIVED_PHYSICS_IMO_GHG2020_SEED42
V075,tanker,55666,9.8,77.2,358,HFO,0.53,R011,JNPA,Mormugao,52.6178,36.53,27.3613,7.8158,sea_passage,DERIVED_PHYSICS_IMO_GHG2020_SEED42
V064,container_ship,26077,19.7,82.6,286,MGO,1.25,R045,Kandla,JNPA,104.1717,14.52,70.8368,16.6805,sea_passage,DERIVED_PHYSICS_IMO_GHG2020_SEED42
V134,ro_ro,8843,18.6,84.1,788,LNG,3.07,R052,Port_Blair,Chennai,114.7856,42.37,63.1321,17.7918,river_mouth,DERIVED_PHYSICS_IMO_GHG2020_SEED42
V032,bulk_carrier,70130,9.8,61.5,189,LNG,0.93,R025,Kochi,Tuticorin,24.8597,19.29,13.6728,3.8532,sea_passage,DERIVED_PHYSICS_IMO_GHG2020_SEED42
V048,container_ship,21724,21.1,76.3,850,MGO,2.38,R014,Kochi,Mumbai,307.0794,40.28,208.814,49.1711,sea_passage,DERIVED_PHYSICS_IMO_GHG2020_SEED42
V055,container_ship,17711,21.9,77.3,528,HFO,1.84,R010,New_Mangalore,JNPA,175.9082,24.11,91.4723,26.1292,sea_passage,DERIVED_PHYSICS_IMO_GHG2020_SEED42
V002,bulk_carrier,29708,14.3,96.6,1181,HFO,1.73,R016,Chennai,Mumbai,290.0361,82.59,150.8188,43.0817,sea_passage,DERIVED_PHYSICS_IMO_GHG2020_SEED42
V075,tanker,55666,9.7,78.6,311,LNG,2.19,R040,Paradip,Visakhapatnam,40.3092,32.06,22.1701,6.2479,sea_passage,DERIVED_PHYSICS_IMO_GHG2020_SEED42
V004,bulk_carrier,71338,10.2,91.7,1190,MGO,1.35,R005,JNPA,Chennai,215.5978,116.67,146.6065,34.5226,sea_passage,DERIVED_PHYSICS_IMO_GHG2020_SEED42
V131,ro_ro,4651,22.4,54.0,359,LNG,2.04,R012,Mormugao,JNPA,40.5867,16.03,22.3227,6.2909,sea_passage,DERIVED_PHYSICS_IMO_GHG2020_SEED42
V092,tanker,76931,13.7,83.8,22,LNG,1.24,R002,Mumbai,JNPA,6.4402,1.61,3.5421,0.9982,coastal,DERIVED_PHYSICS_IMO_GHG2020_SEED42
V071,tanker,72064,12.1,98.1,1179,HFO,3.17,R015,Mumbai,Chennai,405.5057,97.44,210.863,60.2334,sea_passage,DERIVED_PHYSICS_IMO_GHG2020_SEED42
V132,ro_ro,8727,15.2,58.7,422,MGO,3.34,R054,Mormugao,Kochi,46.7318,27.76,31.7776,7.4829,coastal,DERIVED_PHYSICS_IMO_GHG2020_SEED42
V024,bulk_carrier,45319,12.8,85.2,406,LNG,0.33,R032,Visakhapatnam,Chennai,68.3208,31.72,37.5764,10.5897,sea_passage,DERIVED_PHYSICS_IMO_GHG2020_SEED42
V130,general_cargo,15643,12.2,72.6,359,MGO,2.68,R012,Mormugao,JNPA,34.7581,29.43,23.6355,5.5656,sea_passage,DERIVED_PHYSICS_IMO_GHG2020_SEED42
V008,bulk_carrier,34731,11.4,67.2,358,HFO,1.5,R011,JNPA,Mormugao,48.0905,31.4,25.0071,7.1433,sea_passage,DERIVED_PHYSICS_IMO_GHG2020_SEED42
V101,tanker,56969,11.9,87.6,876,HFO,0.75,R003,JNPA,Kochi,205.1679,73.61,106.6873,30.4754,sea_passage,DERIVED_PHYSICS_IMO_GHG2020_SEED42
V091,tanker,39649,13.2,93.8,349,HFO,1.28,R021,Mumbai,Mormugao,81.4775,26.44,42.3683,12.1026,sea_passage,DERIVED_PHYSICS_IMO_GHG2020_SEED42
V002,bulk_carrier,29708,11.9,94.2,761,HFO,2.13,R049,Tuticorin,Port_Blair,134.5425,63.95,69.9621,19.9848,coastal,DERIVED_PHYSICS_IMO_GHG2020_SEED42
V111,general_cargo,19799,11.4,85.7,757,HFO,2.69,R050,Port_Blair,Tuticorin,92.1312,66.4,47.9082,13.6851,sea_passage,DERIVED_PHYSICS_IMO_GHG2020_SEED42
V133,ro_ro,11514,15.5,66.6,700,MGO,2.45,R036,Paradip,Chennai,82.9645,45.16,56.4158,13.2847,sea_passage,DERIVED_PHYSICS_IMO_GHG2020_SEED42
V088,tanker,47767,13.3,92.6,491,HFO,2.27,R041,Visakhapatnam,Kolkata_SMPK,138.6772,36.92,72.1121,20.599,sea_passage,DERIVED_PHYSICS_IMO_GHG2020_SEED42
V128,general_cargo,15648,14.4,55.2,850,HFO,1.78,R014,Kochi,Mumbai,105.9096,59.03,55.073,15.7317,sea_passage,DERIVED_PHYSICS_IMO_GHG2020_SEED42
V045,container_ship,12017,18.1,83.6,797,MGO,1.8,R051,Chennai,Port_Blair,136.2833,44.03,92.6727,21.8224,sea_passage,DERIVED_PHYSICS_IMO_GHG2020_SEED42
V043,container_ship,27264,14.5,96.2,364,Methanol,2.41,R030,Tuticorin,Chennai,170.3818,25.1,59.6336,9.8327,sea_passage,DERIVED_PHYSICS_IMO_GHG2020_SEED42
V034,bulk_carrier,62925,14.4,70.6,870,LNG,2.88,R004,Kochi,JNPA,272.5088,60.42,149.8798,42.2389,coastal,DERIVED_PHYSICS_IMO_GHG2020_SEED42
V147,ferry,2604,14.6,99.0,189,LNG,2.79,R025,Kochi,Tuticorin,7.7722,12.95,4.2747,1.2047,sea_passage,DERIVED_PHYSICS_IMO_GHG2020_SEED42
V087,tanker,28073,13.5,78.2,529,LNG,0.51,R059,Mormugao,Kandla,67.8295,39.19,37.3062,10.5136,sea_passage,DERIVED_PHYSICS_IMO_GHG2020_SEED42
V015,bulk_carrier,31987,11.6,73.6,282,HFO,3.1,R017,Mumbai,Kandla,42.9219,24.31,22.3194,6.3756,sea_passage,DERIVED_PHYSICS_IMO_GHG2020_SEED42
V080,tanker,50271,14.2,58.1,290,HFO,2.26,R008,Kandla,JNPA,87.1116,20.42,45.298,12.9395,coastal,DERIVED_PHYSICS_IMO_GHG2020_SEED42
V007,bulk_carrier,42726,12.3,61.9,24,MGO,2.08,R001,JNPA,Mumbai,4.2799,1.95,2.9104,0.6853,river_mouth,DERIVED_PHYSICS_IMO_GHG2020_SEED42
V075,tanker,55666,12.1,99.4,850,MGO,0.65,R014,Kochi,Mumbai,172.4172,70.25,117.2437,27.6083,sea_passage,DERIVED_PHYSICS_IMO_GHG2020_SEED42
V108,general_cargo,7216,14.9,71.3,290,HFO,2.99,R008,Kandla,JNPA,30.3312,19.46,15.7722,4.5054,sea_passage,DERIVED_PHYSICS_IMO_GHG2020_SEED42
V088,tanker,47767,10.3,63.8,18,HFO,2.07,R033,Chennai,Kamarajar,2.5463,1.75,1.3241,0.3782,sea_passage,DERIVED_PHYSICS_IMO_GHG2020_SEED42
V114,general_cargo,17380,10.5,58.6,850,MGO,1.07,R014,Kochi,Mumbai,57.0875,80.95,38.8195,9.1411,sea_passage,DERIVED_PHYSICS_IMO_GHG2020_SEED42
V039,bulk_carrier,42343,11.5,95.4,169,HFO,1.08,R055,New_Mangalore,Mormugao,32.3623,14.7,16.8284,4.8071,sea_passage,DERIVED_PHYSICS_IMO_GHG2020_SEED42
V133,ro_ro,11514,12.6,81.3,359,LNG,1.38,R012,Mormugao,JNPA,24.5291,28.49,13.491,3.802,sea_passage,DERIVED_PHYSICS_IMO_GHG2020_SEED42
V068,container_ship,37761,16.5,54.3,183,MGO,1.19,R026,Tuticorin,Kochi,51.9827,11.09,35.3482,8.3237,river_mouth,DERIVED_PHYSICS_IMO_GHG2020_SEED42
V103,tanker,67954,11.3,66.2,345,LNG,1.85,R028,New_Mangalore,Kochi,61.1945,30.53,33.657,9.4851,sea_passage,DERIVED_PHYSICS_IMO_GHG2020_SEED42
V118,general_cargo,14985,13.9,65.3,788,HFO,2.78,R052,Port_Blair,Chennai,113.1631,56.69,58.8448,16.8091,sea_passage,DERIVED_PHYSICS_IMO_GHG2020_SEED42
V148,ferry,932,13.2,66.4,495,Shore_Power,1.33,R042,Kolkata_SMPK,Visakhapatnam,99.5072,37.5,11.9409,0.2937,sea_passage,DERIVED_PHYSICS_IMO_GHG2020_SEED42
V013,bulk_carrier,60013,11.6,67.5,348,LNG,0.52,R027,Kochi,New_Mangalore,54.7413,30.0,30.1077,8.4849,sea_passage,DERIVED_PHYSICS_IMO_GHG2020_SEED42
V104,tanker,27184,10.9,83.4,347,LNG,2.75,R022,Mormugao,Mumbai,35.093,31.83,19.3012,5.4394,sea_passage,DERIVED_PHYSICS_IMO_GHG2020_SEED42
V097,tanker,25705,15.3,86.5,529,LNG,2.69,R059,Mormugao,Kandla,102.6304,34.58,56.4467,15.9077,sea_passage,DERIVED_PHYSICS_IMO_GHG2020_SEED42
V136,ro_ro,4206,13.9,74.8,282,HFO,3.47,R017,Mumbai,Kandla,17.3359,20.29,9.0147,2.5751,sea_passage,DERIVED_PHYSICS_IMO_GHG2020_SEED42
V134,ro_ro,8843,19.0,76.0,276,HFO,1.76,R047,Kandla,Mumbai,47.1347,14.53,24.5101,7.0013,river_mouth,DERIVED_PHYSICS_IMO_GHG2020_SEED42
V055,container_ship,17711,23.1,97.9,761,HFO,0.91,R049,Tuticorin,Port_Blair,286.6675,32.94,149.0671,42.5813,sea_passage,DERIVED_PHYSICS_IMO_GHG2020_SEED42
V140,passenger,1902,20.2,62.3,406,LNG,2.74,R032,Visakhapatnam,Chennai,24.5779,20.1,13.5178,3.8096,sea_passage,DERIVED_PHYSICS_IMO_GHG2020_SEED42
V089,tanker,35987,10.9,60.3,276,HFO,3.1,R048,Mumbai,Kandla,42.7243,25.32,22.2167,6.3462,sea_passage,DERIVED_PHYSICS_IMO_GHG2020_SEED42
V062,container_ship,34470,21.9,72.1,297,LNG,0.88,R007,JNPA,Kandla,129.537,13.56,71.2454,20.0782,sea_passage,DERIVED_PHYSICS_IMO_GHG2020_SEED42
V060,container_ship,33073,13.1,55.2,282,LNG,0.7,R017,Mumbai,Kandla,35.8722,21.53,19.7297,5.5602,river_mouth,DERIVED_PHYSICS_IMO_GHG2020_SEED42
V039,bulk_carrier,42343,13.6,91.6,313,LNG,2.08,R039,Visakhapatnam,Paradip,70.3979,23.01,38.7188,10.9117,river_mouth,DERIVED_PHYSICS_IMO_GHG2020_SEED42
V075,tanker,55666,10.3,56.9,1196,MGO,2.71,R006,Chennai,JNPA,182.159,116.12,123.8681,29.1682,sea_passage,DERIVED_PHYSICS_IMO_GHG2020_SEED42
V082,tanker,54273,13.8,74.7,17,HFO,3.16,R034,Kamarajar,Chennai,5.5791,1.23,2.9011,0.8287,sea_passage,DERIVED_PHYSICS_IMO_GHG2020_SEED42
V031,bulk_carrier,60844,12.9,82.2,290,HFO,0.59,R008,Kandla,JNPA,79.0715,22.48,41.1172,11.7452,sea_passage,DERIVED_PHYSICS_IMO_GHG2020_SEED42
V099,tanker,55620,16.3,52.9,18,LNG,3.0,R033,Chennai,Kamarajar,5.9757,1.1,3.2866,0.9262,sea_passage,DERIVED_PHYSICS_IMO_GHG2020_SEED42
V122,general_cargo,14088,12.7,94.4,359,MGO,1.45,R012,Mormugao,JNPA,33.6337,28.27,22.8709,5.3856,sea_passage,DERIVED_PHYSICS_IMO_GHG2020_SEED42
V011,bulk_carrier,34473,10.9,74.1,870,LNG,3.19,R004,Kochi,JNPA,108.2892,79.82,59.5591,16.7848,sea_passage,DERIVED_PHYSICS_IMO_GHG2020_SEED42
V149,ferry,536,17.4,86.6,1179,Hydrogen,1.82,R015,Mumbai,Chennai,9.4096,67.76,30.1108,0.6775,sea_passage,DERIVED_PHYSICS_IMO_GHG2020_SEED42
V018,bulk_carrier,58420,13.9,76.5,297,LNG,2.34,R007,JNPA,Kandla,78.815,21.37,43.3482,12.2163,coastal,DERIVED_PHYSICS_IMO_GHG2020_SEED42
V118,general_cargo,14985,12.0,81.3,419,MGO,1.63,R057,Kamarajar,Visakhapatnam,38.7507,34.92,26.3505,6.205,sea_passage,DERIVED_PHYSICS_IMO_GHG2020_SEED42
V143,passenger,3504,15.3,87.1,406,MGO,2.17,R032,Visakhapatnam,Chennai,24.4459,26.54,16.6232,3.9144,sea_passage,DERIVED_PHYSICS_IMO_GHG2020_SEED42
V022,bulk_carrier,27915,12.0,75.9,876,MGO,2.61,R003,JNPA,Kochi,119.0201,73.0,80.9336,19.0581,coastal,DERIVED_PHYSICS_IMO_GHG2020_SEED42
V026,bulk_carrier,33063,12.8,68.6,1179,MGO,1.28,R015,Mumbai,Chennai,205.2418,92.11,139.5644,32.8643,coastal,DERIVED_PHYSICS_IMO_GHG2020_SEED42
V137,ro_ro,6851,15.1,52.9,396,HFO,3.08,R031,Chennai,Visakhapatnam,38.0775,26.23,19.8003,5.656,river_mouth,DERIVED_PHYSICS_IMO_GHG2020_SEED42
V074,tanker,68994,11.3,52.2,528,LNG,2.02,R010,New_Mangalore,JNPA,87.3962,46.73,48.0679,13.5464,sea_passage,DERIVED_PHYSICS_IMO_GHG2020_SEED42
V063,container_ship,12578,23.9,62.6,189,MGO,2.33,R025,Kochi,Tuticorin,57.4609,7.91,39.0734,9.2009,sea_passage,DERIVED_PHYSICS_IMO_GHG2020_SEED42
V011,bulk_carrier,34473,11.7,88.5,538,LNG,3.12,R023,Kochi,Chennai,81.1002,45.98,44.6051,12.5705,sea_passage,DERIVED_PHYSICS_IMO_GHG2020_SEED42
V010,bulk_carrier,41291,10.1,52.4,358,HFO,2.61,R011,JNPA,Mormugao,45.7977,35.45,23.8148,6.8027,coastal,DERIVED_PHYSICS_IMO_GHG2020_SEED42
V001,bulk_carrier,63697,10.4,64.2,1179,LNG,1.98,R015,Mumbai,Chennai,170.5072,113.37,93.779,26.4286,sea_passage,DERIVED_PHYSICS_IMO_GHG2020_SEED42
V093,tanker,39701,11.7,94.5,359,LNG,2.48,R012,Mormugao,JNPA,59.4106,30.68,32.6759,9.2087,sea_passage,DERIVED_PHYSICS_IMO_GHG2020_SEED42
V038,bulk_carrier,33529,11.1,94.0,542,MGO,1.99,R024,Chennai,Kochi,81.5953,48.83,55.4848,13.0654,coastal,DERIVED_PHYSICS_IMO_GHG2020_SEED42
V049,container_ship,19734,23.9,87.2,364,Methanol,2.15,R030,Tuticorin,Chennai,355.2656,15.23,124.343,20.5024,coastal,DERIVED_PHYSICS_IMO_GHG2020_SEED42
V121,general_cargo,14844,10.4,77.9,542,HFO,1.04,R024,Chennai,Kochi,35.7147,52.12,18.5716,5.305,sea_passage,DERIVED_PHYSICS_IMO_GHG2020_SEED42
V075,tanker,55666,11.5,73.3,419,MGO,3.04,R053,Kochi,Mormugao,92.525,36.43,62.917,14.8156,river_mouth,DERIVED_PHYSICS_IMO_GHG2020_SEED42
V077,tanker,37083,9.8,79.9,345,LNG,1.26,R028,New_Mangalore,Kochi,28.8431,35.2,15.8637,4.4707,sea_passage,DERIVED_PHYSICS_IMO_GHG2020_SEED42
V036,bulk_carrier,45790,8.9,60.8,529,LNG,2.46,R059,Mormugao,Kandla,45.3405,59.44,24.9373,7.0278,sea_passage,DERIVED_PHYSICS_IMO_GHG2020_SEED42
V071,tanker,72064,10.9,84.8,859,HFO,2.46,R013,Mumbai,Kochi,209.2185,78.81,108.7936,31.0771,sea_passage,DERIVED_PHYSICS_IMO_GHG2020_SEED42
V015,bulk_carrier,31987,9.4,98.5,850,LNG,2.47,R014,Kochi,Mumbai,77.8612,90.43,42.8237,12.0685,coastal,DERIVED_PHYSICS_IMO_GHG2020_SEED42
V066,container_ship,31457,12.5,59.9,870,LNG,2.74,R004,Kochi,JNPA,121.9052,69.6,67.0479,18.8953,sea_passage,DERIVED_PHYSICS_IMO_GHG2020_SEED42
V073,tanker,47233,10.9,88.9,290,HFO,2.87,R046,JNPA,Kandla,56.758,26.61,29.5142,8.4308,sea_passage,DERIVED_PHYSICS_IMO_GHG2020_SEED42
V100,tanker,35203,12.2,57.4,757,MGO,2.27,R050,Port_Blair,Tuticorin,123.4289,62.05,83.9317,19.7641,coastal,DERIVED_PHYSICS_IMO_GHG2020_SEED42
V011,bulk_carrier,34473,10.0,61.3,788,MGO,2.35,R052,Port_Blair,Chennai,76.9104,78.8,52.2991,12.3153,sea_passage,DERIVED_PHYSICS_IMO_GHG2020_SEED42
V064,container_ship,26077,15.8,73.5,406,MGO,3.38,R032,Visakhapatnam,Chennai,103.3733,25.7,70.2938,16.5526,sea_passage,DERIVED_PHYSICS_IMO_GHG2020_SEED42
V019,bulk_carrier,63249,10.2,66.3,850,MGO,2.74,R014,Kochi,Mumbai,149.2165,83.33,101.4672,23.8933,sea_passage,DERIVED_PHYSICS_IMO_GHG2020_SEED42
V094,tanker,68263,11.0,68.7,359,LNG,2.76,R012,Mormugao,JNPA,68.9746,32.64,37.936,10.6911,sea_passage,DERIVED_PHYSICS_IMO_GHG2020_SEED42
V068,container_ship,37761,17.2,92.7,347,MGO,0.69,R022,Mormugao,Mumbai,121.7082,20.17,82.7616,19.4885,sea_passage,DERIVED_PHYSICS_IMO_GHG2020_SEED42
V136,ro_ro,4206,13.8,86.0,290,LNG,0.43,R008,Kandla,JNPA,12.196,21.01,6.7078,1.8904,sea_passage,DERIVED_PHYSICS_IMO_GHG2020_SEED42
V023,bulk_carrier,58095,14.1,61.1,876,HFO,1.38,R003,JNPA,Kochi,286.288,62.13,148.8697,42.5249,sea_passage,DERIVED_PHYSICS_IMO_GHG2020_SEED42
V045,container_ship,12017,21.0,82.6,286,LNG,2.97,R045,Kandla,JNPA,65.2816,13.62,35.9049,10.1187,sea_passage,DERIVED_PHYSICS_IMO_GHG2020_SEED42
V064,container_ship,26077,19.4,80.4,297,LNG,2.18,R007,JNPA,Kandla,82.7238,15.31,45.4981,12.8222,coastal,DERIVED_PHYSICS_IMO_GHG2020_SEED42
V136,ro_ro,4206,13.0,53.7,797,MGO,0.81,R051,Chennai,Port_Blair,31.1628,61.31,21.1907,4.9899,sea_passage,DERIVED_PHYSICS_IMO_GHG2020_SEED42
V024,bulk_carrier,45319,12.6,95.5,311,HFO,3.18,R040,Paradip,Visakhapatnam,89.358,24.68,46.4661,13.2731,sea_passage,DERIVED_PHYSICS_IMO_GHG2020_SEED42
V108,general_cargo,7216,13.5,70.5,419,MGO,0.32,R057,Kamarajar,Visakhapatnam,25.8071,31.04,17.5488,4.1324,sea_passage,DERIVED_PHYSICS_IMO_GHG2020_SEED42
V141,passenger,3808,19.1,83.3,528,MGO,1.73,R010,New_Mangalore,JNPA,48.8124,27.64,33.1924,7.8161,sea_passage,DERIVED_PHYSICS_IMO_GHG2020_SEED42
V086,tanker,66768,13.7,68.8,419,MGO,0.43,R057,Kamarajar,Visakhapatnam,116.0273,30.58,78.8986,18.5789,coastal,DERIVED_PHYSICS_IMO_GHG2020_SEED42
V143,passenger,3504,18.8,91.9,277,MGO,1.84,R018,Kandla,Mumbai,24.7445,14.73,16.8262,3.9622,sea_passage,DERIVED_PHYSICS_IMO_GHG2020_SEED42
V008,bulk_carrier,34731,11.9,98.5,276,MGO,1.44,R048,Mumbai,Kandla,42.6967,23.19,29.0337,6.8368,sea_passage,DERIVED_PHYSICS_IMO_GHG2020_SEED42
V065,container_ship,18598,23.6,50.7,290,MGO,3.2,R046,JNPA,Kandla,127.7681,12.29,86.8823,20.4589,coastal,DERIVED_PHYSICS_IMO_GHG2020_SEED42
V141,passenger,3808,19.3,59.0,277,Hydrogen,0.73,R018,Kandla,Mumbai,7.4591,14.35,23.869,0.5371,sea_passage,DERIVED_PHYSICS_IMO_GHG2020_SEED42
V075,tanker,55666,12.3,78.5,313,HFO,1.2,R039,Visakhapatnam,Paradip,71.5748,25.45,37.2189,10.6317,coastal,DERIVED_PHYSICS_IMO_GHG2020_SEED42
V063,container_ship,12578,20.0,68.7,692,HFO,3.41,R035,Chennai,Paradip,194.9145,34.6,101.3555,28.9524,river_mouth,DERIVED_PHYSICS_IMO_GHG2020_SEED42
V012,bulk_carrier,58490,12.5,80.9,419,LNG,3.27,R053,Kochi,Mormugao,99.4858,33.52,54.7172,15.4203,sea_passage,DERIVED_PHYSICS_IMO_GHG2020_SEED42
V015,bulk_carrier,31987,12.7,52.8,349,MGO,0.66,R021,Mumbai,Mormugao,49.2295,27.48,33.4761,7.8829,sea_passage,DERIVED_PHYSICS_IMO_GHG2020_SEED42
V081,tanker,22608,12.9,55.9,542,LNG,0.85,R024,Chennai,Kochi,57.9901,42.02,31.8946,8.9885,river_mouth,DERIVED_PHYSICS_IMO_GHG2020_SEED42
V127,general_cargo,7328,10.7,61.7,345,MGO,0.98,R028,New_Mangalore,Kochi,13.9473,32.24,9.4842,2.2333,sea_passage,DERIVED_PHYSICS_IMO_GHG2020_SEED42
V094,tanker,68263,15.6,93.0,856,MGO,1.74,R038,Kolkata_SMPK,Chennai,387.9259,54.87,263.7896,62.1166,river_mouth,DERIVED_PHYSICS_IMO_GHG2020_SEED42
V009,bulk_carrier,32714,14.7,70.7,538,HFO,1.26,R023,Kochi,Chennai,126.2982,36.6,65.6751,18.7602,sea_passage,DERIVED_PHYSICS_IMO_GHG2020_SEED42
V146,ferry,1735,14.0,78.6,358,MGO,1.12,R011,JNPA,Mormugao,9.8459,25.57,6.6952,1.5766,sea_passage,DERIVED_PHYSICS_IMO_GHG2020_SEED42
V034,bulk_carrier,62925,15.1,80.9,529,MGO,3.39,R059,Mormugao,Kandla,238.6637,35.03,162.2913,38.216,sea_passage,DERIVED_PHYSICS_IMO_GHG2020_SEED42
V089,tanker,35987,9.7,91.7,17,LNG,1.53,R034,Kamarajar,Chennai,1.4942,1.75,0.8218,0.2316,sea_passage,DERIVED_PHYSICS_IMO_GHG2020_SEED42
V074,tanker,68994,11.9,79.7,276,HFO,1.74,R047,Kandla,Mumbai,71.0424,23.19,36.942,10.5526,sea_passage,DERIVED_PHYSICS_IMO_GHG2020_SEED42
V112,general_cargo,17758,12.0,86.0,507,HFO,1.32,R019,Mumbai,New_Mangalore,51.4623,42.25,26.7604,7.6442,sea_passage,DERIVED_PHYSICS_IMO_GHG2020_SEED42
V059,container_ship,13324,13.6,55.1,396,MGO,2.32,R031,Chennai,Visakhapatnam,41.7543,29.12,28.3929,6.6859,sea_passage,DERIVED_PHYSICS_IMO_GHG2020_SEED42
V037,bulk_carrier,41493,11.2,52.1,521,MGO,0.96,R060,Kandla,Mormugao,71.9946,46.52,48.9563,11.5281,sea_passage,DERIVED_PHYSICS_IMO_GHG2020_SEED42
V075,tanker,55666,9.5,65.1,542,HFO,2.44,R024,Chennai,Kochi,80.0871,57.05,41.6453,11.8961,sea_passage,DERIVED_PHYSICS_IMO_GHG2020_SEED42
V061,container_ship,33687,18.3,73.5,507,MGO,2.47,R019,Mumbai,New_Mangalore,198.5993,27.7,135.0475,31.8007,sea_passage,DERIVED_PHYSICS_IMO_GHG2020_SEED42
V045,container_ship,12017,16.8,51.6,850,Methanol,0.54,R014,Kochi,Mumbai,222.5663,50.6,77.8982,12.8443,sea_passage,DERIVED_PHYSICS_IMO_GHG2020_SEED42
V010,bulk_carrier,41291,10.1,54.3,692,LNG,0.77,R035,Chennai,Paradip,61.557,68.51,33.8564,9.5413,sea_passage,DERIVED_PHYSICS_IMO_GHG2020_SEED42
V075,tanker,55666,12.2,53.2,870,MGO,1.5,R004,Kochi,JNPA,182.2674,71.31,123.9418,29.1856,sea_passage,DERIVED_PHYSICS_IMO_GHG2020_SEED42
V059,container_ship,13324,13.4,66.8,1196,Methanol,1.88,R006,Chennai,JNPA,275.4076,89.25,96.3927,15.8938,sea_passage,DERIVED_PHYSICS_IMO_GHG2020_SEED42
V091,tanker,39649,10.4,94.4,345,HFO,2.52,R028,New_Mangalore,Kochi,56.9743,33.17,29.6266,8.4629,river_mouth,DERIVED_PHYSICS_IMO_GHG2020_SEED42
V116,general_cargo,6658,14.2,53.7,313,HFO,2.59,R039,Visakhapatnam,Paradip,23.6349,22.04,12.2902,3.5107,sea_passage,DERIVED_PHYSICS_IMO_GHG2020_SEED42
V033,bulk_carrier,40297,10.2,52.8,700,MGO,1.56,R036,Paradip,Chennai,72.0193,68.63,48.9731,11.5321,sea_passage,DERIVED_PHYSICS_IMO_GHG2020_SEED42
V087,tanker,28073,11.1,68.8,24,MGO,2.87,R001,JNPA,Mumbai,3.1558,2.16,2.146,0.5053,sea_passage,DERIVED_PHYSICS_IMO_GHG2020_SEED42
V048,container_ship,21724,19.3,61.3,370,LNG,0.74,R029,Chennai,Tuticorin,83.2649,19.17,45.7957,12.9061,coastal,DERIVED_PHYSICS_IMO_GHG2020_SEED42
V049,container_ship,19734,20.6,50.2,358,MGO,1.99,R011,JNPA,Mormugao,106.4729,17.38,72.4016,17.049,sea_passage,DERIVED_PHYSICS_IMO_GHG2020_SEED42
V017,bulk_carrier,47945,14.1,85.0,518,MGO,3.17,R009,JNPA,New_Mangalore,162.9948,36.74,110.8365,26.0995,sea_passage,DERIVED_PHYSICS_IMO_GHG2020_SEED42
V054,container_ship,21825,17.0,65.4,22,LNG,2.86,R002,Mumbai,JNPA,4.5397,1.29,2.4968,0.7036,sea_passage,DERIVED_PHYSICS_IMO_GHG2020_SEED42
V127,general_cargo,7328,11.8,84.0,692,HFO,3.07,R035,Chennai,Paradip,45.7562,58.64,23.7932,6.7966,sea_passage,DERIVED_PHYSICS_IMO_GHG2020_SEED42
V066,container_ship,31457,13.1,71.1,700,HFO,2.76,R036,Paradip,Chennai,142.9793,53.44,74.3492,21.238,sea_passage,DERIVED_PHYSICS_IMO_GHG2020_SEED42
V024,bulk_carrier,45319,13.5,84.4,859,MGO,0.64,R013,Mumbai,Kochi,198.4894,63.63,134.9728,31.7831,coastal,DERIVED_PHYSICS_IMO_GHG2020_SEED42
V019,bulk_carrier,63249,12.6,64.9,189,MGO,1.75,R025,Kochi,Tuticorin,47.8379,15.0,32.5298,7.66,sea_passage,DERIVED_PHYSICS_IMO_GHG2020_SEED42
V082,tanker,54273,10.9,93.0,169,MGO,2.1,R055,New_Mangalore,Mormugao,34.4959,15.5,23.4572,5.5237,coastal,DERIVED_PHYSICS_IMO_GHG2020_SEED42
V141,passenger,3808,24.1,67.1,347,LNG,0.75,R022,Mormugao,Mumbai,39.6018,14.4,21.781,6.1383,coastal,DERIVED_PHYSICS_IMO_GHG2020_SEED42
V109,general_cargo,10749,15.6,79.8,542,MGO,1.94,R024,Chennai,Kochi,66.8231,34.74,45.4397,10.7,sea_passage,DERIVED_PHYSICS_IMO_GHG2020_SEED42
V126,general_cargo,16177,14.1,90.6,850,MGO,2.15,R014,Kochi,Mumbai,121.5735,60.28,82.6699,19.4669,sea_passage,DERIVED_PHYSICS_IMO_GHG2020_SEED42
V076,tanker,28632,12.6,65.6,692,MGO,2.45,R035,Chennai,Paradip,115.3734,54.92,78.4539,18.4742,sea_passage,DERIVED_PHYSICS_IMO_GHG2020_SEED42
V012,bulk_carrier,58490,12.4,54.3,358,LNG,1.69,R011,JNPA,Mormugao,67.2657,28.87,36.9961,10.4262,sea_passage,DERIVED_PHYSICS_IMO_GHG2020_SEED42
V076,tanker,28632,13.8,68.1,700,MGO,1.6,R036,Paradip,Chennai,125.6725,50.72,85.4573,20.1233,sea_passage,DERIVED_PHYSICS_IMO_GHG2020_SEED42
V039,bulk_carrier,42343,13.1,72.1,169,MGO,3.1,R055,New_Mangalore,Mormugao,40.6394,12.9,27.6348,6.5074,sea_passage,DERIVED_PHYSICS_IMO_GHG2020_SEED42
V051,container_ship,9661,20.3,85.0,1179,MGO,2.27,R015,Mumbai,Chennai,249.9736,58.08,169.9821,40.027,sea_passage,DERIVED_PHYSICS_IMO_GHG2020_SEED42
V111,general_cargo,19799,15.4,71.3,491,HFO,2.58,R041,Visakhapatnam,Kolkata_SMPK,96.9945,31.88,50.4372,14.4075,sea_passage,DERIVED_PHYSICS_IMO_GHG2020_SEED42
V148,ferry,932,13.2,51.1,521,LNG,3.4,R060,Kandla,Mormugao,7.5578,39.47,4.1568,1.1715,sea_passage,DERIVED_PHYSICS_IMO_GHG2020_SEED42
V150,ferry,884,19.0,57.7,797,MGO,0.43,R051,Chennai,Port_Blair,22.7843,41.95,15.4933,3.6483,coastal,DERIVED_PHYSICS_IMO_GHG2020_SEED42
V073,tanker,47233,10.1,59.3,876,LNG,1.63,R003,JNPA,Kochi,109.209,86.73,60.065,16.9274,sea_passage,DERIVED_PHYSICS_IMO_GHG2020_SEED42
V146,ferry,1735,14.6,98.0,348,MGO,1.23,R027,Kochi,New_Mangalore,11.8485,23.84,8.057,1.8972,coastal,DERIVED_PHYSICS_IMO_GHG2020_SEED42
V086,tanker,66768,11.2,91.7,276,HFO,2.17,R047,Kandla,Mumbai,70.307,24.64,36.5596,10.4433,coastal,DERIVED_PHYSICS_IMO_GHG2020_SEED42
V044,container_ship,41157,13.4,89.9,276,Methanol,2.3,R048,Mumbai,Kandla,153.8401,20.6,53.844,8.8781,sea_passage,DERIVED_PHYSICS_IMO_GHG2020_SEED42
V064,container_ship,26077,16.0,91.5,348,HFO,2.5,R027,Kochi,New_Mangalore,96.3865,21.75,50.121,14.3172,sea_passage,DERIVED_PHYSICS_IMO_GHG2020_SEED42
V106,general_cargo,10004,16.2,96.1,521,MGO,0.77,R060,Kandla,Mormugao,66.5229,32.16,45.2356,10.652,sea_passage,DERIVED_PHYSICS_IMO_GHG2020_SEED42
V027,bulk_carrier,59816,10.4,53.2,853,MGO,1.55,R037,Chennai,Kolkata_SMPK,136.0806,82.02,92.5348,21.7899,sea_passage,DERIVED_PHYSICS_IMO_GHG2020_SEED42
V059,container_ship,13324,15.4,57.2,364,Methanol,2.29,R030,Tuticorin,Chennai,112.1849,23.64,39.2647,6.4742,river_mouth,DERIVED_PHYSICS_IMO_GHG2020_SEED42
V138,ro_ro,6679,12.8,70.2,700,LNG,0.3,R036,Paradip,Chennai,35.9598,54.69,19.7779,5.5738,river_mouth,DERIVED_PHYSICS_IMO_GHG2020_SEED42
V018,bulk_carrier,58420,11.9,93.4,757,LNG,0.38,R050,Port_Blair,Tuticorin,136.4356,63.61,75.0396,21.1475,coastal,DERIVED_PHYSICS_IMO_GHG2020_SEED42
V033,bulk_carrier,40297,10.6,93.8,850,LNG,3.18,R014,Kochi,Mumbai,121.7261,80.19,66.9493,18.8675,sea_passage,DERIVED_PHYSICS_IMO_GHG2020_SEED42
V036,bulk_carrier,45790,10.2,66.8,422,MGO,1.89,R054,Mormugao,Kochi,56.184,41.37,38.2051,8.9965,coastal,DERIVED_PHYSICS_IMO_GHG2020_SEED42
V062,container_ship,34470,19.6,76.7,700,HFO,1.74,R036,Paradip,Chennai,303.2601,35.71,157.6952,45.0459,sea_passage,DERIVED_PHYSICS_IMO_GHG2020_SEED42
V098,tanker,28244,13.4,67.4,290,HFO,3.14,R046,JNPA,Kandla,55.3181,21.64,28.7654,8.2169,sea_passage,DERIVED_PHYSICS_IMO_GHG2020_SEED42
V008,bulk_carrier,34731,13.9,84.9,788,MGO,1.27,R052,Port_Blair,Chennai,165.9855,56.69,112.8701,26.5784,sea_passage,DERIVED_PHYSICS_IMO_GHG2020_SEED42
V043,container_ship,27264,16.5,51.8,419,Methanol,1.47,R057,Kamarajar,Visakhapatnam,203.4496,25.39,71.2074,11.7411,river_mouth,DERIVED_PHYSICS_IMO_GHG2020_SEED42
V064,container_ship,26077,15.7,65.1,24,MGO,1.97,R001,JNPA,Mumbai,5.3912,1.53,3.666,0.8633,sea_passage,DERIVED_PHYSICS_IMO_GHG2020_SEED42
V065,container_ship,18598,24.0,95.2,24,LNG,3.26,R001,JNPA,Mumbai,10.4649,1.0,5.7557,1.6221,coastal,DERIVED_PHYSICS_IMO_GHG2020_SEED42
V142,passenger,4149,20.7,53.9,370,LNG,0.84,R029,Chennai,Tuticorin,28.5589,17.87,15.7074,4.4266,coastal,DERIVED_PHYSICS_IMO_GHG2020_SEED42
V070,container_ship,16607,18.8,99.2,276,LNG,2.11,R047,Kandla,Mumbai,68.0387,14.68,37.4213,10.546,sea_passage,DERIVED_PHYSICS_IMO_GHG2020_SEED42
V149,ferry,536,20.9,63.9,518,MGO,0.93,R009,JNPA,New_Mangalore,13.702,24.78,9.3174,2.194,coastal,DERIVED_PHYSICS_IMO_GHG2020_SEED42
V101,tanker,56969,12.0,51.9,528,HFO,2.68,R010,New_Mangalore,JNPA,119.1718,44.0,61.9694,17.7017,sea_passage,DERIVED_PHYSICS_IMO_GHG2020_SEED42
V002,bulk_carrier,29708,12.3,72.3,364,MGO,0.32,R030,Tuticorin,Chennai,47.5375,29.59,32.3255,7.6119,sea_passage,DERIVED_PHYSICS_IMO_GHG2020_SEED42
V133,ro_ro,11514,14.2,52.4,229,MGO,2.46,R044,Kolkata_SMPK,Paradip,20.9384,16.13,14.2381,3.3528,coastal,DERIVED_PHYSICS_IMO_GHG2020_SEED42
V058,container_ship,36763,20.8,70.4,396,HFO,2.17,R031,Chennai,Visakhapatnam,206.4656,19.04,107.3621,30.6682,sea_passage,DERIVED_PHYSICS_IMO_GHG2020_SEED42
V009,bulk_carrier,32714,15.4,81.9,396,LNG,1.29,R031,Chennai,Visakhapatnam,86.474,25.71,47.5607,13.4035,sea_passage,DERIVED_PHYSICS_IMO_GHG2020_SEED42
V069,container_ship,8659,13.8,84.3,290,HFO,2.3,R008,Kandla,JNPA,29.3853,21.01,15.2803,4.3649,coastal,DERIVED_PHYSICS_IMO_GHG2020_SEED42
V056,container_ship,38751,13.9,69.1,169,Methanol,0.61,R055,New_Mangalore,Mormugao,77.9974,12.16,27.2991,4.5012,coastal,DERIVED_PHYSICS_IMO_GHG2020_SEED42
V029,bulk_carrier,30900,15.6,94.9,277,HFO,0.61,R018,Kandla,Mumbai,65.3804,17.76,33.9978,9.7115,sea_passage,DERIVED_PHYSICS_IMO_GHG2020_SEED42
V121,general_cargo,14844,12.0,77.9,870,HFO,3.36,R004,Kochi,JNPA,93.4743,72.5,48.6066,13.8846,sea_passage,DERIVED_PHYSICS_IMO_GHG2020_SEED42
V015,bulk_carrier,31987,12.1,80.0,290,MGO,2.36,R008,Kandla,JNPA,50.1925,23.97,34.1309,8.0371,sea_passage,DERIVED_PHYSICS_IMO_GHG2020_SEED42
V017,bulk_carrier,47945,10.6,59.1,24,LNG,0.87,R001,JNPA,Mumbai,2.693,2.26,1.4811,0.4174,sea_passage,DERIVED_PHYSICS_IMO_GHG2020_SEED42
V074,tanker,68994,9.8,93.5,518,LNG,0.33,R009,JNPA,New_Mangalore,65.259,52.86,35.8924,10.1151,coastal,DERIVED_PHYSICS_IMO_GHG2020_SEED42
V100,tanker,35203,11.5,89.7,276,MGO,1.42,R048,Mumbai,Kandla,41.6375,24.0,28.3135,6.6672,sea_passage,DERIVED_PHYSICS_IMO_GHG2020_SEED42
V115,general_cargo,11634,11.5,81.3,797,HFO,2.98,R051,Chennai,Port_Blair,76.6056,69.3,39.8349,11.3789,sea_passage,DERIVED_PHYSICS_IMO_GHG2020_SEED42
V113,general_cargo,13823,11.1,89.8,518,HFO,3.29,R009,JNPA,New_Mangalore,48.6171,46.67,25.2809,7.2215,sea_passage,DERIVED_PHYSICS_IMO_GHG2020_SEED42
V024,bulk_carrier,45319,15.4,82.4,189,HFO,1.78,R025,Kochi,Tuticorin,63.5976,12.27,33.0707,9.4467,sea_passage,DERIVED_PHYSICS_IMO_GHG2020_SEED42
V137,ro_ro,6851,20.6,92.4,422,LNG,3.14,R054,Mormugao,Kochi,66.9669,20.49,36.8318,10.3799,river_mouth,DERIVED_PHYSICS_IMO_GHG2020_SEED42
V042,bulk_carrier,48674,13.3,62.4,1181,MGO,1.45,R016,Chennai,Mumbai,282.8605,88.8,192.3451,45.293,sea_passage,DERIVED_PHYSICS_IMO_GHG2020_SEED42
V040,bulk_carrier,49115,12.9,75.3,507,HFO,0.78,R019,Mumbai,New_Mangalore,122.799,39.3,63.8555,18.2404,sea_passage,DERIVED_PHYSICS_IMO_GHG2020_SEED42
V105,tanker,59471,13.3,85.8,176,LNG,2.81,R056,Mormugao,New_Mangalore,50.1462,13.23,27.5804,7.7727,sea_passage,DERIVED_PHYSICS_IMO_GHG2020_SEED42
V087,tanker,28073,13.2,73.3,853,LNG,0.54,R037,Chennai,Kolkata_SMPK,108.679,64.62,59.7735,16.8453,sea_passage,DERIVED_PHYSICS_IMO_GHG2020_SEED42
V115,general_cargo,11634,9.4,86.5,528,HFO,1.22,R010,New_Mangalore,JNPA,26.9301,56.17,14.0037,4.0002,coastal,DERIVED_PHYSICS_IMO_GHG2020_SEED42
V094,tanker,68263,10.7,51.1,311,LNG,2.23,R040,Paradip,Visakhapatnam,49.6446,29.07,27.3045,7.6949,sea_passage,DERIVED_PHYSICS_IMO_GHG2020_SEED42
V096,tanker,71643,12.4,50.5,169,HFO,1.87,R055,New_Mangalore,Mormugao,45.8853,13.63,23.8604,6.8158,coastal,DERIVED_PHYSICS_IMO_GHG2020_SEED42
V149,ferry,536,14.6,68.5,396,Shore_Power,1.06,R031,Chennai,Visakhapatnam,67.6271,27.12,8.1152,0.1996,sea_passage,DERIVED_PHYSICS_IMO_GHG2020_SEED42
V048,container_ship,21724,19.6,90.8,169,Methanol,0.99,R055,New_Mangalore,Mormugao,105.828,8.62,37.0398,6.1073,river_mouth,DERIVED_PHYSICS_IMO_GHG2020_SEED42
V045,container_ship,12017,16.6,62.1,345,LNG,3.38,R028,New_Mangalore,Kochi,46.9306,20.78,25.8119,7.2743,coastal,DERIVED_PHYSICS_IMO_GHG2020_SEED42
V134,ro_ro,8843,17.5,58.9,422,MGO,1.47,R054,Mormugao,Kochi,49.8644,24.11,33.9078,7.9845,sea_passage,DERIVED_PHYSICS_IMO_GHG2020_SEED42
V061,container_ship,33687,19.7,77.4,347,Methanol,2.88,R022,Mormugao,Mumbai,373.9569,17.61,130.8849,21.5811,sea_passage,DERIVED_PHYSICS_IMO_GHG2020_SEED42
V142,passenger,4149,17.4,66.6,290,MGO,3.18,R046,JNPA,Kandla,26.1804,16.67,17.8027,4.1921,sea_passage,DERIVED_PHYSICS_IMO_GHG2020_SEED42
V009,bulk_carrier,32714,13.7,85.2,692,HFO,1.84,R035,Chennai,Paradip,150.2501,50.51,78.1301,22.318,sea_passage,DERIVED_PHYSICS_IMO_GHG2020_SEED42
V105,tanker,59471,12.2,58.4,538,LNG,2.36,R023,Kochi,Chennai,105.1404,44.1,57.8272,16.2968,sea_passage,DERIVED_PHYSICS_IMO_GHG2020_SEED42
V146,ferry,1735,11.7,94.9,692,MGO,2.12,R035,Chennai,Paradip,16.1714,59.15,10.9966,2.5895,coastal,DERIVED_PHYSICS_IMO_GHG2020_SEED42
V025,bulk_carrier,26135,11.9,69.3,169,MGO,3.3,R055,New_Mangalore,Mormugao,26.2432,14.2,17.8454,4.2022,sea_passage,DERIVED_PHYSICS_IMO_GHG2020_SEED42
V018,bulk_carrier,58420,12.6,54.7,761,MGO,1.97,R049,Tuticorin,Port_Blair,186.8292,60.4,127.0439,29.916,sea_passage,DERIVED_PHYSICS_IMO_GHG2020_SEED42
V085,tanker,70614,14.8,82.4,370,MGO,1.1,R029,Chennai,Tuticorin,140.5409,25.0,95.5678,22.5041,sea_passage,DERIVED_PHYSICS_IMO_GHG2020_SEED42
V100,tanker,35203,13.8,96.2,348,MGO,1.43,R027,Kochi,New_Mangalore,73.5112,25.22,49.9876,11.771,river_mouth,DERIVED_PHYSICS_IMO_GHG2020_SEED42
V089,tanker,35987,11.1,70.7,349,HFO,3.11,R021,Mumbai,Mormugao,54.5347,31.44,28.358,8.1005,sea_passage,DERIVED_PHYSICS_IMO_GHG2020_SEED42
V018,bulk_carrier,58420,12.3,59.3,169,LNG,2.16,R055,New_Mangalore,Mormugao,30.9647,13.74,17.0306,4.7995,river_mouth,DERIVED_PHYSICS_IMO_GHG2020_SEED42
V120,general_cargo,16651,12.9,90.8,856,MGO,3.34,R038,Kolkata_SMPK,Chennai,130.5103,66.36,88.747,20.898,coastal,DERIVED_PHYSICS_IMO_GHG2020_SEED42
V094,tanker,68263,11.8,57.9,542,MGO,0.44,R024,Chennai,Kochi,110.6976,45.93,75.2744,17.7255,river_mouth,DERIVED_PHYSICS_IMO_GHG2020_SEED42
V050,container_ship,17470,23.5,91.6,276,Methanol,1.96,R048,Mumbai,Kandla,233.3086,11.74,81.658,13.4642,sea_passage,DERIVED_PHYSICS_IMO_GHG2020_SEED42
V148,ferry,932,11.7,89.7,348,Shore_Power,2.4,R027,Kochi,New_Mangalore,62.2789,29.74,7.4735,0.1838,sea_passage,DERIVED_PHYSICS_IMO_GHG2020_SEED42
V038,bulk_carrier,33529,15.6,62.7,507,HFO,2.91,R019,Mumbai,New_Mangalore,142.3516,32.5,74.0228,21.1448,sea_passage,DERIVED_PHYSICS_IMO_GHG2020_SEED42
V131,ro_ro,4651,19.1,90.2,229,LNG,3.18,R044,Kolkata_SMPK,Paradip,25.4852,11.99,14.0169,3.9502,coastal,DERIVED_PHYSICS_IMO_GHG2020_SEED42
V047,container_ship,41892,18.4,63.4,24,MGO,0.85,R001,JNPA,Mumbai,8.5759,1.3,5.8316,1.3732,sea_passage,DERIVED_PHYSICS_IMO_GHG2020_SEED42
V056,container_ship,38751,18.0,72.8,276,Methanol,2.31,R047,Kandla,Mumbai,217.182,15.33,76.0137,12.5336,sea_passage,DERIVED_PHYSICS_IMO_GHG2020_SEED42
V025,bulk_carrier,26135,9.9,80.9,491,LNG,0.82,R041,Visakhapatnam,Kolkata_SMPK,35.8564,49.6,19.721,5.5577,sea_passage,DERIVED_PHYSICS_IMO_GHG2020_SEED42
V092,tanker,76931,14.9,92.2,859,HFO,1.99,R013,Mumbai,Kochi,399.6012,57.65,207.7926,59.3564,river_mouth,DERIVED_PHYSICS_IMO_GHG2020_SEED42
V107,general_cargo,9058,12.5,50.4,1179,MGO,1.73,R015,Mumbai,Chennai,74.8135,94.32,50.8732,11.9795,sea_passage,DERIVED_PHYSICS_IMO_GHG2020_SEED42
V032,bulk_carrier,70130,14.3,66.0,542,LNG,0.81,R024,Chennai,Kochi,137.9637,37.9,75.88,21.3844,river_mouth,DERIVED_PHYSICS_IMO_GHG2020_SEED42
V133,ro_ro,11514,13.3,77.5,521,MGO,1.6,R060,Kandla,Mormugao,48.697,39.17,33.114,7.7976,sea_passage,DERIVED_PHYSICS_IMO_GHG2020_SEED42
V076,tanker,28632,16.4,62.0,169,LNG,3.39,R055,New_Mangalore,Mormugao,40.2808,10.3,22.1544,6.2435,sea_passage,DERIVED_PHYSICS_IMO_GHG2020_SEED42
V129,general_cargo,5817,12.5,74.5,411,MGO,1.32,R058,Visakhapatnam,Kamarajar,21.5066,32.88,14.6245,3.4437,sea_passage,DERIVED_PHYSICS_IMO_GHG2020_SEED42
V038,bulk_carrier,33529,15.2,61.2,290,LNG,3.48,R008,Kandla,JNPA,68.5346,19.08,37.694,10.6229,coastal,DERIVED_PHYSICS_IMO_GHG2020_SEED42
V118,general_cargo,14985,13.9,73.3,348,HFO,3.23,R027,Kochi,New_Mangalore,53.0189,25.04,27.5698,7.8754,sea_passage,DERIVED_PHYSICS_IMO_GHG2020_SEED42
V071,tanker,72064,14.0,55.3,22,LNG,2.4,R002,Mumbai,JNPA,5.715,1.57,3.1432,0.8858,sea_passage,DERIVED_PHYSICS_IMO_GHG2020_SEED42
V001,bulk_carrier,63697,10.3,67.8,853,MGO,0.77,R037,Chennai,Kolkata_SMPK,138.1723,82.82,93.9571,22.1248,coastal,DERIVED_PHYSICS_IMO_GHG2020_SEED42
V110,general_cargo,16704,12.9,80.9,349,HFO,1.69,R021,Mumbai,Mormugao,43.4207,27.05,22.5788,6.4497,sea_passage,DERIVED_PHYSICS_IMO_GHG2020_SEED42
V050,container_ship,17470,19.0,83.0,757,LNG,1.51,R050,Port_Blair,Tuticorin,160.9923,39.84,88.5458,24.9538,sea_passage,DERIVED_PHYSICS_IMO_GHG2020_SEED42
V010,bulk_carrier,41291,10.8,86.7,313,MGO,0.45,R039,Visakhapatnam,Paradip,44.4808,28.98,30.247,7.1225,sea_passage,DERIVED_PHYSICS_IMO_GHG2020_SEED42
V050,container_ship,17470,17.5,97.3,542,LNG,2.02,R024,Chennai,Kochi,110.6647,30.97,60.8656,17.153,coastal,DERIVED_PHYSICS_IMO_GHG2020_SEED42
V144,passenger,4545,22.1,77.3,529,MGO,2.38,R059,Mormugao,Kandla,71.9364,23.94,48.9168,11.5188,sea_passage,DERIVED_PHYSICS_IMO_GHG2020_SEED42
V015,bulk_carrier,31987,11.7,93.7,521,LNG,0.57,R060,Kandla,Mormugao,64.299,44.53,35.3644,9.9663,sea_passage,DERIVED_PHYSICS_IMO_GHG2020_SEED42
V054,container_ship,21825,17.1,61.7,311,Methanol,2.58,R040,Paradip,Visakhapatnam,151.8048,18.19,53.1317,8.7607,sea_passage,DERIVED_PHYSICS_IMO_GHG2020_SEED42
V109,general_cargo,10749,14.5,62.6,1196,HFO,2.91,R006,Chennai,JNPA,146.4903,82.48,76.175,21.7595,river_mouth,DERIVED_PHYSICS_IMO_GHG2020_SEED42
V120,general_cargo,16651,12.0,81.9,217,HFO,2.22,R043,Paradip,Kolkata_SMPK,25.5434,18.08,13.2826,3.7942,sea_passage,DERIVED_PHYSICS_IMO_GHG2020_SEED42
V143,passenger,3504,15.3,56.3,217,MGO,2.22,R043,Paradip,Kolkata_SMPK,12.2765,14.18,8.348,1.9658,sea_passage,DERIVED_PHYSICS_IMO_GHG2020_SEED42
V039,bulk_carrier,42343,14.5,66.9,521,LNG,1.79,R060,Kandla,Mormugao,115.7073,35.93,63.639,17.9346,sea_passage,DERIVED_PHYSICS_IMO_GHG2020_SEED42
V004,bulk_carrier,71338,15.0,63.2,761,HFO,0.59,R049,Tuticorin,Port_Blair,255.0403,50.73,132.6209,37.8834,sea_passage,DERIVED_PHYSICS_IMO_GHG2020_SEED42
V104,tanker,27184,14.0,93.3,411,MGO,2.2,R058,Visakhapatnam,Kamarajar,87.9235,29.36,59.788,14.0788,sea_passage,DERIVED_PHYSICS_IMO_GHG2020_SEED42
V039,bulk_carrier,42343,12.4,91.1,183,LNG,3.46,R026,Tuticorin,Kochi,36.0397,14.76,19.8218,5.5861,river_mouth,DERIVED_PHYSICS_IMO_GHG2020_SEED42
V129,general_cargo,5817,10.2,75.8,229,HFO,0.94,R044,Kolkata_SMPK,Paradip,8.1306,22.45,4.2279,1.2077,river_mouth,DERIVED_PHYSICS_IMO_GHG2020_SEED42
V066,container_ship,31457,16.9,68.3,528,LNG,1.9,R010,New_Mangalore,JNPA,135.3132,31.24,74.4223,20.9736,sea_passage,DERIVED_PHYSICS_IMO_GHG2020_SEED42
V048,container_ship,21724,18.2,90.4,313,Methanol,1.79,R039,Visakhapatnam,Paradip,200.8344,17.2,70.292,11.5902,coastal,DERIVED_PHYSICS_IMO_GHG2020_SEED42
V011,bulk_carrier,34473,11.5,92.3,495,LNG,3.34,R042,Kolkata_SMPK,Visakhapatnam,76.0334,43.04,41.8184,11.7852,sea_passage,DERIVED_PHYSICS_IMO_GHG2020_SEED42
V146,ferry,1735,12.7,64.3,18,LNG,0.8,R033,Chennai,Kamarajar,0.3364,1.42,0.185,0.0521,sea_passage,DERIVED_PHYSICS_IMO_GHG2020_SEED42
V091,tanker,39649,11.6,50.0,797,MGO,2.76,R051,Chennai,Port_Blair,132.4135,68.71,90.0411,21.2027,sea_passage,DERIVED_PHYSICS_IMO_GHG2020_SEED42
V054,container_ship,21825,13.1,67.1,297,LNG,1.85,R007,JNPA,Kandla,36.6746,22.67,20.171,5.6846,sea_passage,DERIVED_PHYSICS_IMO_GHG2020_SEED42
V003,bulk_carrier,64303,9.6,92.4,797,LNG,1.1,R051,Chennai,Port_Blair,99.1295,83.02,54.5212,15.3651,sea_passage,DERIVED_PHYSICS_IMO_GHG2020_SEED42
V020,bulk_carrier,40197,11.7,86.9,286,HFO,1.41,R045,Kandla,JNPA,51.1257,24.44,26.5854,7.5942,coastal,DERIVED_PHYSICS_IMO_GHG2020_SEED42
V124,general_cargo,16581,12.7,92.0,297,HFO,1.08,R007,JNPA,Kandla,34.4021,23.39,17.8891,5.11,sea_passage,DERIVED_PHYSICS_IMO_GHG2020_SEED42
V014,bulk_carrier,44373,12.4,73.1,276,HFO,1.69,R047,Kandla,Mumbai,55.6912,22.26,28.9594,8.2723,sea_passage,DERIVED_PHYSICS_IMO_GHG2020_SEED42
V079,tanker,55468,12.4,65.8,491,MGO,1.83,R041,Visakhapatnam,Kolkata_SMPK,110.421,39.6,75.0863,17.6812,sea_passage,DERIVED_PHYSICS_IMO_GHG2020_SEED42
V097,tanker,25705,14.6,99.8,859,MGO,2.27,R013,Mumbai,Kochi,181.8211,58.84,123.6383,29.1141,sea_passage,DERIVED_PHYSICS_IMO_GHG2020_SEED42
V014,bulk_carrier,44373,11.6,93.3,529,LNG,3.41,R059,Mormugao,Kandla,94.5826,45.6,52.0204,14.6603,river_mouth,DERIVED_PHYSICS_IMO_GHG2020_SEED42
V137,ro_ro,6851,18.4,87.0,797,LNG,1.81,R051,Chennai,Port_Blair,84.2365,43.32,46.3301,13.0567,coastal,DERIVED_PHYSICS_IMO_GHG2020_SEED42
V010,bulk_carrier,41291,12.0,53.7,276,MGO,1.11,R047,Kandla,Mumbai,46.6361,23.0,31.7125,7.4676,coastal,DERIVED_PHYSICS_IMO_GHG2020_SEED42
V067,container_ship,23507,24.0,85.8,870,HFO,2.46,R004,Kochi,JNPA,484.0109,36.25,251.6857,71.8945,sea_passage,DERIVED_PHYSICS_IMO_GHG2020_SEED42
V136,ro_ro,4206,17.8,88.2,311,LNG,2.76,R040,Paradip,Visakhapatnam,26.0344,17.47,14.3189,4.0353,sea_passage,DERIVED_PHYSICS_IMO_GHG2020_SEED42
V099,tanker,55620,14.9,85.0,422,MGO,2.05,R054,Mormugao,Kochi,154.693,28.32,105.1912,24.7702,sea_passage,DERIVED_PHYSICS_IMO_GHG2020_SEED42
V062,container_ship,34470,16.9,71.2,521,HFO,0.77,R060,Kandla,Mormugao,161.2511,30.83,83.8506,23.9521,coastal,DERIVED_PHYSICS_IMO_GHG2020_SEED42
V104,tanker,27184,12.0,89.0,1179,MGO,0.34,R015,Mumbai,Chennai,147.6711,98.25,100.4163,23.6458,sea_passage,DERIVED_PHYSICS_IMO_GHG2020_SEED42
V080,tanker,50271,11.7,76.1,183,HFO,0.59,R026,Tuticorin,Kochi,35.6798,15.64,18.5535,5.2998,sea_passage,DERIVED_PHYSICS_IMO_GHG2020_SEED42
V104,tanker,27184,10.6,91.9,1196,HFO,1.93,R006,Chennai,JNPA,137.2996,112.83,71.3958,20.3943,sea_passage,DERIVED_PHYSICS_IMO_GHG2020_SEED42
V035,bulk_carrier,56365,12.8,96.6,396,LNG,1.43,R031,Chennai,Visakhapatnam,89.8925,30.94,49.4409,13.9333,coastal,DERIVED_PHYSICS_IMO_GHG2020_SEED42
V110,general_cargo,16704,12.8,98.3,183,MGO,2.83,R026,Tuticorin,Kochi,24.3016,14.3,16.5251,3.8913,sea_passage,DERIVED_PHYSICS_IMO_GHG2020_SEED42
V072,tanker,45552,11.6,70.4,176,LNG,1.2,R056,Mormugao,New_Mangalore,24.5394,15.17,13.4966,3.8036,sea_passage,DERIVED_PHYSICS_IMO_GHG2020_SEED42
V043,container_ship,27264,20.0,54.0,1196,MGO,1.8,R006,Chennai,JNPA,419.3221,59.8,285.139,67.1439,sea_passage,DERIVED_PHYSICS_IMO_GHG2020_SEED42
V086,tanker,66768,13.6,82.9,692,HFO,1.3,R035,Chennai,Paradip,232.9464,50.88,121.1321,34.6016,sea_passage,DERIVED_PHYSICS_IMO_GHG2020_SEED42
V006,bulk_carrier,66381,12.0,95.4,176,HFO,0.38,R056,Mormugao,New_Mangalore,43.6978,14.67,22.7229,6.4908,river_mouth,DERIVED_PHYSICS_IMO_GHG2020_SEED42
V140,passenger,1902,19.9,72.7,176,LNG,2.39,R056,Mormugao,New_Mangalore,10.449,8.84,5.747,1.6196,sea_passage,DERIVED_PHYSICS_IMO_GHG2020_SEED42
V008,bulk_carrier,34731,14.3,69.6,411,HFO,1.87,R058,Visakhapatnam,Kamarajar,91.7992,28.74,47.7356,13.6358,sea_passage,DERIVED_PHYSICS_IMO_GHG2020_SEED42
V076,tanker,28632,17.2,97.7,282,LNG,0.51,R017,Mumbai,Kandla,69.725,16.4,38.3487,10.8074,coastal,DERIVED_PHYSICS_IMO_GHG2020_SEED42
V101,tanker,56969,11.1,79.5,495,LNG,1.12,R042,Kolkata_SMPK,Visakhapatnam,76.373,44.59,42.0052,11.8378,coastal,DERIVED_PHYSICS_IMO_GHG2020_SEED42
V142,passenger,4149,17.0,56.1,18,Hydrogen,2.18,R033,Chennai,Kamarajar,0.4474,1.06,1.4318,0.0322,sea_passage,DERIVED_PHYSICS_IMO_GHG2020_SEED42
V075,tanker,55666,12.9,70.7,853,LNG,2.72,R037,Chennai,Kolkata_SMPK,212.7099,66.12,116.9905,32.97,sea_passage,DERIVED_PHYSICS_IMO_GHG2020_SEED42
V052,container_ship,35698,16.9,64.3,491,HFO,2.29,R041,Visakhapatnam,Kolkata_SMPK,179.4055,29.05,93.2909,26.6487,sea_passage,DERIVED_PHYSICS_IMO_GHG2020_SEED42
V132,ro_ro,8727,19.3,63.5,505,LNG,1.69,R020,New_Mangalore,Mumbai,66.3065,26.17,36.4686,10.2775,coastal,DERIVED_PHYSICS_IMO_GHG2020_SEED42
V048,container_ship,21724,22.6,54.4,507,MGO,2.8,R019,Mumbai,New_Mangalore,223.709,22.43,152.1221,35.8214,coastal,DERIVED_PHYSICS_IMO_GHG2020_SEED42
V016,bulk_carrier,58242,14.2,61.9,276,MGO,1.63,R048,Mumbai,Kandla,81.4538,19.44,55.3886,13.0428,sea_passage,DERIVED_PHYSICS_IMO_GHG2020_SEED42
V110,general_cargo,16704,13.1,73.9,370,MGO,3.42,R029,Chennai,Tuticorin,52.9059,28.24,35.976,8.4716,sea_passage,DERIVED_PHYSICS_IMO_GHG2020_SEED42
V064,container_ship,26077,17.9,79.2,22,MGO,1.68,R002,Mumbai,JNPA,5.9264,1.23,4.03,0.949,sea_passage,DERIVED_PHYSICS_IMO_GHG2020_SEED42
V127,general_cargo,7328,12.3,64.2,286,HFO,1.0,R045,Kandla,JNPA,17.0375,23.25,8.8595,2.5307,sea_passage,DERIVED_PHYSICS_IMO_GHG2020_SEED42
V049,container_ship,19734,22.8,81.9,518,LNG,1.22,R009,JNPA,New_Mangalore,182.0462,22.72,100.1254,28.2172,sea_passage,DERIVED_PHYSICS_IMO_GHG2020_SEED42
V042,bulk_carrier,48674,13.0,87.7,542,MGO,1.9,R024,Chennai,Kochi,122.1161,41.69,83.0389,19.5538,coastal,DERIVED_PHYSICS_IMO_GHG2020_SEED42
V086,tanker,66768,11.6,70.9,297,HFO,2.92,R007,JNPA,Kandla,83.7444,25.6,43.5471,12.4393,sea_passage,DERIVED_PHYSICS_IMO_GHG2020_SEED42
V012,bulk_carrier,58490,11.2,92.7,850,HFO,2.61,R014,Kochi,Mumbai,197.7991,75.89,102.8555,29.3809,sea_passage,DERIVED_PHYSICS_IMO_GHG2020_SEED42
V032,bulk_carrier,70130,14.2,61.5,876,HFO,1.36,R003,JNPA,Kochi,308.4648,61.69,160.4017,45.8191,sea_passage,DERIVED_PHYSICS_IMO_GHG2020_SEED42
V120,general_cargo,16651,11.4,93.3,856,MGO,0.8,R038,Kolkata_SMPK,Chennai,72.8413,75.09,49.5321,11.6637,sea_passage,DERIVED_PHYSICS_IMO_GHG2020_SEED42
V141,passenger,3808,24.4,96.2,229,LNG,1.58,R044,Kolkata_SMPK,Paradip,32.7516,9.39,18.0134,5.0765,sea_passage,DERIVED_PHYSICS_IMO_GHG2020_SEED42
V018,bulk_carrier,58420,9.8,62.5,788,MGO,0.84,R052,Port_Blair,Chennai,102.837,80.41,69.9292,16.4668,sea_passage,DERIVED_PHYSICS_IMO_GHG2020_SEED42
V085,tanker,70614,16.6,60.2,528,HFO,2.92,R010,New_Mangalore,JNPA,307.6096,31.81,159.957,45.692,sea_passage,DERIVED_PHYSICS_IMO_GHG2020_SEED42
V013,bulk_carrier,60013,10.7,50.9,521,HFO,2.57,R060,Kandla,Mormugao,83.2161,48.69,43.2724,12.3608,sea_passage,DERIVED_PHYSICS_IMO_GHG2020_SEED42
V058,container_ship,36763,24.1,86.4,370,LNG,1.66,R029,Chennai,Tuticorin,207.7683,15.35,114.2725,32.2041,coastal,DERIVED_PHYSICS_IMO_GHG2020_SEED42
V117,general_cargo,9258,14.1,88.4,282,HFO,1.92,R017,Mumbai,Kandla,29.879,20.0,15.5371,4.4382,river_mouth,DERIVED_PHYSICS_IMO_GHG2020_SEED42
V006,bulk_carrier,66381,13.6,77.4,17,LNG,2.48,R034,Kamarajar,Chennai,4.8599,1.25,2.673,0.7533,sea_passage,DERIVED_PHYSICS_IMO_GHG2020_SEED42
V083,tanker,42416,10.6,61.0,853,MGO,0.8,R037,Chennai,Kolkata_SMPK,96.5742,80.47,65.6705,15.4639,sea_passage,DERIVED_PHYSICS_IMO_GHG2020_SEED42
V068,container_ship,37761,19.0,93.2,359,LNG,2.66,R012,Mormugao,JNPA,158.9238,18.89,87.4081,24.6332,sea_passage,DERIVED_PHYSICS_IMO_GHG2020_SEED42
V117,general_cargo,9258,13.0,65.1,859,HFO,1.78,R013,Mumbai,Kochi,66.7746,66.08,34.7228,9.9186,sea_passage,DERIVED_PHYSICS_IMO_GHG2020_SEED42
V055,container_ship,17711,22.8,81.4,277,LNG,2.65,R018,Kandla,Mumbai,98.3576,12.15,54.0967,15.2454,sea_passage,DERIVED_PHYSICS_IMO_GHG2020_SEED42
V105,tanker,59471,10.4,95.6,290,HFO,1.07,R046,JNPA,Kandla,50.2116,27.88,26.1101,7.4584,sea_passage,DERIVED_PHYSICS_IMO_GHG2020_SEED42
V075,tanker,55666,10.4,78.1,364,MGO,1.1,R030,Tuticorin,Chennai,55.9018,35.0,38.0132,8.9513,coastal,DERIVED_PHYSICS_IMO_GHG2020_SEED42
V046,container_ship,34898,19.9,60.8,229,LNG,2.07,R044,Kolkata_SMPK,Paradip,85.3205,11.51,46.9262,13.2247,sea_passage,DERIVED_PHYSICS_IMO_GHG2020_SEED42
V041,bulk_carrier,49332,13.4,77.6,761,MGO,3.27,R049,Tuticorin,Port_Blair,232.0565,56.79,157.7984,37.158,sea_passage,DERIVED_PHYSICS_IMO_GHG2020_SEED42
V056,container_ship,38751,16.6,77.5,521,HFO,2.97,R060,Kandla,Mormugao,196.0369,31.39,101.9392,29.1191,sea_passage,DERIVED_PHYSICS_IMO_GHG2020_SEED42
V096,tanker,71643,13.3,90.0,348,HFO,0.62,R027,Kochi,New_Mangalore,106.0716,26.17,55.1572,15.7558,sea_passage,DERIVED_PHYSICS_IMO_GHG2020_SEED42
V096,tanker,71643,13.7,62.5,856,LNG,0.34,R038,Kolkata_SMPK,Chennai,218.2556,62.48,120.0406,33.8296,river_mouth,DERIVED_PHYSICS_IMO_GHG2020_SEED42
V087,tanker,28073,11.7,83.7,856,MGO,2.83,R038,Kolkata_SMPK,Chennai,133.7625,73.16,90.9585,21.4187,sea_passage,DERIVED_PHYSICS_IMO_GHG2020_SEED42
V062,container_ship,34470,22.9,76.4,348,LNG,0.5,R027,Kochi,New_Mangalore,149.2878,15.2,82.1083,23.1396,coastal,DERIVED_PHYSICS_IMO_GHG2020_SEED42
V102,tanker,47959,15.4,76.2,18,HFO,1.49,R033,Chennai,Kamarajar,5.9568,1.17,3.0975,0.8848,sea_passage,DERIVED_PHYSICS_IMO_GHG2020_SEED42
V111,general_cargo,19799,11.8,59.5,491,HFO,1.29,R041,Visakhapatnam,Kolkata_SMPK,51.6204,41.61,26.8426,7.6676,sea_passage,DERIVED_PHYSICS_IMO_GHG2020_SEED42
V138,ro_ro,6679,16.4,74.9,396,LNG,2.44,R031,Chennai,Visakhapatnam,33.4268,24.15,18.3847,5.1811,sea_passage,DERIVED_PHYSICS_IMO_GHG2020_SEED42
V123,general_cargo,17741,11.0,59.3,396,MGO,2.88,R031,Chennai,Visakhapatnam,32.7047,36.0,22.2392,5.2368,sea_passage,DERIVED_PHYSICS_IMO_GHG2020_SEED42
V080,tanker,50271,13.0,82.7,396,MGO,0.55,R031,Chennai,Visakhapatnam,87.5824,30.46,59.556,14.0241,sea_passage,DERIVED_PHYSICS_IMO_GHG2020_SEED42
V097,tanker,25705,12.0,82.8,217,HFO,2.35,R043,Paradip,Kolkata_SMPK,31.6747,18.08,16.4708,4.7049,sea_passage,DERIVED_PHYSICS_IMO_GHG2020_SEED42
V027,bulk_carrier,59816,14.4,88.4,419,MGO,1.38,R053,Kochi,Mormugao,144.6423,29.1,98.3568,23.1608,sea_passage,DERIVED_PHYSICS_IMO_GHG2020_SEED42
V144,passenger,4545,28.0,86.8,229,Hydrogen,2.05,R044,Kolkata_SMPK,Paradip,21.5507,8.18,68.9622,1.5516,river_mouth,DERIVED_PHYSICS_IMO_GHG2020_SEED42
V093,tanker,39701,11.4,67.4,788,MGO,1.65,R052,Port_Blair,Chennai,112.4138,69.12,76.4414,18.0003,sea_passage,DERIVED_PHYSICS_IMO_GHG2020_SEED42
V063,container_ship,12578,19.9,58.5,406,MGO,2.49,R032,Visakhapatnam,Chennai,86.8001,20.4,59.0241,13.8989,coastal,DERIVED_PHYSICS_IMO_GHG2020_SEED42
V007,bulk_carrier,42726,15.3,73.5,347,HFO,3.0,R022,Mormugao,Mumbai,130.2303,22.68,67.7198,19.3443,sea_passage,DERIVED_PHYSICS_IMO_GHG2020_SEED42
V046,container_ship,34898,17.4,52.5,538,HFO,2.01,R023,Kochi,Chennai,179.2732,30.92,93.2221,26.6291,sea_passage,DERIVED_PHYSICS_IMO_GHG2020_SEED42
V099,tanker,55620,12.5,59.0,542,MGO,3.43,R024,Chennai,Kochi,137.6315,43.36,93.5894,22.0382,river_mouth,DERIVED_PHYSICS_IMO_GHG2020_SEED42
V141,passenger,3808,22.5,67.0,183,Hydrogen,3.08,R026,Tuticorin,Kochi,8.926,8.13,28.5631,0.6427,coastal,DERIVED_PHYSICS_IMO_GHG2020_SEED42
V118,general_cargo,14985,13.8,74.7,491,MGO,0.55,R041,Visakhapatnam,Kolkata_SMPK,47.0699,35.58,32.0075,7.5371,sea_passage,DERIVED_PHYSICS_IMO_GHG2020_SEED42
V104,tanker,27184,11.2,88.8,189,LNG,2.65,R025,Kochi,Tuticorin,21.6898,16.88,11.9294,3.3619,sea_passage,DERIVED_PHYSICS_IMO_GHG2020_SEED42
V077,tanker,37083,10.6,54.7,859,MGO,3.43,R013,Mumbai,Kochi,121.2675,81.04,82.4619,19.418,river_mouth,DERIVED_PHYSICS_IMO_GHG2020_SEED42
V150,ferry,884,18.8,78.7,419,Hydrogen,2.96,R057,Kamarajar,Visakhapatnam,5.761,22.29,18.4351,0.4148,coastal,DERIVED_PHYSICS_IMO_GHG2020_SEED42
V039,bulk_carrier,42343,13.8,63.0,1181,HFO,3.29,R016,Chennai,Mumbai,337.3818,85.58,175.4386,50.1144,sea_passage,DERIVED_PHYSICS_IMO_GHG2020_SEED42
V084,tanker,23117,14.8,94.1,757,HFO,2.85,R050,Port_Blair,Tuticorin,172.9241,51.15,89.9205,25.686,sea_passage,DERIVED_PHYSICS_IMO_GHG2020_SEED42
V024,bulk_carrier,45319,10.7,66.6,870,HFO,2.99,R004,Kochi,JNPA,149.2985,81.31,77.6352,22.1767,sea_passage,DERIVED_PHYSICS_IMO_GHG2020_SEED42
V097,tanker,25705,11.3,57.3,411,LNG,0.63,R058,Visakhapatnam,Kamarajar,29.0703,36.37,15.9887,4.5059,river_mouth,DERIVED_PHYSICS_IMO_GHG2020_SEED42
V042,bulk_carrier,48674,9.6,93.5,1181,HFO,2.44,R016,Chennai,Mumbai,190.519,123.02,99.0699,28.2995,sea_passage,DERIVED_PHYSICS_IMO_GHG2020_SEED42
V051,container_ship,9661,19.0,86.3,217,HFO,1.27,R043,Paradip,Kolkata_SMPK,40.0351,11.42,20.8182,5.9468,sea_passage,DERIVED_PHYSICS_IMO_GHG2020_SEED42
V074,tanker,68994,12.3,54.5,700,HFO,2.02,R036,Paradip,Chennai,194.4848,56.91,101.1321,28.8886,sea_passage,DERIVED_PHYSICS_IMO_GHG2020_SEED42
V059,container_ship,13324,13.9,73.2,757,HFO,2.97,R050,Port_Blair,Tuticorin,97.8397,54.46,50.8767,14.533,sea_passage,DERIVED_PHYSICS_IMO_GHG2020_SEED42
V029,bulk_carrier,30900,11.7,84.7,853,HFO,2.28,R037,Chennai,Kolkata_SMPK,133.0375,72.91,69.1795,19.7613,sea_passage,DERIVED_PHYSICS_IMO_GHG2020_SEED42
V088,tanker,47767,14.6,65.4,507,LNG,0.88,R019,Mumbai,New_Mangalore,107.4714,34.73,59.1093,16.6581,coastal,DERIVED_PHYSICS_IMO_GHG2020_SEED42
V120,general_cargo,16651,13.3,74.8,290,MGO,3.38,R046,JNPA,Kandla,36.7342,21.8,24.9793,5.8821,sea_passage,DERIVED_PHYSICS_IMO_GHG2020_SEED42
V108,general_cargo,7216,11.0,59.6,347,MGO,0.79,R022,Mormugao,Mumbai,14.4378,31.55,9.8177,2.3119,river_mouth,DERIVED_PHYSICS_IMO_GHG2020_SEED42
V136,ro_ro,4206,18.4,94.6,311,MGO,3.46,R040,Paradip,Visakhapatnam,34.4076,16.9,23.3972,5.5095,river_mouth,DERIVED_PHYSICS_IMO_GHG2020_SEED42
V035,bulk_carrier,56365,11.3,93.1,1196,HFO,1.83,R006,Chennai,JNPA,274.3387,105.84,142.6561,40.75,sea_passage,DERIVED_PHYSICS_IMO_GHG2020_SEED42
V038,bulk_carrier,33529,12.7,64.2,422,HFO,2.69,R054,Mormugao,Kochi,78.8406,33.23,40.9971,11.7109,sea_passage,DERIVED_PHYSICS_IMO_GHG2020_SEED42
V052,container_ship,35698,19.6,73.8,1179,MGO,2.47,R015,Mumbai,Chennai,507.361,60.15,345.0055,81.2412,river_mouth,DERIVED_PHYSICS_IMO_GHG2020_SEED42
V050,container_ship,17470,20.4,98.1,229,LNG,3.01,R044,Kolkata_SMPK,Paradip,70.6573,11.23,38.8615,10.9519,coastal,DERIVED_PHYSICS_IMO_GHG2020_SEED42
V040,bulk_carrier,49115,13.4,77.6,507,MGO,0.94,R019,Mumbai,New_Mangalore,124.5072,37.84,84.6649,19.9367,sea_passage,DERIVED_PHYSICS_IMO_GHG2020_SEED42
V016,bulk_carrier,58242,14.2,56.2,521,MGO,2.16,R060,Kandla,Mormugao,156.3942,36.69,106.3481,25.0426,sea_passage,DERIVED_PHYSICS_IMO_GHG2020_SEED42
V062,container_ship,34470,22.0,67.8,396,HFO,3.24,R031,Chennai,Visakhapatnam,251.3209,18.0,130.6869,37.331,sea_passage,DERIVED_PHYSICS_IMO_GHG2020_SEED42
V089,tanker,35987,10.2,65.8,18,MGO,0.38,R033,Chennai,Kamarajar,1.869,1.76,1.2709,0.2993,coastal,DERIVED_PHYSICS_IMO_GHG2020_SEED42
V146,ferry,1735,11.5,95.1,24,Shore_Power,2.5,R001,JNPA,Mumbai,5.8012,2.09,0.6961,0.0171,sea_passage,DERIVED_PHYSICS_IMO_GHG2020_SEED42
V113,general_cargo,13823,11.8,91.5,359,MGO,1.88,R012,Mormugao,JNPA,32.0726,30.42,21.8093,5.1356,sea_passage,DERIVED_PHYSICS_IMO_GHG2020_SEED42
V013,bulk_carrier,60013,11.1,79.6,217,LNG,3.39,R043,Paradip,Kolkata_SMPK,44.1631,19.55,24.2897,6.8453,sea_passage,DERIVED_PHYSICS_IMO_GHG2020_SEED42
V066,container_ship,31457,11.9,68.6,276,MGO,2.46,R048,Mumbai,Kandla,45.7806,23.19,31.1308,7.3306,coastal,DERIVED_PHYSICS_IMO_GHG2020_SEED42
V009,bulk_carrier,32714,14.9,91.9,518,LNG,0.9,R009,JNPA,New_Mangalore,107.8503,34.77,59.3177,16.7168,coastal,DERIVED_PHYSICS_IMO_GHG2020_SEED42
V016,bulk_carrier,58242,14.4,73.0,757,HFO,0.94,R050,Port_Blair,Tuticorin,245.1037,52.57,127.4539,36.4075,sea_passage,DERIVED_PHYSICS_IMO_GHG2020_SEED42
V078,tanker,23323,10.3,67.8,176,MGO,2.65,R056,Mormugao,New_Mangalore,17.2583,17.09,11.7356,2.7635,sea_passage,DERIVED_PHYSICS_IMO_GHG2020_SEED42
V002,bulk_carrier,29708,15.0,86.7,311,LNG,2.15,R040,Paradip,Visakhapatnam,61.4011,20.73,33.7706,9.5172,sea_passage,DERIVED_PHYSICS_IMO_GHG2020_SEED42
V019,bulk_carrier,63249,14.2,82.7,290,HFO,1.89,R008,Kandla,JNPA,107.2123,20.42,55.7504,15.9252,sea_passage,DERIVED_PHYSICS_IMO_GHG2020_SEED42
V120,general_cargo,16651,10.5,80.1,297,MGO,2.84,R007,JNPA,Kandla,25.9006,28.29,17.6124,4.1473,sea_passage,DERIVED_PHYSICS_IMO_GHG2020_SEED42
V147,ferry,2604,13.2,71.5,347,MGO,2.25,R022,Mormugao,Mumbai,12.0299,26.29,8.1803,1.9263,sea_passage,DERIVED_PHYSICS_IMO_GHG2020_SEED42
V108,general_cargo,7216,16.0,78.2,24,MGO,0.62,R001,JNPA,Mumbai,2.2116,1.5,1.5039,0.3541,river_mouth,DERIVED_PHYSICS_IMO_GHG2020_SEED42
V130,general_cargo,15643,13.2,99.4,358,HFO,2.09,R011,JNPA,Mormugao,44.6642,27.12,23.2254,6.6344,sea_passage,DERIVED_PHYSICS_IMO_GHG2020_SEED42
V071,tanker,72064,10.9,69.4,856,HFO,2.81,R038,Kolkata_SMPK,Chennai,213.8145,78.53,111.1835,31.7598,sea_passage,DERIVED_PHYSICS_IMO_GHG2020_SEED42
V144,passenger,4545,23.8,69.0,518,Hydrogen,2.03,R009,JNPA,New_Mangalore,30.4678,21.76,97.4968,2.1937,sea_passage,DERIVED_PHYSICS_IMO_GHG2020_SEED42
V057,container_ship,30177,17.2,83.3,700,MGO,0.4,R036,Paradip,Chennai,187.6155,40.7,127.5785,30.0419,river_mouth,DERIVED_PHYSICS_IMO_GHG2020_SEED42
V121,general_cargo,14844,10.8,89.9,297,MGO,1.79,R007,JNPA,Kandla,24.4561,27.5,16.6301,3.916,river_mouth,DERIVED_PHYSICS_IMO_GHG2020_SEED42
V075,tanker,55666,10.6,76.3,518,HFO,0.67,R009,JNPA,New_Mangalore,87.9916,48.87,45.7556,13.0702,coastal,DERIVED_PHYSICS_IMO_GHG2020_SEED42
V016,bulk_carrier,58242,13.5,55.7,347,HFO,3.02,R022,Mormugao,Mumbai,114.4254,25.7,59.5012,16.9966,sea_passage,DERIVED_PHYSICS_IMO_GHG2020_SEED42
V003,bulk_carrier,64303,9.8,76.0,18,LNG,2.1,R033,Chennai,Kamarajar,2.7336,1.84,1.5035,0.4237,sea_passage,DERIVED_PHYSICS_IMO_GHG2020_SEED42
V040,bulk_carrier,49115,14.3,77.2,290,LNG,3.11,R046,JNPA,Kandla,78.0536,20.28,42.9295,12.0983,sea_passage,DERIVED_PHYSICS_IMO_GHG2020_SEED42
V072,tanker,45552,11.9,55.9,370,MGO,1.98,R029,Chennai,Tuticorin,67.1414,31.09,45.6562,10.751,sea_passage,DERIVED_PHYSICS_IMO_GHG2020_SEED42
V095,tanker,37289,14.0,85.7,853,HFO,1.7,R037,Chennai,Kolkata_SMPK,220.9091,60.93,114.8727,32.8136,sea_passage,DERIVED_PHYSICS_IMO_GHG2020_SEED42
V023,bulk_carrier,58095,12.5,62.7,364,HFO,2.88,R030,Tuticorin,Chennai,95.3209,29.12,49.5668,14.1589,river_mouth,DERIVED_PHYSICS_IMO_GHG2020_SEED42
V101,tanker,56969,12.3,76.6,313,LNG,1.46,R039,Visakhapatnam,Paradip,59.2111,25.45,32.5661,9.1777,river_mouth,DERIVED_PHYSICS_IMO_GHG2020_SEED42
V150,ferry,884,18.4,56.7,422,Hydrogen,0.69,R054,Mormugao,Kochi,4.0939,22.93,13.1005,0.2948,sea_passage,DERIVED_PHYSICS_IMO_GHG2020_SEED42
V132,ro_ro,8727,13.6,96.2,229,LNG,0.83,R044,Kolkata_SMPK,Paradip,14.9889,16.84,8.2439,2.3233,river_mouth,DERIVED_PHYSICS_IMO_GHG2020_SEED42
V002,bulk_carrier,29708,15.2,75.6,1190,MGO,3.06,R005,JNPA,Chennai,329.0522,78.29,223.7555,52.6895,sea_passage,DERIVED_PHYSICS_IMO_GHG2020_SEED42
V129,general_cargo,5817,11.5,85.5,347,HFO,2.0,R022,Mormugao,Mumbai,17.8112,30.17,9.2618,2.6457,coastal,DERIVED_PHYSICS_IMO_GHG2020_SEED42
V008,bulk_carrier,34731,11.3,54.3,422,HFO,1.57,R054,Mormugao,Kochi,57.403,37.35,29.8496,8.5266,sea_passage,DERIVED_PHYSICS_IMO_GHG2020_SEED42
V139,passenger,2268,18.4,89.5,282,LNG,2.77,R017,Mumbai,Kandla,16.5892,15.33,9.124,2.5713,river_mouth,DERIVED_PHYSICS_IMO_GHG2020_SEED42
V064,container_ship,26077,19.3,68.6,411,Methanol,0.93,R058,Visakhapatnam,Kamarajar,278.6644,21.3,97.5325,16.0817,sea_passage,DERIVED_PHYSICS_IMO_GHG2020_SEED42
V079,tanker,55468,16.4,69.9,521,HFO,1.39,R060,Kandla,Mormugao,222.7344,31.77,115.8219,33.0847,sea_passage,DERIVED_PHYSICS_IMO_GHG2020_SEED42
V091,tanker,39649,13.5,65.6,859,LNG,1.85,R013,Mumbai,Kochi,160.4372,63.63,88.2405,24.8678,sea_passage,DERIVED_PHYSICS_IMO_GHG2020_SEED42
V135,ro_ro,7575,14.3,90.2,347,MGO,1.19,R022,Mormugao,Mumbai,28.068,24.27,19.0862,4.4944,sea_passage,DERIVED_PHYSICS_IMO_GHG2020_SEED42
V132,ro_ro,8727,18.2,87.6,507,HFO,1.62,R019,Mumbai,New_Mangalore,78.9756,27.86,41.0673,11.731,coastal,DERIVED_PHYSICS_IMO_GHG2020_SEED42
V095,tanker,37289,14.7,84.5,345,LNG,0.62,R028,New_Mangalore,Kochi,70.122,23.47,38.5671,10.8689,coastal,DERIVED_PHYSICS_IMO_GHG2020_SEED42
V149,ferry,536,15.6,65.5,859,Shore_Power,2.47,R013,Mumbai,Kochi,172.8961,55.06,20.7475,0.5104,sea_passage,DERIVED_PHYSICS_IMO_GHG2020_SEED42
V013,bulk_carrier,60013,10.3,93.0,406,HFO,3.15,R032,Visakhapatnam,Chennai,91.0181,39.42,47.3294,13.5197,river_mouth,DERIVED_PHYSICS_IMO_GHG2020_SEED42
V080,tanker,50271,17.1,96.3,518,LNG,1.94,R009,JNPA,New_Mangalore,220.1616,30.29,121.0889,34.125,sea_passage,DERIVED_PHYSICS_IMO_GHG2020_SEED42
V119,general_cargo,18455,11.2,56.4,856,MGO,3.32,R038,Kolkata_SMPK,Chennai,92.97,76.43,63.2196,14.8868,sea_passage,DERIVED_PHYSICS_IMO_GHG2020_SEED42
V108,general_cargo,7216,12.3,52.4,22,HFO,0.83,R002,Mumbai,JNPA,1.0724,1.79,0.5577,0.1593,sea_passage,DERIVED_PHYSICS_IMO_GHG2020_SEED42
V131,ro_ro,4651,18.4,85.7,364,HFO,2.57,R030,Tuticorin,Chennai,42.1756,19.78,21.9313,6.2647,sea_passage,DERIVED_PHYSICS_IMO_GHG2020_SEED42
V088,tanker,47767,14.4,85.0,757,LNG,0.86,R050,Port_Blair,Tuticorin,181.6476,52.57,99.9062,28.1554,sea_passage,DERIVED_PHYSICS_IMO_GHG2020_SEED42
V123,general_cargo,17741,9.5,87.8,422,MGO,1.55,R054,Mormugao,Kochi,27.8864,44.42,18.9627,4.4653,sea_passage,DERIVED_PHYSICS_IMO_GHG2020_SEED42
V004,bulk_carrier,71338,10.7,62.0,521,HFO,1.81,R060,Kandla,Mormugao,103.8848,48.69,54.0201,15.4309,coastal,DERIVED_PHYSICS_IMO_GHG2020_SEED42
V123,general_cargo,17741,8.8,61.3,277,MGO,3.03,R018,Kandla,Mumbai,16.0552,31.48,10.9175,2.5708,coastal,DERIVED_PHYSICS_IMO_GHG2020_SEED42
V137,ro_ro,6851,16.3,79.5,406,HFO,2.2,R032,Visakhapatnam,Chennai,45.3275,24.91,23.5703,6.7329,sea_passage,DERIVED_PHYSICS_IMO_GHG2020_SEED42
V037,bulk_carrier,41493,10.7,98.7,788,HFO,1.17,R052,Port_Blair,Chennai,111.3577,73.64,57.906,16.541,river_mouth,DERIVED_PHYSICS_IMO_GHG2020_SEED42
V102,tanker,47959,13.6,74.5,18,HFO,0.69,R033,Chennai,Kamarajar,4.4046,1.32,2.2904,0.6543,river_mouth,DERIVED_PHYSICS_IMO_GHG2020_SEED42
V042,bulk_carrier,48674,10.1,96.0,217,LNG,1.48,R043,Paradip,Kolkata_SMPK,24.2434,21.49,13.3339,3.7577,sea_passage,DERIVED_PHYSICS_IMO_GHG2020_SEED42
V033,bulk_carrier,40297,11.3,80.9,521,LNG,1.85,R060,Kandla,Mormugao,72.3615,46.11,39.7988,11.216,sea_passage,DERIVED_PHYSICS_IMO_GHG2020_SEED42
V138,ro_ro,6679,14.9,56.7,853,HFO,1.07,R037,Chennai,Kolkata_SMPK,64.1636,57.25,33.3651,9.5308,coastal,DERIVED_PHYSICS_IMO_GHG2020_SEED42
V060,container_ship,33073,12.1,70.5,22,Methanol,1.88,R002,Mumbai,JNPA,6.5592,1.82,2.2957,0.3785,sea_passage,DERIVED_PHYSICS_IMO_GHG2020_SEED42
V045,container_ship,12017,17.0,55.6,189,Methanol,0.9,R025,Kochi,Tuticorin,52.7425,11.12,18.4599,3.0438,sea_passage,DERIVED_PHYSICS_IMO_GHG2020_SEED42
V130,general_cargo,15643,9.9,89.3,505,MGO,2.18,R020,New_Mangalore,Mumbai,36.1796,51.01,24.6021,5.7933,sea_passage,DERIVED_PHYSICS_IMO_GHG2020_SEED42
V119,general_cargo,18455,11.5,63.1,859,HFO,1.15,R013,Mumbai,Kochi,78.0152,74.7,40.5679,11.5883,sea_passage,DERIVED_PHYSICS_IMO_GHG2020_SEED42
V072,tanker,45552,12.5,65.5,370,LNG,1.51,R029,Chennai,Tuticorin,55.5217,29.6,30.5369,8.6059,sea_passage,DERIVED_PHYSICS_IMO_GHG2020_SEED42
V018,bulk_carrier,58420,12.0,86.0,505,MGO,3.13,R020,New_Mangalore,Mumbai,126.5481,42.08,86.0527,20.2635,sea_passage,DERIVED_PHYSICS_IMO_GHG2020_SEED42
V027,bulk_carrier,59816,11.9,66.5,542,MGO,2.79,R024,Chennai,Kochi,127.2038,45.55,86.4986,20.3685,sea_passage,DERIVED_PHYSICS_IMO_GHG2020_SEED42
V027,bulk_carrier,59816,10.7,84.7,856,HFO,1.11,R038,Kolkata_SMPK,Chennai,168.7171,80.0,87.7329,25.0611,sea_passage,DERIVED_PHYSICS_IMO_GHG2020_SEED42
V069,container_ship,8659,13.1,59.7,229,LNG,2.65,R044,Kolkata_SMPK,Paradip,14.5966,17.48,8.0281,2.2625,sea_passage,DERIVED_PHYSICS_IMO_GHG2020_SEED42
V129,general_cargo,5817,14.7,94.2,542,HFO,2.23,R024,Chennai,Kochi,47.001,36.87,24.4405,6.9815,coastal,DERIVED_PHYSICS_IMO_GHG2020_SEED42
V135,ro_ro,7575,17.5,61.2,1190,MGO,1.91,R005,JNPA,Chennai,136.7654,68.0,93.0004,21.8996,coastal,DERIVED_PHYSICS_IMO_GHG2020_SEED42
V123,general_cargo,17741,12.7,56.8,419,MGO,1.93,R053,Kochi,Mormugao,50.7341,32.99,34.4992,8.1238,coastal,DERIVED_PHYSICS_IMO_GHG2020_SEED42
V021,bulk_carrier,35729,13.6,60.1,297,MGO,3.44,R007,JNPA,Kandla,66.5656,21.84,45.2646,10.6588,river_mouth,DERIVED_PHYSICS_IMO_GHG2020_SEED42
V030,bulk_carrier,38293,15.8,53.8,757,HFO,1.12,R050,Port_Blair,Tuticorin,215.3756,47.91,111.9953,31.9917,sea_passage,DERIVED_PHYSICS_IMO_GHG2020_SEED42
V002,bulk_carrier,29708,16.5,82.5,542,MGO,1.78,R024,Chennai,Kochi,154.1638,32.85,104.8314,24.6855,sea_passage,DERIVED_PHYSICS_IMO_GHG2020_SEED42
V070,container_ship,16607,18.6,75.6,761,LNG,2.35,R049,Tuticorin,Port_Blair,166.5582,40.91,91.607,25.8165,sea_passage,DERIVED_PHYSICS_IMO_GHG2020_SEED42
V050,container_ship,17470,19.9,77.9,17,MGO,3.2,R034,Kamarajar,Chennai,5.1798,0.85,3.5223,0.8294,coastal,DERIVED_PHYSICS_IMO_GHG2020_SEED42
V148,ferry,932,11.6,73.8,277,LNG,0.97,R018,Kandla,Mumbai,2.8001,23.88,1.54,0.434,sea_passage,DERIVED_PHYSICS_IMO_GHG2020_SEED42
V093,tanker,39701,14.3,81.4,542,MGO,2.02,R024,Chennai,Kochi,132.1402,37.9,89.8553,21.1589,sea_passage,DERIVED_PHYSICS_IMO_GHG2020_SEED42
V104,tanker,27184,13.9,88.2,419,MGO,1.22,R057,Kamarajar,Visakhapatnam,76.7396,30.14,52.1829,12.2879,coastal,DERIVED_PHYSICS_IMO_GHG2020_SEED42
V005,bulk_carrier,47170,9.6,67.1,529,LNG,1.35,R059,Mormugao,Kandla,44.4166,55.1,24.4291,6.8846,sea_passage,DERIVED_PHYSICS_IMO_GHG2020_SEED42
V036,bulk_carrier,45790,9.5,72.9,876,MGO,2.43,R003,JNPA,Kochi,110.1582,92.21,74.9076,17.6391,sea_passage,DERIVED_PHYSICS_IMO_GHG2020_SEED42
V009,bulk_carrier,32714,13.5,99.9,870,HFO,0.87,R004,Kochi,JNPA,178.7481,64.44,92.949,26.5511,sea_passage,DERIVED_PHYSICS_IMO_GHG2020_SEED42
V058,container_ship,36763,24.0,97.9,313,HFO,1.42,R039,Visakhapatnam,Paradip,213.3572,13.04,110.9458,31.6919,sea_passage,DERIVED_PHYSICS_IMO_GHG2020_SEED42
V011,bulk_carrier,34473,11.5,51.3,286,HFO,1.89,R045,Kandla,JNPA,39.9866,24.87,20.793,5.9396,sea_passage,DERIVED_PHYSICS_IMO_GHG2020_SEED42
V035,bulk_carrier,56365,10.5,88.9,358,HFO,2.96,R011,JNPA,Mormugao,74.2234,34.1,38.5961,11.0251,river_mouth,DERIVED_PHYSICS_IMO_GHG2020_SEED42
V086,tanker,66768,14.3,76.7,757,LNG,2.45,R050,Port_Blair,Tuticorin,233.1568,52.94,128.2362,36.1393,sea_passage,DERIVED_PHYSICS_IMO_GHG2020_SEED42
V012,bulk_carrier,58490,13.2,95.9,311,LNG,1.68,R040,Paradip,Visakhapatnam,76.4972,23.56,42.0734,11.8571,sea_passage,DERIVED_PHYSICS_IMO_GHG2020_SEED42
V134,ro_ro,8843,22.2,61.5,17,MGO,3.22,R034,Kamarajar,Chennai,4.2408,0.77,2.8838,0.6791,sea_passage,DERIVED_PHYSICS_IMO_GHG2020_SEED42
V141,passenger,3808,21.4,67.4,347,Hydrogen,3.2,R022,Mormugao,Mumbai,16.5552,16.21,52.9767,1.192,sea_passage,DERIVED_PHYSICS_IMO_GHG2020_SEED42
V054,container_ship,21825,15.4,69.4,856,HFO,2.47,R038,Kolkata_SMPK,Chennai,186.5167,55.58,96.9887,27.705,river_mouth,DERIVED_PHYSICS_IMO_GHG2020_SEED42
V101,tanker,56969,11.3,71.7,282,LNG,1.59,R017,Mumbai,Kandla,44.2975,24.96,24.3636,6.8661,sea_passage,DERIVED_PHYSICS_IMO_GHG2020_SEED42
V019,bulk_carrier,63249,11.4,99.4,349,MGO,3.27,R021,Mumbai,Mormugao,98.5784,30.61,67.0333,15.7849,river_mouth,DERIVED_PHYSICS_IMO_GHG2020_SEED42
V009,bulk_carrier,32714,10.3,95.7,692,MGO,3.37,R035,Chennai,Paradip,98.8833,67.18,67.2407,15.8337,coastal,DERIVED_PHYSICS_IMO_GHG2020_SEED42
V011,bulk_carrier,34473,10.2,78.6,797,LNG,2.64,R051,Chennai,Port_Blair,90.0321,78.14,49.5176,13.955,sea_passage,DERIVED_PHYSICS_IMO_GHG2020_SEED42
V063,container_ship,12578,23.2,91.8,521,Methanol,0.72,R060,Kandla,Mormugao,352.4779,22.46,123.3673,20.3415,sea_passage,DERIVED_PHYSICS_IMO_GHG2020_SEED42
V123,general_cargo,17741,11.2,62.1,189,MGO,3.28,R025,Kochi,Tuticorin,16.8923,16.88,11.4867,2.7049,sea_passage,DERIVED_PHYSICS_IMO_GHG2020_SEED42
V145,passenger,3081,20.1,54.6,859,MGO,0.58,R013,Mumbai,Kochi,67.4847,42.74,45.8896,10.806,coastal,DERIVED_PHYSICS_IMO_GHG2020_SEED42
V018,bulk_carrier,58420,10.8,88.0,1190,LNG,0.42,R005,JNPA,Chennai,190.8704,110.19,104.9787,29.5849,sea_passage,DERIVED_PHYSICS_IMO_GHG2020_SEED42
V123,general_cargo,17741,12.6,81.6,189,MGO,1.78,R025,Kochi,Tuticorin,20.8699,15.0,14.1916,3.3418,sea_passage,DERIVED_PHYSICS_IMO_GHG2020_SEED42
V063,container_ship,12578,23.9,79.1,538,Methanol,1.4,R023,Kochi,Chennai,317.286,22.51,111.0501,18.3106,sea_passage,DERIVED_PHYSICS_IMO_GHG2020_SEED42
V057,container_ship,30177,19.4,96.8,276,HFO,1.75,R047,Kandla,Mumbai,124.2852,14.23,64.6283,18.4612,sea_passage,DERIVED_PHYSICS_IMO_GHG2020_SEED42
V064,container_ship,26077,16.0,63.7,1196,Methanol,0.91,R006,Chennai,JNPA,558.538,74.75,195.4883,32.2332,coastal,DERIVED_PHYSICS_IMO_GHG2020_SEED42
V119,general_cargo,18455,10.7,76.7,757,MGO,2.24,R050,Port_Blair,Tuticorin,72.8396,70.75,49.5309,11.6634,sea_passage,DERIVED_PHYSICS_IMO_GHG2020_SEED42
V083,tanker,42416,11.0,96.0,169,MGO,1.59,R055,New_Mangalore,Mormugao,26.4418,15.36,17.9805,4.234,river_mouth,DERIVED_PHYSICS_IMO_GHG2020_SEED42
V001,bulk_carrier,63697,10.1,66.8,876,MGO,2.45,R003,JNPA,Kochi,134.3161,86.73,91.3349,21.5074,sea_passage,DERIVED_PHYSICS_IMO_GHG2020_SEED42
V024,bulk_carrier,45319,14.5,86.8,370,HFO,0.65,R029,Chennai,Tuticorin,102.0532,25.52,53.0676,15.1589,sea_passage,DERIVED_PHYSICS_IMO_GHG2020_SEED42
V114,general_cargo,17380,10.8,86.5,542,MGO,2.4,R024,Chennai,Kochi,53.0033,50.19,36.0423,8.4872,sea_passage,DERIVED_PHYSICS_IMO_GHG2020_SEED42
V018,bulk_carrier,58420,11.8,69.1,518,HFO,1.55,R009,JNPA,New_Mangalore,122.2463,43.9,63.5681,18.1583,sea_passage,DERIVED_PHYSICS_IMO_GHG2020_SEED42
V087,tanker,28073,12.1,56.5,217,LNG,2.23,R043,Paradip,Kolkata_SMPK,26.0724,17.93,14.3398,4.0412,sea_passage,DERIVED_PHYSICS_IMO_GHG2020_SEED42
V042,bulk_carrier,48674,9.6,67.2,24,HFO,0.88,R001,JNPA,Mumbai,3.1097,2.5,1.617,0.4619,coastal,DERIVED_PHYSICS_IMO_GHG2020_SEED42
V105,tanker,59471,11.2,68.3,290,MGO,1.24,R046,JNPA,Kandla,54.8649,25.89,37.3081,8.7852,river_mouth,DERIVED_PHYSICS_IMO_GHG2020_SEED42
V033,bulk_carrier,40297,12.1,60.1,1181,HFO,1.89,R016,Chennai,Mumbai,221.9006,97.6,115.3883,32.9609,sea_passage,DERIVED_PHYSICS_IMO_GHG2020_SEED42
V052,container_ship,35698,17.2,57.1,297,Methanol,1.43,R007,JNPA,Kandla,207.3382,17.27,72.5684,11.9655,coastal,DERIVED_PHYSICS_IMO_GHG2020_SEED42
V051,container_ship,9661,15.2,88.6,518,HFO,1.02,R009,JNPA,New_Mangalore,59.3095,34.08,30.841,8.8098,sea_passage,DERIVED_PHYSICS_IMO_GHG2020_SEED42
V004,bulk_carrier,71338,14.9,96.7,24,MGO,0.64,R001,JNPA,Mumbai,9.9484,1.61,6.7649,1.593,sea_passage,DERIVED_PHYSICS_IMO_GHG2020_SEED42
V005,bulk_carrier,47170,13.1,53.9,692,HFO,2.7,R035,Chennai,Paradip,169.0208,52.82,87.8908,25.1062,sea_passage,DERIVED_PHYSICS_IMO_GHG2020_SEED42
V142,passenger,4149,23.1,83.5,1196,Hydrogen,0.37,R006,Chennai,JNPA,51.2502,51.77,164.0006,3.69,sea_passage,DERIVED_PHYSICS_IMO_GHG2020_SEED42
V036,bulk_carrier,45790,10.8,91.4,18,HFO,1.54,R033,Chennai,Kamarajar,3.129,1.67,1.6271,0.4648,sea_passage,DERIVED_PHYSICS_IMO_GHG2020_SEED42
V079,tanker,55468,16.0,81.3,22,MGO,3.4,R002,Mumbai,JNPA,10.4949,1.38,7.1366,1.6805,sea_passage,DERIVED_PHYSICS_IMO_GHG2020_SEED42
V141,passenger,3808,17.2,63.7,505,Hydrogen,2.11,R020,New_Mangalore,Mumbai,13.2277,29.36,42.3288,0.9524,river_mouth,DERIVED_PHYSICS_IMO_GHG2020_SEED42
V146,ferry,1735,14.9,90.0,422,Shore_Power,2.78,R054,Mormugao,Kochi,206.2771,28.32,24.7533,0.6089,sea_passage,DERIVED_PHYSICS_IMO_GHG2020_SEED42
V145,passenger,3081,22.6,89.4,419,LNG,2.18,R053,Kochi,Mormugao,41.2271,18.54,22.6749,6.3902,river_mouth,DERIVED_PHYSICS_IMO_GHG2020_SEED42
V072,tanker,45552,15.2,78.0,528,HFO,2.3,R010,New_Mangalore,JNPA,204.3306,34.74,106.2519,30.3511,river_mouth,DERIVED_PHYSICS_IMO_GHG2020_SEED42
V001,bulk_carrier,63697,13.6,87.6,176,MGO,1.35,R056,Mormugao,New_Mangalore,48.6868,12.94,33.107,7.796,coastal,DERIVED_PHYSICS_IMO_GHG2020_SEED42
V130,general_cargo,15643,13.3,86.7,761,MGO,2.64,R049,Tuticorin,Port_Blair,104.9415,57.22,71.3602,16.8038,coastal,DERIVED_PHYSICS_IMO_GHG2020_SEED42
V029,bulk_carrier,30900,13.0,93.2,17,LNG,0.34,R034,Kamarajar,Chennai,2.4448,1.31,1.3447,0.379,sea_passage,DERIVED_PHYSICS_IMO_GHG2020_SEED42
V135,ro_ro,7575,16.8,84.6,217,LNG,2.8,R043,Paradip,Kolkata_SMPK,24.5008,12.92,13.4754,3.7976,sea_passage,DERIVED_PHYSICS_IMO_GHG2020_SEED42
V143,passenger,3504,15.7,93.1,419,MGO,3.45,R053,Kochi,Mormugao,30.8288,26.69,20.9636,4.9365,sea_passage,DERIVED_PHYSICS_IMO_GHG2020_SEED42
V128,general_cargo,15648,12.6,98.1,521,MGO,0.5,R060,Kandla,Mormugao,48.5871,41.35,33.0392,7.78,sea_passage,DERIVED_PHYSICS_IMO_GHG2020_SEED42
V114,general_cargo,17380,12.7,82.6,1196,MGO,2.63,R006,Chennai,JNPA,161.1903,94.17,109.6094,25.8106,coastal,DERIVED_PHYSICS_IMO_GHG2020_SEED42
V055,container_ship,17711,17.6,88.4,859,Methanol,1.99,R013,Mumbai,Kochi,407.225,48.81,142.5287,23.501,sea_passage,DERIVED_PHYSICS_IMO_GHG2020_SEED42
V047,container_ship,41892,16.9,51.8,859,MGO,1.87,R013,Mumbai,Kochi,276.1513,50.83,187.7829,44.2187,coastal,DERIVED_PHYSICS_IMO_GHG2020_SEED42
V108,general_cargo,7216,12.3,66.0,176,MGO,1.84,R056,Mormugao,New_Mangalore,9.6584,14.31,6.5677,1.5465,sea_passage,DERIVED_PHYSICS_IMO_GHG2020_SEED42
V107,general_cargo,9058,11.0,71.1,286,HFO,2.08,R045,Kandla,JNPA,16.735,26.0,8.7022,2.4858,coastal,DERIVED_PHYSICS_IMO_GHG2020_SEED42
V070,container_ship,16607,19.5,76.2,359,LNG,1.48,R012,Mormugao,JNPA,80.5595,18.41,44.3077,12.4867,sea_passage,DERIVED_PHYSICS_IMO_GHG2020_SEED42
V010,bulk_carrier,41291,13.6,56.1,528,MGO,0.99,R010,New_Mangalore,JNPA,108.4617,38.82,73.754,17.3674,sea_passage,DERIVED_PHYSICS_IMO_GHG2020_SEED42
V003,bulk_carrier,64303,8.9,93.9,692,LNG,2.62,R035,Chennai,Paradip,91.8218,77.75,50.502,14.2324,sea_passage,DERIVED_PHYSICS_IMO_GHG2020_SEED42
V083,tanker,42416,12.2,50.7,422,LNG,2.82,R054,Mormugao,Kochi,66.4378,34.59,36.5408,10.2979,sea_passage,DERIVED_PHYSICS_IMO_GHG2020_SEED42
V014,bulk_carrier,44373,13.3,64.4,529,HFO,1.66,R059,Mormugao,Kandla,133.1927,39.77,69.2602,19.7843,coastal,DERIVED_PHYSICS_IMO_GHG2020_SEED42
V104,tanker,27184,13.2,76.8,18,HFO,0.31,R033,Chennai,Kamarajar,2.8575,1.36,1.4859,0.4245,sea_passage,DERIVED_PHYSICS_IMO_GHG2020_SEED42
V080,tanker,50271,13.6,75.7,311,MGO,1.62,R040,Paradip,Visakhapatnam,83.4333,22.87,56.7347,13.3598,sea_passage,DERIVED_PHYSICS_IMO_GHG2020_SEED42
V139,passenger,2268,19.3,92.2,419,LNG,1.37,R053,Kochi,Mormugao,24.0506,21.71,13.2278,3.7278,river_mouth,DERIVED_PHYSICS_IMO_GHG2020_SEED42
V016,bulk_carrier,58242,12.4,53.0,313,LNG,3.46,R039,Visakhapatnam,Paradip,69.8438,25.24,38.4141,10.8258,sea_passage,DERIVED_PHYSICS_IMO_GHG2020_SEED42
V060,container_ship,33073,13.5,90.9,349,Methanol,2.08,R021,Mumbai,Mormugao,167.8638,25.85,58.7523,9.6874,coastal,DERIVED_PHYSICS_IMO_GHG2020_SEED42
V093,tanker,39701,12.8,82.6,538,HFO,2.35,R023,Kochi,Chennai,132.3618,42.03,68.8281,19.6609,sea_passage,DERIVED_PHYSICS_IMO_GHG2020_SEED42
V068,container_ship,37761,16.0,64.4,359,MGO,2.01,R012,Mormugao,JNPA,100.7327,22.44,68.4982,16.1298,sea_passage,DERIVED_PHYSICS_IMO_GHG2020_SEED42
V146,ferry,1735,12.3,59.6,364,Shore_Power,1.89,R030,Tuticorin,Chennai,89.9989,29.59,10.7999,0.2657,sea_passage,DERIVED_PHYSICS_IMO_GHG2020_SEED42
V037,bulk_carrier,41493,10.1,95.3,22,MGO,1.98,R002,Mumbai,JNPA,3.076,2.18,2.0917,0.4925,coastal,DERIVED_PHYSICS_IMO_GHG2020_SEED42
V032,bulk_carrier,70130,13.9,61.3,290,MGO,1.27,R008,Kandla,JNPA,94.9387,20.86,64.5583,15.2021,sea_passage,DERIVED_PHYSICS_IMO_GHG2020_SEED42
V105,tanker,59471,13.4,83.9,876,LNG,0.67,R003,JNPA,Kochi,202.6306,65.37,111.4468,31.4077,sea_passage,DERIVED_PHYSICS_IMO_GHG2020_SEED42
V132,ro_ro,8727,19.1,84.7,22,LNG,0.96,R002,Mumbai,JNPA,3.037,1.15,1.6703,0.4707,sea_passage,DERIVED_PHYSICS_IMO_GHG2020_SEED42
V021,bulk_carrier,35729,11.3,88.4,761,MGO,2.45,R049,Tuticorin,Port_Blair,130.2883,67.35,88.5961,20.8624,sea_passage,DERIVED_PHYSICS_IMO_GHG2020_SEED42
V045,container_ship,12017,18.8,60.8,217,LNG,0.49,R043,Paradip,Kolkata_SMPK,32.2789,11.54,17.7534,5.0032,sea_passage,DERIVED_PHYSICS_IMO_GHG2020_SEED42
V064,container_ship,26077,20.3,82.2,189,MGO,0.54,R025,Kochi,Tuticorin,69.2067,9.31,47.0606,11.0817,sea_passage,DERIVED_PHYSICS_IMO_GHG2020_SEED42
V132,ro_ro,8727,17.8,74.9,542,MGO,2.69,R024,Chennai,Kochi,82.9151,30.45,56.3823,13.2768,sea_passage,DERIVED_PHYSICS_IMO_GHG2020_SEED42
V003,bulk_carrier,64303,10.9,67.1,518,MGO,0.78,R009,JNPA,New_Mangalore,96.7216,47.52,65.7707,15.4875,sea_passage,DERIVED_PHYSICS_IMO_GHG2020_SEED42
V129,general_cargo,5817,13.2,89.1,176,HFO,3.03,R056,Mormugao,New_Mangalore,13.3988,13.33,6.9674,1.9902,coastal,DERIVED_PHYSICS_IMO_GHG2020_SEED42
V013,bulk_carrier,60013,11.8,85.5,18,MGO,2.77,R033,Chennai,Kamarajar,4.3968,1.53,2.9898,0.704,coastal,DERIVED_PHYSICS_IMO_GHG2020_SEED42
V063,container_ship,12578,20.3,97.7,313,MGO,1.58,R039,Visakhapatnam,Paradip,72.8119,15.42,49.5121,11.659,sea_passage,DERIVED_PHYSICS_IMO_GHG2020_SEED42
V007,bulk_carrier,42726,14.2,50.7,491,LNG,0.8,R041,Visakhapatnam,Kolkata_SMPK,100.2672,34.58,55.147,15.5414,sea_passage,DERIVED_PHYSICS_IMO_GHG2020_SEED42
V039,bulk_carrier,42343,13.0,83.2,17,HFO,2.74,R034,Kamarajar,Chennai,4.2707,1.31,2.2207,0.6344,sea_passage,DERIVED_PHYSICS_IMO_GHG2020_SEED42
V041,bulk_carrier,49332,14.7,94.4,853,HFO,1.5,R037,Chennai,Kolkata_SMPK,282.6132,58.03,146.9589,41.9791,sea_passage,DERIVED_PHYSICS_IMO_GHG2020_SEED42
V089,tanker,35987,13.4,94.9,176,MGO,3.4,R056,Mormugao,New_Mangalore,41.7007,13.13,28.3565,6.6773,sea_passage,DERIVED_PHYSICS_IMO_GHG2020_SEED42
V086,tanker,66768,11.1,57.6,853,LNG,0.94,R037,Chennai,Kolkata_SMPK,126.3514,76.85,69.4932,19.5845,sea_passage,DERIVED_PHYSICS_IMO_GHG2020_SEED42
V027,bulk_carrier,59816,9.7,90.2,859,MGO,3.26,R013,Mumbai,Kochi,161.1828,88.56,109.6043,25.8094,sea_passage,DERIVED_PHYSICS_IMO_GHG2020_SEED42
V052,container_ship,35698,20.0,93.4,1190,Methanol,2.66,R005,JNPA,Chennai,1310.4153,59.5,458.6454,75.6241,sea_passage,DERIVED_PHYSICS_IMO_GHG2020_SEED42
V039,bulk_carrier,42343,11.4,82.7,358,LNG,1.88,R011,JNPA,Mormugao,50.1024,31.4,27.5563,7.7659,river_mouth,DERIVED_PHYSICS_IMO_GHG2020_SEED42
V123,general_cargo,17741,9.5,92.0,692,MGO,2.55,R035,Chennai,Paradip,52.8108,72.84,35.9113,8.4563,coastal,DERIVED_PHYSICS_IMO_GHG2020_SEED42
V086,tanker,66768,12.2,64.3,229,LNG,3.15,R044,Kolkata_SMPK,Paradip,53.1025,18.77,29.2064,8.2309,sea_passage,DERIVED_PHYSICS_IMO_GHG2020_SEED42
V052,container_ship,35698,20.0,99.1,700,HFO,2.43,R036,Paradip,Chennai,371.1836,35.0,193.0155,55.1352,sea_passage,DERIVED_PHYSICS_IMO_GHG2020_SEED42
V092,tanker,76931,13.5,76.0,529,HFO,2.66,R059,Mormugao,Kandla,221.8065,39.19,115.3394,32.9469,sea_passage,DERIVED_PHYSICS_IMO_GHG2020_SEED42
V086,tanker,66768,14.9,76.7,358,MGO,2.76,R011,JNPA,Mormugao,141.5404,24.03,96.2475,22.6642,sea_passage,DERIVED_PHYSICS_IMO_GHG2020_SEED42
V117,general_cargo,9258,12.6,84.9,276,MGO,2.08,R048,Mumbai,Kandla,21.5196,21.9,14.6334,3.4458,sea_passage,DERIVED_PHYSICS_IMO_GHG2020_SEED42
V140,passenger,1902,22.4,83.8,370,LNG,2.73,R029,Chennai,Tuticorin,26.5151,16.52,14.5833,4.1098,coastal,DERIVED_PHYSICS_IMO_GHG2020_SEED42
V149,ferry,536,20.5,66.6,313,MGO,2.43,R039,Visakhapatnam,Paradip,8.2473,15.27,5.6082,1.3206,sea_passage,DERIVED_PHYSICS_IMO_GHG2020_SEED42
V077,tanker,37083,10.8,59.1,277,HFO,3.45,R018,Kandla,Mumbai,42.0086,25.65,21.8445,6.2399,coastal,DERIVED_PHYSICS_IMO_GHG2020_SEED42
V012,bulk_carrier,58490,10.5,53.2,538,MGO,2.91,R023,Kochi,Chennai,103.6961,51.24,70.5134,16.6043,river_mouth,DERIVED_PHYSICS_IMO_GHG2020_SEED42
V075,tanker,55666,12.7,95.5,419,HFO,1.61,R053,Kochi,Mormugao,113.788,32.99,59.1698,16.902,sea_passage,DERIVED_PHYSICS_IMO_GHG2020_SEED42
V014,bulk_carrier,44373,12.0,55.0,788,LNG,3.44,R052,Port_Blair,Chennai,137.9285,65.67,75.8607,21.3789,sea_passage,DERIVED_PHYSICS_IMO_GHG2020_SEED42
V073,tanker,47233,12.8,74.9,229,MGO,1.07,R044,Kolkata_SMPK,Paradip,50.7462,17.89,34.5074,8.1257,sea_passage,DERIVED_PHYSICS_IMO_GHG2020_SEED42
V014,bulk_carrier,44373,9.8,52.8,422,LNG,1.86,R054,Mormugao,Kochi,43.4375,43.06,23.8906,6.7328,sea_passage,DERIVED_PHYSICS_IMO_GHG2020_SEED42
V073,tanker,47233,11.2,50.8,411,MGO,3.31,R058,Visakhapatnam,Kamarajar,71.3537,36.7,48.5205,11.4255,sea_passage,DERIVED_PHYSICS_IMO_GHG2020_SEED42
V095,tanker,37289,11.7,58.5,542,LNG,0.66,R024,Chennai,Kochi,63.7087,46.32,35.0398,9.8749,sea_passage,DERIVED_PHYSICS_IMO_GHG2020_SEED42
V037,bulk_carrier,41493,12.4,55.8,276,HFO,1.68,R047,Kandla,Mumbai,52.8984,22.26,27.5072,7.8575,sea_passage,DERIVED_PHYSICS_IMO_GHG2020_SEED42
V125,general_cargo,5602,9.0,50.9,286,HFO,1.58,R045,Kandla,JNPA,6.7862,31.78,3.5288,1.008,sea_passage,DERIVED_PHYSICS_IMO_GHG2020_SEED42
V071,tanker,72064,13.1,72.3,290,HFO,0.91,R046,JNPA,Kandla,94.2741,22.14,49.0225,14.0034,sea_passage,DERIVED_PHYSICS_IMO_GHG2020_SEED42
V075,tanker,55666,9.7,52.7,859,MGO,2.94,R013,Mumbai,Kochi,123.3886,88.56,83.9042,19.7576,sea_passage,DERIVED_PHYSICS_IMO_GHG2020_SEED42
V051,container_ship,9661,19.6,76.6,1190,Methanol,2.27,R005,JNPA,Chennai,488.2506,60.71,170.8877,28.1769,sea_passage,DERIVED_PHYSICS_IMO_GHG2020_SEED42
V023,bulk_carrier,58095,13.7,69.3,396,MGO,2.15,R031,Chennai,Visakhapatnam,124.2794,28.91,84.51,19.9002,river_mouth,DERIVED_PHYSICS_IMO_GHG2020_SEED42
V035,bulk_carrier,56365,10.6,77.8,290,HFO,2.54,R046,JNPA,Kandla,55.9236,27.36,29.0803,8.3068,river_mouth,DERIVED_PHYSICS_IMO_GHG2020_SEED42
V141,passenger,3808,23.1,52.7,349,LNG,2.04,R021,Mumbai,Mormugao,41.2201,15.11,22.671,6.3891,sea_passage,DERIVED_PHYSICS_IMO_GHG2020_SEED42
V143,passenger,3504,19.5,70.5,297,Hydrogen,1.86,R007,JNPA,Kandla,8.9306,15.23,28.5779,0.643,sea_passage,DERIVED_PHYSICS_IMO_GHG2020_SEED42
V082,tanker,54273,13.4,72.2,370,MGO,1.63,R029,Chennai,Tuticorin,99.5289,27.61,67.6797,15.9371,coastal,DERIVED_PHYSICS_IMO_GHG2020_SEED42
V141,passenger,3808,18.2,95.5,290,Hydrogen,2.78,R046,JNPA,Kandla,9.5485,15.93,30.5551,0.6875,sea_passage,DERIVED_PHYSICS_IMO_GHG2020_SEED42
V036,bulk_carrier,45790,9.2,55.2,18,LNG,0.63,R033,Chennai,Kamarajar,1.4111,1.96,0.7761,0.2187,sea_passage,DERIVED_PHYSICS_IMO_GHG2020_SEED42
V050,container_ship,17470,23.2,78.1,853,HFO,2.28,R037,Chennai,Kolkata_SMPK,361.2682,36.77,187.8595,53.6624,sea_passage,DERIVED_PHYSICS_IMO_GHG2020_SEED42
V020,bulk_carrier,40197,12.3,96.8,870,LNG,1.72,R004,Kochi,JNPA,125.1774,70.73,68.8475,19.4025,sea_passage,DERIVED_PHYSICS_IMO_GHG2020_SEED42
V005,bulk_carrier,47170,10.2,62.5,348,LNG,1.75,R027,Kochi,New_Mangalore,39.8678,34.12,21.9273,6.1795,sea_passage,DERIVED_PHYSICS_IMO_GHG2020_SEED42
V056,container_ship,38751,17.2,94.1,521,LNG,3.09,R060,Kandla,Mormugao,184.2437,30.29,101.3341,28.5578,river_mouth,DERIVED_PHYSICS_IMO_GHG2020_SEED42
V041,bulk_carrier,49332,12.2,73.1,528,HFO,1.82,R010,New_Mangalore,JNPA,116.1442,43.28,60.395,17.252,sea_passage,DERIVED_PHYSICS_IMO_GHG2020_SEED42
V115,general_cargo,11634,13.7,58.6,495,MGO,0.55,R042,Kolkata_SMPK,Visakhapatnam,39.2777,36.13,26.7088,6.2893,sea_passage,DERIVED_PHYSICS_IMO_GHG2020_SEED42
V016,bulk_carrier,58242,15.5,77.9,349,MGO,1.45,R021,Mumbai,Mormugao,129.5361,22.52,88.0846,20.742,sea_passage,DERIVED_PHYSICS_IMO_GHG2020_SEED42
V038,bulk_carrier,33529,13.2,64.3,1179,MGO,2.34,R015,Mumbai,Chennai,231.6657,89.32,157.5327,37.0955,sea_passage,DERIVED_PHYSICS_IMO_GHG2020_SEED42
V087,tanker,28073,13.9,85.4,1181,HFO,1.48,R016,Chennai,Mumbai,239.121,84.96,124.3429,35.5188,sea_passage,DERIVED_PHYSICS_IMO_GHG2020_SEED42
V097,tanker,25705,13.6,64.8,229,MGO,1.86,R044,Kolkata_SMPK,Paradip,36.9183,16.84,25.1044,5.9115,sea_passage,DERIVED_PHYSICS_IMO_GHG2020_SEED42
V077,tanker,37083,14.0,60.9,176,MGO,1.74,R056,Mormugao,New_Mangalore,34.9006,12.57,23.7324,5.5885,sea_passage,DERIVED_PHYSICS_IMO_GHG2020_SEED42
V090,tanker,33954,11.8,68.9,419,HFO,2.21,R057,Kamarajar,Visakhapatnam,71.6443,35.51,37.255,10.642,coastal,DERIVED_PHYSICS_IMO_GHG2020_SEED42
V077,tanker,37083,13.3,50.5,761,LNG,2.75,R049,Tuticorin,Port_Blair,139.4702,57.22,76.7086,21.6179,sea_passage,DERIVED_PHYSICS_IMO_GHG2020_SEED42
V045,container_ship,12017,21.8,86.9,507,LNG,1.12,R019,Mumbai,New_Mangalore,106.1581,23.26,58.387,16.4545,coastal,DERIVED_PHYSICS_IMO_GHG2020_SEED42
V034,bulk_carrier,62925,15.2,74.5,217,HFO,3.11,R043,Paradip,Kolkata_SMPK,99.2645,14.28,51.6175,14.7446,sea_passage,DERIVED_PHYSICS_IMO_GHG2020_SEED42
V006,bulk_carrier,66381,10.4,56.9,396,MGO,2.63,R031,Chennai,Visakhapatnam,78.0028,38.08,53.0419,12.4902,sea_passage,DERIVED_PHYSICS_IMO_GHG2020_SEED42
V091,tanker,39649,10.6,61.2,18,LNG,1.1,R033,Chennai,Kamarajar,1.9372,1.7,1.0654,0.3003,river_mouth,DERIVED_PHYSICS_IMO_GHG2020_SEED42
V050,container_ship,17470,22.2,56.6,311,Methanol,0.92,R040,Paradip,Visakhapatnam,199.3697,14.01,69.7794,11.5056,sea_passage,DERIVED_PHYSICS_IMO_GHG2020_SEED42
V092,tanker,76931,16.4,67.9,345,MGO,2.15,R028,New_Mangalore,Kochi,175.2224,21.04,119.1512,28.0575,coastal,DERIVED_PHYSICS_IMO_GHG2020_SEED42
V070,container_ship,16607,17.4,56.6,859,LNG,2.34,R013,Mumbai,Kochi,142.418,49.37,78.3299,22.0748,sea_passage,DERIVED_PHYSICS_IMO_GHG2020_SEED42
V039,bulk_carrier,42343,15.0,62.9,876,MGO,3.09,R003,JNPA,Kochi,249.9251,58.4,169.9491,40.0193,river_mouth,DERIVED_PHYSICS_IMO_GHG2020_SEED42
V049,container_ship,19734,20.6,70.7,505,LNG,2.95,R020,New_Mangalore,Mumbai,157.1913,24.51,86.4552,24.3647,sea_passage,DERIVED_PHYSICS_IMO_GHG2020_SEED42
V082,tanker,54273,13.9,73.1,348,LNG,1.0,R027,Kochi,New_Mangalore,82.8583,25.04,45.5721,12.843,sea_passage,DERIVED_PHYSICS_IMO_GHG2020_SEED42
V036,bulk_carrier,45790,11.4,78.1,850,HFO,1.4,R014,Kochi,Mumbai,157.7232,74.56,82.016,23.428,sea_passage,DERIVED_PHYSICS_IMO_GHG2020_SEED42
V130,general_cargo,15643,9.5,81.4,850,MGO,2.76,R014,Kochi,Mumbai,56.8218,89.47,38.6388,9.0986,sea_passage,DERIVED_PHYSICS_IMO_GHG2020_SEED42
V125,general_cargo,5602,11.6,65.1,529,MGO,2.62,R059,Mormugao,Kandla,22.7189,45.6,15.4488,3.6379,sea_passage,DERIVED_PHYSICS_IMO_GHG2020_SEED42
V102,tanker,47959,13.9,63.0,277,LNG,0.96,R018,Kandla,Mumbai,56.0894,19.93,30.8492,8.6939,sea_passage,DERIVED_PHYSICS_IMO_GHG2020_SEED42
V144,passenger,4545,20.4,83.8,183,MGO,3.08,R026,Tuticorin,Kochi,23.5625,8.97,16.0225,3.773,sea_passage,DERIVED_PHYSICS_IMO_GHG2020_SEED42
V093,tanker,39701,11.2,72.2,1181,LNG,0.88,R016,Chennai,Mumbai,133.5163,105.45,73.4339,20.695,sea_passage,DERIVED_PHYSICS_IMO_GHG2020_SEED42
V130,general_cargo,15643,9.9,61.4,406,MGO,3.07,R032,Visakhapatnam,Chennai,29.2852,41.01,19.9139,4.6893,sea_passage,DERIVED_PHYSICS_IMO_GHG2020_SEED42
V118,general_cargo,14985,13.1,82.9,850,MGO,0.71,R014,Kochi,Mumbai,84.3778,64.89,57.3769,13.511,sea_passage,DERIVED_PHYSICS_IMO_GHG2020_SEED42
V054,container_ship,21825,13.1,85.3,528,HFO,2.71,R010,New_Mangalore,JNPA,98.7272,40.31,51.3382,14.6648,sea_passage,DERIVED_PHYSICS_IMO_GHG2020_SEED42
V012,bulk_carrier,58490,12.5,79.9,419,LNG,2.61,R053,Kochi,Mormugao,106.588,33.52,58.6234,16.5211,sea_passage,DERIVED_PHYSICS_IMO_GHG2020_SEED42
V012,bulk_carrier,58490,10.4,82.6,286,MGO,0.77,R045,Kandla,JNPA,42.605,27.5,28.9714,6.8221,sea_passage,DERIVED_PHYSICS_IMO_GHG2020_SEED42
V009,bulk_carrier,32714,14.6,54.4,313,LNG,1.77,R039,Visakhapatnam,Paradip,56.6466,21.44,31.1556,8.7802,coastal,DERIVED_PHYSICS_IMO_GHG2020_SEED42
V019,bulk_carrier,63249,12.6,55.3,505,HFO,2.85,R020,New_Mangalore,Mumbai,147.9561,40.08,76.9372,21.9773,sea_passage,DERIVED_PHYSICS_IMO_GHG2020_SEED42
V073,tanker,47233,10.6,67.6,169,HFO,0.66,R055,New_Mangalore,Mormugao,23.3494,15.94,12.1417,3.4683,sea_passage,DERIVED_PHYSICS_IMO_GHG2020_SEED42
V120,general_cargo,16651,10.8,81.5,189,MGO,1.22,R025,Kochi,Tuticorin,14.5182,17.5,9.8724,2.3247,coastal,DERIVED_PHYSICS_IMO_GHG2020_SEED42
V025,bulk_carrier,26135,12.0,82.2,491,LNG,2.71,R041,Visakhapatnam,Kolkata_SMPK,59.5909,40.92,32.775,9.2366,river_mouth,DERIVED_PHYSICS_IMO_GHG2020_SEED42
V094,tanker,68263,15.2,86.8,290,HFO,1.21,R008,Kandla,JNPA,127.439,19.08,66.2683,18.9297,river_mouth,DERIVED_PHYSICS_IMO_GHG2020_SEED42
V075,tanker,55666,9.7,71.3,505,MGO,2.29,R020,New_Mangalore,Mumbai,80.4506,52.06,54.7064,12.8821,sea_passage,DERIVED_PHYSICS_IMO_GHG2020_SEED42
V060,container_ship,33073,17.4,76.9,406,Methanol,3.33,R032,Visakhapatnam,Chennai,315.0166,23.33,110.2558,18.1796,sea_passage,DERIVED_PHYSICS_IMO_GHG2020_SEED42
V065,container_ship,18598,17.1,71.8,850,LNG,2.31,R014,Kochi,Mumbai,175.6574,49.71,96.6116,27.2269,sea_passage,DERIVED_PHYSICS_IMO_GHG2020_SEED42
V025,bulk_carrier,26135,11.5,81.5,797,HFO,2.24,R051,Chennai,Port_Blair,119.8705,69.3,62.3326,17.8054,coastal,DERIVED_PHYSICS_IMO_GHG2020_SEED42
V119,general_cargo,18455,12.3,97.6,349,MGO,3.05,R021,Mumbai,Mormugao,50.0332,28.37,34.0226,8.0116,sea_passage,DERIVED_PHYSICS_IMO_GHG2020_SEED42
V071,tanker,72064,11.3,78.2,276,MGO,0.98,R047,Kandla,Mumbai,63.4384,24.42,43.1381,10.1581,coastal,DERIVED_PHYSICS_IMO_GHG2020_SEED42
V118,general_cargo,14985,12.2,97.5,419,HFO,2.75,R053,Kochi,Mormugao,48.2275,34.34,25.0783,7.1637,sea_passage,DERIVED_PHYSICS_IMO_GHG2020_SEED42
V066,container_ship,31457,12.0,92.2,169,HFO,0.39,R055,New_Mangalore,Mormugao,25.9455,14.08,13.4916,3.8539,sea_passage,DERIVED_PHYSICS_IMO_GHG2020_SEED42
V104,tanker,27184,12.9,95.0,290,LNG,2.43,R008,Kandla,JNPA,47.5373,22.48,26.1455,7.3683,sea_passage,DERIVED_PHYSICS_IMO_GHG2020_SEED42
V084,tanker,23117,14.1,95.6,290,LNG,2.79,R008,Kandla,JNPA,52.8713,20.57,29.0792,8.195,sea_passage,DERIVED_PHYSICS_IMO_GHG2020_SEED42
V081,tanker,22608,12.8,97.0,229,LNG,2.45,R044,Kolkata_SMPK,Paradip,30.0154,17.89,16.5085,4.6524,river_mouth,DERIVED_PHYSICS_IMO_GHG2020_SEED42
V085,tanker,70614,14.7,80.5,797,LNG,0.99,R051,Chennai,Port_Blair,253.5378,54.22,139.4458,39.2984,sea_passage,DERIVED_PHYSICS_IMO_GHG2020_SEED42
V065,container_ship,18598,22.2,76.2,495,MGO,2.98,R042,Kolkata_SMPK,Visakhapatnam,199.5986,22.3,135.727,31.9607,sea_passage,DERIVED_PHYSICS_IMO_GHG2020_SEED42
V080,tanker,50271,16.2,70.1,1181,MGO,2.16,R016,Chennai,Mumbai,458.791,72.9,311.9779,73.4639,sea_passage,DERIVED_PHYSICS_IMO_GHG2020_SEED42
V140,passenger,1902,18.9,63.3,761,MGO,2.11,R049,Tuticorin,Port_Blair,43.0747,40.26,29.2908,6.8973,sea_passage,DERIVED_PHYSICS_IMO_GHG2020_SEED42
V060,container_ship,33073,14.6,73.3,1179,Methanol,1.98,R015,Mumbai,Chennai,552.7027,80.75,193.446,31.8965,sea_passage,DERIVED_PHYSICS_IMO_GHG2020_SEED42
V073,tanker,47233,11.6,95.0,277,HFO,1.94,R018,Kandla,Mumbai,56.586,23.88,29.4247,8.4052,sea_passage,DERIVED_PHYSICS_IMO_GHG2020_SEED42
V087,tanker,28073,14.5,58.8,24,HFO,3.4,R001,JNPA,Mumbai,6.212,1.66,3.2302,0.9227,sea_passage,DERIVED_PHYSICS_IMO_GHG2020_SEED42
V004,bulk_carrier,71338,12.4,85.6,364,MGO,0.52,R030,Tuticorin,Chennai,92.7132,29.35,63.045,14.8457,river_mouth,DERIVED_PHYSICS_IMO_GHG2020_SEED42
V083,tanker,42416,11.4,54.9,183,LNG,2.28,R026,Tuticorin,Kochi,25.3049,16.05,13.9177,3.9223,sea_passage,DERIVED_PHYSICS_IMO_GHG2020_SEED42
V063,container_ship,12578,24.2,53.0,538,MGO,0.93,R023,Kochi,Chennai,166.4638,22.23,113.1954,26.655,sea_passage,DERIVED_PHYSICS_IMO_GHG2020_SEED42
V004,bulk_carrier,71338,12.3,90.8,297,LNG,0.82,R007,JNPA,Kandla,67.5269,24.15,37.1398,10.4667,river_mouth,DERIVED_PHYSICS_IMO_GHG2020_SEED42
V004,bulk_carrier,71338,12.8,93.0,692,HFO,2.58,R035,Chennai,Paradip,232.1943,54.06,120.741,34.4899,sea_passage,DERIVED_PHYSICS_IMO_GHG2020_SEED42
V058,container_ship,36763,20.8,91.5,1190,HFO,2.17,R005,JNPA,Chennai,687.921,57.21,357.7189,102.1831,sea_passage,DERIVED_PHYSICS_IMO_GHG2020_SEED42
V106,general_cargo,10004,16.3,53.4,313,HFO,1.36,R039,Visakhapatnam,Paradip,37.9131,19.2,19.7148,5.6316,river_mouth,DERIVED_PHYSICS_IMO_GHG2020_SEED42
V080,tanker,50271,12.3,80.6,290,MGO,1.9,R046,JNPA,Kandla,65.6711,23.58,44.6563,10.5156,coastal,DERIVED_PHYSICS_IMO_GHG2020_SEED42
V018,bulk_carrier,58420,13.2,50.3,505,MGO,3.37,R020,New_Mangalore,Mumbai,152.2981,38.26,103.5627,24.3867,sea_passage,DERIVED_PHYSICS_IMO_GHG2020_SEED42
V035,bulk_carrier,56365,10.7,78.5,542,MGO,1.3,R024,Chennai,Kochi,97.5067,50.65,66.3046,15.6133,river_mouth,DERIVED_PHYSICS_IMO_GHG2020_SEED42
V125,general_cargo,5602,10.5,70.7,797,HFO,1.24,R051,Chennai,Port_Blair,31.9684,75.9,16.6236,4.7486,sea_passage,DERIVED_PHYSICS_IMO_GHG2020_SEED42
V109,general_cargo,10749,15.0,59.2,419,MGO,3.05,R053,Kochi,Mormugao,53.0166,27.93,36.0513,8.4893,coastal,DERIVED_PHYSICS_IMO_GHG2020_SEED42
V012,bulk_carrier,58490,9.9,98.2,528,HFO,1.26,R010,New_Mangalore,JNPA,81.737,53.33,42.5032,12.1411,coastal,DERIVED_PHYSICS_IMO_GHG2020_SEED42
V071,tanker,72064,12.7,79.7,290,HFO,0.52,R046,JNPA,Kandla,86.6111,22.83,45.0378,12.8651,sea_passage,DERIVED_PHYSICS_IMO_GHG2020_SEED42
V056,container_ship,38751,14.6,77.9,761,HFO,2.63,R049,Tuticorin,Port_Blair,235.6403,52.12,122.533,35.0018,sea_passage,DERIVED_PHYSICS_IMO_GHG2020_SEED42
V102,tanker,47959,12.4,52.6,348,LNG,2.16,R027,Kochi,New_Mangalore,61.2532,28.06,33.6893,9.4942,coastal,DERIVED_PHYSICS_IMO_GHG2020_SEED42
V141,passenger,3808,17.5,53.0,276,MGO,1.21,R048,Mumbai,Kandla,18.8695,15.77,12.8313,3.0215,sea_passage,DERIVED_PHYSICS_IMO_GHG2020_SEED42
V060,container_ship,33073,17.7,67.6,1181,Methanol,0.49,R016,Chennai,Mumbai,704.0807,66.72,246.4282,40.6325,coastal,DERIVED_PHYSICS_IMO_GHG2020_SEED42
V061,container_ship,33687,14.9,54.2,507,LNG,1.83,R019,Mumbai,New_Mangalore,101.9422,34.03,56.0682,15.801,sea_passage,DERIVED_PHYSICS_IMO_GHG2020_SEED42
V105,tanker,59471,15.2,75.6,370,HFO,2.7,R029,Chennai,Tuticorin,157.5707,24.34,81.9368,23.4054,sea_passage,DERIVED_PHYSICS_IMO_GHG2020_SEED42
V069,container_ship,8659,16.9,51.1,406,HFO,2.03,R032,Visakhapatnam,Chennai,44.8562,24.02,23.3252,6.6629,sea_passage,DERIVED_PHYSICS_IMO_GHG2020_SEED42
V072,tanker,45552,14.7,87.7,505,HFO,0.98,R020,New_Mangalore,Mumbai,155.9384,34.35,81.088,23.1629,sea_passage,DERIVED_PHYSICS_IMO_GHG2020_SEED42
V044,container_ship,41157,12.4,93.1,507,Methanol,0.48,R019,Mumbai,New_Mangalore,194.5333,40.89,68.0866,11.2265,coastal,DERIVED_PHYSICS_IMO_GHG2020_SEED42
V026,bulk_carrier,33063,10.2,50.8,856,LNG,3.12,R038,Kolkata_SMPK,Chennai,82.4951,83.92,45.3723,12.7867,sea_passage,DERIVED_PHYSICS_IMO_GHG2020_SEED42
V108,general_cargo,7216,12.2,67.1,761,HFO,1.23,R049,Tuticorin,Port_Blair,43.1772,62.38,22.4522,6.4135,coastal,DERIVED_PHYSICS_IMO_GHG2020_SEED42
V020,bulk_carrier,40197,11.5,66.5,1179,MGO,0.89,R015,Mumbai,Chennai,165.096,102.52,112.2653,26.436,sea_passage,DERIVED_PHYSICS_IMO_GHG2020_SEED42
V088,tanker,47767,13.4,51.9,419,LNG,2.58,R053,Kochi,Mormugao,88.2153,31.27,48.5184,13.6734,sea_passage,DERIVED_PHYSICS_IMO_GHG2020_SEED42
V025,bulk_carrier,26135,9.6,55.9,528,MGO,0.97,R010,New_Mangalore,JNPA,35.127,55.0,23.8864,5.6247,sea_passage,DERIVED_PHYSICS_IMO_GHG2020_SEED42
V118,general_cargo,14985,15.2,93.5,290,MGO,2.59,R046,JNPA,Kandla,52.1586,19.08,35.4679,8.3519,sea_passage,DERIVED_PHYSICS_IMO_GHG2020_SEED42
V128,general_cargo,15648,14.1,58.1,406,HFO,3.34,R032,Visakhapatnam,Chennai,60.5414,28.79,31.4815,8.9928,sea_passage,DERIVED_PHYSICS_IMO_GHG2020_SEED42
V002,bulk_carrier,29708,15.2,61.7,529,LNG,0.9,R059,Mormugao,Kandla,90.3375,34.8,49.6856,14.0023,sea_passage,DERIVED_PHYSICS_IMO_GHG2020_SEED42
V114,general_cargo,17380,9.4,69.4,18,HFO,1.05,R033,Chennai,Kamarajar,1.0691,1.91,0.5559,0.1588,sea_passage,DERIVED_PHYSICS_IMO_GHG2020_SEED42
V062,container_ship,34470,15.9,62.3,348,MGO,1.2,R027,Kochi,New_Mangalore,79.8115,21.89,54.2719,12.7798,coastal,DERIVED_PHYSICS_IMO_GHG2020_SEED42
V146,ferry,1735,11.3,50.1,347,LNG,2.24,R022,Mormugao,Mumbai,5.6921,30.71,3.1306,0.8823,sea_passage,DERIVED_PHYSICS_IMO_GHG2020_SEED42
V076,tanker,28632,15.7,52.2,411,HFO,1.64,R058,Visakhapatnam,Kamarajar,85.313,26.18,44.3628,12.6723,sea_passage,DERIVED_PHYSICS_IMO_GHG2020_SEED42
V132,ro_ro,8727,17.2,63.0,176,LNG,2.79,R056,Mormugao,New_Mangalore,20.6374,10.23,11.3506,3.1988,sea_passage,DERIVED_PHYSICS_IMO_GHG2020_SEED42
V054,container_ship,21825,15.2,95.9,349,LNG,0.33,R021,Mumbai,Mormugao,54.822,22.96,30.1521,8.4974,sea_passage,DERIVED_PHYSICS_IMO_GHG2020_SEED42
V004,bulk_carrier,71338,12.3,71.7,521,MGO,3.4,R060,Kandla,Mormugao,168.2323,42.36,114.3979,26.9382,sea_passage,DERIVED_PHYSICS_IMO_GHG2020_SEED42
V007,bulk_carrier,42726,16.7,62.8,406,MGO,2.49,R032,Visakhapatnam,Chennai,153.8231,24.31,104.5997,24.6309,coastal,DERIVED_PHYSICS_IMO_GHG2020_SEED42
V001,bulk_carrier,63697,13.0,81.3,761,MGO,1.7,R049,Tuticorin,Port_Blair,208.3894,58.54,141.7048,33.3684,sea_passage,DERIVED_PHYSICS_IMO_GHG2020_SEED42
V112,general_cargo,17758,11.3,81.5,17,HFO,0.91,R034,Kamarajar,Chennai,1.4566,1.5,0.7574,0.2164,sea_passage,DERIVED_PHYSICS_IMO_GHG2020_SEED42
V044,container_ship,41157,16.1,94.3,856,MGO,2.51,R038,Kolkata_SMPK,Chennai,333.1038,53.17,226.5106,53.3383,sea_passage,DERIVED_PHYSICS_IMO_GHG2020_SEED42
V008,bulk_carrier,34731,13.4,95.4,22,MGO,2.33,R002,Mumbai,JNPA,4.8213,1.64,3.2785,0.772,sea_passage,DERIVED_PHYSICS_IMO_GHG2020_SEED42
V057,container_ship,30177,19.6,52.8,1196,MGO,0.37,R006,Chennai,JNPA,406.2141,61.02,276.2256,65.045,sea_passage,DERIVED_PHYSICS_IMO_GHG2020_SEED42
V065,container_ship,18598,18.4,94.6,505,MGO,0.96,R020,New_Mangalore,Mumbai,126.8058,27.45,86.2279,20.3048,coastal,DERIVED_PHYSICS_IMO_GHG2020_SEED42
V028,bulk_carrier,56514,13.3,89.7,358,HFO,1.76,R011,JNPA,Mormugao,121.0603,26.92,62.9513,17.9822,coastal,DERIVED_PHYSICS_IMO_GHG2020_SEED42
V115,general_cargo,11634,11.2,83.5,229,MGO,0.81,R044,Kolkata_SMPK,Paradip,14.1615,20.45,9.6298,2.2676,sea_passage,DERIVED_PHYSICS_IMO_GHG2020_SEED42
V071,tanker,72064,12.8,61.4,176,HFO,1.45,R056,Mormugao,New_Mangalore,52.224,13.75,27.1565,7.7573,river_mouth,DERIVED_PHYSICS_IMO_GHG2020_SEED42
V084,tanker,23117,11.8,58.4,1190,MGO,2.56,R005,JNPA,Chennai,133.3337,100.85,90.6669,21.3501,sea_passage,DERIVED_PHYSICS_IMO_GHG2020_SEED42
V026,bulk_carrier,33063,14.0,62.9,313,LNG,1.85,R039,Visakhapatnam,Paradip,52.5226,22.36,28.8874,8.141,river_mouth,DERIVED_PHYSICS_IMO_GHG2020_SEED42
V019,bulk_carrier,63249,14.2,75.3,349,MGO,3.47,R021,Mumbai,Mormugao,125.6094,24.58,85.4144,20.1132,coastal,DERIVED_PHYSICS_IMO_GHG2020_SEED42
V027,bulk_carrier,59816,13.7,84.3,364,MGO,0.91,R030,Tuticorin,Chennai,100.9903,26.57,68.6734,16.1711,sea_passage,DERIVED_PHYSICS_IMO_GHG2020_SEED42
V017,bulk_carrier,47945,14.3,70.1,348,LNG,2.05,R027,Kochi,New_Mangalore,85.5475,24.34,47.0512,13.2599,sea_passage,DERIVED_PHYSICS_IMO_GHG2020_SEED42
V024,bulk_carrier,45319,13.6,68.8,876,LNG,0.54,R003,JNPA,Kochi,156.8275,64.41,86.2551,24.3083,river_mouth,DERIVED_PHYSICS_IMO_GHG2020_SEED42
V072,tanker,45552,14.2,82.2,347,MGO,3.23,R022,Mormugao,Mumbai,108.6051,24.44,73.8515,17.3904,sea_passage,DERIVED_PHYSICS_IMO_GHG2020_SEED42
V035,bulk_carrier,56365,10.9,65.6,859,LNG,3.13,R013,Mumbai,Kochi,153.9795,78.81,84.6887,23.8668,sea_passage,DERIVED_PHYSICS_IMO_GHG2020_SEED42
V014,bulk_carrier,44373,13.1,54.4,491,MGO,2.35,R041,Visakhapatnam,Kolkata_SMPK,109.969,37.48,74.7789,17.6088,sea_passage,DERIVED_PHYSICS_IMO_GHG2020_SEED42
V048,container_ship,21724,19.4,87.8,345,MGO,3.14,R028,New_Mangalore,Kochi,122.4686,17.78,83.2787,19.6103,sea_passage,DERIVED_PHYSICS_IMO_GHG2020_SEED42
V136,ro_ro,4206,13.8,80.8,788,HFO,2.57,R052,Port_Blair,Chennai,47.813,57.1,24.8628,7.1021,sea_passage,DERIVED_PHYSICS_IMO_GHG2020_SEED42
V073,tanker,47233,11.5,84.0,859,HFO,3.32,R013,Mumbai,Kochi,185.2301,74.7,96.3197,27.5139,sea_passage,DERIVED_PHYSICS_IMO_GHG2020_SEED42
V121,general_cargo,14844,10.0,69.9,1190,HFO,0.52,R005,JNPA,Chennai,71.3455,119.0,37.0997,10.5976,sea_passage,DERIVED_PHYSICS_IMO_GHG2020_SEED42
V079,tanker,55468,14.5,81.8,757,HFO,1.96,R050,Port_Blair,Tuticorin,275.228,52.21,143.1185,40.8821,sea_passage,DERIVED_PHYSICS_IMO_GHG2020_SEED42
V050,container_ship,17470,16.5,57.4,797,LNG,1.0,R051,Chennai,Port_Blair,118.8451,48.3,65.3648,18.421,river_mouth,DERIVED_PHYSICS_IMO_GHG2020_SEED42
V024,bulk_carrier,45319,14.0,83.4,507,HFO,2.22,R019,Mumbai,New_Mangalore,146.4852,36.21,76.1723,21.7588,sea_passage,DERIVED_PHYSICS_IMO_GHG2020_SEED42
V062,container_ship,34470,22.8,87.8,788,Methanol,1.05,R052,Port_Blair,Chennai,940.0789,34.56,329.0276,54.252,coastal,DERIVED_PHYSICS_IMO_GHG2020_SEED42
V085,tanker,70614,13.9,74.2,277,HFO,1.29,R018,Kandla,Mumbai,96.0658,19.93,49.9542,14.2695,sea_passage,DERIVED_PHYSICS_IMO_GHG2020_SEED42
V142,passenger,4149,16.7,70.8,286,Hydrogen,1.81,R045,Kandla,JNPA,7.5657,17.13,24.2102,0.5447,sea_passage,DERIVED_PHYSICS_IMO_GHG2020_SEED42
V035,bulk_carrier,56365,12.3,89.8,169,HFO,1.84,R055,New_Mangalore,Mormugao,43.0702,13.74,22.3965,6.3976,sea_passage,DERIVED_PHYSICS_IMO_GHG2020_SEED42
V057,container_ship,30177,16.2,96.5,359,MGO,1.16,R012,Mormugao,JNPA,90.935,22.16,61.8358,14.561,sea_passage,DERIVED_PHYSICS_IMO_GHG2020_SEED42
V005,bulk_carrier,47170,12.4,84.3,507,LNG,3.04,R019,Mumbai,New_Mangalore,103.4957,40.89,56.9226,16.0418,sea_passage,DERIVED_PHYSICS_IMO_GHG2020_SEED42
V102,tanker,47959,15.7,72.8,347,MGO,2.97,R022,Mormugao,Mumbai,145.4926,22.1,98.935,23.297,sea_passage,DERIVED_PHYSICS_IMO_GHG2020_SEED42
V012,bulk_carrier,58490,11.1,82.1,290,HFO,1.11,R008,Kandla,JNPA,54.9321,26.13,28.5647,8.1596,sea_passage,DERIVED_PHYSICS_IMO_GHG2020_SEED42
V009,bulk_carrier,32714,11.6,99.4,538,LNG,0.75,R023,Kochi,Chennai,63.7419,46.38,35.058,9.88,sea_passage,DERIVED_PHYSICS_IMO_GHG2020_SEED42
V009,bulk_carrier,32714,12.7,78.0,528,LNG,2.54,R010,New_Mangalore,JNPA,82.679,41.57,45.4734,12.8152,river_mouth,DERIVED_PHYSICS_IMO_GHG2020_SEED42
V003,bulk_carrier,64303,12.5,66.2,406,LNG,2.63,R032,Visakhapatnam,Chennai,92.0023,32.48,50.6013,14.2604,sea_passage,DERIVED_PHYSICS_IMO_GHG2020_SEED42
V027,bulk_carrier,59816,11.9,75.3,229,MGO,1.82,R044,Kolkata_SMPK,Paradip,52.1163,19.24,35.4391,8.3451,river_mouth,DERIVED_PHYSICS_IMO_GHG2020_SEED42
V139,passenger,2268,14.0,67.9,290,LNG,0.54,R008,Kandla,JNPA,7.3924,20.71,4.0658,1.1458,river_mouth,DERIVED_PHYSICS_IMO_GHG2020_SEED42
V025,bulk_carrier,26135,9.6,71.3,1196,MGO,1.24,R006,Chennai,JNPA,96.4501,124.58,65.5861,15.4441,river_mouth,DERIVED_PHYSICS_IMO_GHG2020_SEED42
V013,bulk_carrier,60013,12.5,70.3,528,HFO,2.49,R010,New_Mangalore,JNPA,149.652,42.24,77.819,22.2292,coastal,DERIVED_PHYSICS_IMO_GHG2020_SEED42
V074,tanker,68994,12.8,54.2,406,LNG,2.65,R032,Visakhapatnam,Chennai,95.8148,31.72,52.6982,14.8513,sea_passage,DERIVED_PHYSICS_IMO_GHG2020_SEED42
V103,tanker,67954,11.5,58.1,22,MGO,2.66,R002,Mumbai,JNPA,5.035,1.91,3.4238,0.8062,river_mouth,DERIVED_PHYSICS_IMO_GHG2020_SEED42
V027,bulk_carrier,59816,10.8,88.5,290,MGO,2.7,R008,Kandla,JNPA,63.1493,26.85,42.9416,10.1118,coastal,DERIVED_PHYSICS_IMO_GHG2020_SEED42
V123,general_cargo,17741,9.9,60.8,169,HFO,0.7,R055,New_Mangalore,Mormugao,10.5403,17.07,5.481,1.5657,sea_passage,DERIVED_PHYSICS_IMO_GHG2020_SEED42
V016,bulk_carrier,58242,14.9,62.5,507,MGO,2.49,R019,Mumbai,New_Mangalore,183.1324,34.03,124.5301,29.3241,sea_passage,DERIVED_PHYSICS_IMO_GHG2020_SEED42
V123,general_cargo,17741,10.9,97.7,1179,HFO,3.32,R015,Mumbai,Chennai,135.6204,108.17,70.5226,20.1449,sea_passage,DERIVED_PHYSICS_IMO_GHG2020_SEED42
V146,ferry,1735,12.9,66.1,419,Hydrogen,3.27,R053,Kochi,Mormugao,4.1572,32.48,13.3031,0.2993,sea_passage,DERIVED_PHYSICS_IMO_GHG2020_SEED42
V069,container_ship,8659,17.7,84.7,411,HFO,0.73,R058,Visakhapatnam,Kamarajar,55.0259,23.22,28.6135,8.1735,sea_passage,DERIVED_PHYSICS_IMO_GHG2020_SEED42
V101,tanker,56969,10.5,63.9,422,MGO,0.84,R054,Mormugao,Kochi,65.8637,40.19,44.7873,10.5464,sea_passage,DERIVED_PHYSICS_IMO_GHG2020_SEED42
V133,ro_ro,11514,15.4,98.4,495,MGO,3.48,R042,Kolkata_SMPK,Visakhapatnam,76.5415,32.14,52.0482,12.2562,coastal,DERIVED_PHYSICS_IMO_GHG2020_SEED42
V024,bulk_carrier,45319,15.0,72.5,856,HFO,0.49,R038,Kolkata_SMPK,Chennai,255.4395,57.07,132.8285,37.9427,sea_passage,DERIVED_PHYSICS_IMO_GHG2020_SEED42
V103,tanker,67954,11.9,66.5,518,LNG,0.49,R009,JNPA,New_Mangalore,91.2916,43.53,50.2104,14.1502,sea_passage,DERIVED_PHYSICS_IMO_GHG2020_SEED42
V065,container_ship,18598,21.4,63.8,859,Methanol,1.82,R013,Mumbai,Kochi,649.5172,40.14,227.331,37.4836,sea_passage,DERIVED_PHYSICS_IMO_GHG2020_SEED42
V139,passenger,2268,18.4,54.1,419,MGO,2.92,R057,Kamarajar,Visakhapatnam,27.222,22.77,18.511,4.3589,river_mouth,DERIVED_PHYSICS_IMO_GHG2020_SEED42
V058,container_ship,36763,21.3,53.5,286,HFO,0.54,R045,Kandla,JNPA,127.606,13.43,66.3551,18.9545,sea_passage,DERIVED_PHYSICS_IMO_GHG2020_SEED42
V116,general_cargo,6658,16.6,58.8,856,MGO,2.02,R038,Kolkata_SMPK,Chennai,87.8635,51.57,59.7472,14.0691,sea_passage,DERIVED_PHYSICS_IMO_GHG2020_SEED42
V009,bulk_carrier,32714,11.7,61.3,18,MGO,1.9,R033,Chennai,Kamarajar,2.5788,1.54,1.7536,0.4129,sea_passage,DERIVED_PHYSICS_IMO_GHG2020_SEED42
V124,general_cargo,16581,11.1,84.3,856,HFO,0.99,R038,Kolkata_SMPK,Chennai,77.1562,77.12,40.1212,11.4607,sea_passage,DERIVED_PHYSICS_IMO_GHG2020_SEED42
V104,tanker,27184,12.4,60.4,358,HFO,2.23,R011,JNPA,Mormugao,54.6124,28.87,28.3985,8.1121,coastal,DERIVED_PHYSICS_IMO_GHG2020_SEED42
V072,tanker,45552,16.3,56.2,282,LNG,1.87,R017,Mumbai,Kandla,78.7769,17.3,43.3273,12.2104,coastal,DERIVED_PHYSICS_IMO_GHG2020_SEED42
V136,ro_ro,4206,15.8,92.9,347,MGO,1.55,R022,Mormugao,Mumbai,22.648,21.96,15.4006,3.6265,sea_passage,DERIVED_PHYSICS_IMO_GHG2020_SEED42
V039,bulk_carrier,42343,14.7,89.6,297,HFO,1.55,R007,JNPA,Kandla,88.1746,20.2,45.8508,13.0974,sea_passage,DERIVED_PHYSICS_IMO_GHG2020_SEED42
V141,passenger,3808,18.3,96.7,282,Hydrogen,2.74,R017,Mumbai,Kandla,10.6617,15.41,34.1173,0.7676,sea_passage,DERIVED_PHYSICS_IMO_GHG2020_SEED42
V107,general_cargo,9058,11.5,62.0,24,MGO,1.18,R001,JNPA,Mumbai,1.2891,2.09,0.8766,0.2064,sea_passage,DERIVED_PHYSICS_IMO_GHG2020_SEED42
V063,container_ship,12578,17.7,56.7,1190,HFO,2.01,R005,JNPA,Chennai,217.2521,67.23,112.9711,32.2704,coastal,DERIVED_PHYSICS_IMO_GHG2020_SEED42
V125,general_cargo,5602,11.6,60.1,348,MGO,2.13,R027,Kochi,New_Mangalore,14.9023,30.0,10.1336,2.3862,sea_passage,DERIVED_PHYSICS_IMO_GHG2020_SEED42
V031,bulk_carrier,60844,14.1,54.8,345,LNG,1.19,R028,New_Mangalore,Kochi,84.0775,24.47,46.2426,13.032,coastal,DERIVED_PHYSICS_IMO_GHG2020_SEED42
V013,bulk_carrier,60013,11.6,97.8,282,HFO,2.95,R017,Mumbai,Kandla,78.4218,24.31,40.7793,11.6487,sea_passage,DERIVED_PHYSICS_IMO_GHG2020_SEED42
V002,bulk_carrier,29708,15.7,99.2,22,HFO,3.11,R002,Mumbai,JNPA,6.8035,1.4,3.5378,1.0106,sea_passage,DERIVED_PHYSICS_IMO_GHG2020_SEED42
V107,general_cargo,9058,11.7,75.7,169,HFO,1.77,R055,New_Mangalore,Mormugao,11.0022,14.44,5.7211,1.6343,sea_passage,DERIVED_PHYSICS_IMO_GHG2020_SEED42
V095,tanker,37289,11.6,65.6,859,HFO,2.43,R013,Mumbai,Kochi,131.3386,74.05,68.2961,19.5089,sea_passage,DERIVED_PHYSICS_IMO_GHG2020_SEED42
V098,tanker,28244,16.2,71.1,24,HFO,1.71,R001,JNPA,Mumbai,6.2611,1.48,3.2558,0.93,sea_passage,DERIVED_PHYSICS_IMO_GHG2020_SEED42
V050,container_ship,17470,22.6,63.2,297,MGO,3.04,R007,JNPA,Kandla,115.8624,13.14,78.7864,18.5525,sea_passage,DERIVED_PHYSICS_IMO_GHG2020_SEED42
V114,general_cargo,17380,13.3,86.9,411,MGO,2.14,R058,Visakhapatnam,Kamarajar,59.4102,30.9,40.399,9.5131,sea_passage,DERIVED_PHYSICS_IMO_GHG2020_SEED42
V107,general_cargo,9058,12.3,54.2,495,HFO,0.7,R042,Kolkata_SMPK,Visakhapatnam,28.1053,40.24,14.6148,4.1747,sea_passage,DERIVED_PHYSICS_IMO_GHG2020_SEED42
V067,container_ship,23507,24.0,63.8,419,LNG,1.57,R057,Kamarajar,Visakhapatnam,155.8531,17.46,85.7192,24.1572,sea_passage,DERIVED_PHYSICS_IMO_GHG2020_SEED42
V148,ferry,932,13.6,74.9,359,LNG,2.54,R012,Mormugao,JNPA,6.0021,26.4,3.3011,0.9303,sea_passage,DERIVED_PHYSICS_IMO_GHG2020_SEED42
V027,bulk_carrier,59816,11.5,66.5,276,MGO,1.26,R048,Mumbai,Kandla,57.5858,24.0,39.1583,9.2209,coastal,DERIVED_PHYSICS_IMO_GHG2020_SEED42
V079,tanker,55468,11.1,59.8,277,MGO,3.39,R018,Kandla,Mumbai,56.4554,24.95,38.3897,9.0399,sea_passage,DERIVED_PHYSICS_IMO_GHG2020_SEED42
V149,ferry,536,19.2,67.6,1181,Shore_Power,1.88,R016,Chennai,Mumbai,353.4927,61.51,42.4191,1.0435,sea_passage,DERIVED_PHYSICS_IMO_GHG2020_SEED42
V134,ro_ro,8843,16.8,63.1,370,MGO,3.15,R029,Chennai,Tuticorin,49.8579,22.02,33.9034,7.9835,coastal,DERIVED_PHYSICS_IMO_GHG2020_SEED42
V098,tanker,28244,12.5,90.9,876,LNG,0.36,R003,JNPA,Kochi,118.8883,70.08,65.3886,18.4277,sea_passage,DERIVED_PHYSICS_IMO_GHG2020_SEED42
V048,container_ship,21724,19.6,87.1,1181,LNG,3.16,R016,Chennai,Mumbai,393.3053,60.26,216.3179,60.9623,sea_passage,DERIVED_PHYSICS_IMO_GHG2020_SEED42
V134,ro_ro,8843,19.9,61.5,419,MGO,0.92,R053,Kochi,Mormugao,61.9798,21.06,42.1463,9.9245,sea_passage,DERIVED_PHYSICS_IMO_GHG2020_SEED42
V104,tanker,27184,14.0,91.4,18,MGO,2.04,R033,Chennai,Kamarajar,3.4578,1.29,2.3513,0.5537,sea_passage,DERIVED_PHYSICS_IMO_GHG2020_SEED42
V134,ro_ro,8843,18.5,88.9,692,MGO,1.88,R035,Chennai,Paradip,107.2934,37.41,72.9595,17.1803,sea_passage,DERIVED_PHYSICS_IMO_GHG2020_SEED42
V060,container_ship,33073,16.5,68.7,491,HFO,3.38,R041,Visakhapatnam,Kolkata_SMPK,169.5737,29.76,88.1783,25.1883,sea_passage,DERIVED_PHYSICS_IMO_GHG2020_SEED42
V139,passenger,2268,17.8,80.0,495,Hydrogen,0.65,R042,Kolkata_SMPK,Visakhapatnam,9.0153,27.81,28.8489,0.6491,sea_passage,DERIVED_PHYSICS_IMO_GHG2020_SEED42
V020,bulk_carrier,40197,10.4,52.5,217,MGO,1.96,R043,Paradip,Kolkata_SMPK,28.3685,20.87,19.2906,4.5425,coastal,DERIVED_PHYSICS_IMO_GHG2020_SEED42
V022,bulk_carrier,27915,13.5,54.1,297,HFO,0.41,R007,JNPA,Kandla,45.8772,22.0,23.8562,6.8146,sea_passage,DERIVED_PHYSICS_IMO_GHG2020_SEED42
V124,general_cargo,16581,10.4,84.6,359,HFO,3.36,R012,Mormugao,JNPA,33.2416,34.52,17.2856,4.9377,coastal,DERIVED_PHYSICS_IMO_GHG2020_SEED42
V104,tanker,27184,13.1,52.2,406,MGO,2.28,R032,Visakhapatnam,Chennai,60.0694,30.99,40.8472,9.6186,sea_passage,DERIVED_PHYSICS_IMO_GHG2020_SEED42
V069,container_ship,8659,13.1,63.0,347,Methanol,2.26,R022,Mormugao,Mumbai,57.827,26.49,20.2394,3.3372,coastal,DERIVED_PHYSICS_IMO_GHG2020_SEED42
V050,container_ship,17470,20.6,90.0,761,LNG,2.64,R049,Tuticorin,Port_Blair,228.3661,36.94,125.6014,35.3968,sea_passage,DERIVED_PHYSICS_IMO_GHG2020_SEED42
V093,tanker,39701,13.6,53.3,347,HFO,0.44,R022,Mormugao,Mumbai,70.5003,25.51,36.6601,10.472,river_mouth,DERIVED_PHYSICS_IMO_GHG2020_SEED42
V047,container_ship,41892,16.8,91.8,282,MGO,3.38,R017,Mumbai,Kandla,120.5883,16.79,82.0,19.3092,sea_passage,DERIVED_PHYSICS_IMO_GHG2020_SEED42
V113,general_cargo,13823,14.1,93.4,18,HFO,2.95,R033,Chennai,Kamarajar,3.0403,1.28,1.581,0.4516,coastal,DERIVED_PHYSICS_IMO_GHG2020_SEED42
V082,tanker,54273,12.7,69.2,313,MGO,1.25,R039,Visakhapatnam,Paradip,72.9066,24.65,49.5765,11.6742,sea_passage,DERIVED_PHYSICS_IMO_GHG2020_SEED42
V112,general_cargo,17758,11.0,95.1,229,HFO,0.55,R044,Kolkata_SMPK,Paradip,19.8921,20.82,10.3439,2.9548,sea_passage,DERIVED_PHYSICS_IMO_GHG2020_SEED42
V138,ro_ro,6679,13.5,55.1,17,LNG,0.49,R034,Kamarajar,Chennai,0.7909,1.26,0.435,0.1226,sea_passage,DERIVED_PHYSICS_IMO_GHG2020_SEED42
V048,container_ship,21724,17.0,51.2,876,MGO,0.39,R003,JNPA,Kochi,158.6536,51.53,107.8844,25.4044,coastal,DERIVED_PHYSICS_IMO_GHG2020_SEED42
V100,tanker,35203,13.2,81.2,1190,MGO,3.1,R005,JNPA,Chennai,252.9588,90.15,172.012,40.505,coastal,DERIVED_PHYSICS_IMO_GHG2020_SEED42
V008,bulk_carrier,34731,13.3,93.5,169,LNG,0.7,R055,New_Mangalore,Mormugao,28.2348,12.71,15.5291,4.3764,sea_passage,DERIVED_PHYSICS_IMO_GHG2020_SEED42
V073,tanker,47233,13.1,61.9,17,LNG,0.71,R034,Kamarajar,Chennai,3.0188,1.3,1.6604,0.4679,sea_passage,DERIVED_PHYSICS_IMO_GHG2020_SEED42
V117,general_cargo,9258,11.4,79.7,396,HFO,0.77,R031,Chennai,Visakhapatnam,23.0178,34.74,11.9693,3.419,river_mouth,DERIVED_PHYSICS_IMO_GHG2020_SEED42
V118,general_cargo,14985,10.4,59.3,518,HFO,2.45,R009,JNPA,New_Mangalore,41.0564,49.81,21.3493,6.0985,sea_passage,DERIVED_PHYSICS_IMO_GHG2020_SEED42
V046,container_ship,34898,20.9,71.5,1196,LNG,2.8,R006,Chennai,JNPA,512.2428,57.22,281.7335,79.3976,sea_passage,DERIVED_PHYSICS_IMO_GHG2020_SEED42
V059,container_ship,13324,14.5,90.8,406,LNG,0.35,R032,Visakhapatnam,Chennai,39.8704,28.0,21.9287,6.1799,sea_passage,DERIVED_PHYSICS_IMO_GHG2020_SEED42
V017,bulk_carrier,47945,14.8,50.2,518,HFO,1.28,R009,JNPA,New_Mangalore,139.6846,35.0,72.636,20.7486,sea_passage,DERIVED_PHYSICS_IMO_GHG2020_SEED42
V065,container_ship,18598,23.3,69.5,277,HFO,2.98,R018,Kandla,Mumbai,122.6685,11.89,63.7876,18.2211,river_mouth,DERIVED_PHYSICS_IMO_GHG2020_SEED42
V137,ro_ro,6851,15.0,94.3,495,LNG,0.92,R042,Kolkata_SMPK,Visakhapatnam,33.9485,33.0,18.6717,5.262,sea_passage,DERIVED_PHYSICS_IMO_GHG2020_SEED42
V050,container_ship,17470,19.6,99.3,538,Methanol,2.75,R023,Kochi,Chennai,393.7589,27.45,137.8156,22.7238,river_mouth,DERIVED_PHYSICS_IMO_GHG2020_SEED42
V033,bulk_carrier,40297,10.9,91.4,788,LNG,0.34,R052,Port_Blair,Chennai,96.5061,72.29,53.0784,14.9584,sea_passage,DERIVED_PHYSICS_IMO_GHG2020_SEED42
V090,tanker,33954,11.6,67.8,876,MGO,1.32,R003,JNPA,Kochi,137.1339,75.52,93.251,21.9586,sea_passage,DERIVED_PHYSICS_IMO_GHG2020_SEED42
V093,tanker,39701,14.7,72.8,419,MGO,0.82,R057,Kamarajar,Visakhapatnam,102.6153,28.5,69.7784,16.4313,sea_passage,DERIVED_PHYSICS_IMO_GHG2020_SEED42
V098,tanker,28244,13.8,73.1,1190,HFO,0.62,R005,JNPA,Chennai,194.1443,86.23,100.9551,28.838,sea_passage,DERIVED_PHYSICS_IMO_GHG2020_SEED42
V060,container_ship,33073,16.1,65.5,850,MGO,0.56,R014,Kochi,Mumbai,205.6331,52.8,139.8305,32.927,sea_passage,DERIVED_PHYSICS_IMO_GHG2020_SEED42
V132,ro_ro,8727,19.3,68.4,850,MGO,3.15,R014,Kochi,Mumbai,150.4479,44.04,102.3045,24.0905,coastal,DERIVED_PHYSICS_IMO_GHG2020_SEED42
V128,general_cargo,15648,16.1,60.7,1196,MGO,1.34,R006,Chennai,JNPA,179.1911,74.29,121.8499,28.693,river_mouth,DERIVED_PHYSICS_IMO_GHG2020_SEED42
V045,container_ship,12017,17.6,61.0,761,HFO,3.37,R049,Tuticorin,Port_Blair,155.8329,43.24,81.0331,23.1473,sea_passage,DERIVED_PHYSICS_IMO_GHG2020_SEED42
V114,general_cargo,17380,11.2,97.5,286,HFO,0.52,R045,Kandla,JNPA,26.0949,25.54,13.5693,3.8761,sea_passage,DERIVED_PHYSICS_IMO_GHG2020_SEED42
V050,container_ship,17470,24.4,77.9,870,MGO,1.2,R004,Kochi,JNPA,341.6716,35.66,232.3367,54.7102,river_mouth,DERIVED_PHYSICS_IMO_GHG2020_SEED42
V133,ro_ro,11514,14.3,67.3,183,HFO,2.72,R026,Tuticorin,Kochi,20.5891,12.8,10.7063,3.0583,sea_passage,DERIVED_PHYSICS_IMO_GHG2020_SEED42
V149,ferry,536,15.4,54.3,419,Shore_Power,0.87,R053,Kochi,Mormugao,66.6428,27.21,7.9971,0.1967,river_mouth,DERIVED_PHYSICS_IMO_GHG2020_SEED42
V093,tanker,39701,10.9,80.4,856,MGO,1.7,R038,Kolkata_SMPK,Chennai,123.7544,78.53,84.153,19.8162,coastal,DERIVED_PHYSICS_IMO_GHG2020_SEED42
V108,general_cargo,7216,11.3,99.0,290,MGO,0.49,R008,Kandla,JNPA,12.9732,25.66,8.8218,2.0773,river_mouth,DERIVED_PHYSICS_IMO_GHG2020_SEED42
V040,bulk_carrier,49115,11.4,60.4,850,LNG,0.43,R014,Kochi,Mumbai,112.0536,74.56,61.6295,17.3683,sea_passage,DERIVED_PHYSICS_IMO_GHG2020_SEED42
V066,container_ship,31457,12.1,78.1,700,Methanol,0.55,R036,Paradip,Chennai,205.7384,57.85,72.0084,11.8732,coastal,DERIVED_PHYSICS_IMO_GHG2020_SEED42
V116,general_cargo,6658,14.8,87.9,757,MGO,2.02,R050,Port_Blair,Tuticorin,70.511,51.15,47.9475,11.2906,coastal,DERIVED_PHYSICS_IMO_GHG2020_SEED42
V009,bulk_carrier,32714,13.0,75.5,797,HFO,2.87,R051,Chennai,Port_Blair,164.5413,61.31,85.5615,24.4408,sea_passage,DERIVED_PHYSICS_IMO_GHG2020_SEED42
V012,bulk_carrier,58490,13.4,77.2,364,HFO,2.5,R030,Tuticorin,Chennai,112.9925,27.16,58.7561,16.7838,sea_passage,DERIVED_PHYSICS_IMO_GHG2020_SEED42
V031,bulk_carrier,60844,12.2,91.0,176,MGO,1.31,R056,Mormugao,New_Mangalore,38.5071,14.43,26.1848,6.166,coastal,DERIVED_PHYSICS_IMO_GHG2020_SEED42
V001,bulk_carrier,63697,13.7,62.7,17,HFO,1.36,R034,Kamarajar,Chennai,5.5613,1.24,2.8919,0.8261,sea_passage,DERIVED_PHYSICS_IMO_GHG2020_SEED42
V037,bulk_carrier,41493,9.0,87.6,411,LNG,2.87,R058,Visakhapatnam,Kamarajar,40.2579,45.67,22.1418,6.24,sea_passage,DERIVED_PHYSICS_IMO_GHG2020_SEED42
V078,tanker,23323,13.2,98.5,505,MGO,0.94,R020,New_Mangalore,Mumbai,79.2517,38.26,53.8911,12.6902,coastal,DERIVED_PHYSICS_IMO_GHG2020_SEED42
V128,general_cargo,15648,11.7,89.3,853,MGO,0.73,R037,Chennai,Kolkata_SMPK,71.3418,72.91,48.5124,11.4236,sea_passage,DERIVED_PHYSICS_IMO_GHG2020_SEED42
V088,tanker,47767,10.7,91.2,277,MGO,3.02,R018,Kandla,Mumbai,55.1638,25.89,37.5114,8.8331,river_mouth,DERIVED_PHYSICS_IMO_GHG2020_SEED42
V008,bulk_carrier,34731,14.0,88.4,349,LNG,2.15,R021,Mumbai,Mormugao,66.3783,24.93,36.508,10.2886,river_mouth,DERIVED_PHYSICS_IMO_GHG2020_SEED42
V144,passenger,4545,21.3,62.4,491,Hydrogen,2.85,R041,Visakhapatnam,Kolkata_SMPK,21.1856,23.05,67.7939,1.5254,sea_passage,DERIVED_PHYSICS_IMO_GHG2020_SEED42
V102,tanker,47959,15.7,63.4,189,MGO,1.62,R025,Kochi,Tuticorin,58.6265,12.04,39.866,9.3876,river_mouth,DERIVED_PHYSICS_IMO_GHG2020_SEED42
V074,tanker,68994,13.8,92.1,692,HFO,3.07,R035,Chennai,Paradip,270.0983,50.14,140.4511,40.1201,sea_passage,DERIVED_PHYSICS_IMO_GHG2020_SEED42
V115,general_cargo,11634,9.4,58.2,313,MGO,0.54,R039,Visakhapatnam,Paradip,11.7246,33.3,7.9727,1.8774,sea_passage,DERIVED_PHYSICS_IMO_GHG2020_SEED42
V022,bulk_carrier,27915,11.9,57.1,276,HFO,1.31,R048,Mumbai,Kandla,31.1021,23.19,16.1731,4.6199,sea_passage,DERIVED_PHYSICS_IMO_GHG2020_SEED42
V113,general_cargo,13823,13.8,94.7,358,HFO,2.59,R011,JNPA,Mormugao,48.2267,25.94,25.0779,7.1635,river_mouth,DERIVED_PHYSICS_IMO_GHG2020_SEED42
V027,bulk_carrier,59816,9.9,60.9,17,HFO,2.34,R034,Kamarajar,Chennai,2.8214,1.72,1.4671,0.4191,coastal,DERIVED_PHYSICS_IMO_GHG2020_SEED42
V009,bulk_carrier,32714,11.1,99.1,297,LNG,1.95,R007,JNPA,Kandla,36.1924,26.76,19.9058,5.6098,sea_passage,DERIVED_PHYSICS_IMO_GHG2020_SEED42
V115,general_cargo,11634,10.9,61.1,529,MGO,1.15,R059,Mormugao,Kandla,29.4316,48.53,20.0135,4.7127,sea_passage,DERIVED_PHYSICS_IMO_GHG2020_SEED42
V110,general_cargo,16704,10.6,68.2,406,HFO,2.28,R032,Visakhapatnam,Chennai,32.5117,38.3,16.9061,4.8293,sea_passage,DERIVED_PHYSICS_IMO_GHG2020_SEED42
V124,general_cargo,16581,11.6,96.8,358,HFO,0.45,R011,JNPA,Mormugao,33.1109,30.86,17.2177,4.9183,sea_passage,DERIVED_PHYSICS_IMO_GHG2020_SEED42
V102,tanker,47959,11.4,83.3,518,LNG,1.54,R009,JNPA,New_Mangalore,79.0897,45.44,43.4994,12.2589,coastal,DERIVED_PHYSICS_IMO_GHG2020_SEED42
V133,ro_ro,11514,13.5,84.2,528,LNG,0.8,R010,New_Mangalore,JNPA,42.3578,39.11,23.2968,6.5655,sea_passage,DERIVED_PHYSICS_IMO_GHG2020_SEED42
V120,general_cargo,16651,11.8,86.3,507,MGO,1.92,R019,Mumbai,New_Mangalore,47.265,42.97,32.1402,7.5683,coastal,DERIVED_PHYSICS_IMO_GHG2020_SEED42
V116,general_cargo,6658,12.4,79.8,542,HFO,1.37,R024,Chennai,Kochi,31.7853,43.71,16.5284,4.7214,sea_passage,DERIVED_PHYSICS_IMO_GHG2020_SEED42
V085,tanker,70614,14.0,76.2,286,HFO,2.39,R045,Kandla,JNPA,112.8717,20.43,58.6933,16.7658,river_mouth,DERIVED_PHYSICS_IMO_GHG2020_SEED42
V150,ferry,884,15.5,76.7,282,MGO,0.99,R017,Mumbai,Kandla,6.1995,18.19,4.2157,0.9927,sea_passage,DERIVED_PHYSICS_IMO_GHG2020_SEED42
V045,container_ship,12017,16.9,86.2,700,Methanol,1.86,R036,Paradip,Chennai,218.9657,41.42,76.638,12.6365,sea_passage,DERIVED_PHYSICS_IMO_GHG2020_SEED42
V030,bulk_carrier,38293,16.4,73.1,313,LNG,1.3,R039,Visakhapatnam,Paradip,77.2245,19.09,42.4735,11.9698,sea_passage,DERIVED_PHYSICS_IMO_GHG2020_SEED42
V079,tanker,55468,11.5,63.0,176,MGO,1.29,R056,Mormugao,New_Mangalore,29.7669,15.3,20.2415,4.7664,sea_passage,DERIVED_PHYSICS_IMO_GHG2020_SEED42
V092,tanker,76931,16.0,79.9,538,HFO,1.67,R023,Kochi,Chennai,288.812,33.62,150.1822,42.8998,sea_passage,DERIVED_PHYSICS_IMO_GHG2020_SEED42
V110,general_cargo,16704,10.6,97.6,359,HFO,0.86,R012,Mormugao,JNPA,26.3779,33.87,13.7165,3.9181,sea_passage,DERIVED_PHYSICS_IMO_GHG2020_SEED42
V035,bulk_carrier,56365,14.5,90.2,311,LNG,2.19,R040,Paradip,Visakhapatnam,94.4545,21.45,51.95,14.6404,sea_passage,DERIVED_PHYSICS_IMO_GHG2020_SEED42
V055,container_ship,17711,16.5,68.9,311,Methanol,3.05,R040,Paradip,Visakhapatnam,145.5443,18.85,50.9405,8.3994,sea_passage,DERIVED_PHYSICS_IMO_GHG2020_SEED42
V030,bulk_carrier,38293,11.2,94.1,277,LNG,2.73,R018,Kandla,Mumbai,41.7072,24.73,22.9389,6.4646,sea_passage,DERIVED_PHYSICS_IMO_GHG2020_SEED42
V107,general_cargo,9058,13.9,53.4,422,MGO,3.42,R054,Mormugao,Kochi,39.0613,30.36,26.5617,6.2547,sea_passage,DERIVED_PHYSICS_IMO_GHG2020_SEED42
V050,container_ship,17470,20.5,69.5,419,HFO,2.35,R057,Kamarajar,Visakhapatnam,141.5616,20.44,73.612,21.0274,sea_passage,DERIVED_PHYSICS_IMO_GHG2020_SEED42
V043,container_ship,27264,19.3,75.7,276,LNG,2.5,R048,Mumbai,Kandla,94.2796,14.3,51.8538,14.6133,sea_passage,DERIVED_PHYSICS_IMO_GHG2020_SEED42
V135,ro_ro,7575,18.9,72.4,311,LNG,3.24,R040,Paradip,Visakhapatnam,41.5256,16.46,22.8391,6.4365,coastal,DERIVED_PHYSICS_IMO_GHG2020_SEED42
V078,tanker,23323,11.8,51.1,290,HFO,1.31,R046,JNPA,Kandla,30.7174,24.58,15.9731,4.5627,sea_passage,DERIVED_PHYSICS_IMO_GHG2020_SEED42
V015,bulk_carrier,31987,11.3,57.7,276,HFO,1.28,R047,Kandla,Mumbai,34.8481,24.42,18.121,5.1763,sea_passage,DERIVED_PHYSICS_IMO_GHG2020_SEED42
V127,general_cargo,7328,11.0,60.5,495,HFO,2.19,R042,Kolkata_SMPK,Visakhapatnam,23.8931,45.0,12.4244,3.5491,sea_passage,DERIVED_PHYSICS_IMO_GHG2020_SEED42
V147,ferry,2604,11.0,81.8,1181,MGO,0.74,R016,Chennai,Mumbai,27.511,107.36,18.7075,4.4052,coastal,DERIVED_PHYSICS_IMO_GHG2020_SEED42
V103,tanker,67954,14.1,50.7,528,LNG,2.98,R010,New_Mangalore,JNPA,155.9428,37.45,85.7685,24.1711,sea_passage,DERIVED_PHYSICS_IMO_GHG2020_SEED42
V028,bulk_carrier,56514,12.3,91.0,277,LNG,2.57,R018,Kandla,Mumbai,62.3571,22.52,34.2964,9.6653,sea_passage,DERIVED_PHYSICS_IMO_GHG2020_SEED42
V088,tanker,47767,12.1,75.1,345,LNG,2.18,R028,New_Mangalore,Kochi,56.6764,28.51,31.172,8.7848,sea_passage,DERIVED_PHYSICS_IMO_GHG2020_SEED42
V043,container_ship,27264,14.7,69.7,349,LNG,3.22,R021,Mumbai,Mormugao,71.6963,23.74,39.433,11.1129,sea_passage,DERIVED_PHYSICS_IMO_GHG2020_SEED42
V050,container_ship,17470,22.6,59.7,757,LNG,1.76,R050,Port_Blair,Tuticorin,223.3796,33.5,122.8588,34.6238,sea_passage,DERIVED_PHYSICS_IMO_GHG2020_SEED42
V067,container_ship,23507,23.9,75.1,518,HFO,3.37,R009,JNPA,New_Mangalore,331.0971,21.67,172.1705,49.1808,sea_passage,DERIVED_PHYSICS_IMO_GHG2020_SEED42
V071,tanker,72064,14.4,78.6,176,LNG,1.1,R056,Mormugao,New_Mangalore,58.1868,12.22,32.0027,9.019,sea_passage,DERIVED_PHYSICS_IMO_GHG2020_SEED42
V052,container_ship,35698,19.1,96.2,521,HFO,2.97,R060,Kandla,Mormugao,275.0948,27.28,143.0493,40.8623,sea_passage,DERIVED_PHYSICS_IMO_GHG2020_SEED42
V059,container_ship,13324,11.4,73.1,1179,HFO,2.3,R015,Mumbai,Chennai,95.8327,103.42,49.833,14.2349,sea_passage,DERIVED_PHYSICS_IMO_GHG2020_SEED42
V006,bulk_carrier,66381,14.4,54.1,495,MGO,3.19,R042,Kolkata_SMPK,Visakhapatnam,192.2532,34.38,130.7322,30.7845,river_mouth,DERIVED_PHYSICS_IMO_GHG2020_SEED42
V076,tanker,28632,15.4,70.6,495,LNG,1.7,R042,Kolkata_SMPK,Visakhapatnam,96.6298,32.14,53.1464,14.9776,coastal,DERIVED_PHYSICS_IMO_GHG2020_SEED42
V082,tanker,54273,12.4,92.5,876,LNG,1.81,R003,JNPA,Kochi,188.0774,70.65,103.4426,29.152,sea_passage,DERIVED_PHYSICS_IMO_GHG2020_SEED42
V144,passenger,4545,26.9,81.0,24,Hydrogen,1.68,R001,JNPA,Mumbai,1.8309,0.89,5.8589,0.1318,coastal,DERIVED_PHYSICS_IMO_GHG2020_SEED42
V084,tanker,23117,14.0,69.0,788,MGO,0.54,R052,Port_Blair,Chennai,120.7457,56.29,82.1071,19.3344,coastal,DERIVED_PHYSICS_IMO_GHG2020_SEED42
V146,ferry,1735,11.8,90.5,491,MGO,3.36,R041,Visakhapatnam,Kolkata_SMPK,11.5015,41.61,7.821,1.8417,sea_passage,DERIVED_PHYSICS_IMO_GHG2020_SEED42
V148,ferry,932,15.5,74.1,169,MGO,2.18,R055,New_Mangalore,Mormugao,4.0407,10.9,2.7477,0.647,coastal,DERIVED_PHYSICS_IMO_GHG2020_SEED42
V101,tanker,56969,12.1,94.1,22,HFO,3.28,R002,Mumbai,JNPA,6.536,1.82,3.3987,0.9709,sea_passage,DERIVED_PHYSICS_IMO_GHG2020_SEED42
V093,tanker,39701,15.3,77.8,850,HFO,2.54,R014,Kochi,Mumbai,261.7352,55.56,136.1023,38.8779,sea_passage,DERIVED_PHYSICS_IMO_GHG2020_SEED42
V050,container_ship,17470,23.0,93.8,229,Methanol,0.67,R044,Kolkata_SMPK,Paradip,180.3176,9.96,63.1112,10.4061,sea_passage,DERIVED_PHYSICS_IMO_GHG2020_SEED42
V027,bulk_carrier,59816,13.4,50.4,859,MGO,2.74,R013,Mumbai,Kochi,247.0859,64.1,168.0184,39.5646,sea_passage,DERIVED_PHYSICS_IMO_GHG2020_SEED42
V004,bulk_carrier,71338,12.8,89.5,18,MGO,1.7,R033,Chennai,Kamarajar,4.9664,1.41,3.3772,0.7952,sea_passage,DERIVED_PHYSICS_IMO_GHG2020_SEED42
V133,ro_ro,11514,14.4,95.7,1179,LNG,2.61,R015,Mumbai,Chennai,135.0161,81.88,74.2589,20.9275,coastal,DERIVED_PHYSICS_IMO_GHG2020_SEED42
V009,bulk_carrier,32714,11.6,71.6,1181,MGO,1.0,R016,Chennai,Mumbai,142.7669,101.81,97.0815,22.8605,sea_passage,DERIVED_PHYSICS_IMO_GHG2020_SEED42
V021,bulk_carrier,35729,11.0,53.8,419,HFO,1.1,R053,Kochi,Mormugao,55.1677,38.09,28.6872,8.1946,sea_passage,DERIVED_PHYSICS_IMO_GHG2020_SEED42
V098,tanker,28244,13.4,76.7,788,MGO,1.81,R052,Port_Blair,Chennai,136.4335,58.81,92.7748,21.8464,coastal,DERIVED_PHYSICS_IMO_GHG2020_SEED42
V045,container_ship,12017,20.1,71.7,276,HFO,1.31,R048,Mumbai,Kandla,55.4196,13.73,28.8182,8.232,river_mouth,DERIVED_PHYSICS_IMO_GHG2020_SEED42
V144,passenger,4545,23.2,83.3,538,Hydrogen,1.72,R023,Kochi,Chennai,31.7078,23.19,101.465,2.283,sea_passage,DERIVED_PHYSICS_IMO_GHG2020_SEED42
V067,container_ship,23507,20.7,86.4,411,LNG,2.61,R058,Visakhapatnam,Kamarajar,155.1819,19.86,85.3501,24.0532,coastal,DERIVED_PHYSICS_IMO_GHG2020_SEED42
V116,general_cargo,6658,13.8,57.8,495,HFO,3.09,R042,Kolkata_SMPK,Visakhapatnam,37.196,35.87,19.3419,5.5251,sea_passage,DERIVED_PHYSICS_IMO_GHG2020_SEED42
V124,general_cargo,16581,12.9,71.3,217,MGO,2.42,R043,Paradip,Kolkata_SMPK,22.9907,16.82,15.6337,3.6814,sea_passage,DERIVED_PHYSICS_IMO_GHG2020_SEED42
V041,bulk_carrier,49332,11.3,94.8,700,HFO,2.75,R036,Paradip,Chennai,166.1859,61.95,86.4166,24.6851,sea_passage,DERIVED_PHYSICS_IMO_GHG2020_SEED42
V086,tanker,66768,15.6,72.6,495,LNG,2.46,R042,Kolkata_SMPK,Visakhapatnam,188.4831,31.73,103.6657,29.2149,sea_passage,DERIVED_PHYSICS_IMO_GHG2020_SEED42
V077,tanker,37083,13.3,74.2,853,LNG,0.39,R037,Chennai,Kolkata_SMPK,134.953,64.14,74.2242,20.9177,coastal,DERIVED_PHYSICS_IMO_GHG2020_SEED42
V028,bulk_carrier,56514,11.7,99.3,797,HFO,0.67,R051,Chennai,Port_Blair,181.0405,68.12,94.1411,26.8916,sea_passage,DERIVED_PHYSICS_IMO_GHG2020_SEED42
V146,ferry,1735,14.6,88.1,870,Hydrogen,2.77,R004,Kochi,JNPA,11.4752,59.59,36.7206,0.8262,sea_passage,DERIVED_PHYSICS_IMO_GHG2020_SEED42
V071,tanker,72064,14.0,70.5,183,HFO,1.98,R026,Tuticorin,Kochi,69.6533,13.07,36.2197,10.3462,sea_passage,DERIVED_PHYSICS_IMO_GHG2020_SEED42
V087,tanker,28073,13.1,54.4,277,HFO,3.48,R018,Kandla,Mumbai,51.209,21.15,26.6287,7.6065,river_mouth,DERIVED_PHYSICS_IMO_GHG2020_SEED42
V050,container_ship,17470,23.5,77.4,370,LNG,0.93,R029,Chennai,Tuticorin,125.8972,15.74,69.2435,19.5141,sea_passage,DERIVED_PHYSICS_IMO_GHG2020_SEED42
V141,passenger,3808,24.0,57.4,757,MGO,1.08,R050,Port_Blair,Tuticorin,92.5865,31.54,62.9588,14.8254,sea_passage,DERIVED_PHYSICS_IMO_GHG2020_SEED42
V097,tanker,25705,11.5,77.9,276,MGO,1.03,R047,Kandla,Mumbai,33.6584,24.0,22.8877,5.3895,sea_passage,DERIVED_PHYSICS_IMO_GHG2020_SEED42
V065,container_ship,18598,24.4,79.5,345,MGO,2.13,R028,New_Mangalore,Kochi,164.7382,14.14,112.022,26.3787,river_mouth,DERIVED_PHYSICS_IMO_GHG2020_SEED42
V051,container_ship,9661,17.7,93.2,761,Methanol,0.88,R049,Tuticorin,Port_Blair,241.1396,42.99,84.3989,13.9162,sea_passage,DERIVED_PHYSICS_IMO_GHG2020_SEED42
V035,bulk_carrier,56365,12.8,93.3,370,LNG,2.57,R029,Chennai,Tuticorin,96.2432,28.91,52.9338,14.9177,river_mouth,DERIVED_PHYSICS_IMO_GHG2020_SEED42
V029,bulk_carrier,30900,12.5,59.2,1190,HFO,1.94,R005,JNPA,Chennai,183.0485,95.2,95.1852,27.1898,sea_passage,DERIVED_PHYSICS_IMO_GHG2020_SEED42
V072,tanker,45552,15.5,64.6,297,LNG,3.22,R007,JNPA,Kandla,82.2164,19.16,45.219,12.7435,river_mouth,DERIVED_PHYSICS_IMO_GHG2020_SEED42
V057,container_ship,30177,19.8,82.0,761,MGO,2.74,R049,Tuticorin,Port_Blair,331.1141,38.43,225.1576,53.0196,coastal,DERIVED_PHYSICS_IMO_GHG2020_SEED42
V032,bulk_carrier,70130,10.8,71.1,856,HFO,2.6,R038,Kolkata_SMPK,Chennai,200.5366,79.26,104.279,29.7875,river_mouth,DERIVED_PHYSICS_IMO_GHG2020_SEED42
V115,general_cargo,11634,13.1,95.4,290,HFO,0.87,R008,Kandla,JNPA,29.2574,22.14,15.2138,4.3459,sea_passage,DERIVED_PHYSICS_IMO_GHG2020_SEED42
V094,tanker,68263,14.9,86.9,345,LNG,0.69,R028,New_Mangalore,Kochi,106.9236,23.15,58.808,16.5732,sea_passage,DERIVED_PHYSICS_IMO_GHG2020_SEED42
V110,general_cargo,16704,14.6,57.9,24,HFO,0.63,R001,JNPA,Mumbai,3.0748,1.64,1.5989,0.4567,coastal,DERIVED_PHYSICS_IMO_GHG2020_SEED42
V073,tanker,47233,10.6,54.0,700,MGO,1.64,R036,Paradip,Chennai,96.2214,66.04,65.4305,15.4074,sea_passage,DERIVED_PHYSICS_IMO_GHG2020_SEED42
V120,general_cargo,16651,12.7,76.1,349,HFO,0.4,R021,Mumbai,Mormugao,36.1362,27.48,18.7908,5.3676,sea_passage,DERIVED_PHYSICS_IMO_GHG2020_SEED42
V027,bulk_carrier,59816,11.8,88.0,229,LNG,0.47,R044,Kolkata_SMPK,Paradip,40.8499,19.41,22.4674,6.3317,sea_passage,DERIVED_PHYSICS_IMO_GHG2020_SEED42
V004,bulk_carrier,71338,11.6,70.2,276,MGO,2.8,R047,Kandla,Mumbai,73.133,23.79,49.7305,11.7104,sea_passage,DERIVED_PHYSICS_IMO_GHG2020_SEED42
V129,general_cargo,5817,14.9,78.8,528,HFO,2.95,R010,New_Mangalore,JNPA,43.4596,35.44,22.599,6.4554,sea_passage,DERIVED_PHYSICS_IMO_GHG2020_SEED42
V023,bulk_carrier,58095,13.7,93.2,313,HFO,1.8,R039,Visakhapatnam,Paradip,90.8532,22.85,47.2437,13.4952,sea_passage,DERIVED_PHYSICS_IMO_GHG2020_SEED42
V131,ro_ro,4651,15.5,54.8,313,HFO,3.47,R039,Visakhapatnam,Paradip,25.9411,20.19,13.4894,3.8533,sea_passage,DERIVED_PHYSICS_IMO_GHG2020_SEED42
V017,bulk_carrier,47945,12.1,99.1,229,MGO,0.4,R044,Kolkata_SMPK,Paradip,38.9761,18.93,26.5038,6.2411,sea_passage,DERIVED_PHYSICS_IMO_GHG2020_SEED42
V077,tanker,37083,12.0,93.6,856,LNG,1.63,R038,Kolkata_SMPK,Chennai,130.6529,71.33,71.8591,20.2512,sea_passage,DERIVED_PHYSICS_IMO_GHG2020_SEED42
V108,general_cargo,7216,15.6,95.8,176,HFO,2.46,R056,Mormugao,New_Mangalore,21.0595,11.28,10.9509,3.1282,sea_passage,DERIVED_PHYSICS_IMO_GHG2020_SEED42
V039,bulk_carrier,42343,12.9,52.6,538,HFO,1.56,R023,Kochi,Chennai,104.7619,41.71,54.4762,15.5612,coastal,DERIVED_PHYSICS_IMO_GHG2020_SEED42
V071,tanker,72064,15.2,87.8,349,HFO,3.27,R021,Mumbai,Mormugao,199.7769,22.96,103.884,29.6747,sea_passage,DERIVED_PHYSICS_IMO_GHG2020_SEED42
V066,container_ship,31457,14.3,88.7,24,MGO,2.93,R001,JNPA,Mumbai,5.4015,1.68,3.673,0.8649,sea_passage,DERIVED_PHYSICS_IMO_GHG2020_SEED42
V005,bulk_carrier,47170,10.1,67.4,788,LNG,1.56,R052,Port_Blair,Chennai,88.9198,78.02,48.9059,13.7826,sea_passage,DERIVED_PHYSICS_IMO_GHG2020_SEED42
V066,container_ship,31457,12.1,89.0,538,Methanol,0.69,R023,Kochi,Chennai,161.4502,44.46,56.5076,9.3173,sea_passage,DERIVED_PHYSICS_IMO_GHG2020_SEED42
V004,bulk_carrier,71338,12.0,82.8,17,LNG,0.87,R034,Kamarajar,Chennai,3.4283,1.42,1.8856,0.5314,sea_passage,DERIVED_PHYSICS_IMO_GHG2020_SEED42
V046,container_ship,34898,15.5,86.3,422,Methanol,0.72,R054,Mormugao,Kochi,240.9501,27.23,84.3325,13.9052,sea_passage,DERIVED_PHYSICS_IMO_GHG2020_SEED42
V102,tanker,47959,15.6,56.6,419,HFO,2.97,R057,Kamarajar,Visakhapatnam,150.7166,26.86,78.3727,22.3873,sea_passage,DERIVED_PHYSICS_IMO_GHG2020_SEED42
V119,general_cargo,18455,12.0,52.5,797,HFO,2.48,R051,Chennai,Port_Blair,85.0507,66.42,44.2264,12.6333,coastal,DERIVED_PHYSICS_IMO_GHG2020_SEED42
V080,tanker,50271,11.7,57.8,297,LNG,2.3,R007,JNPA,Kandla,45.3949,25.38,24.9672,7.0362,river_mouth,DERIVED_PHYSICS_IMO_GHG2020_SEED42
V013,bulk_carrier,60013,12.7,91.2,282,HFO,3.1,R017,Mumbai,Kandla,94.71,22.2,49.2492,14.0681,sea_passage,DERIVED_PHYSICS_IMO_GHG2020_SEED42
V036,bulk_carrier,45790,9.1,91.6,788,MGO,1.62,R052,Port_Blair,Chennai,89.4423,86.59,60.8208,14.322,coastal,DERIVED_PHYSICS_IMO_GHG2020_SEED42
V001,bulk_carrier,63697,10.2,98.7,169,MGO,3.34,R055,New_Mangalore,Mormugao,33.9969,16.57,23.1179,5.4438,coastal,DERIVED_PHYSICS_IMO_GHG2020_SEED42
V081,tanker,22608,11.7,94.2,518,MGO,0.34,R009,JNPA,New_Mangalore,55.3596,44.27,37.6445,8.8645,sea_passage,DERIVED_PHYSICS_IMO_GHG2020_SEED42
V057,container_ship,30177,21.5,85.2,788,HFO,0.51,R052,Port_Blair,Chennai,394.3865,36.65,205.081,58.5818,coastal,DERIVED_PHYSICS_IMO_GHG2020_SEED42
V013,bulk_carrier,60013,10.6,58.1,282,MGO,2.71,R017,Mumbai,Kandla,50.6991,26.6,34.4754,8.1182,sea_passage,DERIVED_PHYSICS_IMO_GHG2020_SEED42
V111,general_cargo,19799,13.2,50.3,370,HFO,3.35,R029,Chennai,Tuticorin,51.4502,28.03,26.7541,7.6424,sea_passage,DERIVED_PHYSICS_IMO_GHG2020_SEED42
V114,general_cargo,17380,10.0,77.7,419,HFO,1.07,R057,Kamarajar,Visakhapatnam,29.8182,41.9,15.5055,4.4292,sea_passage,DERIVED_PHYSICS_IMO_GHG2020_SEED42
V091,tanker,39649,13.8,66.1,491,MGO,1.91,R041,Visakhapatnam,Kolkata_SMPK,111.5921,35.58,75.8826,17.8687,sea_passage,DERIVED_PHYSICS_IMO_GHG2020_SEED42
V014,bulk_carrier,44373,11.4,100.0,507,HFO,1.37,R019,Mumbai,New_Mangalore,89.2974,44.47,46.4347,13.2642,sea_passage,DERIVED_PHYSICS_IMO_GHG2020_SEED42
V039,bulk_carrier,42343,11.7,93.9,856,MGO,0.97,R038,Kolkata_SMPK,Chennai,134.5974,73.16,91.5262,21.5524,sea_passage,DERIVED_PHYSICS_IMO_GHG2020_SEED42
V004,bulk_carrier,71338,12.3,74.6,189,MGO,1.97,R025,Kochi,Tuticorin,50.661,15.37,34.4495,8.1121,sea_passage,DERIVED_PHYSICS_IMO_GHG2020_SEED42
V081,tanker,22608,13.0,75.3,370,HFO,2.23,R029,Chennai,Tuticorin,60.0513,28.46,31.2267,8.92,sea_passage,DERIVED_PHYSICS_IMO_GHG2020_SEED42
V108,general_cargo,7216,12.4,56.6,358,MGO,1.24,R011,JNPA,Mormugao,19.0978,28.87,12.9865,3.058,coastal,DERIVED_PHYSICS_IMO_GHG2020_SEED42
V120,general_cargo,16651,9.9,85.1,1190,HFO,0.55,R005,JNPA,Chennai,79.8184,120.2,41.5056,11.8561,sea_passage,DERIVED_PHYSICS_IMO_GHG2020_SEED42
V072,tanker,45552,11.9,55.6,538,MGO,2.11,R023,Kochi,Chennai,97.9779,45.21,66.625,15.6887,sea_passage,DERIVED_PHYSICS_IMO_GHG2020_SEED42
V027,bulk_carrier,59816,11.1,68.6,700,MGO,0.89,R036,Paradip,Chennai,122.5195,63.06,83.3132,19.6184,sea_passage,DERIVED_PHYSICS_IMO_GHG2020_SEED42
V082,tanker,54273,15.0,91.6,422,MGO,0.32,R054,Mormugao,Kochi,140.592,28.13,95.6025,22.5123,coastal,DERIVED_PHYSICS_IMO_GHG2020_SEED42
V116,general_cargo,6658,13.0,73.9,538,MGO,2.46,R023,Kochi,Chennai,34.5036,41.38,23.4625,5.5249,sea_passage,DERIVED_PHYSICS_IMO_GHG2020_SEED42
V016,bulk_carrier,58242,10.9,58.4,313,LNG,0.77,R039,Visakhapatnam,Paradip,47.919,28.72,26.3555,7.4274,sea_passage,DERIVED_PHYSICS_IMO_GHG2020_SEED42
V100,tanker,35203,11.1,54.1,183,HFO,3.34,R026,Tuticorin,Kochi,28.2065,16.49,14.6674,4.1898,sea_passage,DERIVED_PHYSICS_IMO_GHG2020_SEED42
V037,bulk_carrier,41493,9.6,59.9,700,MGO,0.53,R036,Paradip,Chennai,72.2944,72.92,49.1602,11.5761,sea_passage,DERIVED_PHYSICS_IMO_GHG2020_SEED42
V075,tanker,55666,12.0,94.4,169,MGO,2.2,R055,New_Mangalore,Mormugao,41.5465,14.08,28.2516,6.6526,sea_passage,DERIVED_PHYSICS_IMO_GHG2020_SEED42
V119,general_cargo,18455,10.2,87.7,542,HFO,0.65,R024,Chennai,Kochi,40.772,53.14,21.2015,6.0562,sea_passage,DERIVED_PHYSICS_IMO_GHG2020_SEED42
V066,container_ship,31457,12.2,99.4,17,MGO,1.89,R034,Kamarajar,Chennai,2.9323,1.39,1.994,0.4695,sea_passage,DERIVED_PHYSICS_IMO_GHG2020_SEED42
V003,bulk_carrier,64303,10.5,74.0,313,LNG,2.54,R039,Visakhapatnam,Paradip,46.6835,29.81,25.6759,7.2359,sea_passage,DERIVED_PHYSICS_IMO_GHG2020_SEED42
V053,container_ship,27197,17.0,90.2,396,Methanol,3.15,R031,Chennai,Visakhapatnam,294.3139,23.29,103.0099,16.9849,sea_passage,DERIVED_PHYSICS_IMO_GHG2020_SEED42
V005,bulk_carrier,47170,12.1,68.5,345,HFO,3.25,R028,New_Mangalore,Kochi,76.8636,28.51,39.9691,11.4172,coastal,DERIVED_PHYSICS_IMO_GHG2020_SEED42
V140,passenger,1902,17.1,58.9,290,Hydrogen,3.24,R008,Kandla,JNPA,5.806,16.96,18.5793,0.418,sea_passage,DERIVED_PHYSICS_IMO_GHG2020_SEED42
V128,general_cargo,15648,14.5,53.8,542,HFO,2.21,R024,Chennai,Kochi,72.1624,37.38,37.5244,10.7189,sea_passage,DERIVED_PHYSICS_IMO_GHG2020_SEED42
V074,tanker,68994,12.9,76.2,870,HFO,1.22,R004,Kochi,JNPA,249.1723,67.44,129.5696,37.0118,sea_passage,DERIVED_PHYSICS_IMO_GHG2020_SEED42
V094,tanker,68263,13.4,96.3,491,LNG,0.67,R041,Visakhapatnam,Kolkata_SMPK,136.56,36.64,75.108,21.1668,sea_passage,DERIVED_PHYSICS_IMO_GHG2020_SEED42
V019,bulk_carrier,63249,12.1,53.8,277,LNG,1.25,R018,Kandla,Mumbai,51.0334,22.89,28.0684,7.9102,river_mouth,DERIVED_PHYSICS_IMO_GHG2020_SEED42
V103,tanker,67954,10.8,66.4,859,MGO,1.87,R013,Mumbai,Kochi,181.5334,79.54,123.4427,29.068,coastal,DERIVED_PHYSICS_IMO_GHG2020_SEED42
V074,tanker,68994,10.4,52.5,24,LNG,0.72,R001,JNPA,Mumbai,3.2202,2.31,1.7711,0.4991,sea_passage,DERIVED_PHYSICS_IMO_GHG2020_SEED42
V073,tanker,47233,13.8,70.1,507,MGO,3.49,R019,Mumbai,New_Mangalore,153.7833,36.74,104.5727,24.6246,sea_passage,DERIVED_PHYSICS_IMO_GHG2020_SEED42
V131,ro_ro,4651,15.4,76.4,290,HFO,2.56,R008,Kandla,JNPA,25.4195,18.83,13.2181,3.7758,river_mouth,DERIVED_PHYSICS_IMO_GHG2020_SEED42
V127,general_cargo,7328,13.1,50.9,797,MGO,1.38,R051,Chennai,Port_Blair,43.8714,60.84,29.8326,7.0249,sea_passage,DERIVED_PHYSICS_IMO_GHG2020_SEED42
V086,tanker,66768,15.5,71.2,169,LNG,0.95,R055,New_Mangalore,Mormugao,53.4273,10.9,29.385,8.2812,sea_passage,DERIVED_PHYSICS_IMO_GHG2020_SEED42
V067,container_ship,23507,21.0,84.7,345,Methanol,1.73,R028,New_Mangalore,Kochi,292.65,16.43,102.4275,16.8888,sea_passage,DERIVED_PHYSICS_IMO_GHG2020_SEED42
V138,ro_ro,6679,16.3,50.8,700,HFO,1.05,R036,Paradip,Chennai,62.7728,42.94,32.6419,9.3242,sea_passage,DERIVED_PHYSICS_IMO_GHG2020_SEED42
V077,tanker,37083,10.3,87.4,276,MGO,3.49,R047,Kandla,Mumbai,44.1276,26.8,30.0068,7.0659,sea_passage,DERIVED_PHYSICS_IMO_GHG2020_SEED42
V034,bulk_carrier,62925,11.0,81.1,422,LNG,3.46,R054,Mormugao,Kochi,95.0881,38.36,52.2984,14.7387,sea_passage,DERIVED_PHYSICS_IMO_GHG2020_SEED42
V102,tanker,47959,14.9,66.4,276,MGO,2.93,R047,Kandla,Mumbai,87.7036,18.52,59.6385,14.0435,river_mouth,DERIVED_PHYSICS_IMO_GHG2020_SEED42
V107,general_cargo,9058,13.5,75.5,24,MGO,1.53,R001,JNPA,Mumbai,2.0118,1.78,1.368,0.3221,sea_passage,DERIVED_PHYSICS_IMO_GHG2020_SEED42
V017,bulk_carrier,47945,12.4,69.1,1190,LNG,0.66,R005,JNPA,Chennai,190.6871,95.97,104.8779,29.5565,river_mouth,DERIVED_PHYSICS_IMO_GHG2020_SEED42
V011,bulk_carrier,34473,12.3,91.9,850,MGO,1.93,R014,Kochi,Mumbai,154.1521,69.11,104.8235,24.6836,sea_passage,DERIVED_PHYSICS_IMO_GHG2020_SEED42
V051,container_ship,9661,19.5,62.1,286,HFO,3.34,R045,Kandla,JNPA,59.2112,14.67,30.7898,8.7952,sea_passage,DERIVED_PHYSICS_IMO_GHG2020_SEED42
V002,bulk_carrier,29708,16.6,94.1,700,LNG,0.43,R036,Paradip,Chennai,152.3588,42.17,83.7973,23.6156,coastal,DERIVED_PHYSICS_IMO_GHG2020_SEED42
V090,tanker,33954,11.4,74.9,406,MGO,2.03,R032,Visakhapatnam,Chennai,61.1547,35.61,41.5852,9.7924,sea_passage,DERIVED_PHYSICS_IMO_GHG2020_SEED42
V129,general_cargo,5817,11.3,90.7,692,MGO,0.53,R035,Chennai,Paradip,30.9711,61.24,21.0604,4.9593,sea_passage,DERIVED_PHYSICS_IMO_GHG2020_SEED42
V026,bulk_carrier,33063,14.6,97.3,345,LNG,2.03,R028,New_Mangalore,Kochi,72.701,23.63,39.9855,11.2687,sea_passage,DERIVED_PHYSICS_IMO_GHG2020_SEED42
V112,general_cargo,17758,12.6,52.0,364,MGO,0.42,R030,Tuticorin,Chennai,34.4803,28.89,23.4466,5.5212,sea_passage,DERIVED_PHYSICS_IMO_GHG2020_SEED42
V129,general_cargo,5817,14.9,69.6,22,HFO,0.45,R002,Mumbai,JNPA,1.5994,1.48,0.8317,0.2376,sea_passage,DERIVED_PHYSICS_IMO_GHG2020_SEED42
V052,container_ship,35698,23.5,71.6,700,LNG,1.33,R036,Paradip,Chennai,383.7455,29.79,211.06,59.4806,sea_passage,DERIVED_PHYSICS_IMO_GHG2020_SEED42
V004,bulk_carrier,71338,11.0,68.8,495,LNG,0.45,R042,Kolkata_SMPK,Visakhapatnam,80.5384,45.0,44.2961,12.4835,sea_passage,DERIVED_PHYSICS_IMO_GHG2020_SEED42
V041,bulk_carrier,49332,10.4,79.5,797,MGO,2.15,R051,Chennai,Port_Blair,122.9468,76.63,83.6038,19.6869,river_mouth,DERIVED_PHYSICS_IMO_GHG2020_SEED42
V022,bulk_carrier,27915,13.4,65.0,521,LNG,2.07,R060,Kandla,Mormugao,73.1014,38.88,40.2057,11.3307,sea_passage,DERIVED_PHYSICS_IMO_GHG2020_SEED42
V070,container_ship,16607,14.5,61.0,850,LNG,3.08,R014,Kochi,Mumbai,117.3099,58.62,64.5204,18.183,sea_passage,DERIVED_PHYSICS_IMO_GHG2020_SEED42
V053,container_ship,27197,13.6,81.9,538,MGO,1.07,R023,Kochi,Chennai,90.3994,39.56,61.4716,14.4752,sea_passage,DERIVED_PHYSICS_IMO_GHG2020_SEED42
V126,general_cargo,16177,13.8,94.3,507,HFO,0.44,R019,Mumbai,New_Mangalore,63.4325,36.74,32.9849,9.4222,river_mouth,DERIVED_PHYSICS_IMO_GHG2020_SEED42
V036,bulk_carrier,45790,9.8,78.1,311,HFO,1.29,R040,Paradip,Visakhapatnam,42.0245,31.73,21.8528,6.2423,sea_passage,DERIVED_PHYSICS_IMO_GHG2020_SEED42
V027,bulk_carrier,59816,13.5,80.5,853,MGO,1.22,R037,Chennai,Kolkata_SMPK,239.09,63.19,162.5812,38.2843,coastal,DERIVED_PHYSICS_IMO_GHG2020_SEED42
V016,bulk_carrier,58242,12.1,97.8,853,MGO,1.37,R037,Chennai,Kolkata_SMPK,187.0136,70.5,127.1693,29.9456,sea_passage,DERIVED_PHYSICS_IMO_GHG2020_SEED42
V097,tanker,25705,15.5,80.8,176,MGO,0.68,R056,Mormugao,New_Mangalore,37.5712,11.35,25.5484,6.0161,sea_passage,DERIVED_PHYSICS_IMO_GHG2020_SEED42
V149,ferry,536,17.0,63.6,276,MGO,2.16,R047,Kandla,Mumbai,5.0133,16.24,3.409,0.8028,sea_passage,DERIVED_PHYSICS_IMO_GHG2020_SEED42
V131,ro_ro,4651,20.3,95.6,345,MGO,2.03,R028,New_Mangalore,Kochi,43.8349,17.0,29.8077,7.0191,sea_passage,DERIVED_PHYSICS_IMO_GHG2020_SEED42
V001,bulk_carrier,63697,13.5,60.0,311,HFO,2.09,R040,Paradip,Visakhapatnam,93.8926,23.04,48.8241,13.9467,sea_passage,DERIVED_PHYSICS_IMO_GHG2020_SEED42
V002,bulk_carrier,29708,13.7,88.5,348,LNG,0.43,R027,Kochi,New_Mangalore,51.0444,25.4,28.0744,7.9119,sea_passage,DERIVED_PHYSICS_IMO_GHG2020_SEED42
V128,general_cargo,15648,14.0,51.5,313,MGO,1.66,R039,Visakhapatnam,Paradip,35.7864,22.36,24.3348,5.7303,river_mouth,DERIVED_PHYSICS_IMO_GHG2020_SEED42
V102,tanker,47959,15.2,60.6,411,HFO,0.51,R058,Visakhapatnam,Kamarajar,117.7674,27.04,61.2391,17.4931,sea_passage,DERIVED_PHYSICS_IMO_GHG2020_SEED42
V110,general_cargo,16704,12.5,77.2,411,MGO,3.03,R058,Visakhapatnam,Kamarajar,51.3145,32.88,34.8939,8.2167,sea_passage,DERIVED_PHYSICS_IMO_GHG2020_SEED42
V130,general_cargo,15643,11.6,72.1,18,MGO,2.3,R033,Chennai,Kamarajar,1.6496,1.55,1.1217,0.2641,sea_passage,DERIVED_PHYSICS_IMO_GHG2020_SEED42
V034,bulk_carrier,62925,11.3,70.7,850,HFO,2.62,R014,Kochi,Mumbai,205.414,75.22,106.8153,30.512,river_mouth,DERIVED_PHYSICS_IMO_GHG2020_SEED42
V052,container_ship,35698,18.6,97.4,491,MGO,0.92,R041,Visakhapatnam,Kolkata_SMPK,187.8058,26.4,127.708,30.0724,sea_passage,DERIVED_PHYSICS_IMO_GHG2020_SEED42
V053,container_ship,27197,14.0,81.2,870,MGO,0.94,R004,Kochi,JNPA,160.7269,62.14,109.2943,25.7364,sea_passage,DERIVED_PHYSICS_IMO_GHG2020_SEED42
V011,bulk_carrier,34473,11.7,71.4,419,HFO,0.8,R057,Kamarajar,Visakhapatnam,61.0427,35.81,31.7422,9.0672,coastal,DERIVED_PHYSICS_IMO_GHG2020_SEED42
V051,container_ship,9661,17.3,62.0,189,HFO,1.85,R025,Kochi,Tuticorin,29.1867,10.92,15.1771,4.3354,coastal,DERIVED_PHYSICS_IMO_GHG2020_SEED42
V013,bulk_carrier,60013,10.8,83.9,411,MGO,1.86,R058,Visakhapatnam,Kamarajar,74.0153,38.06,50.3304,11.8517,sea_passage,DERIVED_PHYSICS_IMO_GHG2020_SEED42
V067,container_ship,23507,18.0,66.1,217,HFO,1.15,R043,Paradip,Kolkata_SMPK,60.4308,12.06,31.424,8.9763,sea_passage,DERIVED_PHYSICS_IMO_GHG2020_SEED42
V086,tanker,66768,14.6,78.5,850,LNG,2.16,R014,Kochi,Mumbai,276.1757,58.22,151.8966,42.8072,sea_passage,DERIVED_PHYSICS_IMO_GHG2020_SEED42
V039,bulk_carrier,42343,11.2,89.0,169,MGO,0.61,R055,New_Mangalore,Mormugao,26.3652,15.09,17.9284,4.2217,sea_passage,DERIVED_PHYSICS_IMO_GHG2020_SEED42
V145,passenger,3081,23.6,96.2,757,MGO,3.11,R050,Port_Blair,Tuticorin,119.3064,32.08,81.1283,19.1039,sea_passage,DERIVED_PHYSICS_IMO_GHG2020_SEED42
V088,tanker,47767,14.2,68.7,521,MGO,0.99,R060,Kandla,Mormugao,140.7373,36.69,95.7013,22.5356,sea_passage,DERIVED_PHYSICS_IMO_GHG2020_SEED42
V097,tanker,25705,16.4,51.7,22,HFO,3.34,R002,Mumbai,JNPA,5.82,1.34,3.0264,0.8645,sea_passage,DERIVED_PHYSICS_IMO_GHG2020_SEED42
V111,general_cargo,19799,13.2,94.8,521,MGO,2.04,R060,Kandla,Mormugao,75.3501,39.47,51.2381,12.0654,sea_passage,DERIVED_PHYSICS_IMO_GHG2020_SEED42
V054,container_ship,21825,17.3,83.2,276,LNG,2.23,R048,Mumbai,Kandla,61.0833,15.95,33.5958,9.4679,sea_passage,DERIVED_PHYSICS_IMO_GHG2020_SEED42
V014,bulk_carrier,44373,11.6,90.1,411,MGO,2.58,R058,Visakhapatnam,Kamarajar,79.107,35.43,53.7927,12.667,coastal,DERIVED_PHYSICS_IMO_GHG2020_SEED42
V057,container_ship,30177,21.9,50.2,870,Methanol,2.57,R004,Kochi,JNPA,874.6866,39.73,306.1403,50.4782,coastal,DERIVED_PHYSICS_IMO_GHG2020_SEED42
V106,general_cargo,10004,11.9,51.1,290,MGO,0.93,R046,JNPA,Kandla,15.4243,24.37,10.4885,2.4698,coastal,DERIVED_PHYSICS_IMO_GHG2020_SEED42
V095,tanker,37289,15.0,91.0,358,LNG,2.18,R011,JNPA,Mormugao,87.8743,23.87,48.3308,13.6205,river_mouth,DERIVED_PHYSICS_IMO_GHG2020_SEED42
V075,tanker,55666,11.5,63.9,495,HFO,0.69,R042,Kolkata_SMPK,Visakhapatnam,99.8086,43.04,51.9005,14.8255,sea_passage,DERIVED_PHYSICS_IMO_GHG2020_SEED42
V109,general_cargo,10749,12.8,56.8,859,HFO,1.55,R013,Mumbai,Kochi,69.9736,67.11,36.3863,10.3938,coastal,DERIVED_PHYSICS_IMO_GHG2020_SEED42
V095,tanker,37289,15.6,74.3,18,MGO,0.44,R033,Chennai,Kamarajar,4.7419,1.15,3.2245,0.7593,sea_passage,DERIVED_PHYSICS_IMO_GHG2020_SEED42
V149,ferry,536,17.3,77.3,491,Hydrogen,2.8,R041,Visakhapatnam,Kolkata_SMPK,3.8898,28.38,12.4473,0.2801,sea_passage,DERIVED_PHYSICS_IMO_GHG2020_SEED42
V085,tanker,70614,14.4,88.4,176,MGO,3.31,R056,Mormugao,New_Mangalore,77.4848,12.22,52.6896,12.4072,sea_passage,DERIVED_PHYSICS_IMO_GHG2020_SEED42
V057,container_ship,30177,22.5,76.3,859,LNG,3.12,R013,Mumbai,Kochi,444.1527,38.18,244.284,68.8437,river_mouth,DERIVED_PHYSICS_IMO_GHG2020_SEED42
V041,bulk_carrier,49332,13.4,67.3,542,HFO,2.44,R024,Chennai,Kochi,156.7076,40.45,81.488,23.2772,sea_passage,DERIVED_PHYSICS_IMO_GHG2020_SEED42
V072,tanker,45552,15.0,57.9,692,HFO,0.85,R035,Chennai,Paradip,196.0933,46.13,101.9685,29.1275,sea_passage,DERIVED_PHYSICS_IMO_GHG2020_SEED42
V079,tanker,55468,15.0,84.9,797,HFO,0.59,R051,Chennai,Port_Blair,263.3911,53.13,136.9634,39.1239,sea_passage,DERIVED_PHYSICS_IMO_GHG2020_SEED42
V079,tanker,55468,14.5,94.7,370,HFO,1.69,R029,Chennai,Tuticorin,128.6436,25.52,66.8947,19.1086,river_mouth,DERIVED_PHYSICS_IMO_GHG2020_SEED42
V095,tanker,37289,11.1,68.6,18,HFO,0.88,R033,Chennai,Kamarajar,2.4195,1.62,1.2582,0.3594,sea_passage,DERIVED_PHYSICS_IMO_GHG2020_SEED42
V147,ferry,2604,12.8,89.9,528,Hydrogen,0.58,R010,New_Mangalore,JNPA,6.0705,41.25,19.4256,0.4371,coastal,DERIVED_PHYSICS_IMO_GHG2020_SEED42
V094,tanker,68263,13.3,88.9,348,LNG,2.58,R027,Kochi,New_Mangalore,104.207,26.17,57.3138,16.1521,river_mouth,DERIVED_PHYSICS_IMO_GHG2020_SEED42
V140,passenger,1902,16.9,52.7,692,LNG,1.67,R035,Chennai,Paradip,24.0341,40.95,13.2188,3.7253,sea_passage,DERIVED_PHYSICS_IMO_GHG2020_SEED42
V043,container_ship,27264,18.4,71.1,856,HFO,2.97,R038,Kolkata_SMPK,Chennai,320.9088,46.52,166.8726,47.6675,sea_passage,DERIVED_PHYSICS_IMO_GHG2020_SEED42
V034,bulk_carrier,62925,11.5,50.7,491,HFO,2.5,R041,Visakhapatnam,Kolkata_SMPK,108.8291,42.7,56.5911,16.1654,sea_passage,DERIVED_PHYSICS_IMO_GHG2020_SEED42
V137,ro_ro,6851,18.4,79.6,542,LNG,3.13,R024,Chennai,Kochi,71.3115,29.46,39.2213,11.0533,river_mouth,DERIVED_PHYSICS_IMO_GHG2020_SEED42
V005,bulk_carrier,47170,9.3,74.8,419,LNG,3.25,R053,Kochi,Mormugao,47.797,45.05,26.2884,7.4085,coastal,DERIVED_PHYSICS_IMO_GHG2020_SEED42
V116,general_cargo,6658,16.0,52.4,850,HFO,2.08,R014,Kochi,Mumbai,75.6855,53.12,39.3564,11.2422,sea_passage,DERIVED_PHYSICS_IMO_GHG2020_SEED42
V029,bulk_carrier,30900,14.9,87.5,419,MGO,2.66,R053,Kochi,Mormugao,116.2495,28.12,79.0496,18.6144,coastal,DERIVED_PHYSICS_IMO_GHG2020_SEED42
V021,bulk_carrier,35729,11.2,88.5,491,MGO,2.43,R041,Visakhapatnam,Kolkata_SMPK,80.0023,43.84,54.4016,12.8104,sea_passage,DERIVED_PHYSICS_IMO_GHG2020_SEED42
V116,general_cargo,6658,12.2,88.9,797,HFO,1.09,R051,Chennai,Port_Blair,43.5286,65.33,22.6349,6.4657,coastal,DERIVED_PHYSICS_IMO_GHG2020_SEED42
V104,tanker,27184,11.5,93.6,419,LNG,2.43,R057,Kamarajar,Visakhapatnam,49.8387,36.43,27.4113,7.725,sea_passage,DERIVED_PHYSICS_IMO_GHG2020_SEED42
V019,bulk_carrier,63249,12.2,56.0,870,LNG,1.7,R004,Kochi,JNPA,156.9673,71.31,86.332,24.3299,coastal,DERIVED_PHYSICS_IMO_GHG2020_SEED42
V006,bulk_carrier,66381,11.1,80.1,528,LNG,3.04,R010,New_Mangalore,JNPA,103.1738,47.57,56.7456,15.9919,coastal,DERIVED_PHYSICS_IMO_GHG2020_SEED42
V105,tanker,59471,14.8,67.4,761,MGO,1.92,R049,Tuticorin,Port_Blair,271.1045,51.42,184.3511,43.4106,river_mouth,DERIVED_PHYSICS_IMO_GHG2020_SEED42
V138,ro_ro,6679,15.5,62.3,692,MGO,3.02,R035,Chennai,Paradip,68.5542,44.65,46.6168,10.9772,coastal,DERIVED_PHYSICS_IMO_GHG2020_SEED42
V136,ro_ro,4206,18.1,58.6,277,HFO,2.71,R018,Kandla,Mumbai,28.9812,15.3,15.0702,4.3048,sea_passage,DERIVED_PHYSICS_IMO_GHG2020_SEED42
